            0.201109    0.015061 -0.00730789  0.00102126 0.000546605  0.00205939 -0.00456586 -3.66274e-07  4.99396e-06      180.013  1.77  0.06 -0.05 -0.00108061 5.23918e-05 9.26815e-05 -0.00139893 -0.00244607 -0.00261873 -1.27603e-08 -3.94829e-08  8.78414e-08 0.203243 -0.11135 -9.80626  8391
            0.300631    0.018242 0.000918207 -0.00526139   0.00176754   0.00265097 -0.000143314 -8.25765e-06  3.35508e-05      180.013       1.77       0.06 -0.0500001  0.0124333 0.00516914  0.0437909 -0.00137988 -0.00242855 -0.00257023 -3.26273e-06 -1.52037e-06 -1.10095e-05  0.203246 -0.111348  -9.80626  8419
            0.401236  0.0314165 -0.0132828 0.00218963 -0.000138812  0.000504628  -0.00335206  0.0188002 -0.0200623    180.013       1.77  0.0599996 -0.0499984 -0.00705821  -0.0116388  0.00168029 -0.00132825 -0.00240221  -0.0025513 0.00340563 0.00341405 0.00731079  0.199822 -0.114552   -9.8063  8391
            0.500309  0.00114106 0.000395846  0.00256665  0.00270367 0.000733575  -0.0064896 -0.0161222  0.0109824   -180.013       1.77   0.060005 -0.0499948   0.0103278 -0.00448566  -0.0203457 -0.00131475 -0.00231916 -0.00252151 -0.00243431 -0.00268152   0.0207375  0.205169 -0.108532  -9.80625  8408
            0.601233   0.056206  0.0123432 0.00745426  0.00375214 -0.00113325 -0.00528913 0.0318666 0.0240431   180.012       1.77  0.0600138 -0.0499903   0.0127674  -0.0135077 -0.00878509 -0.00130357 -0.00228347  -0.0024845 -0.00434406   0.0056221 -0.00206786  0.207454 -0.116778  -9.80611  8420
            0.700358   0.0371229 -0.00264177  0.00378492  0.00386591 -0.00204251  -0.0036188 0.0165832 0.0030822   180.012       1.77  0.0600104 -0.0499894 0.00834682 -0.0133332 0.00824538 -0.00127198 -0.00228095 -0.00243829 3.13057e-05   0.0025498  -0.0349044  0.203905 -0.114203  -9.80622  8494
            0.801325  0.0707051 -0.0482814 0.00305972 0.00323457 -0.0051587 -0.0057683  0.0568061 -0.0344311    180.011    1.76999  0.0600071 -0.0499851 0.000293626  -0.0240199  0.00468211 -0.00123381 -0.00224579 -0.00239214 0.00619329 0.00990736 -0.0116621  0.197512 -0.121006  -9.80626  8534
            0.901529  0.0426993 -0.0173634 0.00246631  0.00429645 -0.00607748  -0.0036528  0.0246188 -0.0124604    180.012    1.76999  0.0600048 -0.0499797 0.00386075 -0.0190612  0.0117793 -0.00123017  -0.0022345 -0.00235563 0.00240812 0.00411623 -0.0198578  0.201312 -0.115538  -9.80625  8550
              1.0008   -0.012021 -0.00326687  0.00442719  0.00586945 -0.00523604 -0.00441197 -0.0222081 0.00515028    180.013       1.77  0.0600218 -0.0499639  0.00883516 -0.00787878  0.00311761 -0.00120787 -0.00219886 -0.00232164 -0.00138121 -0.00395039  0.00401521  0.204506 -0.107482  -9.80628  8585
             1.10117 -0.00743299  -0.0361264   0.0041835  0.00366491 -0.00558296 -0.00435812 -0.0272004 -0.0354549    180.012       1.77   0.060022 -0.0499618 -0.00376358 -0.00471801  0.00705683 -0.00120892 -0.00219905 -0.00228683  0.00592389 -0.00489515 -0.00428832  0.197653 -0.106673  -9.80643  8530
             1.20149  -0.016009 -0.0643777 0.00272619  0.00105718 -0.00582333 -0.00513781 -0.0285936 -0.0587343    180.012       1.77  0.0600201 -0.0499592  -0.0145074 -0.00206383  0.00563825 -0.00117988 -0.00216811 -0.00225049   0.0098736 -0.00507121 0.000591693  0.193778 -0.106455  -9.80651  8548
             1.30036 -0.00556299   -0.050295  0.00541202 0.000727197 -0.00684839 -0.00445591 -0.0202982 -0.0466201    180.012       1.77  0.0600193 -0.0499542 -0.0134368 -0.0040638 0.00472111 -0.00115914 -0.00213715 -0.00222296  0.00763609 -0.00356708  0.00188342  0.195904 -0.107874  -9.80645  8535
             1.40129   -0.0212158   -0.0199502 -0.000120713  0.00307087 -0.00515023 -0.00364465  -0.035733 -0.0172998   -180.013       1.77  0.0600185 -0.0499482 -0.00291043   0.0046943  0.00327125 -0.00115354 -0.00211192 -0.00218525   0.0021731 -0.00637504  0.00482988  0.201066 -0.105154  -9.80638  8555
             1.50045  -0.00820954  -0.00615984 -0.000515368  0.00574236 -0.00670191 -0.00354605 -0.0212416 0.00237306   -180.013       1.77  0.0600148 -0.0499314   0.00591917 -0.000532088 -2.13752e-05 -0.00113218 -0.00207394  -0.0021493  -0.0017141 -0.00354058   0.0079784  0.204777 -0.107814  -9.80627  8597
             1.60091 -0.00114696  -0.0175152  0.00130324  0.00369702 -0.00732701 -0.00402593  -0.017698 -0.0131901    180.013       1.77  0.0600149 -0.0499302 -0.00194893 -0.00131118 -0.00100679 -0.00112111 -0.00205949 -0.00212551   0.0011434 -0.00287774  0.00759455  0.202078 -0.108483  -9.80632  8548
             1.70145 -0.00837072    -0.01865  0.00395778  0.00363325 -0.00609941 -0.00464416 -0.0249587 -0.0127043    180.013       1.77  0.0600127 -0.0499316 -0.00156594  0.00381458 -0.00304018 -0.00111093 -0.00203042 -0.00211038  0.00101472 -0.00418845  0.00903374   0.20217 -0.107283  -9.80633  8530
             1.80055 -0.00996798  -0.0184439  0.00353816  0.00386303 -0.00606561 -0.00471159 -0.0227531 -0.0106167    180.013       1.77  0.0600135 -0.0499318 -0.00123827  0.00265032 -0.00378482 -0.00108991 -0.00201635 -0.00209174 0.000640149 -0.00380025  0.00838734  0.202535 -0.107616  -9.80632  8504
              1.9017 -0.00820017   -0.015188  0.00123155  0.00318271 -0.00611904 -0.00464975 -0.0206155 -0.0127605    180.013    1.77001  0.0600157 -0.0499314 -0.00233122  0.00291391 -0.00334712 -0.00107409 -0.00201258 -0.00206583  0.00109947 -0.00347079  0.00692424  0.202126 -0.107871  -9.80632  8492
             2.00051   -0.011916  -0.0115347 0.000801037   0.0054819 -0.00423541 -0.00494797  -0.0261411 -0.00327251    -180.013      1.77 0.0600154 -0.049932  0.00512086   0.0100911 -0.00446364 -0.00105834 -0.00198005 -0.00204644 -0.000799319  -0.00458913   0.00741429  0.203873 -0.106816   -9.8063  8532
             2.10046 -0.00178006 -0.00161189 0.000761029  0.00843799 -0.00550548 -0.00467487   -0.01668 0.00494583   -180.013       1.77  0.0600183 -0.0499279   0.0129176     0.00229 -0.00450317 -0.00105229 -0.00196239 -0.00202232 -0.00254451 -0.00271555  0.00638421 0.205552 -0.10844 -9.80625  8500
             2.20125  0.0104208 -0.0146408 0.00236434  0.00735357 -0.00811072 -0.00545032 -0.00716426 -0.00301369    -180.013       1.77  0.0600186 -0.0499199  0.00606815 -0.00715729 -0.00538599 -0.00104005 -0.00194177 -0.00199835  -0.00102265 -0.000733432   0.00631041   0.20418 -0.110286  -9.80625  8483
             2.30002  0.0138799 -0.0219879  0.0015265  0.00597154 -0.00975369 -0.00599201 -0.00414508  -0.0091989     180.013    1.77001  0.0600198 -0.0499164 0.000110906  -0.0100191 -0.00561335 -0.00102627 -0.00192345 -0.00197445  0.000193938 -0.000153165   0.00581003  0.203096 -0.110799  -9.80627  8528
             2.40115 0.000341591  -0.0182863  0.00173248  0.00482072 -0.00696009 -0.00623866 -0.0153526 -0.0129773    180.013    1.77001  0.0600192 -0.0499092 -0.00381043  0.00397623 -0.00512194 -0.00101464 -0.00192062 -0.00196211 0.000866867  -0.0025628  0.00504781  0.202513 -0.108569  -9.80631  8528
             2.50029 -0.00391981   -0.027983  0.00276693  0.00413104 -0.00611783 -0.00631066 -0.0160164 -0.0139693    180.013    1.77001  0.0600167 -0.0499083 -0.00486148  0.00572217 -0.00490756 -0.000995414  -0.00188941  -0.00194441  0.00100596 -0.00278565  0.00422859  0.202455 -0.108315  -9.80631  8549
             2.60104 -0.00190643  -0.0214873  0.00228066  0.00464592 -0.00498397 -0.00619517 -0.0170711 -0.0117051    180.013    1.77002  0.0600147 -0.0499078  -0.0019122   0.0075899 -0.00337987 -0.000984759  -0.00188295  -0.00192464 0.000461579 -0.00307318  0.00349867  0.203011 -0.108011   -9.8063  8515
             2.70163 -0.00112875  -0.0210769  0.00300339  0.00503806 -0.00516571 -0.00597436 -0.0139095 -0.0104363   -180.013    1.77002  0.0600127 -0.0499076 -0.000757972   0.00566686  -0.00266277 -0.000968924  -0.00186891  -0.00190311 0.000127157 -0.00246057  0.00276695  0.203384 -0.108511  -9.80629  8521
               2.802 0.00666758 -0.0191638   0.003313  0.00596663  -0.0063377 -0.00617903 -0.00914297 -0.00819623    -180.013    1.77002  0.0600129 -0.0499049  0.00281951 0.000457409 -0.00265506 -0.000969411  -0.00184673  -0.00188236 -0.000380103  -0.00146588   0.00272466  0.203842 -0.109377  -9.80627  8489
             2.90166 0.00612803    -0.0205 0.00622444  0.00686651 -0.00684855  -0.0065518  -0.0077619 -0.00672211    -180.013    1.77002   0.060013 -0.0499044  0.00477732 -0.00148032 -0.00291416 -0.000956929  -0.00182095  -0.00187489 -0.000670279  -0.00116726   0.00287388 0.204082 -0.10964 -9.80626  8504
              3.0008 0.00758367 -0.0205424 0.00343166  0.00695441 -0.00705575 -0.00672344 -0.00734226 -0.00759865    -180.013    1.77002  0.0600124 -0.0499044   0.00298691 -0.000863809  -0.00319481 -0.000955499  -0.00181088  -0.00185814 -0.00052054 -0.00109899  0.00262197   0.20398 -0.109692  -9.80627  8448
             3.10067 0.00934325 -0.0263222 0.00420049  0.00423779 -0.00761358 -0.00695756 -0.00623065  -0.0141339     180.013   1.77002 0.0600116 -0.049903 -0.00476013 -0.00144682  -0.0028925 -0.000946088   -0.0017906  -0.00184045  0.000750855 -0.000889219   0.00231187  0.202929 -0.109877  -9.80629  8452
             3.20284 0.00290775 -0.0258259 0.00442105  0.00396563  -0.0069879 -0.00757495 -0.00798552  -0.0135593     180.013    1.77002  0.0600133 -0.0499025 -0.00578849 2.40683e-05 -0.00245692 -0.000928752  -0.00177329  -0.00183455 0.000678807 -0.00123028  0.00264426   0.20295 -0.109589  -9.80629  8455
             3.29998 0.00201039  -0.020201 0.00303683  0.00532011 -0.00648365 -0.00765193 -0.00892874 -0.00954597     180.013    1.77002  0.0600132 -0.0499014 -0.00138549  0.00106955 -0.00261617 -0.000913528   -0.0017774  -0.00182285 -0.000176221  -0.00143268    0.0025475  0.203678 -0.109416  -9.80627  8483
              3.4009 0.00805377 -0.0253763 0.00455348  0.00441588 -0.00532989 -0.00780477 -0.0107175 -0.0114338    180.013    1.77002  0.0600125 -0.0499017 1.35563e-05  0.00764356 -0.00235632 -0.000923578  -0.00174771  -0.00180817 0.000195554 -0.00180748  0.00233024  0.203391 -0.109118  -9.80628  8492
                 3.5 0.00524875 -0.0213743 0.00626464  0.00469989   -0.003811 -0.00708131 -0.0123208 -0.0114819   -180.013    1.77002  0.0600088 -0.0499015  -0.00122537   0.00816308 -0.000221434 -0.000917759  -0.00173135  -0.00180268  1.6664e-05 -0.00213964  0.00135316  0.203634 -0.108893  -9.80628  8446
             3.60112 0.00580325 -0.0202267 0.00526411  0.00551254 -0.00435211 -0.00660291 -0.00966576 -0.00969786    -180.013    1.77002  0.0600075 -0.0499009 2.41338e-06  0.00442997 0.000439889 -0.000903311  -0.00171809  -0.00179019 -0.000421009  -0.00154784  0.000903312  0.204031 -0.109392  -9.80627  8443
             3.70058 0.00597521 -0.0197947 0.00139358  0.00525583 -0.00471852 -0.00600076 -0.00811424  -0.0105807    -180.013    1.77002  0.0600053 -0.0499008 0.00241831 0.00237216 0.00244776 -0.000886019  -0.00170487  -0.00176633 -0.00030417 -0.00117458 0.000289788  0.203989 -0.109731  -9.80626  8464
             3.80046  0.0035642 -0.0216231 0.00287113  0.00459048 -0.00371887 -0.00577694 -0.00945662    -0.01218    -180.013    1.77002  0.0600052 -0.0499005 -0.00105446  0.00500794  0.00295942 -0.000888726  -0.00169604  -0.00175385 2.17302e-05 -0.00145466 0.000275204  0.203731 -0.109517  -9.80627  8471
             3.90046 0.00950787 -0.0227921 0.00492261   0.0038104 -0.00429812 -0.00545073 -0.00763404  -0.0131295    -180.013    1.77002  0.0600052 -0.0498995  -0.00444043 -0.000634221   0.00310329 -0.000881847  -0.00168246  -0.00174756 0.000192193 -0.00106042 0.000192809 0.203607 -0.10983 -9.80627  8475
               4.002 0.00938022 -0.0195015 0.00381141  0.00300219  -0.0052594 -0.00511206 -0.00614709  -0.0137937    -180.013    1.77002  0.0600052 -0.0498993 -0.00382444 -0.00335647  0.00452836 -0.000872139   -0.0016742  -0.00173369  0.000326719 -0.000735979  0.000157017  0.203507 -0.110083  -9.80627  8488
             4.10239  0.0117745 -0.0216455 0.00337204  0.00371805  -0.0056559 -0.00454473 -0.00580724  -0.0121062    -180.013    1.77002  0.0600053 -0.0498993 -0.000607327  -0.00207264   0.00527374 -0.000871456  -0.00165617  -0.00171645 -3.03149e-05 -0.000658437  0.000127912 0.203782 -0.11014 -9.80626  8449
               4.203 0.00647754 -0.0190785 0.00300622  0.00302929 -0.00439889 -0.00426075 -0.00817554  -0.0128848     180.013    1.77002  0.0600059 -0.0498985 -0.00473177   0.0024361  0.00487518 -0.000860475  -0.00165261  -0.00170226 0.000143368  -0.0011992 0.000278161   0.20364 -0.109724  -9.80627  8432
             4.30069  0.0062214 -0.0195786 0.00447947  0.00263677 -0.00403118 -0.00424236 -0.0078923 -0.0126946    180.013    1.77002  0.0600072 -0.0498984 -0.00335479  0.00398474  0.00379777 -0.000862336  -0.00163635   -0.0016876 0.000149183 -0.00123511 0.000702472  0.203611 -0.109651  -9.80627  8419
             4.40262  0.0109831 -0.0192993 0.00289237  0.00390871 -0.00535938   -0.003966 -0.00490269   -0.010404     180.013    1.77002  0.0600074 -0.0498975  0.00183753 -0.00238777  0.00511063 -0.000871972  -0.00163838  -0.00167679 -0.000336157 -0.000614372  0.000933222  0.203955 -0.110071  -9.80626  8435
             4.50093  0.0116363 -0.0163924  0.0039373  0.00431156  -0.0049854 -0.00397454 -0.00554616 -0.00979113     180.013    1.77002  0.0600074 -0.0498978 0.000934133  -0.0022151  0.00353346 -0.00086195 -0.00162995 -0.00166991 -0.000408862 -0.000886607    0.0014295  0.203981 -0.109819  -9.80626  8406
             4.60133  0.0133627 -0.0140695 0.00436066  0.00404179 -0.00411271 -0.00389715 -0.00679388  -0.0102051     180.013    1.77002  0.0600072 -0.0498983 0.00052488 0.00305278 0.00278488 -0.000843262  -0.00162873  -0.00165706 -0.000282344  -0.00124896   0.00165585  0.203878 -0.109538  -9.80627  8432
               4.703  0.0105149 -0.0137952 0.00438746  0.00454792 -0.00418865 -0.00384323 -0.00576563 -0.00956325     180.013    1.77002  0.0600075 -0.0498984 0.00159142 0.00425791 0.00371861 -0.000840052  -0.00162588  -0.00165054 -0.000409821  -0.00106306   0.00190417  0.203956 -0.109638  -9.80627  8409
             4.80055   0.012595 -0.0128821 0.00147816  0.00541156 -0.00415183 -0.00367009 -0.00510845 -0.00859038     180.013    1.77002  0.0600078 -0.0498985 0.00275739 0.00126896 0.00285397 -0.000848675  -0.00161593  -0.00163889 -0.000628995 -0.000939152   0.00210032 0.204098  -0.1097 -9.80626  8388
             4.90298  0.0159625 -0.0140185 0.00409916  0.00655599 -0.00435512 -0.00349357 -0.00462896 -0.00751892     180.013    1.77002  0.0600076 -0.0498986   0.00572252 -0.000698535   0.00275504 -0.000850579  -0.00160258  -0.00164238 -0.000887832 -0.000841998   0.00221263  0.204271 -0.109751  -9.80626  8371
               5.001    0.0122572   -0.0156636 -0.000733511  0.00609434 -0.00462854 -0.00328969 -0.00424859 -0.00880234    -180.013    1.77002  0.0600073 -0.0498982   0.0033773 0.000718658  0.00301684 -0.000836312  -0.00158125  -0.00162559 -0.000573451 -0.000744959   0.00223832  0.204056 -0.109816  -9.80626  8361
             5.10295  0.0140448 -0.0144741 0.00268214  0.00619291 -0.00451659 -0.00345802 -0.00404881 -0.00898906     180.013    1.77002  0.0600075 -0.0498982 0.00151781 0.00130044 0.00188628 -0.000834695  -0.00156434  -0.00162011 -0.000517946 -0.000730162    0.0026441  0.203992 -0.109785  -9.80626  8354
             5.20071  0.0128454 -0.0159386 0.00355716  0.00600918 -0.00540269 -0.00372744 -0.00278994 -0.00933641     180.013    1.77002   0.060008 -0.0498982 0.000849327 -0.00346609  0.00116358 -0.000833661  -0.00155675  -0.00161053 -0.000428344 -0.000414455   0.00302867  0.203905 -0.109953  -9.80626  8399
             5.30077   0.0132547  -0.0186981 0.000555846  0.00564917 -0.00522877  -0.0037565 -0.00337732 -0.00988143     180.013   1.77002 0.0600081 -0.049898 0.000312823  -0.0022731  0.00114031 -0.000819327  -0.00153995  -0.00159195 -0.000283023 -0.000584737   0.00312079  0.203804 -0.109835  -9.80627  8433
             5.40272   0.0128953  -0.0147358 0.000884286   0.0070645 -0.00492233 -0.00396784 -0.00373692  -0.0084025     180.013    1.77002  0.0600085 -0.0498977  0.00363791 0.000833466 0.000667365 -0.000806713  -0.00154416  -0.00158336 -0.000684217 -0.000731589   0.00347829  0.204034 -0.109705  -9.80626  8419
             5.50057  0.0125663 -0.0112872 0.00177152  0.00877666 -0.00356785 -0.00350866 -0.00503333 -0.00710946     180.013    1.77002  0.0600081 -0.0498972  0.00772066  0.00659874 0.000630178 -0.000805731  -0.00154647  -0.00157957 -0.00106825 -0.00109092  0.00308714  0.204309 -0.109515  -9.80626  8408
             5.60259  0.00977944  -0.0148707 0.000907792  0.00802896 -0.00276768 -0.00320904 -0.00527482 -0.00864484     180.013    1.77002  0.0600075 -0.0498969 0.00350452 0.00513848 0.00153739 -0.000799611  -0.00153491  -0.00156725 -0.000642139  -0.00115854   0.00281796  0.204064 -0.109499  -9.80627  8443
             5.70171 0.00764993 -0.0177102 0.00257995   0.0075457 -0.00194258  -0.0038313 -0.00556729 -0.00939861     180.013    1.77001  0.0600094 -0.0498965 0.000276962  0.00228413 0.000445357 -0.000782265  -0.00152305  -0.00155394 -0.000415546   -0.0013189   0.00350034  0.203875 -0.109341  -9.80627  8412
             5.80266  0.0117161 -0.0165157 0.00478769  0.00763754 -0.00134684  -0.0041829   -0.005669 -0.00934621     180.013    1.77001  0.0600094 -0.0498967   0.00132297    0.0040966 -0.000809727 -0.000766013  -0.00152017  -0.00154288 -0.000415852  -0.00144812      0.00381  0.203853 -0.109233  -9.80627  8297
             5.90065  0.0167486 -0.0147588 0.00359383  0.00822636 -0.00348687 -0.00454091 -0.00260431 -0.00903043     180.013    1.77001  0.0600088 -0.0498939   0.00269617  0.000751643 -0.000268897 -0.00076058 -0.00151412 -0.00153828 -0.000550484 -0.000602433    0.0040996 0.203918  -0.1097 -9.80627  8317
             6.00074  0.0134317 -0.0163945 0.00330555  0.00600374 -0.00322796 -0.00462099 -0.00262357  -0.0112463     180.013    1.77001  0.0600086 -0.0498937 -0.00525787  0.00469526 -0.00071766 -0.000767435  -0.00150201  -0.00152706  0.000106548 -0.000585269     0.004029  0.203539 -0.109723  -9.80627  8397
             6.10244  0.0138623  -0.020775 0.00271036  0.00352717 -0.00477253 -0.00444116 -0.00075383  -0.0130447     180.013    1.77002  0.0600086 -0.0498928    -0.010371  -0.00489619 -0.000741916 -0.000779854  -0.00149191  -0.00151696  0.000619807 -2.94183e-05   0.00370231  0.203268 -0.110061  -9.80628  8501
             6.20269 0.00969666 -0.0210397  0.0031005  0.00376463 -0.00353378 -0.00475502 -0.00253517  -0.0119374     180.013    1.77001  0.0600089 -0.0498923  -0.0076507 -0.00360361 -0.00133357 -0.000763347  -0.00149027  -0.00150268  0.000269447 -0.000608525   0.00392201 0.203453 -0.10972 -9.80628  8559
             6.30107  0.0132563 -0.0166577 0.00272084   0.0037721 -0.00396662 -0.00493941 -0.0024094 -0.0113044    180.013    1.77001   0.060009 -0.0498919 -0.00539245 -0.00193734  -0.0023141 -0.000750108   -0.0014935  -0.00149862  5.00462e-05 -0.000562839     0.003909  0.203578 -0.109744  -9.80627  8567
             6.40263  0.0157352 -0.0154219 0.00348238  0.00487585 -0.00358638 -0.00490705 -0.0027689 -0.0099955    180.013    1.77001  0.0600094 -0.0498915 -0.000577043   0.00247523  -0.00111651 -0.00075608 -0.00148859 -0.00149365 -0.000400914 -0.000674313   0.00371739  0.203833 -0.109689  -9.80627  8586
             6.50135  0.0184848 -0.0111376 0.00181276 0.00623915 -0.0038406 -0.0048327 -0.00226075 -0.00892968     180.013    1.77001  0.0600101 -0.0498904  0.00374509   0.0010488 -0.00168016 -0.000762154  -0.00149522  -0.00148386 -0.000792544 -0.000504574   0.00353105  0.204053 -0.109784  -9.80626  8574
             6.60178  0.0198507 -0.0175826 0.00646978  0.00609543 -0.00539434  -0.0052215 -0.00101593 -0.00937532     180.012    1.77001  0.0600099 -0.0498897  0.00225529 -0.00716384 -0.00231314 -0.000762992  -0.00148247  -0.00148505 -0.000664385 -3.90641e-05    0.0036939  0.203985 -0.110027  -9.80626  8618
             6.70055  0.0113096 -0.0169634 0.00246703  0.00464798 -0.00542812 -0.00514064 -0.00167118  -0.0105783     180.013    1.77001  0.0600087 -0.0498886 -0.00265478 -0.00502573 -0.00104602 -0.000735359  -0.00147073  -0.00147356 -0.000230277 -0.000257907   0.00331036  0.203759 -0.109933  -9.80627  8651
             6.80068  0.0180473 -0.0169619 0.00216097  0.00737089 -0.00449427 -0.00487286 -0.00276587 -0.00830563     180.012    1.77001  0.0600096 -0.0498893    0.0063001   0.00131898 -0.000582725 -0.000733306   -0.0014587   -0.0014653 -0.00100726 -0.00063829  0.00300673  0.204162 -0.109749  -9.80626  8627
             6.90244  0.0143618 -0.0156388 0.00228362  0.00667717 -0.00363425 -0.00468024 -0.00339319 -0.00925629     180.012    1.77001  0.0600092 -0.0498891   0.00251632    0.0028339 -0.000102855 -0.000733597  -0.00145451  -0.00145898 -0.000660151 -0.000851933   0.00272625  0.203987 -0.109657  -9.80627  8599
             7.00046  0.0141105 -0.0155698  0.0039181   0.0064901 -0.00279918 -0.00460919 -0.00391583 -0.00955207     180.012   1.77001 0.0600091 -0.049889    0.0015765   0.00311985 -0.000585242 -0.000734114  -0.00144211  -0.00145254 -0.000547143  -0.00102931   0.00255808  0.203931 -0.109579  -9.80627  8616
             7.10125  0.0132742 -0.0173819 0.00358952  0.00634109 -0.00211064  -0.0041548 -0.00440268 -0.00975443     180.013   1.77001 0.0600085 -0.049889  0.00103418  0.00482014 0.000323318 -0.000726825  -0.00143449  -0.00144801 -0.000471927   -0.0011231   0.00203294  0.203899 -0.109565  -9.80627  8607
             7.20063   0.013911 -0.0173694 0.00342245  0.00524344 -0.00266264 -0.00389162 -0.00362132  -0.0105747     180.013    1.77001  0.0600082 -0.0498887 -0.00268344  0.00341265  0.00120914 -0.000725569  -0.00143596  -0.00143751 -0.000172733 -0.000784776   0.00175336  0.203757 -0.109743  -9.80627  8645
             7.30259  0.0146379 -0.0159563 0.00218787  0.00545445 -0.00277601  -0.0038947 -0.0032088 -0.0102525    180.013    1.77001  0.0600083 -0.0498886 -0.00103647  0.00193668 0.000970894   -0.000725  -0.0014256 -0.00143117 -0.000297098 -0.000633875    0.0018558  0.203816 -0.109808  -9.80627  8614
             7.40262  0.0113581 -0.0169448 0.00384296  0.00593396 -0.00201445  -0.0039219 -0.00366657 -0.00983824     180.013    1.77001  0.0600084 -0.0498885 0.00011347 0.00218629 0.00111955 -0.000715256  -0.00142092   -0.0014283 -0.000449748 -0.000813157   0.00199087 0.203885 -0.10972 -9.80627  8626
              7.5008  0.0123588 -0.0161822 0.00405887   0.00604119 -0.000824835   -0.0038494 -0.00436284 -0.00976101     180.013    1.77001  0.0600084 -0.0498885 0.000374731  0.00561398 0.000983744 -0.000709764  -0.00141749  -0.00141497 -0.000477881   -0.0010783   0.00201266 0.203897  -0.1096 -9.80627  8614
              7.6008  0.0137991 -0.0168934 0.00390717  0.00535077 -0.00216106 -0.00358815 -0.00293659  -0.0103071     180.013    1.77001  0.0600086 -0.0498877 -0.00100639 4.78168e-05   0.0015683 -0.00070518 -0.00141215 -0.00141054 -0.000298931 -0.000528959   0.00184954  0.203823 -0.109849  -9.80627  8617
             7.70072  0.0156916 -0.0155436 0.00380176  0.00477595 -0.00276656 -0.00349374 -0.00243026  -0.0106237     180.013    1.77001  0.0600085 -0.0498874 -0.00260558   -0.001052  0.00215141 -0.000703272  -0.00140688  -0.00140409 -0.000187112 -0.000335464   0.00189643  0.203775 -0.109932  -9.80627  8612
               7.801   0.016199 -0.0148617 0.00249527  0.00590948 -0.00197209  -0.0035795 -0.00308565 -0.00966665     180.013    1.77001  0.0600083 -0.0498875 0.00122518 0.00087904 0.00111028 -0.000703229  -0.00140092  -0.00140066 -0.000533071 -0.000581282   0.00220268  0.203918 -0.109819  -9.80627  8630
             7.90247   0.017036 -0.0188119 0.00454758  0.00822712 -0.00173448 -0.00375616 -0.00317443 -0.00817893     180.013    1.77001  0.0600075 -0.0498883  0.00820063 0.000644858  0.00124372 -0.000702801  -0.00138636  -0.00139745  -0.00107208 -0.000618652    0.0025328   0.20414 -0.109793  -9.80626  8629
             8.00038   0.013101  -0.016744 0.00305036   0.00827282 -0.000956635  -0.00366628 -0.00365855 -0.00871245     180.013   1.77001 0.0600075 -0.049888 0.00589673 0.00313481 0.00163659 -0.000695482  -0.00138196  -0.00139229   -0.0008693 -0.000809851   0.00255112  0.204055 -0.109716  -9.80626  8629
             8.10106  0.0161425 -0.0176384 0.00433807  0.00776325 -0.00100436 -0.00413508 -0.00333029 -0.00932482     180.013    1.77001  0.0600072 -0.0498879  0.00196342   0.0025377 7.56463e-05 -0.000693474  -0.00138103  -0.00138997 -0.000585803 -0.000701205   0.00310762  0.203928 -0.109749  -9.80627  8648
             8.20185  0.0160245 -0.0181765 0.00208552  0.00770245 -0.00327076 -0.00452553 -0.00155409 -0.00942972     180.013    1.77001  0.0600069 -0.0498877 0.00137645 -0.0046231 0.00013126 -0.000682878  -0.00137433  -0.00137584 -0.000519771   3.7406e-05   0.00348918  0.203895 -0.110037  -9.80626  8640
             8.30054  0.0144088 -0.0170755 0.00461172  0.00613765 -0.00300504 -0.00451894 -0.00208182  -0.0105087     180.013    1.77001  0.0600072 -0.0498877  -0.00321434  -0.00348184 -0.000413027 -0.000683522  -0.00136921  -0.00137774 -7.86419e-05 -0.000179851    0.0034201  0.203721 -0.109955  -9.80627  8612
             8.40262  0.0174566 -0.0167288 0.00413213  0.00732571 -0.00295821 -0.00459302 -0.00234037 -0.00960671     180.013    1.77001  0.0600072 -0.0498876   0.00045142  -0.00274833 -0.000867425 -0.000686845  -0.00136199  -0.00136965 -0.000472811 -0.000297696   0.00343687  0.203876 -0.109907  -9.80627  8627
             8.50065  0.0191317 -0.0152482 0.00348422  0.00808604 -0.00300441 -0.00454611 -0.00244521 -0.00921137     180.013    1.77001  0.0600074 -0.0498875   0.00302306  -0.00127198 -0.000548393 -0.000692234  -0.00135737  -0.00136583 -0.000664123 -0.000342035   0.00327948  0.203954 -0.109893  -9.80626  8608
             8.60261  0.0111951 -0.0203887 0.00350859    0.0075671 -0.000992494  -0.00475696 -0.00369297 -0.00979846     180.013    1.77001  0.0600079 -0.0498854  0.00115845   0.0051461 -0.00041584 -0.000685581  -0.00134428  -0.00135835 -0.000449157  -0.00095126   0.00339044 0.203875 -0.10966 -9.80627  8618
             8.70165  0.0125386 -0.0188405 0.00403966  0.00668902 -0.00104679 -0.00451773 -0.00348957  -0.0103605     180.013    1.77001  0.0600075 -0.0498854  -0.00195669   0.00140371 -4.20418e-05 -0.000683343  -0.00133911  -0.00135333 -0.000208787 -0.000812165   0.00306201   0.20379 -0.109721  -9.80627  8658
             8.80039  0.0137919 -0.0179328 0.00369946   0.00677918 -0.000583004  -0.00438948 -0.00367783  -0.0102087     180.013    1.77001  0.0600074 -0.0498854  -0.00113602   0.00429825 -0.000569724 -0.000677574  -0.00133907  -0.00134049 -0.000296305 -0.000865783   0.00286805  0.203825 -0.109707  -9.80627  8602
              8.9019  0.0153425 -0.0170605 0.00228787  0.00695553 -0.00110235 -0.00394615 -0.00315662  -0.0101709     180.013   1.77001 0.0600077 -0.049885 0.00063682 0.00181927 0.00202618 -0.000676756  -0.00133588  -0.00133547 -0.000375393 -0.000556046   0.00244584  0.203862 -0.109828  -9.80627  8611
             9.00037  0.0128571 -0.0169315 0.00687232   0.00503357 -0.000243073   -0.0038309 -0.00362523  -0.0111835     180.013   1.77001 0.0600084 -0.049885 -0.00593702  0.00284421 0.000598177 -0.000672604  -0.00133243  -0.00133577  0.000116572 -0.000774808   0.00242935  0.203686 -0.109755  -9.80627  8615
             9.10227  0.0123133 -0.0170182 0.00323996  0.00525183  0.00088703 -0.00380538 -0.00405605  -0.0107545     180.013   1.77001 0.0600085 -0.049885 -0.00336917  0.00603969 0.000729976 -0.000661591  -0.00133025  -0.00132887 -9.57773e-05  -0.00100163   0.00245468  0.203759 -0.109674  -9.80627  8621
             9.20062  0.0127218 -0.0172553 0.00477073 0.00502497 0.00130132 -0.0037766 -0.00386996  -0.0107029     180.013   1.77001 0.0600085 -0.049885 -0.00293118  0.00691234   0.0014986 -0.000662963  -0.00132857  -0.00132629 -0.000121225  -0.00090784   0.00251527  0.203769 -0.109705  -9.80627  8623
             9.30237  0.0149138 -0.0167557 0.00261443   0.00488629 -0.000709349  -0.00384115 -0.00238431  -0.0106745     180.013   1.77001 0.0600084 -0.049884 -0.00278813 -0.00201619 0.000209696 -0.000663385  -0.00132798  -0.00132617 -0.000167565  -0.00012519   0.00267355  0.203791 -0.109967  -9.80627  8650
             9.40229  0.0144218  -0.018099 0.00493958   0.0047873  -0.0014851 -0.00362634 -0.00208909  -0.0105651     180.013    1.77001  0.0600086 -0.0498839 -0.00208923 -0.00595935 0.000818655 -0.000657463  -0.00132753  -0.00132419 -0.000226151  1.43772e-05   0.00247952   0.20381 -0.110011  -9.80627  8610
             9.50052   0.012739 -0.0166961 0.00341165   0.00528264 -0.000733682  -0.00354569 -0.00275796  -0.0102294     180.013    1.77001  0.0600086 -0.0498837 -0.000160096  -0.00107568  0.000583706 -0.000649484  -0.00131901  -0.00132454 -0.000413204 -0.000365651   0.00244762  0.203871 -0.109886  -9.80627  8630
             9.60226  0.0126874 -0.0149162 0.00333461  0.00436621 0.000730151 -0.00325467 -0.0034738 -0.0105911    180.013    1.77001  0.0600086 -0.0498837 -0.00267994  0.00572377 0.000600356 -0.000647079   -0.0013214  -0.00132285 -0.000183216 -0.000783157   0.00218048  0.203792 -0.109752  -9.80627  8644
             9.70215  0.0100474 -0.0164661 0.00329219  0.00364253  0.00303399 -0.00322935 -0.00426987  -0.0108073     180.013    1.77001  0.0600086 -0.0498831 -0.00411024   0.0109973 0.000224494 -0.000641581  -0.00131559  -0.00132403 -6.79202e-05  -0.00127151   0.00214008  0.203755 -0.109595  -9.80627  8630
             9.80023   0.012458 -0.0156759 0.00472101  0.00305623  0.00357087 -0.00327071 -0.00404222  -0.0109024     180.013   1.77001 0.0600086 -0.049883 -0.00408354  0.00709794 0.000188288 -0.000642669  -0.00130564  -0.00131742 -2.14003e-05   -0.0011223    0.0021825  0.203741 -0.109643  -9.80627  8669
             9.90206  0.0138203 -0.0158679 0.00366839   0.0027201 0.000787149 -0.00304953 -0.00244665  -0.0109118     180.013    1.77001  0.0600089 -0.0498818  -0.0036224 -0.00426087 0.000777947 -0.000638444  -0.00129693  -0.00131662 -6.02813e-05 -0.000108475    0.0019847  0.203756 -0.109957  -9.80627  8658
             10.0002  0.0164234 -0.0144184 0.00260716   0.00263755 -0.000388482  -0.00323313 -0.00204102  -0.0108357     180.013    1.77001  0.0600085 -0.0498813  -0.00261843  -0.00454605 -9.19487e-05 -0.00063932 -0.00129157 -0.00131241 -0.000146538  0.000147143   0.00218349  0.203786 -0.110036  -9.80627  8628
             10.1041  0.0143948 -0.0128038 0.00534598   0.00256498 -0.000650841  -0.00313101 -0.0021479 -0.0107276    180.013    1.77001  0.0600085 -0.0498812 -0.00204891 -0.00448958  0.00101792 -0.000637438  -0.00128523  -0.00131186 -0.000213059  7.32102e-05   0.00209832  0.203806 -0.110013  -9.80627  8632
             10.2035  0.0141523  -0.016539 0.00584898   0.00231686 -0.000324931  -0.00293318 -0.0025011 -0.0107276    180.013    1.77001  0.0600085 -0.0498811 -0.00134455 -0.00291618 0.000845306 -0.000638127  -0.00127749  -0.00130542 -0.000211662 -0.000149026    0.0019627  0.203807 -0.109948  -9.80627  8642
              10.302   0.014302 -0.0141486 0.00269196  0.00254183 0.000239716 -0.00252787 -0.0028829 -0.0105722    180.013    1.77001  0.0600087 -0.0498811  -0.00015825 -0.000475556   0.00148182 -0.000629694  -0.00127327   -0.0012997 -0.000305177 -0.000365988   0.00162175  0.203838 -0.109888  -9.80627  8625
             10.4043  0.0144036 -0.0154814 0.00535874  0.00296406 5.92845e-05 -0.00240574 -0.00278597  -0.0103933     180.013    1.77001  0.0600086 -0.0498812  0.000897639 -0.000244574   0.00148391 -0.000629254  -0.00127021  -0.00129584 -0.000407524 -0.000314439   0.00169465  0.203865 -0.109901  -9.80627  8614
              10.502  0.0117072 -0.0175986  0.0026952   0.00330708 -0.000128159  -0.00211031 -0.0027175 -0.0102908    180.013    1.77001  0.0600084 -0.0498813    0.0021395 -0.000874678   0.00180643 -0.000626389  -0.00126935  -0.00128943  -0.00047556 -0.000255701   0.00151319  0.203887 -0.109919  -9.80626  8628
             10.6037   0.016915 -0.0127937  0.0032624  0.00298865 -0.00112111 -0.00198659 -0.00235609  -0.0105073     180.013    1.77001  0.0600082 -0.0498811 0.000698793 -0.00532785   0.0020188 -0.000630713  -0.00126972  -0.00128864 -0.000343326 -4.83906e-05   0.00161438   0.20385 -0.109972  -9.80626  8613
              10.702  0.0135832 -0.0145273 0.00299212    0.0031261 -4.18968e-05  -0.00218877 -0.00286006  -0.0104439     180.013    1.77001  0.0600085 -0.0498809 0.000811289 0.000313141  0.00148554 -0.000619671  -0.00126249  -0.00128737 -0.000349625 -0.000456725   0.00194823  0.203844 -0.109856  -9.80627  8656
             10.8023  0.0144728 -0.0141474 0.00495926   0.00228372 -0.000167336  -0.00205526 -0.00277356  -0.0108007     180.013    1.77001  0.0600086 -0.0498809 -0.00138955  0.00116333  0.00109364 -0.00061867  -0.0012586  -0.0012877 -0.000126501 -0.000390379   0.00190718  0.203787 -0.109874  -9.80627  8630
             10.9038  0.0116951  -0.015109 0.00259706  0.00218291 0.000630979 -0.00201194 -0.00300084  -0.0107535     180.013    1.77001  0.0600088 -0.0498807 -0.00184811  0.00302726  0.00170518 -0.000615335  -0.00125361  -0.00128427 -0.000138615 -0.000547469   0.00203217  0.203786 -0.109833  -9.80627  8620
             11.0018  0.0136042 -0.0136209 0.00232947   0.00146453 -0.000452041   -0.0018775 -0.00245783  -0.0109562     180.013    1.77001  0.0600088 -0.0498806 -0.00349112 -0.00230818  0.00113888 -0.000616486  -0.00124838  -0.00128384 -1.75067e-05  -0.00018617   0.00200503  0.203757 -0.109923  -9.80627  8622
              11.104  0.0121824 -0.0161872 0.00430585  0.000542446 -0.000233544  -0.00216604 -0.00259658  -0.0111111     180.013    1.77001  0.0600092 -0.0498805  -0.00475664 -0.000568747   0.00156354 -0.000611072  -0.00124191  -0.00128667  0.000116378 -0.000311699   0.00245102  0.203715 -0.109887  -9.80627  8613
             11.2023  0.0142863 -0.0161454 0.00436626  0.00132074 0.000603558 -0.00214924 -0.0029188 -0.0106303    180.013    1.77001  0.0600091 -0.0498808 -0.00147727  0.00230175  0.00111015 -0.000602185  -0.00124525  -0.00128168 -0.000170729 -0.000537166   0.00255286   0.20378 -0.109832  -9.80627  8602
             11.3038  0.0125498 -0.0138212 0.00333007  0.00121225  0.00158875 -0.00218065 -0.00318505  -0.0105993     180.013    1.77001  0.0600091 -0.0498807 -0.00117494  0.00381138  0.00132389 -0.000592924  -0.00124462  -0.00127732 -0.000189392 -0.000734249   0.00266245  0.203784 -0.109784  -9.80627  8591
             11.4038  0.0125706  -0.014017 0.00585575 0.000709594   0.0015507 -0.00217272 -0.00298617  -0.0107341     180.013    1.77001  0.0600092 -0.0498807 -0.0019846 0.00203247 0.00103326 -0.000590137   -0.0012412  -0.00127743  -9.7687e-05 -0.000612072   0.00275374 0.203761 -0.10981 -9.80627  8579
             11.5022  0.0107652 -0.0173191 0.00385612 -3.7563e-05  0.00154132 -0.00256157 -0.00279828  -0.0109335     180.013    1.77001  0.0600097 -0.0498806  -0.00368023   0.00327432 -0.000221443 -0.000587608   -0.0012295  -0.00127059  3.7094e-05 -0.00053651  0.00317453 0.203726 -0.10982 -9.80627  8564
             11.6039  0.0123184 -0.0157863 0.00562514  0.00123269  0.00192951 -0.00280769 -0.00277789  -0.0103657     180.013    1.77001  0.0600096 -0.0498806  0.00110831   0.0015927 0.000507826 -0.000589279  -0.00123571  -0.00127412 -0.000361331 -0.000541612   0.00345812  0.203813 -0.109815  -9.80627  8621
             11.7038    0.01347 -0.0137667 0.00373229  0.00132441  0.00191542 -0.00278878 -0.0027289  -0.010361    180.013    1.77001  0.0600096 -0.0498806   0.0011537 0.000294345 6.18142e-05 -0.00059144 -0.00123524 -0.00126674 -0.000366935 -0.000502676   0.00343936  0.203815 -0.109824  -9.80627  8604
             11.8019  0.00817999 -0.00981944  0.00210082 0.00194109 0.00247135 -0.0024147 -0.00297248  -0.0102114     180.013    1.77001  0.0600089 -0.0498801  0.00344783  0.00339949 0.000545266 -0.000579456  -0.00123569  -0.00126254 -0.000495279 -0.000611334   0.00304113  0.203846 -0.109806  -9.80627  8641
             11.9037  0.0122864 -0.0133336 0.00392476  0.00167088  0.00181324 -0.00237138 -0.00259411  -0.0104589     180.013    1.77001  0.0600089 -0.0498797   0.00112757 -0.000308513  0.000334238 -0.000585093  -0.00122184  -0.00126185  -0.00032676 -0.000314577   0.00306451 0.203811 -0.10987 -9.80627  8619
              12.002  0.0131793 -0.0158679 0.00531874 0.000767069 0.000747222 -0.00268353 -0.00224819  -0.0107869     180.013    1.77001  0.0600087 -0.0498791  -0.00248126  -0.00462018 -0.000853272 -0.000590431  -0.00121789  -0.00126821 -8.54193e-05 -3.74414e-05   0.00332391 0.203759 -0.10993 -9.80627  8623
             12.1036  0.0125848  -0.013636 0.00419462 0.000684999 0.000294647 -0.00240121 -0.00237278  -0.0106955     180.013    1.77001  0.0600089 -0.0498791 -0.00158016 -0.00486803 0.000664396 -0.000586055  -0.00121707  -0.00126122 -0.000141475 -6.76983e-05   0.00298981  0.203772 -0.109927  -9.80627  8629
             12.2031 0.00794698 -0.0149011 0.00161396  0.000719992 -0.000550655  -0.00236425 -0.00223188  -0.0106202     180.013    1.77001  0.0600089 -0.0498793 3.31277e-05 -0.00411759 0.000222034 -0.000581716  -0.00121577  -0.00125264 -0.000196158  5.98887e-05   0.00298402  0.203783 -0.109953  -9.80627  8651
             12.3045   0.012552 -0.0142808 0.00497337  0.00194257  -0.0001821 -0.00250359 -0.00242416   -0.010285     180.013    1.77001  0.0600086 -0.0498795   0.00382672  -0.00122124 -6.99504e-05 -0.000590643  -0.00121597  -0.00125388 -0.000500462 -0.000121307   0.00310254  0.203846 -0.109916  -9.80627  8650
              12.404  0.0131955 -0.0119009 0.00397427   0.0012499 0.000456849 -0.00251457 -0.00267032  -0.0105418     180.013    1.77001  0.0600086 -0.0498798  0.000456533  -0.00155335 -0.000154771 -0.000591376  -0.00121201  -0.00125452 -0.000228301  -0.00035449   0.00304962  0.203788 -0.109868  -9.80627  8664
             12.5023  0.0135814 -0.0155012 0.00409423 -0.000192064 -0.000160208  -0.00254949 -0.00254003  -0.0109428     180.013    1.77001  0.0600087 -0.0498794 -0.00407209 -0.00325054 -0.00109608 -0.000591224  -0.00120343  -0.00125568  0.000131944 -0.000224626   0.00299271  0.203716 -0.109894  -9.80627  8644
             12.6029  0.0115291 -0.0141062 0.00450008 0.000357045  0.00159247 -0.00298573 -0.00301828  -0.0107409     180.013   1.77001 0.0600087 -0.049879 -0.00147792  0.00429801 -0.00153829 -0.000580475  -0.00120383  -0.00125628  -0.00011904 -0.000804388   0.00329122  0.203769 -0.109776  -9.80627  8657
             12.7021  0.0133538 -0.0144428 0.00441261  9.0346e-06  0.00082334 -0.00307517 -0.0026824  -0.010791    180.013    1.77001  0.0600088 -0.0498789 -0.00214627  0.00120503 -0.00137634 -0.000585085  -0.00120316   -0.0012542 -6.97519e-05 -0.000429218   0.00320982  0.203759 -0.109851  -9.80627  8621
             12.8041  0.0103485 -0.0170735 0.00249906 0.000788086 -0.00108361 -0.00314716 -0.00211766  -0.0104644     180.013    1.77001  0.0600088 -0.0498798  0.00136621  -0.0060752 -0.00105414 -0.000593237  -0.00119686  -0.00124899 -0.000342681  0.000195577   0.00307882  0.203809 -0.109973  -9.80627  8646
             12.9035  0.0144316 -0.0148505 0.00524793  0.00230019 -0.00160244 -0.00313751 -0.00216492  -0.0101174     180.013    1.77001  0.0600088 -0.0498797  0.00508133 -0.00656583  -0.0014782 -0.000594267  -0.00119877  -0.00124864 -0.000711798  0.000150517   0.00289764  0.203882 -0.109962  -9.80626  8642
             13.0018  0.0137663 -0.0174096 0.00355084  0.00305765 -0.00216121 -0.00323675 -0.00215212  -0.0100342     180.013    1.77001  0.0600089 -0.0498798  0.00581806 -0.00536189 -0.00149256 -0.000592568  -0.00120083  -0.00125272 -0.000794916  0.000167179   0.00284969  0.203898 -0.109965  -9.80626  8629
             13.1036  0.0107101  -0.016999 0.00270846   0.00206467 -0.000642654  -0.00340142 -0.00271896   -0.010464     180.013    1.77001  0.0600087 -0.0498791  0.00110576 0.000467088 -0.00137354 -0.00057887 -0.00119741  -0.0012491 -0.000346136 -0.000459814   0.00276671  0.203815 -0.109848  -9.80627  8677
             13.2032  0.0151706  -0.015962 0.00496841    0.001887 0.000806519 -0.00334099 -0.00308847  -0.0104472     180.013    1.77001   0.060009 -0.0498795  0.000680274   0.00476167 -0.000979007 -0.000581009  -0.00119567  -0.00125031 -0.000272386 -0.000836733   0.00254125  0.203797 -0.109779  -9.80627  8641
             13.3051  0.0111148 -0.0143022 0.00302534  0.00161534 0.000308131 -0.00291652 -0.00287515  -0.0103801     180.013    1.77001  0.0600082 -0.0498799 7.31263e-05 0.000999687 0.000334822 -0.000573167  -0.00119561  -0.00124778  -0.00019613 -0.000535631   0.00197847  0.203773 -0.109834  -9.80627  8662
              13.405  0.0118809 -0.0166569 0.00436401  0.00183424 0.000806239  -0.0026574 -0.00302741  -0.0103038     180.013    1.77001  0.0600081 -0.0498799   0.0012174  0.00213884 0.000345977 -0.000572835  -0.00118781  -0.00124601  -0.00024541 -0.000635708   0.00170236 0.203779 -0.10982 -9.80627  8620
             13.5038  0.0103145 -0.0148516 0.00400717  0.00223277 0.000365002 -0.00260779 -0.00284847  -0.0102208     180.013  1.77001 0.060008 -0.04988  0.00113038 3.12115e-05 0.000324711 -0.000570079   -0.0011895  -0.00124064 -0.000329175 -0.000426312   0.00164031  0.203792 -0.109856  -9.80627  8633
             13.6052  0.0138038 -0.0184142 0.00376749  0.00249423  0.00053222 -0.00249186 -0.00289498  -0.0101796     180.013   1.77001 0.0600081  -0.04988  0.00213642 0.000189271  0.00202768 -0.000572794  -0.00118941    -0.001237 -0.000358771  -0.00046174   0.00155613  0.203796 -0.109851  -9.80627  8640
             13.7037 0.00984631 -0.0137082 0.00288487  0.00203211  0.00110931 -0.00239674 -0.00303832  -0.0103498     180.013    1.77001  0.0600081 -0.0498801 0.000832451  0.00252358  0.00117903 -0.000567962   -0.0011914  -0.00123687 -0.000191438 -0.000604531   0.00159993   0.20377 -0.109829  -9.80627  8645
             13.8052  0.0123498 -0.0162518 0.00526753  0.00229665 0.000488673 -0.00254558 -0.00275085  -0.0103179     180.013  1.77001 0.060008 -0.04988 0.000523099  0.00064811  0.00136333 -0.00056575 -0.00118846 -0.00123551  -0.00024846 -0.000319988   0.00186364  0.203782 -0.109873  -9.80627  8626
             13.9066  0.0115515  -0.015508 0.00257545  0.00285189   0.0021454 -0.00238601 -0.00318949  -0.0101729     180.013   1.77001 0.0600081  -0.04988 0.00215244 0.00483645 0.00143388 -0.000573534  -0.00118287  -0.00123133 -0.000377776  -0.00076301   0.00179749    0.2038 -0.109806  -9.80627  8610
             14.0053  0.0128058 -0.0137472 0.00494066  0.00407141  0.00152068 -0.00237705 -0.00288537 -0.00994702     180.013    1.77001  0.0600079 -0.0498796   0.00522324 -0.000448818   0.00203857 -0.000570063  -0.00117801  -0.00122988 -0.000631251 -0.000444642   0.00192011  0.203841 -0.109853  -9.80627  8648
             14.1065  0.0117567 -0.0159497 0.00129299  0.00376337 0.000822756 -0.00235575 -0.00267904  -0.0101934     180.013    1.77001  0.0600077 -0.0498796  0.00252636 -0.00141753  0.00177985 -0.000559771  -0.00117329  -0.00122653 -0.000404547 -0.000239353   0.00205596  0.203809 -0.109883  -9.80627  8623
             14.2088  0.0141183 -0.0155455 0.00223762   0.00286164 -0.000602697  -0.00221143 -0.00226394   -0.010536     180.013    1.77001  0.0600077 -0.0498791 5.93501e-05 -0.00412109  0.00129261 -0.000553963  -0.00117974  -0.00122459 -9.77562e-05  0.000169183   0.00202732 0.203767 -0.10994 -9.80627  8618
             14.3094  0.0116422 -0.0174654 0.00447223   0.00198595 -0.000493319  -0.00237157 -0.00252086  -0.0107691     180.013    1.77001  0.0600081 -0.0498789 -0.00262395 -0.00249382   0.0019195 -0.000555399  -0.00118567  -0.00122417 0.000145864 3.28967e-05    0.002309  0.203732 -0.109929  -9.80627  8610
             14.4021  0.0125642 -0.0159914 0.00360555 0.000949558 0.000748444 -0.00229043 -0.00298351  -0.0109752     180.013    1.77001  0.0600081 -0.0498789 -0.00515131    0.001053  0.00157032 -0.000566498  -0.00119393  -0.00122158  0.000365632 -0.000417155   0.00233779  0.203702 -0.109869  -9.80627  8645
             14.5015  0.0121398 -0.0151637  0.0038878 0.000660318 0.000757142 -0.00229315 -0.00299232  -0.0108972     180.013    1.77001  0.0600081 -0.0498788 -0.00496775  0.00139855 0.000810596 -0.000562942  -0.00118899  -0.00121923  0.000291289 -0.000374261   0.00246039  0.203711 -0.109878  -9.80627  8623
             14.6017  0.0136741 -0.0154846 0.00244649  0.00151047 -0.00012683 -0.00242866 -0.00278005  -0.0105501     180.013    1.77001  0.0600081 -0.0498786 -0.000218146   -0.0011708  0.000388881 -0.000555208  -0.00117996  -0.00121387 -0.000100612  2.73397e-06   0.00269918  0.203766 -0.109938  -9.80627  8616
             14.7018  0.0116063 -0.0174441 0.00280769  0.00255444 0.000300605 -0.00284779 -0.00313611   -0.010239     180.013    1.77001  0.0600084 -0.0498786    0.0027495  -0.00152525 -0.000287061 -0.000556198  -0.00117148  -0.00121389 -0.000403851 -0.000192652    0.0031579  0.203805 -0.109923  -9.80627  8628
             14.8019  0.0148851 -0.0153946  0.0034211  0.00338887 0.000291947 -0.00292772 -0.00318162  -0.0101049     180.013    1.77001  0.0600084 -0.0498786   0.00407604 -0.000923188 -0.000937446 -0.000552478  -0.00116458  -0.00121295 -0.000574057 -0.000244033   0.00316802  0.203828 -0.109916  -9.80627  8676
             14.9022  0.0117774 -0.0179879  0.0037421   0.00248356 -0.000289918  -0.00276988 -0.00297886  -0.0104231     180.013    1.77001  0.0600083 -0.0498785  0.000606628 -0.000248348  0.000609633 -0.000546638  -0.00116354  -0.00121423 -0.000192459 -3.64577e-05   0.00293044  0.203777 -0.109943  -9.80627  8648
             15.0005  0.0162745 -0.0159972 0.00452286   0.00276874 -0.000890212  -0.00265491 -0.00281288  -0.0104015     180.013    1.77001  0.0600084 -0.0498783  0.00178346  -0.0030239 0.000588803 -0.000552683  -0.00116012  -0.00121591 -0.000255076  0.000147022   0.00285852  0.203788 -0.109966  -9.80627  8662
             15.1021  0.0141829 -0.0192927 0.00350113  0.00205807 -0.00056415 -0.00282443 -0.00302289  -0.0105979     180.013   1.77001 0.0600083 -0.049878 -0.00170897 -0.00176758 -0.00018953 -0.000553706  -0.00115767  -0.00121096 2.07691e-06 -7.1031e-05  0.00304498  0.203753 -0.109939  -9.80627  8657
             15.2016  0.0119054  -0.016969 0.00378362   0.00195103 -0.000498136  -0.00285663 -0.00307053  -0.0105812     180.013   1.77001 0.0600084 -0.049878  -0.00146985 -0.000163446  0.000474312 -0.000550122  -0.00115879  -0.00120977 -2.57306e-05 -0.000132237   0.00305659  0.203757 -0.109931  -9.80627  8645
             15.3017  0.0111918 -0.0174499 0.00349798  0.00115042 -0.00105824 -0.00273521 -0.00290189  -0.0107308     180.013    1.77001  0.0600082 -0.0498781 -0.00279435 -0.00130723 0.000444737 -0.000547718  -0.00115503  -0.00120729 0.000176369 5.97745e-05  0.00296491   0.20373 -0.109954  -9.80627  8644
             15.4018  0.0132033 -0.0159958 0.00354815  0.00067034 -0.00123843 -0.00268822 -0.00289629  -0.0107655     180.013    1.77001  0.0600082 -0.0498781 -0.00399151 -0.00238236 0.000723052 -0.000548485  -0.00115461  -0.00120916 0.000221862  6.8143e-05  0.00296672  0.203725 -0.109956  -9.80627  8636
             15.5006  0.0114095 -0.0178323  0.0022268 0.000466731 -0.00150693 -0.00270688 -0.00289578  -0.0107106     180.013    1.77001  0.0600083 -0.0498782 -0.00388329 -0.00278808 9.82602e-05 -0.00054217 -0.00115027 -0.00120661 0.000142144  7.7344e-05  0.00300826  0.203735 -0.109957  -9.80627  8638
             15.6016  0.0111523  -0.018171 0.00345785   0.00104943 -0.000598224  -0.00282544 -0.0031646 -0.0105307    180.013    1.77001  0.0600083 -0.0498782 -4.33229e-05   0.00147228 -2.63818e-05 -0.000540676  -0.00114877  -0.00120768 -0.000133418 -0.000292443   0.00313625  0.203771 -0.109911  -9.80627  8652
             15.7014  0.0113128 -0.0159449 0.00205798   0.00219781 -0.000192123  -0.00285199 -0.00319612  -0.0103065     180.013   1.77001 0.0600084 -0.049878   0.00253176   0.00349023 -0.000561128 -0.000538869   -0.0011503  -0.00120557 -0.000489335 -0.000346603   0.00312961  0.203816 -0.109905  -9.80627  8627
             15.8013  0.0128837 -0.0155544 0.00282457  0.00192296 0.000231669 -0.00296571 -0.00321097  -0.0104014     180.013   1.77001 0.0600084 -0.049878  0.000887951    0.0029763 -0.000729661 -0.000543269  -0.00115054  -0.00120377 -0.000333933 -0.000359103   0.00314536  0.203797 -0.109903  -9.80627  8678
             15.9012   0.0113421  -0.0160193 0.000539545  0.00126787 0.000901935  -0.0028069 -0.00326645  -0.0104826     180.013   1.77001 0.0600082 -0.049878 0.000229295  0.00210258 -0.00010377 -0.000542823  -0.00115279  -0.00119729 -9.32479e-05  -0.00051948   0.00288555  0.203761 -0.109882  -9.80627  8637
             16.0005 0.00955196 -0.0145398 0.00289642 0.000681205  0.00188374 -0.00238676 -0.00342402  -0.0105736     180.013    1.77001  0.0600079 -0.0498779 -0.00147434  0.00600879 0.000702869 -0.000537952  -0.00114944   -0.0011955 9.01194e-05 -0.00074451  0.00244808  0.203736 -0.109857  -9.80627  8677
             16.1013  0.0110432 -0.0141185 0.00338438 0.000436256  0.00236332 -0.00246303 -0.00338143  -0.0105777     180.013    1.77001  0.0600079 -0.0498779 -0.00297636  0.00706383 -0.00062424 -0.000540841  -0.00114973  -0.00118981   7.5136e-05 -0.000662954   0.00252628  0.203739 -0.109867  -9.80627  8680
             16.2007   0.012351  -0.014819 0.00225723 0.000307373  0.00254479 -0.00240494 -0.00326625   -0.010548     180.013    1.77001  0.0600079 -0.0498778 -0.00218456   0.0044169 0.000462117 -0.000538388  -0.00114932  -0.00118996  3.37911e-05 -0.000485409   0.00242974  0.203743 -0.109887  -9.80627  8645
             16.3017  0.0133214 -0.0152062 0.00216473 0.000269012  0.00152674 -0.00262638 -0.00303523  -0.0105698     180.013    1.77001  0.0600078 -0.0498776  -0.00139606  -0.00113819 -0.000236052 -0.000533617  -0.00114573  -0.00119035 -1.78208e-05 -2.51868e-05   0.00264595  0.203752 -0.109943  -9.80627  8660
             16.4016  0.0133965 -0.0165037 0.00206046 -0.000348246  0.000594377   -0.0024409 -0.00284345  -0.0106226     180.013    1.77001  0.0600079 -0.0498774 -0.00270015 -0.00181541 0.000542542 -0.000529044  -0.00114793  -0.00119348 0.000112666 0.000283891  0.00243856  0.203736 -0.109976  -9.80627  8655
             16.5003  0.0119551 -0.0159782 0.00332927 -0.000591353 -1.47103e-05  -0.00261747 -0.00280082  -0.0106459     180.013    1.77001  0.0600079 -0.0498774  -0.0019612 -0.00251985 0.000393917 -0.000527901  -0.00114371  -0.00119259 0.000114054  0.00044824  0.00265685  0.203736 -0.109998  -9.80627  8641
             16.6013 0.00992668   -0.01605 0.00176465 0.000241567 0.000984094 -0.00261632 -0.00309938  -0.0104593     180.013   1.77001  0.060008 -0.049877  0.00050483 0.000273587 0.000759914 -0.000534336   -0.0011408  -0.00118972 -0.000205648  4.27625e-05   0.00273303 0.203772 -0.10996 -9.80627  8667
             16.7003  0.0123428 -0.0169603 0.00140563 0.000876916  0.00103119 -0.00273443 -0.00315071  -0.0103415     180.013    1.77001   0.060008 -0.0498771    0.0017695  -0.00175533 -0.000222455 -0.000531094  -0.00113724  -0.00119181 -0.000397219  1.32373e-06   0.00286423  0.203792 -0.109958  -9.80627  8654
             16.8015  0.0128783 -0.0153387 0.00357405 0.000775817 0.000829759 -0.00268624 -0.00313339  -0.0104007     180.013    1.77001  0.0600081 -0.0498771   0.00181889 -0.000607234  0.000487899 -0.000526479  -0.00113897  -0.00119897 -0.000297419  2.99479e-05   0.00281198  0.203782 -0.109961  -9.80627  8627
             16.9017  0.0140621  -0.016823 0.00411941  0.00147004 0.000318014 -0.00263944 -0.0030092 -0.0102938    180.013    1.77001   0.060008 -0.0498771   0.00241866 -0.000845345  0.000495329 -0.000528248  -0.00113602  -0.00119837 -0.000465306  0.000222938   0.00281975 0.203798 -0.10998 -9.80627  8662
             17.0003  0.0139433 -0.0149848 0.00202496  0.00237364 0.000953484 -0.00244901 -0.00317152  -0.0101479     180.013   1.77001 0.0600082 -0.049877   0.00497301 -0.000119384  0.000607155 -0.000530683  -0.00113818  -0.00119951 -0.000669406 -3.25303e-05   0.00265241  0.203818 -0.109956  -9.80627  8698
             17.1015  0.0132271 -0.0153663  0.0019065  0.00270735  0.00090358 -0.00234477 -0.00317496  -0.0101769     180.013   1.77001 0.0600082 -0.049877   0.00522422 -0.000800151  0.000432512 -0.000524805  -0.00114154  -0.00119466 -0.000614448 -2.03598e-05   0.00258504  0.203812 -0.109957  -9.80627  8697
             17.2004  0.0116031 -0.0187037 0.00188304  0.00272972 0.000716116 -0.00239916 -0.0031143 -0.0102672    180.013    1.77001  0.0600083 -0.0498769  0.00317729 -0.00104026 0.000729572 -0.000521268  -0.00114152  -0.00119265 -0.000465681  8.08719e-06   0.00269925  0.203798 -0.109956  -9.80627  8649
             17.3002  0.0139663 -0.0138378   0.003482 0.00297091  0.0018417 -0.0024232 -0.00330841  -0.0102665     180.013    1.77001  0.0600083 -0.0498772    0.0033229   0.00311659 -4.36875e-05 -0.00052751 -0.00114531 -0.00119605 -0.000429758 -0.000379701   0.00273529  0.203794 -0.109918  -9.80627  8644
             17.4012  0.0128759 -0.0170794 0.00280116  0.00236771 0.000812145 -0.00224306 -0.00314683  -0.0104409     180.013    1.77001  0.0600082 -0.0498771 0.000968379 -0.00143015 0.000508574 -0.000521535  -0.00114636  -0.00118946 -0.000148651  7.44819e-05   0.00255219  0.203767 -0.109967  -9.80627  8676
             17.4999  0.0102665 -0.0172613 0.00232777  0.00153953 0.000787025 -0.00233101 -0.00312602  -0.0105705     180.013   1.77001 0.0600084 -0.049877 -0.00204774 -0.00141986 8.46326e-05 -0.000519547  -0.00114423  -0.00119201 0.000126437 3.35816e-05  0.00264852   0.20374 -0.109959  -9.80627  8688
              17.601  0.0118155  -0.015209 0.00373499   0.00147759 -0.000359344   -0.0024071 -0.00294216  -0.0105417     180.013    1.77001  0.0600084 -0.0498769   -0.0013877  -0.00532561 -0.000483253 -0.000513894  -0.00114685  -0.00119353 7.18544e-05 0.000362536  0.00271031  0.203745 -0.109988  -9.80627  8647
              17.701  0.0132005 -0.0162594  0.0036317  0.0022473 0.00123623 -0.0025662 -0.00318799  -0.0103594     180.013    1.77001  0.0600083 -0.0498774  0.00131331  0.00159317 0.000264801 -0.000522017  -0.00114247  -0.00118986 -0.000192178 -0.000344956   0.00284872  0.203767 -0.109915  -9.80627  8676
             17.8013  0.0133075 -0.0182755 0.00510012 0.00136129 0.00144251  -0.002999 -0.00297549  -0.0104829     180.013    1.77001  0.0600084 -0.0498772 -0.00232501  0.00196814 -0.00147891 -0.000521436  -0.00114364  -0.00118822 0.000123578  -0.0003666  0.00324741  0.203736 -0.109895  -9.80627  8651
             17.9023  0.0130923 -0.0155523 0.00399667  0.00149987   0.0012379 -0.00307956 -0.00293481  -0.0104363     180.013    1.77001  0.0600084 -0.0498771 -0.00108568  0.00131825 -0.00103599 -0.000522169  -0.00114416  -0.00118594  3.11652e-06 -0.000212391    0.0031775  0.203748 -0.109912  -9.80627  8668
             18.0005  0.0140788 -0.0169196 0.00363003  0.00198316 0.000393706 -0.00310153 -0.00280838  -0.0103567     180.013   1.77001 0.0600085 -0.049877  0.00083018 -0.00249429 -0.00115568 -0.000518564  -0.00113883   -0.0011853 -0.000184152   0.00011553   0.00308685  0.203765 -0.109943  -9.80627  8658
             18.1021   0.011261 -0.0167994  0.0043607  0.00162111 0.000546425 -0.00327309 -0.00286085  -0.0104191     180.013   1.77001 0.0600086 -0.049877 -0.000789361 -0.000742132  -0.00181902 -0.000520469  -0.00114056  -0.00118481 -5.58888e-05 -8.76613e-06   0.00310341  0.203754 -0.109932  -9.80627  8650
             18.2014  0.0129764 -0.0163089 0.00523306 -0.000272978  0.000654274  -0.00348287 -0.00290404  -0.0106328     180.013   1.77001 0.0600086 -0.049877 -0.00602462 9.43753e-05 -0.00197516 -0.000521039  -0.00114265  -0.00118386  0.000499494 -5.45196e-05   0.00308999 0.203702 -0.10993 -9.80627  8650
                18.3  0.0101942 -0.0158832 0.00435976 -0.00138585 0.000963068 -0.00338006 -0.00295518  -0.0106547     180.013   1.77001 0.0600082 -0.049877 -0.00697719 0.000376405 -0.00127384 -0.000519065  -0.00114371  -0.00117996  0.000647626 -0.000147895   0.00276845  0.203685 -0.109924  -9.80627  8656
             18.4019 0.00855244 -0.0151814  0.0024036 -0.00160074  0.00056196 -0.00320379 -0.00293408  -0.0105453     180.013   1.77001 0.0600077 -0.049877 -0.0057857 -0.0023945 -0.0013872 -0.000518301  -0.00114759  -0.00117581  0.000480994 -1.32105e-05   0.00244247  0.203697 -0.109939  -9.80627  8614
             18.5009 0.00929614 -0.0144355 0.00310126 -0.00139928   0.0011185 -0.00290109 -0.00309673  -0.0103777     180.013   1.77001 0.0600075 -0.049877  -0.00295917   0.00139647 -0.000574602 -0.000517095  -0.00115088  -0.00117427   0.00022521 -0.000250838   0.00196359  0.203712 -0.109922  -9.80627  8652
             18.6021  0.0102601 -0.0153765 0.00247797 -0.00112764  0.00162138 -0.00290718 -0.00313585  -0.0103061     180.013   1.77001 0.0600075 -0.049877 -0.00102535  0.00283264 0.000200135 -0.000521934  -0.00114777  -0.00117172  5.28558e-05 -0.000359286   0.00198489  0.203727 -0.109913  -9.80627  8623
             18.7003   0.011174 -0.0139509 0.00366082 -0.00147615  0.00184979 -0.00257872 -0.00310925  -0.0102704     180.013   1.77001 0.0600078 -0.049877 -0.00249473  0.00283716 0.000534393 -0.000520498  -0.00115048  -0.00117147  0.000100566 -0.000328238   0.00164994  0.203718 -0.109912  -9.80627  8603
             18.8023 0.00902455 -0.0173323 0.00187042 -0.000611605   0.00103797  -0.00220967 -0.00287993  -0.0100603     180.013    1.77001  0.0600079 -0.0498774  0.00217332 -0.00113209  0.00167148 -0.000522694  -0.00114466  -0.00116919 -0.000224153   4.9205e-05   0.00137378  0.203739 -0.109935  -9.80627  8563
             18.9021  0.0124508 -0.0130429 0.00203708 0.000680311 0.000990967 -0.00221294 -0.00291404 -0.00991905     180.013    1.77001  0.0600077 -0.0498773  0.00480501 -0.00287629 0.000957964 -0.000523394  -0.00115251  -0.00117036 -0.000559185  -4.5135e-06   0.00152918  0.203765 -0.109932  -9.80627  8613
             19.0002  0.0106364 -0.0172732  0.0030865 0.000191952  0.00106601 -0.00237558 -0.00293857  -0.0100795     180.013   1.77001 0.0600077 -0.049877  0.00160269 0.000477862 0.000621563 -0.000518923  -0.00115166  -0.00117245  -0.00026681 -8.93154e-05   0.00173768  0.203745 -0.109928  -9.80627  8589
             19.1021  0.0125014 -0.0178483 0.00458874 -0.000243815  -0.00102162  -0.00242384 -0.00260651    -0.01021     180.013    1.77001  0.0600077 -0.0498765  0.00158772 -0.00466602 0.000839824 -0.000522254  -0.00115149  -0.00117119 -7.0546e-05 0.000654525  0.00187984  0.203733 -0.109983  -9.80627  8540
             19.2008  0.0110363 -0.0165084 0.00297559 -2.59446e-05 -0.000304685  -0.00238805 -0.00282123  -0.0101966     180.013    1.77001  0.0600077 -0.0498764 0.000332524 -0.00316486 0.000557504 -0.000521634  -0.00115247  -0.00117175 -9.61179e-05   0.00025479   0.00192032  0.203736 -0.109958  -9.80627  8537
              19.302  0.0121167 -0.0170301 0.00390304  -0.00042778 -0.000614777  -0.00287035 -0.00290701  -0.0102387     180.013    1.77001  0.0600074 -0.0498764 -0.00108302 -0.00440849 -0.00109276 -0.000518331  -0.00115696  -0.00117052 2.59249e-05 0.000215189  0.00238011  0.203727 -0.109965  -9.80627  8521
              19.402  0.0098843 -0.0157472 0.00345907 -0.000158066  0.000482305  -0.00297751 -0.00312659  -0.0102124     180.013   1.77001 0.0600074 -0.049876  0.00152947   0.0017846 0.000822125 -0.000512518  -0.00115979  -0.00117154 -5.62491e-05 -0.000289857   0.00246535 0.203734 -0.10993 -9.80627  8446
             19.5004   0.011125  -0.016564 0.00251446  3.89905e-05 -0.000397583   -0.0027072 -0.00285258  -0.0102279     180.013   1.77001 0.0600075 -0.049876 0.000104022  0.00135084 0.000258327 -0.000521205  -0.00115704  -0.00116822 -0.000112513  0.000148959   0.00221385  0.203739 -0.109952  -9.80627  8420
             19.6021 0.00989373 -0.0176497 0.00337606  0.00124793   0.0014291 -0.00271801 -0.00314796  -0.0100534     180.013    1.77001  0.0600075 -0.0498759  0.00400729  0.00216224 0.000502896 -0.000520843  -0.00115209  -0.00117091 -0.000485319  -0.00046532    0.0022581  0.203764 -0.109914  -9.80627  8416
              19.701   0.011059 -0.0154818 0.00293585  0.00181948  0.00157896 -0.00243034 -0.00319636  -0.0100508     180.013    1.77001  0.0600075 -0.0498758  0.00508286  0.00012637 0.000753746 -0.000518125  -0.00115195  -0.00116534 -0.000532537 -0.000498817   0.00199866  0.203768 -0.109913  -9.80627  8451
             19.8013  0.0142936 -0.0161017 0.00272031  0.00180114 0.000615142 -0.00238068 -0.00301687  -0.0101473     180.013    1.77001  0.0600075 -0.0498754  0.00257041 0.000580541   0.0011423 -0.000514914  -0.00114815  -0.00116667 -0.000387101 -9.17262e-05   0.00201444  0.203761 -0.109939  -9.80627  8496
              19.902  0.0137582 -0.0149557 0.00397528  0.00241927  0.00118436 -0.00261657 -0.00305437   -0.010114     180.013    1.77001  0.0600072 -0.0498754  0.00387825  0.00270251 0.000254264 -0.000520804  -0.00115084  -0.00116405  -0.00050294 -0.000241184   0.00233153   0.20377 -0.109929  -9.80627  8522
             20.0004  0.0114985 -0.0154232 0.00246791  0.00129839  0.00130997 -0.00239458 -0.00302263   -0.010305     180.013    1.77001   0.060007 -0.0498754 0.000155515  0.00115626 0.000699652 -0.000525402  -0.00115049   -0.0011633 -2.05777e-05 -0.000188195   0.00211347  0.203738 -0.109931  -9.80627  8537
             20.1021  0.0129611 -0.0161739  0.0031161 0.000331536  0.00155605 -0.00225079 -0.00305509  -0.0104314     180.013    1.77001   0.060007 -0.0498753   -0.0034795 -9.83233e-05    0.0010532 -0.000528303  -0.00115058  -0.00116747  0.000268362 -0.000259616   0.00204837  0.203721 -0.109926  -9.80627  8513
             20.2001 0.00910567 -0.0148516  0.0039833 -0.00110866  0.00245804 -0.00229119 -0.00315266  -0.0106008     180.013   1.77001 0.0600074 -0.049875 -0.00616682  0.00453318 0.000456865 -0.000523522  -0.00115429  -0.00116627  0.000605294 -0.000554818    0.0021441  0.203702 -0.109907  -9.80627  8499
             20.3005  0.0118397 -0.0138282 0.00284697 -0.00132153  0.00211215 -0.00223807 -0.00303063   -0.010563     180.013    1.77001  0.0600074 -0.0498749 -0.00414523  0.00266565 0.000608897 -0.000528642  -0.00114976  -0.00116598  0.000483562 -0.000230067   0.00212487   0.20371 -0.109927  -9.80627  8527
             20.4021  0.0109043 -0.0163758 0.00277537 -0.00103229  0.00102638 -0.00237547 -0.00290355  -0.0104802     180.013   1.77001 0.0600075 -0.049875  -0.00331804  -0.00188377 -0.000503877 -0.000523154  -0.00114303  -0.00116458  0.00024111 0.000217626  0.00227635  0.203724 -0.109958  -9.80627  8551
             20.5003 0.00925254 -0.0153323 0.00207758 -0.00108441  0.00161782 -0.00252429 -0.00298003  -0.0104676     180.013    1.77001  0.0600076 -0.0498749  -0.00302904   -0.0012348 -0.000846807 -0.000525861  -0.00114597   -0.0011623 0.000132075 -4.4111e-05  0.00234371  0.203733 -0.109941  -9.80627  8569
             20.6035 0.00981196 -0.0144755 0.00133358 -0.00112683  0.00270418 -0.00260858 -0.00307876  -0.0104474     180.013   1.77001 0.0600076 -0.049875 0.000358302  0.00340864 0.000147235 -0.000526352  -0.00114415  -0.00115997  8.69216e-05 -0.000462079   0.00233447  0.203736 -0.109912  -9.80627  8571
             20.7032 0.00831862 -0.0125966 0.00526593 -0.00299996  0.00212997 -0.00243921 -0.00295522  -0.0106139    -180.013    1.77001   0.060008 -0.0498753 -0.00610419  0.00194529  0.00056179 -0.000526499  -0.00114507  -0.00116063 0.000643388 -0.00011653  0.00219008  0.203701 -0.109931  -9.80627  8588
              20.804  0.0102509 -0.0133461 0.00517947 -0.000669589   0.00244426  -0.00215511 -0.0029115 -0.0102952   -180.013    1.77001  0.0600077 -0.0498753  0.00210576 0.000464169 0.000963001 -0.000532309  -0.00114151  -0.00116208 -0.000261526 -0.000149641   0.00197557  0.203756 -0.109925  -9.80627  8640
             20.9035 0.00809254 -0.0157014 0.00614448 -0.00048913  0.00214032 -0.00196044 -0.00288315  -0.0103227    -180.013    1.77001  0.0600076 -0.0498753  0.00409399 -0.00214692 0.000323743 -0.000527558  -0.00113991  -0.00116264 -0.000215139 -6.75688e-05   0.00182046  0.203755 -0.109929  -9.80627  8635
             21.0034   0.013472 -0.0179884 0.00352727  0.00113821  0.00208837 -0.00239078 -0.00281756  -0.0101232    -180.013    1.77001  0.0600072 -0.0498757   0.00654928   -0.0024388 -0.000259684 -0.000527692   -0.0011392  -0.00115762 -0.000539183  -0.00012651    0.0022091  0.203762 -0.109922  -9.80627  8648
              21.105 0.00958666  -0.014957 0.00192532 0.000623214  0.00194224 -0.00239691 -0.00278633   -0.010214    -180.013    1.77001  0.0600069 -0.0498758  0.000583023 -4.13101e-05   0.00232897 -0.000520746  -0.00114576   -0.0011532 -0.000256195 -0.000132677   0.00227508  0.203746 -0.109919  -9.80627  8639
             21.2033 0.00881397 -0.0154595 0.00335537  0.00142854  0.00254055 -0.00227425 -0.00283368  -0.0101474    -180.013    1.77001  0.0600069 -0.0498757  0.00697507  0.00266857 0.000695786 -0.000527625  -0.00114912  -0.00115186 -0.000417692 -0.000245581    0.0023015  0.203753 -0.109914  -9.80627  8640
             21.3035 0.00779553 -0.0182878 0.00193271 0.000606873  0.00395454  -0.0023165 -0.00297913  -0.0103344    -180.013    1.77001  0.0600069 -0.0498752   0.00177309   0.00315632 -8.59352e-05 -0.000530999  -0.00114722  -0.00115209  2.68689e-05 -0.000612876   0.00229525  0.203733 -0.109896  -9.80627  8628
             21.4063   0.014083 -0.0133811 0.00157736 0.000390176  0.00364526 -0.00200862 -0.00304202  -0.0104569    -180.013      1.77 0.0600076 -0.049875 -0.000255018  -0.00242016   0.00403867 -0.000526719  -0.00115502  -0.00115062 0.000101115 -0.00044878  0.00200808  0.203738 -0.109913  -9.80627  8609
             21.5046  0.0148235 -0.0117767 0.00347074 -0.000124155   0.00331447  -0.00149784 -0.00286326  -0.0105116    -180.013    1.77001  0.0600073 -0.0498751 -0.00503734 -0.00344808  0.00743099 -0.000516476   -0.0011518  -0.00115281  0.000188758 -0.000448629   0.00217002 0.203735  -0.1099 -9.80627  8626
             21.6061  0.0121382 -0.0128681 0.00378449  0.00108286  0.00148983 -0.00153603 -0.00219263  -0.0102211     180.013    1.77001   0.060007 -0.0498755  0.00824568  0.00377493 -0.00360498 -0.000511954  -0.00114905   -0.0011499 -0.000201604  0.000146435   0.00251221  0.203741 -0.109892  -9.80627  8586
             21.7048  0.0107835 -0.0173674 0.00421337  0.00109776  0.00095344 -0.00212285 -0.00220168  -0.0102787     180.013    1.77001   0.060007 -0.0498755   0.0011158 -0.00303261 -0.00526247 -0.000521682  -0.00115603  -0.00115346 5.54093e-05 0.000513686  0.00238412 0.203726 -0.10992 -9.80627  8605
             21.8051 0.00985483 -0.0171095 0.00334105 0.000941291  0.00200277 -0.00208299 -0.00212315  -0.0103005    -180.013    1.77001  0.0600069 -0.0498751 -0.00432398 -0.00502604   0.0044509 -0.000531732   -0.0011607  -0.00114619 -3.24807e-05 -9.38161e-05   0.00226397  0.203735 -0.109871  -9.80627  8644
             21.9064   0.010769 -0.0143071 0.00151495 -0.000637291   0.00142967  -0.00176368 -0.00207391  -0.0105802    -180.013    1.77001  0.0600066 -0.0498754 1.46657e-05 -0.00745847  0.00581375 -0.000524806  -0.00116459  -0.00115194  0.000426841 -8.94523e-05   0.00250159  0.203723 -0.109867  -9.80627  8648
             22.0047  0.0120797 -0.0148171 0.00379046 0.000379151  0.00183485 -0.00179881 -0.00204935  -0.0103272    -180.013    1.77001  0.0600064 -0.0498756 -0.000361836  -0.00117764 -0.000295322 -0.000521511  -0.00115285  -0.00114413  0.000131064 -0.000506753   0.00283627  0.203725 -0.109834  -9.80627  8645
             22.1076  0.0120424 -0.0149586 0.00259709 0.000522648  0.00211839 -0.00217558 -0.00199365  -0.0103157     180.013    1.77001  0.0600064 -0.0498756 -0.00309297  0.00982602 -0.00213144 -0.000524353    -0.001154  -0.00114249 -2.22662e-06 -0.000413493   0.00299288  0.203733 -0.109835  -9.80627  8618
             22.2066  0.0119092 -0.0137178 0.00440502 -0.000230184   0.00392757  -0.00196501 -0.00186504  -0.0101968    -180.013    1.77001  0.0600064 -0.0498756 -0.000397601   0.00309289  0.000740196 -0.000542613  -0.00115857  -0.00114303 0.000181634 -0.00079254  0.00262436  0.203712 -0.109802  -9.80627  8621
             22.3068  0.0105558 -0.0125856 0.00310029 -0.00126043  0.00386302 -0.00208179 -0.00186765  -0.0103377    -180.013    1.77001  0.0600066 -0.0498758 -0.00428243  0.00199724  0.00173202 -0.000532393  -0.00116349  -0.00113376  0.000485951 -0.000702719   0.00288009  0.203701 -0.109807  -9.80627  8621
             22.4076  0.0119683 -0.0155509 0.00351078 -0.00178469  0.00397895 -0.00195359 -0.00184312  -0.0102981     180.013    1.77001  0.0600066 -0.0498758 -0.00726727    0.002422 0.000192619 -0.000522091  -0.00116317  -0.00113802  0.000448077 -0.000629671   0.00282437 0.203701 -0.10981 -9.80627  8624
             22.5062 0.00730456  -0.014777 0.00536497 -0.00315129  0.00251961 -0.00204173 -0.0017057 -0.0103109    180.013    1.77001  0.0600067 -0.0498766  -0.00673396   0.00124665 -0.000176711 -0.000504197  -0.00117141  -0.00113277 0.000655249 5.53309e-06  0.00284593  0.203689 -0.109841  -9.80627  8600
              22.609  0.0110435 -0.0133912 0.00388185 -0.00237418  0.00275855 -0.00198212 -0.00165768  -0.0102031     180.013    1.77001  0.0600069 -0.0498765 -0.00296244  0.00203905  0.00138452 -0.000512708  -0.00115681  -0.00113208 0.000207958 5.92692e-05  0.00284346  0.20371 -0.10984 -9.80627  8604
             22.7066 0.00997849 -0.0122977 0.00369475 -0.00218732  0.00355722 -0.00217894 -0.0018709 -0.0102765   -180.013    1.77001   0.060007 -0.0498765 -0.00318596  -0.0030042 -0.00155394 -0.000521707  -0.00115016  -0.00113208 -7.18969e-06 -0.000254037   0.00302548  0.203729 -0.109836  -9.80627  8596
             22.8075  0.0103787 -0.0168128 0.00106214 -0.00134715  0.00350212  -0.0022355 -0.00185265  -0.0101037    -180.013    1.77001  0.0600073 -0.0498769   0.00298961  0.000641904 -0.000826441 -0.000513875  -0.00114039   -0.0011286 -0.000355713 -0.000305408   0.00289613 0.203738 -0.10983 -9.80627  8542
             22.9077   0.011293  -0.010966 0.00263947 -0.000941744   0.00260804  -0.00191266 -0.00165033 -0.00999468    -180.013    1.77001  0.0600075 -0.0498767   0.00327847 -0.000524361   0.00273973 -0.000504022  -0.00113912  -0.00113556 -0.000363686  9.33288e-05   0.00259547 0.203732 -0.10984 -9.80627  8451
             23.0077 0.00721493 -0.0163881 0.00230331 -0.00109883  0.00132141 -0.00177593 -0.00154522  -0.0100302    -180.013   1.77001 0.0600076 -0.049877 -0.000321027  -0.00541361  0.000776465 -0.000494338  -0.00113871  -0.00112649 -0.000253312  0.000512463   0.00264869  0.203728 -0.109858  -9.80627  8501
             23.1077   0.011835 -0.0160428 0.00312385 -0.00130702 0.000270434 -0.00192967 -0.00156837  -0.0101204    -180.013       1.77  0.0600074 -0.0498768 0.000932435 -0.00890573  0.00111515 -0.00048966 -0.00114394 -0.00112587 -0.000188472   0.00066979   0.00279572   0.20373 -0.109869  -9.80627  8549
             23.2068  0.0115898 -0.0173433 0.00263833 -0.000109712  0.000550165  -0.00180761  -0.0017375 -0.00999983     180.013       1.77  0.0600073 -0.0498772  0.00497911 -0.00532927  0.00189512 -0.000496047   -0.0011299  -0.00112746 -0.000493682  0.000238045   0.00285416  0.203739 -0.109856  -9.80627  8598
             23.3077  0.0103432 -0.0156476 0.00307609  0.000308777 -0.000242687  -0.00175467 -0.00168543 -0.00999251     180.013       1.77  0.0600073 -0.0498772 0.00230747 -0.0033852 0.00104519 -0.000496362  -0.00113035  -0.00112602 -0.000516511  0.000394032   0.00293242  0.203739 -0.109861  -9.80627  8615
             23.4077  0.0104176 -0.0151838 0.00256615 -0.000475063  0.000243976  -0.00170957 -0.00177283  -0.0100812     180.013       1.77  0.0600073 -0.0498773 0.000814208 -0.00356309  0.00166907 -0.000507383  -0.00114165  -0.00112363 -0.000181668  8.74829e-05   0.00292238 0.203727 -0.10985 -9.80627  8591
             23.5071  0.0107359   -0.01722 0.00330109 -0.000190252  0.000894218    -0.001747 -0.00187085  -0.0100259     180.013       1.77  0.0600072 -0.0498774   0.00236247 -0.000637731    0.0033742 -0.000513685  -0.00113704  -0.00112188 -0.000204243 -0.000264798    0.0031973  0.203723 -0.109838  -9.80627  8609
             23.6066  0.0106999 -0.0136076 0.00384578 -0.000112692   0.00229725  -0.00147041 -0.00208354  -0.0100489     180.013       1.77  0.0600072 -0.0498774 -0.000443004   0.00411801   0.00103554 -0.00052545 -0.00113923 -0.00112254 -0.000191531 -0.000724659   0.00310549  0.203725 -0.109828  -9.80627  8613
             23.7065  0.0136508 -0.0122794 0.00321856 -0.000604345   0.00204621   -0.0013929 -0.00200252  -0.0101006     180.013       1.77  0.0600072 -0.0498773 -0.000275763   0.00247044   0.00172761 -0.000521439   -0.0011439  -0.00112014 -5.26957e-05 -0.000473497   0.00311416  0.203721 -0.109836  -9.80627  8604
             23.8063 0.00840929 -0.0149521 0.00176024 -0.000958515   0.00251284  -0.00135565 -0.00199012  -0.0101134     180.013       1.77  0.0600073 -0.0498772 -0.000582546   0.00337033   0.00205611 -0.000520195  -0.00114524  -0.00112022  6.96492e-05 -0.000508757   0.00324242  0.203715 -0.109833  -9.80627  8576
              23.908  0.0103106 -0.0120686   0.002715 -0.00113046  0.00297216 -0.00114787 -0.00202122  -0.0101397     180.013       1.77  0.0600073 -0.0498772  -0.0027478  0.00248398 0.000954874 -0.000522685  -0.00114829  -0.00111942  6.61849e-05 -0.000553917   0.00314056  0.203717 -0.109833  -9.80627  8596
             24.0063 0.00989785 -0.0158759 0.00187612 -0.000212937   0.00292931  -0.00126369 -0.0019574 -0.0100208    180.013       1.77  0.0600074 -0.0498775  0.00147208  0.00155348 0.000678698 -0.000516161  -0.00113973  -0.00111897 -0.000311828 -0.000445453   0.00330829  0.203728 -0.109834  -9.80627  8626
             24.1074 0.00926961 -0.0163461 0.00485481 -0.00182297  0.00282154 -0.00148381 -0.00189362  -0.0100927     180.013       1.77   0.060008 -0.0498772 -0.00245695  0.00148039 0.000752641 -0.000513218  -0.00114988  -0.00111953  0.000282334 -0.000319349   0.00356304  0.203702 -0.109836  -9.80627  8623
             24.2073  0.0119983 -0.0164322 0.00226218 -0.00136093  0.00296126  -0.0015377 -0.00188577  -0.0100471     180.013       1.77  0.0600081 -0.0498773 -0.000891133  8.27374e-05 -0.000895017 -0.000513335   -0.0011458  -0.00111697 3.52747e-05 -0.00031973  0.00358928  0.203711 -0.109836  -9.80627  8618
             24.3079  0.0129393 -0.0136708 0.00453089 -0.00110694  0.00222333  -0.0015624 -0.00188719  -0.0100719     180.013      1.77 0.0600081 -0.049877  0.000570207  -0.00217972 -0.000248974 -0.000505381  -0.00114429  -0.00111751  -9.8384e-05 -5.27544e-05   0.00351325  0.20372 -0.10985 -9.80627  8624
             24.4079 0.00926185 -0.0154256 0.00378045 -0.00155555 0.000838945 -0.00174484 -0.00184329  -0.0100261     180.013       1.77  0.0600082 -0.0498773  -9.4633e-05  -0.00468806 -0.000648912 -0.000497137   -0.0011452   -0.0011176 8.85352e-05 0.000384033  0.00360807  0.203706 -0.109869  -9.80627  8610
             24.5073  0.0125394 -0.0143437 0.00151817  -0.00051314 -0.000813789  -0.00181474 -0.00180394  -0.0100512     180.013      1.77 0.0600086 -0.049877   0.0025064 -0.00893198  -0.0010363 -0.000493906  -0.00113844  -0.00111944 -0.000265822  0.000813464   0.00356624  0.203726 -0.109888  -9.80627  8607
             24.6078 0.00993656 -0.0176642 0.00323118 -0.000200728 -0.000588342  -0.00194962 -0.00182754   -0.010088     180.013       1.77  0.0600085 -0.0498767  0.00304457 -0.00733298  -0.0012782 -0.000498315  -0.00113001   -0.0011212 -0.000287283  0.000371529   0.00352375  0.203731 -0.109868  -9.80627  8616
             24.7068  0.0107778 -0.0168538 0.00362886 -0.000539313  0.000608582  -0.00209266 -0.00187444  -0.0101118     180.013       1.77  0.0600086 -0.0498767   0.00154264 -0.000213331  -0.00152266 -0.00050821 -0.00113303 -0.00111997 -6.62926e-05  -0.00029096   0.00351056  0.203723 -0.109838  -9.80627  8600
             24.8062  0.0112331 -0.0166808  0.0048839 0.000982919 0.000390026 -0.00205619 -0.00191517  -0.0101927     180.013       1.77  0.0600084 -0.0498766   0.00513744 -0.000649442   -0.0011905 -0.000504922  -0.00112282  -0.00111986 -0.000543979 -0.000189276   0.00328073  0.203753 -0.109847  -9.80627  8607
             24.9075 0.00944154 -0.0179056 0.00170216  0.000148541 -0.000667291  -0.00205671 -0.00191394  -0.0102901     180.013       1.77   0.060008 -0.0498767  0.00104979 -0.00275628 -0.00104132 -0.000497281  -0.00112928  -0.00111665 -0.000121495  0.000182966   0.00310363   0.20374 -0.109865  -9.80627  8611
             25.0086  0.00798187  -0.0172856 0.000345962 -0.000511105 -0.000188126  -0.00172724 -0.00193643  -0.0104596     180.013       1.77  0.0600072 -0.0498765  -0.00165728  -0.00194579 -0.000281181 -0.000501808   -0.0011349  -0.00111746  9.24473e-05 -8.90652e-05   0.00263369  0.203744 -0.109856  -9.80627  8594
             25.1075 0.00916252 -0.0156539 0.00382276 -0.000281331  0.000987523  -0.00188432 -0.0019726 -0.0104435    180.013    1.77001  0.0600071 -0.0498766  -0.00075955   0.00234632 -0.000628407 -0.000508513  -0.00113444  -0.00111982 -4.42303e-05 -0.000559736   0.00267907   0.20375 -0.109836  -9.80627  8618
             25.2066  0.0083787 -0.0181163 0.00420616 -0.00182656  0.00048682 -0.00171941 -0.00192687  -0.0104869     180.013    1.77001  0.0600072 -0.0498765 -0.00439644  0.00197536 -0.00106661 -0.00050153 -0.00113787 -0.00111829  0.000417469 -0.000251656   0.00239043  0.203731 -0.109847  -9.80627  8656
             25.3078  0.0115654 -0.0167787  0.0026714 -0.00120964  0.00150178 -0.00158218 -0.00187286   -0.010391     180.013       1.77  0.0600076 -0.0498767 -0.00181723  0.00296918 0.000338096 -0.000514626  -0.00113126  -0.00111484   4.9068e-05 -0.000530468    0.0021561   0.20374 -0.109831  -9.80627  8595
             25.4091 0.00923125 -0.0163324 0.00419334 -0.00279894  0.00159637 -0.00164794 -0.00187699  -0.0104692     180.013       1.77  0.0600078 -0.0498768 -0.00582027  0.00147911 -0.00011863 -0.000509824  -0.00114203  -0.00111562  0.000482857 -0.000480418   0.00221352  0.203727 -0.109833  -9.80627  8611
             25.5078   0.010866 -0.0172548 0.00399281 -0.000524273   0.00143924  -0.00183057 -0.00188133  -0.0103887     180.013       1.77  0.0600077 -0.0498768   0.00241986   0.00165498 -2.66418e-05 -0.000507385  -0.00112326  -0.00111496 -0.000444518  -0.00032672   0.00234095  0.203763 -0.109841  -9.80627  8626
             25.6089  0.0103413 -0.0132977 0.00333945 -0.00143251  0.00258927 -0.00196592 -0.00195936  -0.0104505     180.013    1.77001  0.0600076 -0.0498772  -0.00184476   0.00629718 -0.000366126 -0.000512835  -0.00113024  -0.00111004 -8.49586e-05 -0.000598177    0.0024099  0.203752 -0.109835  -9.80627  8601
             25.7078 0.00976746 -0.0173045   0.002434 -0.000389984   0.00294168  -0.00211575 -0.00197883  -0.0104024     180.013    1.77001  0.0600078 -0.0498775    0.0011763   0.00182741 -0.000729845 -0.000509157  -0.00111794  -0.00111139 -0.000509769 -0.000526153   0.00248439 0.203767 -0.10984 -9.80627  8614
             25.8088  0.0107497 -0.0153298 0.00135287 -0.000596353   0.00176058  -0.00199211 -0.00188626  -0.0102693     180.013    1.77001  0.0600079 -0.0498774   0.00160243  -0.00237391 -0.000349075 -0.000496935  -0.00111628  -0.00110992 -0.000403833 -6.81776e-05   0.00226979  0.203751 -0.109851  -9.80627  8632
             25.9095  0.0144698 -0.0122918 0.00292493 4.20717e-05  0.00102932 -0.00180119 -0.00183559  -0.0101409     180.013      1.77 0.0600083 -0.049877  0.00186507 -0.00171787  0.00103369 -0.000493825  -0.00111012  -0.00111458 -0.000557952  0.000158899   0.00205026  0.203747 -0.109856  -9.80627  8613
             26.0075  0.0103805 -0.0154595 0.00206758 -0.000489155   0.00109545  -0.00143506 -0.00171266 -0.00995633     180.013       1.77  0.0600081 -0.0498768 -0.000490795 -0.000274928  0.000653823 -0.000496035   -0.0011138  -0.00111358 -0.000324444  0.000125762   0.00170497  0.203721 -0.109845  -9.80627  8628
             26.1087  0.0105206 -0.0150107 0.00261671 -0.00138719  0.00401458 -0.00140944 -0.00195242  -0.0100834     180.013    1.77001  0.0600083 -0.0498761 -0.00260853  0.00469455   0.0020624 -0.000517079  -0.00111989  -0.00111783 -4.79307e-05 -0.000970598   0.00175041  0.203722 -0.109818  -9.80627  8603
             26.2077  0.0169138 -0.0107931 0.00569343 -0.000678996   0.00437526  -0.00142111 -0.00192194  -0.0101549     180.013    1.77001  0.0600074 -0.0498758 0.000911009  0.00492926  0.00148986 -0.000515467  -0.00111809  -0.00111676 -0.000376598 -0.000949328   0.00196565  0.203741 -0.109817  -9.80627  8603
              26.309  0.0104365 -0.0157141 0.00280749 -0.00102887  0.00355224 -0.00130568 -0.0017465 -0.0101693    180.013    1.77001  0.0600074 -0.0498764 -0.0019862 0.00381476 0.00219028 -0.000502526  -0.00112104  -0.00111414 -0.000262778  -0.00040625   0.00200648  0.203736 -0.109825  -9.80627  8609
             26.4011 0.00883225 -0.0152111 0.00241098 -0.00167222  0.00296538 -0.00118103 -0.00163857  -0.0101636     180.013   1.77001 0.0600074 -0.049877 -0.00305034  0.00199685 0.000731747 -0.00050083 -0.00112546 -0.00111046 -0.000116684 -3.12946e-05   0.00198918  0.203729 -0.109831  -9.80627  8591
             26.5005  0.0104204  -0.014092 0.00160402  -0.00225432   0.00241568 -0.000955126 -0.00155622  -0.0101222     180.013   1.77001 0.0600073 -0.049877 -0.00404713 -0.00394517  0.00193794 -0.000499881  -0.00112443  -0.00110967 -2.89883e-05  0.000176972   0.00187798  0.203723 -0.109833  -9.80627  8614
             26.6013  0.0102676 -0.0138008 0.00266696   -0.0017628   0.00265825 -0.000734888  -0.001629 -0.0100349    180.013   1.77001 0.0600072 -0.049877 -0.00124679 -0.00279058  0.00182265 -0.000498676  -0.00112091  -0.00110723 -0.000338331 -9.65574e-05   0.00185747  0.203728 -0.109828  -9.80627  8594
             26.7011  0.0127113 -0.0145497 0.00363647   -0.0011343  0.000635096 -0.000845174 -0.00144073  -0.0101601     180.013    1.77001   0.060007 -0.0498763 7.57024e-05 -0.00516632  0.00147012 -0.000496663  -0.00111544   -0.0011096 -0.000612127  0.000615666   0.00215066  0.203747 -0.109839  -9.80627  8594
             26.8014  0.0112089  -0.016105 0.00343532  -0.00217421   0.00127972 -0.000805439 -0.0015213 -0.0102467    180.013    1.77001   0.060007 -0.0498761  -0.00264139 -0.000472048  0.000762387 -0.000498622  -0.00111483  -0.00110803 -0.000262972  0.000243082   0.00219228  0.203741 -0.109832  -9.80627  8590
             26.9014  0.0101547 -0.0143907 0.00168713  -0.00210025   0.00127839 -0.000839055 -0.00155881  -0.0102802     180.013    1.77001  0.0600072 -0.0498761 -0.00189164 -0.00472883  0.00145506 -0.000496383  -0.00111331  -0.00110625 -0.000385241  0.000152202   0.00232566  0.203747 -0.109831  -9.80627  8581
             27.0003 0.00936819 -0.0137198 0.00218466 -0.00209003 0.000671782 -0.00102692 -0.00149208  -0.0103478     180.013    1.77001  0.0600075 -0.0498761 -0.000906353  -0.00521033 -0.000161977 -0.000489316  -0.00111428  -0.00110591 -0.000458735  0.000171274   0.00259289  0.203753 -0.109826  -9.80627  8593
             27.1027 0.00781747 -0.0141804  0.0036562  -0.00246335 -0.000761902   -0.0014268 -0.00135824  -0.0103785     180.013    1.77001   0.060008 -0.0498763 -0.00175938 -0.00474809 0.000615848 -0.000492814  -0.00111097  -0.00110672 -0.000353012  0.000563762   0.00300992  0.203748 -0.109829  -9.80627  8619
             27.2009 0.00888013  -0.015767  0.0032302 -0.00261007 8.99723e-05 -0.00141927 -0.00142572  -0.0103603     180.013    1.77001   0.060008 -0.0498764   -0.0031198   -0.0020952 -0.000488989 -0.000495241  -0.00110887  -0.00110394 -0.000379706  0.000121584   0.00299045  0.203748 -0.109819  -9.80627  8615
             27.2999 0.00993542 -0.0167538 0.00417054  -0.00218518 -0.000607998  -0.00166854 -0.00139325  -0.0103448     180.013    1.77001   0.060008 -0.0498765 -3.66836e-05  -0.00605936  -0.00155619 -0.000493535  -0.00110872  -0.00110728 -0.000618147  0.000238448   0.00310667 0.203754 -0.10982 -9.80627  8622
              27.401  0.0101919 -0.0172585  0.0021707 -0.00105043  0.00113934 -0.00189181 -0.00139212   -0.010271     180.012       1.77  0.0600081 -0.0498771   0.00396068    0.0015871 -0.000872992 -0.000485278  -0.00111003  -0.00111121 -0.000959878  -0.00056966   0.00321101  0.203759 -0.109792  -9.80627  8623
              27.501  0.0115263 -0.0150716 0.00288618  -0.0010756  0.00203807 -0.00162892 -0.00160233  -0.0103351     180.012       1.77  0.0600086 -0.0498773 0.00163191 0.00609506 -0.0017871 -0.000484771  -0.00110809  -0.00111478 -0.000859341 -0.000746556    0.0027913  0.203764 -0.109801  -9.80627  8614
             27.6004  0.0105718 -0.0163916 0.00329521 -0.000802553   0.00237839  -0.00187722 -0.00159107  -0.0103295     180.012       1.77  0.0600086 -0.0498773  0.00238735  0.00416469 -0.00227641 -0.000486863  -0.00110667  -0.00111829 -0.000902748 -0.000649024   0.00283191  0.203765 -0.109804  -9.80627  8599
             27.7008  0.0103743 -0.0163825 0.00202534 5.28807e-05  0.00267268 -0.00190829 -0.00164342  -0.0103622     180.012       1.77  0.0600087 -0.0498772  0.00439412  0.00220431 -0.00102501 -0.000485208  -0.00110759  -0.00111353  -0.00110805 -0.000629724   0.00269473  0.203775 -0.109808  -9.80627  8638
             27.8011  0.0111964 -0.0164512 0.00281584 -0.00066822  0.00215644 -0.00178279 -0.00177801  -0.0104237     180.012       1.77  0.0600088 -0.0498773 0.000264683 0.000833738 -0.00125591 -0.000486111  -0.00110449  -0.00111213 -0.000752266 -0.000326654   0.00240851  0.203768 -0.109827  -9.80627  8611
              27.901   0.013035 -0.0131929 0.00282663 -0.000956145   0.00347005   -0.0019618 -0.00177356  -0.0103945     180.013       1.77  0.0600088 -0.0498777 -0.00010236  0.00467735 -0.00114376 -0.000489685  -0.00110596  -0.00111266 -0.000644452 -0.000751632    0.0024623  0.203763 -0.109813  -9.80627  8644
             27.9999  0.0107246 -0.0165917 0.00389056 -0.00151179  0.00372651 -0.00210219 -0.00177134  -0.0104071     180.013       1.77  0.0600089 -0.0498777 -0.00187854  0.00397586 -0.00128956 -0.000488594  -0.00110295  -0.00110918  -0.00046331 -0.000659434   0.00246287  0.203758 -0.109816  -9.80627  8625
             28.1012   0.011455 -0.0158751 0.00412823 -0.00154137  0.00323608 -0.00184561 -0.00183354  -0.0104536     180.012       1.77  0.0600089 -0.0498777  -0.00199202  0.000772387 -0.000641589 -0.000487417  -0.00110295  -0.00111138  -0.00055438 -0.000325517   0.00207047  0.203764 -0.109829  -9.80627  8635
              28.201  0.0117401 -0.0154094 0.00442577  -0.0011357  0.00176026 -0.00160238 -0.00182882  -0.0104457     180.012       1.77  0.0600089 -0.0498778 -0.000201918  -0.00353606 -0.000403802 -0.000486292  -0.00110392  -0.00111037 -0.000779444   0.00025099   0.00177606  0.203771 -0.109846  -9.80627  8607
             28.3016  0.0112092 -0.0151445 0.00239865 -0.000350835   0.00187581   -0.0015552 -0.00182834  -0.0104217     180.012       1.77   0.060009 -0.0498777   0.00110302  -0.00147696 -0.000591263 -0.000488929  -0.00110541  -0.00110949  -0.0010742 0.000118551  0.00165637  0.203778 -0.109841  -9.80627  8639
             28.4014    0.01179 -0.0152269 0.00362356 -0.0002067 0.00140284 -0.0014767 -0.00180326   -0.010417     180.012       1.77   0.060009 -0.0498777  0.00262832 -0.00342504  0.00132249 -0.000490152  -0.00110353   -0.0011077 -0.00106336  0.00024764  0.00159795  0.203777 -0.109843  -9.80627  8608
             28.5004  0.0128676 -0.0159199 0.00380976 -0.000923238  0.000968255  -0.00130645 -0.00180342  -0.0104796     180.012       1.77  0.0600091 -0.0498776 -0.000532027  -0.00581709  0.000841771 -0.00048637 -0.00110089 -0.00110701 -0.000739813  0.000237879   0.00153709  0.203772 -0.109843  -9.80627  8616
             28.6014  0.0130794 -0.0150277 0.00450522 -0.00168992  0.00220209 -0.00141127 -0.00187954  -0.0105149     180.012       1.77  0.0600091 -0.0498777   -0.0032039   0.00218612 -0.000994157 -0.000479844  -0.00109927  -0.00110331 -0.000517899 -0.000389899   0.00163767 0.203768 -0.10983 -9.80627  8620
             28.7008  0.0131781  -0.014783 0.00301749 -0.00149773  0.00285431 -0.00139596 -0.00189775   -0.010489     180.012       1.77  0.0600092 -0.0498777 -0.00111858  0.00405621  0.00152052 -0.000483242   -0.0011017  -0.00110585 -0.000693327  -0.00050095   0.00165775  0.203771 -0.109828  -9.80627  8617
             28.8004  0.0112649 -0.0159379 0.00341934 -0.00173553  0.00299311 -0.00116577 -0.00184584  -0.0104907     180.013       1.77   0.060009 -0.0498777 -0.00171413  0.00169226 0.000792981 -0.000485224  -0.00110154  -0.00110502 -0.000662134 -0.000407969   0.00153083   0.20377 -0.109827  -9.80627  8621
              28.901  0.0101095 -0.0151939 0.00246816 -0.00214959  0.00268325 -0.00104263 -0.00181467  -0.0104921     180.013       1.77  0.0600089 -0.0498778  -0.0030662  -0.0010102 0.000753209 -0.000481911  -0.00110022    -0.001104 -0.000602117 -0.000260634   0.00144102 0.203768 -0.10983 -9.80627  8628
             28.9998   0.011511  -0.014524 0.00384775 -0.00157526  0.00264264 -0.00105368 -0.00181843  -0.0104492     180.012       1.77  0.0600089 -0.0498777 0.000151208 0.000416297  0.00187103 -0.000482402  -0.00110212  -0.00110286 -0.000893794 -0.000249817   0.00160354  0.203774 -0.109829  -9.80627  8637
             29.1014  0.0108435 -0.0148397 0.00326432 -0.00197916  0.00209637 -0.00110679 -0.00178761  -0.0104766     180.012       1.77   0.060009 -0.0498777  -0.00121536 -0.000627918   0.00135263 -0.000481618  -0.00109624  -0.00110004 -0.000745432 -6.06651e-06   0.00185792  0.203772 -0.109832  -9.80627  8624
             29.2015  0.0117407 -0.0140029 0.00440442  -0.00124353     0.003004 -0.000928499 -0.00188134  -0.0103963     180.012       1.77  0.0600089 -0.0498778 0.00100408 0.00115266 0.00187922 -0.000483755  -0.00109869   -0.0010993 -0.00104436 -0.00036819  0.00184036 0.203774 -0.10983 -9.80627  8645
                29.3  0.0115253 -0.0162343  0.0024541 -0.000885991   0.00274562 -0.000888803 -0.00185302  -0.0103583     180.012       1.77   0.060009 -0.0498778  0.00204905 -0.00122729  0.00194888 -0.000482071  -0.00109472  -0.00109864 -0.00112282  -0.0002472  0.00199999 0.203773 -0.10983 -9.80627  8636
             29.4022  0.0115871 -0.0152987 0.00371309 -0.000774254   0.00303916 -0.000974818 -0.00185027  -0.0103285     180.012       1.77   0.060009 -0.0498778  0.00145654 0.000695536  0.00126916 -0.000480486  -0.00109501  -0.00109936  -0.00109212 -0.000389187   0.00227073  0.203769 -0.109825  -9.80627  8614
             29.5002  0.0112696 -0.0158697 0.00383699 -0.00129881  0.00204935 -0.00109647 -0.0017548 -0.0103482    180.012       1.77   0.060009 -0.0498779 -0.000750701 -0.000811527  0.000907868 -0.000482658  -0.00109525  -0.00109956 -0.000877014  4.03333e-05    0.0024869  0.203764 -0.109828  -9.80627  8642
             29.6021  0.0120909 -0.0166189 0.00280468 -0.000193847   0.00210303  -0.00129441 -0.00177494  -0.0102192     180.012      1.77 0.0600091 -0.049878   0.0030355 -0.00309097 0.000479828 -0.000488246  -0.00109762  -0.00109793   -0.0012519 -4.20636e-05   0.00278428  0.203763 -0.109825  -9.80627  8600
             29.7018  0.0124958 -0.0158163 0.00319877  0.00104022  0.00190153 -0.00148905 -0.00173718  -0.0101183     180.012       1.77  0.0600089 -0.0498779  0.00524521 -0.00369527 6.54433e-05 -0.000484006  -0.00109742  -0.00109884  -0.00156365 -9.77257e-05   0.00303176  0.203763 -0.109819  -9.80627  8589
              29.802  0.0113825  -0.014755 0.00315794 0.000113608  0.00273362 -0.00126354 -0.00188844   -0.010234     180.013      1.77 0.0600089 -0.049878   0.00169338 -0.000368983    0.0002591 -0.000475776  -0.00109314   -0.0010998 -0.00108141  -0.0005204  0.00275982  0.203759 -0.109822  -9.80627  8390
             29.9018  0.0126289 -0.0145879 0.00340699 -0.000521725   0.00306573  -0.00130177 -0.00187414  -0.0102405     180.013       1.77  0.0600089 -0.0498781 -0.000355316   0.00281629 -0.000210955 -0.000475022  -0.00109015  -0.00109926 -0.000803682  -0.00061179   0.00279581  0.203753 -0.109819  -9.80627  8133
             30.0001   0.0160627 -0.00972251  0.00394684 -0.000988534     0.003665  -0.00145872 -0.0018513 -0.0101729    180.013       1.77  0.0600086 -0.0498784 -0.00160056  0.00470421 9.33267e-05 -0.000476167  -0.00109031  -0.00110046  -0.00064892 -0.000689433   0.00294111  0.203743 -0.109815  -9.80627  7841
             30.1017  0.0114545 -0.0142006 0.00399027 -0.00165817  0.00272137 -0.00111746 -0.0018286 -0.0103139    180.013       1.77  0.0600083 -0.0498788  -0.00284965 -0.000622386   0.00026892 -0.000473995  -0.00108312  -0.00110088 -0.000504122 -0.000186484      0.00258  0.203752 -0.109828  -9.80627  7878
             30.2002  0.0119533   -0.01574 0.00313919 -0.00154502  0.00322316 -0.00108745 -0.00183777  -0.0103032     180.013       1.77  0.0600084 -0.0498788  -0.0015929  0.00045663 0.000152626 -0.000474612   -0.0010823  -0.00109836 -0.000650831 -0.000393188   0.00257579  0.203754 -0.109823  -9.80627  8142
             30.3002 0.00973321   -0.01416 0.00251888  -0.00233913   0.00364703 -0.000978381 -0.00184858  -0.0103695     180.013       1.77  0.0600082 -0.0498787  -0.0029961  0.00122948 0.000428847 -0.000471699  -0.00108204  -0.00109592 -0.000442754 -0.000525491   0.00248242  0.203755 -0.109822  -9.80627  8298
             30.4017  0.0120453 -0.0151902 0.00282282  -0.00143512   0.00244798 -0.000957642 -0.00181269   -0.010321     180.013       1.77  0.0600083 -0.0498788 -1.0086e-05 -0.00206552 0.000377401 -0.000472977  -0.00108719  -0.00109398 -0.000857268 -2.96165e-05   0.00251138 0.203761 -0.10983 -9.80627  8403
             30.4999  0.0115622 -0.0158162 0.00349163  -0.0022014   0.0015569 -0.00101801 -0.0018117 -0.0103104    180.013       1.77  0.0600083 -0.0498787 -0.00239468 -0.00409213 0.000218876 -0.000474045   -0.0010844  -0.00109793 -0.000602272  0.000229911   0.00259906  0.203754 -0.109836  -9.80627  8472
             30.6009  0.0103189 -0.0151295 0.00247622 -0.00205312  0.00184832 -0.00115024 -0.00184711  -0.0102496     180.013       1.77  0.0600085 -0.0498786 -0.000805173  -0.00327975  7.07219e-06 -0.000474783  -0.00108292  -0.00109495 -0.00072129 -4.1329e-05  0.00274621  0.203751 -0.109831  -9.80627  8536
             30.7007  0.0113298 -0.0148862 0.00288881 -0.00238459  0.00235061 -0.00121795 -0.00186665  -0.0102354     180.013       1.77  0.0600084 -0.0498787  -0.00157152 -0.000577388 -0.000394913 -0.000476237  -0.00108379  -0.00109628 -0.000645152 -0.000336936   0.00278934  0.203748 -0.109826  -9.80627  8597
             30.7999  0.0119049 -0.0153543 0.00269024 -0.00184856  0.00211389 -0.00136896 -0.00186717  -0.0101941     180.013       1.77  0.0600084 -0.0498787  0.000227749 -0.000645009 -0.000340815 -0.000476132  -0.00108026  -0.00109556 -0.000888203 -0.000245581   0.00288438   0.20375 -0.109828  -9.80627  8573
             30.9017  0.0111373 -0.0158072  0.0027153 -0.00179417  0.00302817 -0.00159941 -0.00190557   -0.010152     180.013       1.77  0.0600084 -0.0498787  0.000172173   0.00225073 -0.000648198 -0.000480418   -0.0010761  -0.00109714 -0.000896522 -0.000586302   0.00307297  0.203745 -0.109823  -9.80627  8639
             31.0002  0.0105791  -0.016109 0.00344563 -0.000798673   0.00285168  -0.00148773 -0.00188954  -0.0101606     180.013       1.77  0.0600083 -0.0498787   0.00338701  6.47267e-07 -0.000834015 -0.000478901  -0.00107765  -0.00109666  -0.00123508 -0.000449836   0.00286661  0.203755 -0.109825  -9.80627  8613
              31.102  0.0118545 -0.0154951 0.00283929 -0.000658717   0.00228013  -0.00151025 -0.00187953  -0.0101757     180.013       1.77  0.0600083 -0.0498787  0.00330745 -0.00165063 0.000214188 -0.000477023  -0.00107868  -0.00109778  -0.00116531 -0.000241346   0.00282628  0.203754 -0.109828  -9.80627  8625
             31.2002 0.0112016 -0.016462 0.0024786 -0.000509205   0.00252319  -0.00152561 -0.00189208  -0.0101755     180.013       1.77  0.0600083 -0.0498787   0.0028392 0.000125799 0.000250945 -0.000476191   -0.0010776  -0.00109749  -0.00110267 -0.000360613   0.00286122  0.203753 -0.109827  -9.80627  8642
             31.3003  0.0110101 -0.0165749 0.00193462 -0.000174986   0.00228489  -0.00173902 -0.00188695  -0.0101213     180.013       1.77  0.0600083 -0.0498787   0.00268581 -0.000869313   8.1058e-05 -0.000477578  -0.00107625  -0.00109716 -0.00111423 -0.00026605  0.00308989  0.203748 -0.109829  -9.80627  8638
             31.4019  0.0109784   -0.01601 0.00268773 -0.000481812   0.00311616  -0.00150721 -0.00193133  -0.0101952     180.013       1.77  0.0600083 -0.0498787  0.00103072  0.00144634 0.000250479 -0.000474897  -0.00108144  -0.00109994 -0.000933703 -0.000590184   0.00285316  0.203751 -0.109825  -9.80627  8625
                31.5  0.0109087 -0.0152666 0.00267158  -0.0010648  0.00341849 -0.00128652 -0.00193663  -0.0102526     180.013       1.77  0.0600083 -0.0498788 -0.00100303  0.00210827 0.000606924 -0.000473396  -0.00108452  -0.00109932 -0.000717189 -0.000636814   0.00263543  0.203751 -0.109824  -9.80627  8626
             31.6012  0.0108007 -0.0147546 0.00301192 -0.000935621   0.00304849  -0.00118571 -0.00190656  -0.0102486     180.013       1.77  0.0600083 -0.0498788 -0.000288875  0.000954088  0.000413582 -0.00047397 -0.00108443 -0.00109703 -0.000797795 -0.000407071   0.00257211  0.203752 -0.109826  -9.80627  8670
             31.7011  0.00883216  -0.0144277 0.000724552  -0.00117476   0.00414319 -0.000922513 -0.00191321  -0.0102808     180.013       1.77  0.0600081 -0.0498786 -0.000554781    0.0031157  0.000799086 -0.000472094  -0.00108691  -0.00109674 -0.000735454 -0.000773305   0.00234229  0.203752 -0.109818  -9.80627  8683
             31.8016  0.0100886 -0.0147368 0.00167561 -0.000976385   0.00486384 -0.000959284 -0.00192634  -0.0102736     180.013       1.77  0.0600081 -0.0498786 -2.99557e-06   0.00467861  0.000331528 -0.000473514  -0.00108736  -0.00109811 -0.000834371 -0.000904442   0.00241354  0.203754 -0.109817  -9.80627  8659
             31.9032 0.00736493 -0.0177122 0.00323088 -0.00143673  0.00419052 -0.00106598 -0.00194322  -0.0102716     180.013       1.77  0.0600083 -0.0498788 -0.00172845  0.00127001 0.000491674 -0.00047516  -0.0010888 -0.00109644 -0.000684528 -0.000438226   0.00253912  0.203751 -0.109828  -9.80627  8687
             32.0016  0.0108112  -0.015282 0.00287081 -0.00182844  0.00227608 -0.00122476 -0.0019733 -0.0103305    180.013       1.77  0.0600082 -0.0498782  -0.00265623  -0.00466597 -0.000415404 -0.000480052  -0.00108945  -0.00109522 -0.000616267  0.000281695   0.00269723  0.203756 -0.109845  -9.80627  8670
             32.1036 0.00963931 -0.0157244 0.00400489 -0.000439708   0.00190913  -0.00129693 -0.00197217  -0.0103281     180.013       1.77   0.060008 -0.0498782  0.00190647 -0.00479241 0.000314774 -0.000481621  -0.00109273  -0.00109536 -0.00117346 0.000223575  0.00270351  0.203766 -0.109844  -9.80627  8646
             32.2016    0.01163 -0.0161866 0.00202195 0.000105125   0.0016745 -0.00126099 -0.00196327    -0.01031     180.013       1.77  0.0600081 -0.0498782   0.0028129 -0.00373728 0.000446017 -0.000484208  -0.00109047  -0.00109385 -0.00129438 0.000167422  0.00267242  0.203767 -0.109842  -9.80627  8679
             32.3022  0.0101441 -0.0168037 0.00248538 -7.60679e-06   0.00188218  -0.00135532 -0.00201145  -0.0103555     180.013       1.77   0.060008 -0.0498782   0.00220172  -0.00206267 -0.000581625 -0.000482319  -0.00109069  -0.00109637  -0.00116811 -1.13825e-05   0.00276537  0.203769 -0.109844  -9.80627  8665
             32.4032  0.0121335 -0.0151734 0.00326746 0.000608127  0.00106304 -0.00149678 -0.00203085  -0.0103846     180.013      1.77  0.060008 -0.049878   0.00287902  -0.00433084 -8.42956e-05 -0.000484798  -0.00109093  -0.00109768 -0.00128571 0.000178431  0.00284431  0.203774 -0.109849  -9.80627  8618
             32.5015 0.00929604 -0.0180122 0.00198592 -0.000262675  0.000498156  -0.00177205 -0.00208947  -0.0104791     180.013       1.77   0.060008 -0.0498779 -0.000956575  -0.00398934  -0.00144228 -0.000484681  -0.00108703  -0.00109858 -0.000942277  0.000259754   0.00304078  0.203777 -0.109857  -9.80627  8626
             32.6046 0.00968261 -0.0171846 0.00370095 0.000675003  0.00132589 -0.00177651 -0.00203106   -0.010429     180.013       1.77  0.0600078 -0.0498778   0.00243717  0.000348394 -0.000480643 -0.000484001  -0.00108892  -0.00109955  -0.00126108 -0.000156837   0.00287647  0.203778 -0.109844  -9.80627  8668
             32.7039  0.0087541 -0.0176036 0.00109633 0.000663662   0.0027028 -0.00195811 -0.00207374  -0.0104633     180.013       1.77  0.0600078 -0.0498776   0.0013791  0.00361122 -0.00120036 -0.000484441  -0.00108824  -0.00109377  -0.00118699 -0.000580745    0.0029478   0.20378 -0.109841  -9.80627  8636
             32.8048  0.00960329  -0.0156519 0.000874705 0.000143784  0.00323233 -0.00161807 -0.00192477  -0.0102829     180.013       1.77  0.0600078 -0.0498777 -0.000725263     0.003158  0.000120519 -0.000482566  -0.00108616  -0.00109506 -0.000993554 -0.000639687   0.00246866  0.203759 -0.109823  -9.80627  8651
             32.9049 0.00933639 -0.0161834 0.00264561 -0.000279227   0.00244988  -0.00175581 -0.00192862  -0.0103259     180.013       1.77  0.0600078 -0.0498777  -0.00123773   0.00097185 -7.82816e-05 -0.00048127 -0.00108739 -0.00109725 -0.000882983 -0.000247705   0.00258154  0.203761 -0.109831  -9.80627  8695
             33.0033  0.00815292  -0.0187836 5.56244e-05 0.000640733  0.00229447 -0.00157142 -0.00185815    -0.01024     180.013       1.77  0.0600078 -0.0498779  0.00170373 0.000814199 0.000636487 -0.000484898  -0.00108575  -0.00109828  -0.00121318 -0.000128539   0.00238003  0.203758 -0.109826  -9.80627  8640
             33.1052  0.00902589   -0.016196 -0.00100195 0.000596216  0.00266246 -0.00133504 -0.00178406  -0.0101863     180.013      1.77 0.0600078 -0.049878 0.000821054 0.000160009 0.000784863 -0.00048925 -0.00108929 -0.00109968    -0.001152 -0.000235161   0.00213908  0.203751 -0.109816  -9.80627  8619
             33.2037   0.009478 -0.0179967 0.00215539 5.02164e-05  0.00279617 -0.00138325 -0.00179233  -0.0102132     180.013       1.77  0.0600079 -0.0498779 3.05357e-06 2.68253e-05 0.000138103 -0.000486142  -0.00109333  -0.00110452 -0.000944742  -0.00027924   0.00221021  0.203751 -0.109816  -9.80627  8625
             33.3032  0.00673729  -0.0181852 0.000869013 -0.000188756   0.00246958  -0.00135276 -0.00178205  -0.0102104     180.013      1.77 0.0600079 -0.049878  -0.00341781 -0.000586711  0.000613614 -0.000480379  -0.00109527  -0.00110402 -0.000896549 -0.000143607   0.00220373  0.203749 -0.109817  -9.80627  8682
             33.4048 0.00925228 -0.0186705 0.00223794 -0.000708533   0.00304419  -0.00138713 -0.00170403  -0.0100103     180.013       1.77  0.0600081 -0.0498781 -0.00872613  0.00324783 -0.00737105 -0.000486402  -0.00109778  -0.00110391 -0.000947498 -0.000291889   0.00186808  0.203731 -0.109806  -9.80627  8661
             33.5036  0.0108113 -0.0279166 0.00193804 -0.00171699  0.00364632 -0.00260636 -0.00146784 -0.00952446     180.013       1.77  0.0600086 -0.0498776 0.00929976 0.00265708 -0.0243044 -0.000488472  -0.00112387  -0.00110346 -0.000694781 -0.000415979   0.00136454 0.203681 -0.10978 -9.80627  8660
             33.6049 0.00178292  -0.028917 0.00158617 -0.00790734  0.00120084 -0.00357961 -0.00355832 -0.00822822    -180.011    1.77001  0.0600029 -0.0498767   0.0183594 -0.00727553  -0.0212836 -0.00047691 -0.00117995 -0.00110903   0.00209393  0.000716731 -0.000492633  0.203488 -0.109953  -9.80627  8687
             33.7032 -0.00399734  -0.0650897   0.0021947 -0.00776664 0.000100968 -0.00319046 -0.00431731  -0.0311883    -180.008    1.77006  0.0599906 -0.0498656   0.0522067 -0.00645924 0.000548979 -0.000468477  -0.00120993   -0.0011077  0.00117785 0.000958343 -0.00313616   0.20529 -0.110003  -9.80623  8694
             33.8048 -0.00790149  -0.0932079 -0.00956328 0.000802145 -0.00115616 -0.00187794 -0.00414439   -0.052043    -180.003    1.77009  0.0599861 -0.0498682    0.10784 -0.0062489  0.0170792 -0.000465828  -0.00121921  -0.00110281 -0.000917369   0.00127411  -0.00425109  0.206966 -0.109994   -9.8062  8694
             33.9048 -0.00681512    -0.10616  -0.0143741    0.010758 -0.00224083 0.000405573 -0.00371692   -0.061057    -179.999    1.77009  0.0599813 -0.0498595    0.156677 -0.00825297   0.0259313 -0.00046891 -0.00122959 -0.00110452 -0.000295369   0.00143932  -0.00451404 0.207674 -0.10996 -9.80618  8655
             34.0031 -0.00602807  -0.0643175 -0.00679215  0.0234442  -0.002713 0.00378565 -0.00523648  -0.0197603    -180.008    1.77011  0.0599847 -0.0498911    0.200055 -0.00797571   0.0254967 -0.000476571  -0.00124425  -0.00110036  0.00590113  0.00127375 -0.00351068  0.204309 -0.110073  -9.80625  8672
             34.1048 0.00301677 -0.0305687 0.00154373   0.0359408 -0.00313193  0.00708433 -0.0064871  0.0183315    180.006    1.77014  0.0599949 -0.0499591    0.233181 -0.00530595   0.0226573 -0.000483867  -0.00127188  -0.00109218   0.0132178  0.00106894 -0.00278175  0.201181 -0.110142  -9.80632  8691
             34.2038 -0.0016702  0.0758849 -0.0310442   0.0523123 -0.00484118   0.0118603 -0.00581125    0.138416    -179.992    1.77027  0.0599632 -0.0501086    0.277999 -0.00931891   0.0171144 -0.000479887  -0.00129538  -0.00108886   0.0281069  0.00168746 -0.00102033  0.191316 -0.110165  -9.80652  8675
             34.3045  0.0245351   0.191794 -0.0343839   0.0765608 -0.00575671    0.016163 -0.00585383    0.274953    -179.988    1.77043  0.0599294 -0.0502524    0.343188 -0.00889805  0.00954152 -0.000502335  -0.00132745  -0.00108723   0.0436462  0.00169736 0.000636992 0.180107  -0.1102 -9.80673  8622
             34.4064  0.0186243   0.126574 -0.0829098    0.106111 -0.00805922   0.0172575 -0.00526806    0.248433    -179.941    1.77043  0.0598873 -0.0502414    0.41443 -0.0182548  0.0170785 -0.000491323  -0.00135835  -0.00108478   0.0447841  0.00267334 0.000432439  0.182174 -0.110193  -9.80669  8633
             34.5035 0.0352087  0.107101 -0.148897   0.147095 -0.0113992  0.0201437 -0.00350743    0.267824    -179.884    1.77045  0.0598269 -0.0501934   0.500982 -0.0321618  0.0259906 -0.000493222  -0.00137789  -0.00107705   0.0494622  0.00361336 0.000704797 0.180458 -0.11011 -9.80672  8659
             34.6049  0.061308  0.130461 -0.180768   0.207123 -0.0156674  0.0243718 -0.00162918    0.322099    -179.856    1.77045  0.0598204 -0.0501925   0.616863 -0.0427093  0.0340859 -0.000495912  -0.00135994  -0.00107336  0.0541719 0.00394605 0.00114049 0.175913 -0.11003 -9.80681  8607
             34.7038 0.0893302  0.429331 -0.166915  0.276401 -0.019865 0.0348823 0.00446722   0.651076   -179.875    1.7708 0.0597606 -0.050262   0.720321 -0.0418287  0.0310699 -0.00050322 -0.00133437 -0.00106455   0.084618 0.00311848 0.00349574  0.148556 -0.109383  -9.80727  8677
              34.805    0.114891    0.625381 -0.00922067   0.354633 -0.0216516  0.0428666 0.00251756    0.87729    179.991   1.77125 0.0597907 -0.050372  0.815254 -0.015558 0.0271845 -0.000533873  -0.00131135  -0.00105426     0.10616 0.000843043     0.00497  0.130024 -0.108906  -9.80753  8673
             34.9049 0.134848  0.82575 0.108038    0.45247 -0.0205561  0.0496029 -0.00333362     1.12366     179.873    1.77171  0.0597006 -0.0503045   0.932458 0.00819213  0.0152192 -0.00057075 -0.00124918 -0.00104546     0.126556 -0.000691599   0.00645668 0.109576 -0.10896 -9.80778  8621
             35.0031 0.153769   1.1441 0.302517 0.570598 -0.01495 0.056641 -0.0175818    1.49746    179.675    1.77266  0.0595078 -0.0500925    1.06099  0.0425007 0.00219504 -0.000620394  -0.00116349  -0.00103314    0.155992 -0.00296514  0.00865534 0.0780582 -0.109188  -9.80808  8653
             35.1048 0.151954  1.38757 0.343641    0.690416 -0.00987186   0.0617998 -0.0283488    1.79446    179.639    1.77318  0.0595409 -0.0500835    1.15704  0.0515454 -0.0058228 -0.000620348  -0.00110681  -0.00102963   0.180913 -0.0020963  0.0103826  0.052081 -0.109222  -9.80825  8642
             35.2045 0.158724  1.48321 0.366689    0.818363 -0.00416595   0.0633155 -0.0337324    1.94111    179.615    1.77327  0.0595733 -0.0500871    1.24459  0.0564608 -0.0160492 -0.000642966  -0.00107043  -0.00102173   0.193301 -0.0016343  0.0112882 0.0387893 -0.109094  -9.80832  8643
              35.305 0.182537  1.47266 0.398452   0.962885 0.00284592  0.0615297 -0.0368133    1.97894    179.586    1.77321  0.0595863 -0.0501491    1.35149  0.0668728 -0.0216691 -0.000646866  -0.00102515  -0.00102232    0.194377 -0.00165281   0.0115009 0.0351571  -0.10891  -9.80833  8678
             35.4052 0.159899  1.40752 0.406356   1.12075 0.0102195 0.0584457 -0.036874   1.96996   179.582    1.77322  0.0596269 -0.0503389    1.46298  0.0622334 -0.0259364 -0.000662174  -0.00097651  -0.00101699    0.191264 -0.00135333   0.0113319 0.0361336 -0.108511  -9.80833  8664
             35.5035 0.183723  1.39887 0.359322   1.29594 0.0144348 0.0560411 -0.0322201    2.01531    179.652    1.77317  0.0597563 -0.0505904    1.58699  0.0398901 -0.0287226  -0.00063882 -0.000906335  -0.00103332  0.191793 0.0010027 0.0115823 0.0320449 -0.107208  -9.80836  8655
             35.6055 0.181442  1.37236 0.374673    1.4729 0.0178494 0.0531022 -0.0306002    2.02043    179.675    1.77317  0.0597837 -0.0506597    1.68383  0.0359674 -0.0249693 -0.000632592 -0.000874626  -0.00105342   0.191469 0.00173864  0.0115879 0.0317439 -0.106822  -9.80837  8632
             35.7038 0.165322  1.14071 0.217585   1.65614 0.0165895 0.0493737 -0.0355567    1.76303    179.883    1.77547  0.0596633 -0.0507812    1.77011 0.00174984  -0.013356 -0.000569957 -0.000895218   -0.0010924   0.179625 0.00389326 0.00831755 0.0638485 -0.110482  -9.80817  8669
             35.8051 0.130141 0.968236 0.208719   1.85278 0.0150261 0.0476488 -0.0548333    1.56676     179.96    1.77747  0.0595357 -0.0510481    1.86816 -0.0117614 -0.0113295 -0.000533894 -0.000898341  -0.00113088    0.16986 0.00518819 0.00517085 0.0893588 -0.114112  -9.80793  8674
             35.9054 0.118406 0.786732 0.188864   2.05296 0.0146877 0.0470315 -0.0725588    1.36764    179.987    1.77969  0.0593434 -0.0511355     1.94893  -0.0107845 -0.00874393  -0.00054357 -0.000929163  -0.00113146   0.162531 0.00407039 0.00146037  0.115952 -0.118571   -9.8076  8697
             36.0034 0.0986633  0.687799  0.133355     2.263 0.0128883 0.0472794 -0.0788502    1.24883   -180.002   1.78099  0.059195 -0.051141     2.0347 -0.0217962 0.00145254 -0.000524319 -0.000978951  -0.00111181    0.160428  0.00273562 -0.00125182  0.132713 -0.121656  -9.80735  8644
             36.1066 0.0673831  0.613105 0.0522485   2.49058 0.0097598  0.049096 -0.0840333    1.14971   -179.957    1.78216  0.0590876 -0.0512577    2.16112 -0.0395667  0.0162987 -0.000516382 -0.000977034  -0.00107466    0.156131  0.00253538 -0.00435064  0.148129 -0.123535   -9.8071  8652
             36.2054 0.0357296  0.519324 0.0993075    2.73956 0.00966563  0.0542652 -0.0845677    1.02082   -179.989    1.78361  0.0588194 -0.0513332    2.30539 -0.0286964  0.0375429 -0.000507426 -0.000942913  -0.00107955    0.150071 -0.00108781 -0.00927357  0.168803 -0.125677  -9.80674  8693
             36.3076 0.0407416  0.470066  0.120865    3.00005 0.00781587  0.0601542 -0.0857914   0.950839   -179.986    1.78431   0.058644 -0.0512889    2.43741 -0.0428713  0.0460442 -0.000510565 -0.000892214  -0.00109503    0.145318 -0.00268816  -0.0126743  0.180933 -0.127085  -9.80651  8627
              36.409 0.0544791  0.442593  0.131783    3.26518 0.00353416  0.0667734 -0.0936793   0.896681    -179.99    1.78463  0.0585736 -0.0512277    2.55554 -0.0455004  0.0480138  -0.0004975 -0.00087708 -0.00108762   0.142599 -0.0036191 -0.0157413  0.190497 -0.129141   -9.8063  8656
             36.5087 0.0705901  0.402864  0.146957      3.54149 -0.000480793     0.073011 -0.101162  0.864864  -179.999    1.78472  0.0585624 -0.0511727    2.67009 -0.0362453  0.0469456 -0.000496487 -0.000849642  -0.00108648    0.140861 -0.00417848  -0.0179545  0.196394 -0.130762  -9.80616  8683
             36.6087 0.0756946  0.329111  0.174629     3.82388 -0.00260808   0.0802644 -0.106342  0.826084   180.003    1.78473  0.0586077 -0.0511749    2.76553 -0.0140612  0.0515613 -0.000519422 -0.000840022  -0.00107668    0.140616 -0.00570882   -0.020941  0.203478 -0.132579  -9.80599  8644
             36.7081 0.0330434  0.262799   0.25816     4.11053 -0.00201282   0.0890241 -0.100888  0.789741   179.957    1.78467  0.0586502 -0.0511972     2.84978 0.000146168   0.0718078 -0.000565045 -0.000875395  -0.00108344   0.142356 -0.0086184 -0.0238131    0.2098 -0.133373  -9.80585  8613
              36.809 0.000871206    0.224803     0.32716     4.41692 0.000372505   0.0994499 -0.0921902    0.76978    179.925    1.78453  0.0585443 -0.0511353   2.96505 0.0123783 0.0946682 -0.000582846 -0.000824885  -0.00109388   0.140794 -0.0118702 -0.0264729 0.214171 -0.13376 -9.80575  8564
             36.9092 -0.0193296   0.247226   0.388169    4.74142 0.00312102    0.11106 -0.0862605   0.762783    179.899   1.78427 0.0584122 -0.050981    3.09823 0.00899038   0.102244 -0.000600062 -0.000758825  -0.00110369   0.137381 -0.0145862  -0.028774   0.21675 -0.134104  -9.80569  8582
             37.0079 0.0120588  0.253352  0.378451    5.07256 0.00374903   0.121648 -0.0866446   0.767813    179.894     1.7843  0.0584051 -0.0509454    3.1996 0.0127715  0.103172 -0.000603898 -0.000731132  -0.00108126   0.136415 -0.0146093 -0.0286254  0.216228 -0.134018   -9.8057  8534
             37.1093 0.00788506   0.266437   0.353493    5.40221 0.00428825   0.131299 -0.0876997   0.772476    179.913    1.78451  0.0583708 -0.0509814   3.28077 0.0164999  0.100159 -0.000577924 -0.000759336  -0.00107004   0.137265  -0.013726 -0.0274665 0.215169 -0.13384 -9.80573  8474
             37.2084 0.0292368  0.270188  0.344266    5.75505 0.00451974   0.141761 -0.0842678   0.779907    179.956    1.78456   0.058414 -0.0509115   3.39405 0.0104487  0.108556 -0.000580167 -0.000728317  -0.00108156    0.13543 -0.0125984 -0.0273588 0.214601 -0.13333 -9.80575  8570
             37.3079 0.00662771    0.28433   0.367893    6.12108 0.00546385   0.154117 -0.0810088   0.785212    179.963    1.78445  0.0584567 -0.0508587    3.51023 0.00415923   0.121424 -0.000572455 -0.000708476  -0.00108661   0.133465 -0.0125716  -0.027918  0.214392 -0.132851  -9.80576  8499
             37.4092 -0.00363782    0.259443    0.384177    6.48636 0.00695407   0.166458 -0.086038    0.7899    179.96     1.7846  0.0584439 -0.0508677    3.60733 0.00259746   0.134843 -0.000560014 -0.000693294   -0.0010873   0.133463 -0.0119844 -0.0269251  0.213646 -0.133019  -9.80577  8443
              37.508 0.0177655  0.242257  0.346654    6.86848 0.00680699   0.178789 -0.0887723   0.798323    180.002    1.78482  0.0584162 -0.0508755     3.71283 -0.00308723    0.133359  -0.00055453 -0.000677452  -0.00109073   0.133289 -0.0102063 -0.0253933 0.212693  -0.1329 -9.80579  8425
             37.6093 0.000619735    0.221159    0.363656    7.25568 0.00771884   0.189694 -0.10193 0.809444  180.008    1.78508  0.0583805 -0.0508963    3.82018 0.00648165   0.127565 -0.000553002 -0.000669297  -0.00109425    0.133576 -0.00851351   -0.022965  0.211259 -0.133558  -9.80582  8454
             37.7083 -0.0173641   0.236425   0.403741    7.66154 0.00903131   0.202382 -0.107815    0.8205   180.007    1.78518  0.0583708 -0.0509018    3.92926 0.00429214   0.139638 -0.000554137 -0.000642027  -0.00110382    0.132651 -0.00765309  -0.0219138 0.210146 -0.13356 -9.80584  8371
             37.8081 -0.0351488   0.239838   0.428243   8.07373 0.0100504  0.216467 -0.10906 0.820664  180.006     1.7852  0.0583718 -0.0509031    4.01769 0.00375826   0.138787 -0.000550165  -0.00066469  -0.00109867    0.132846 -0.00758348  -0.0217414  0.210118 -0.133683  -9.80584  8343
             37.9093 -0.0708647   0.224174   0.461147   8.49157 0.0134971  0.228997 -0.13038 0.833884  179.968     1.7854  0.0584078 -0.0509046     4.1185 0.00980994   0.154374  -0.00056136 -0.000649652  -0.00107946    0.133664 -0.00646594  -0.0191585 0.208818 -0.13518 -9.80585  8261
             38.0082 -0.0544877   0.250324   0.515189   8.93048 0.0165756  0.244071 -0.136596  0.846561   179.961    1.78548  0.0583764 -0.0509008   4.23112 0.0361044  0.146442 -0.000575122 -0.000627444  -0.00109111    0.132551 -0.00583238  -0.0181081 0.207717 -0.13518 -9.80587  8209
             38.1093 -0.101893  0.233777  0.585058   9.37926 0.0224002  0.257364 -0.151785  0.867313   179.932    1.78559  0.0583655 -0.0509008   4.35123 0.0540829  0.149335 -0.000568141 -0.000565435  -0.00109187    0.131402 -0.00491105   -0.015981  0.205979 -0.135768   -9.8059  8138
             38.2081 -0.0780189   0.245069    0.60919   9.83946 0.0259302  0.269533 -0.169391  0.887681   179.947    1.78573  0.0583431 -0.0509079   4.45434 0.0424052  0.155714 -0.000572822 -0.000553164  -0.00107329    0.133187 -0.00319166  -0.0123125  0.204938 -0.137428   -9.8059  8059
             38.3092 -0.0553839     0.2269   0.674861   10.3031 0.0300691  0.282144 -0.18077  0.90151  179.957    1.78578  0.0582907 -0.0509113   4.55443 0.0524238  0.145004 -0.000546013 -0.000540061  -0.00107907    0.134751 -0.00235448 -0.00964545  0.204379 -0.138715  -9.80589  7976
             38.4091 -0.036166  0.248268  0.741785   10.7859 0.0358649   0.29657 -0.182546  0.915256   179.986    1.78579  0.0582219 -0.0508948   4.67151 0.0682502  0.149913 -0.000583392 -0.000495543  -0.00108627    0.133535 -0.00102795 -0.00850038  0.203646 -0.138211  -9.80591  7893
             38.5087 -0.0565716   0.276735   0.796345   11.2733 0.0431877  0.311999 -0.18726 0.918799  180.002     1.7858  0.0582116 -0.0508926   4.75726 0.0838744  0.162514 -0.000560577 -0.000488092  -0.00108014     0.133945 -0.000216178  -0.00776921  0.203728 -0.138689   -9.8059  7803
              38.609 -0.103899   0.31382  0.881455   11.7732 0.0510162  0.327747 -0.189277  0.924949  -180.006    1.78581  0.0582008 -0.0508767  4.84052  0.07937 0.150301 -0.000566915 -0.000478371  -0.00107903    0.132872 0.000904969 -0.00727197  0.203457 -0.138225  -9.80592  7778
             38.7082 -0.102244  0.298305  0.973729    12.283 0.0576175  0.343009 -0.191264  0.927543  -179.983     1.7858  0.0581906 -0.0508798     4.934 0.0727044  0.153937 -0.000550057 -0.000482624   -0.0010824    0.132515  0.00210074 -0.00683214  0.203668 -0.138052  -9.80591  7817
             38.8089 -0.144443  0.259021   1.06919   12.7947 0.0636942  0.357561 -0.208075   0.92543  -179.961    1.78575   0.058226 -0.0508939  5.02104 0.081991 0.159871 -0.000513679 -0.000471028  -0.00108876     0.13368  0.00421553 -0.00530346  0.204919 -0.140038  -9.80586  7760
              38.909 -0.158823  0.262398   1.20688   13.3165 0.0737968  0.371374 -0.239061  0.922408  -179.978     1.7857  0.0582633 -0.0508906   5.09836 0.0968798  0.146898 -0.000543591 -0.000445278  -0.00108959    0.133191  0.00584729 -0.00293549  0.205319 -0.143084  -9.80581  7721
             39.0079 -0.154092  0.306801   1.31416   13.8542 0.0852111  0.385928 -0.240799  0.923326  -179.973     1.7857  0.0582489 -0.0508859  5.17197 0.124859 0.141577 -0.000532734  -0.00044546  -0.00108243    0.132259  0.00648203 -0.00262649 0.205209 -0.14266 -9.80582  7674
             39.1092 -0.236723  0.304724   1.44229   14.3889 0.0976025  0.401094 -0.23035 0.926292 -179.966     1.7857  0.0582259 -0.0508928  5.24246 0.122801 0.148319 -0.000539154 -0.000451859  -0.00107855    0.132976   0.0059144 -0.00337778  0.205113 -0.141757  -9.80583  7628
             39.2081 -0.26508 0.292732  1.55812  14.9386 0.110222 0.415843 -0.244905  0.919936   -179.96    1.78567  0.0582523 -0.0508976  5.29042 0.164577 0.156173 -0.000541327 -0.000463424  -0.00107805    0.132132  0.00765519 -0.00228063  0.206026 -0.142829   -9.8058  7634
             39.3092 -0.317604  0.234639   1.69844  15.4915 0.133105 0.434284 -0.198004  0.945878  -179.969    1.78581  0.0581501 -0.0508998  5.38099 0.182896 0.160063  -0.00055992 -0.000460804  -0.00108749    0.130199  0.00373142 -0.00462249   0.20127 -0.136329  -9.80599  7623
             39.4092 -0.357033  0.178101   1.81221  16.0491 0.149894 0.451341 -0.184744  0.953228  -179.957    1.78586  0.0581258 -0.0509097  5.46054 0.179049 0.154006 -0.000551623 -0.000443734  -0.00107251    0.131238  0.00372754 -0.00535098  0.201241 -0.134608  -9.80601  7609
              39.508 -0.390133  0.155902   1.94491  16.6231 0.166652 0.465552 -0.204286  0.937059  -179.949    1.78577  0.0581588 -0.0509165  5.53759 0.192848 0.163045 -0.000519742 -0.000401831  -0.00108228     0.13002  0.00592098 -0.00381537   0.20344 -0.136419  -9.80594  7625
             39.6091 -0.38202 0.237684  2.06704  17.2013 0.187379  0.48055 -0.206996  0.930626  -179.945    1.78577  0.0581539 -0.0508949    5.588 0.202888 0.157883 -0.000530588 -0.000375961  -0.00107931    0.127579   0.0074099 -0.00302391  0.203672 -0.135175  -9.80595  7628
             39.7083 -0.35167 0.382054  2.18796  17.7929 0.209724 0.502269 -0.160109  0.961666  -179.931    1.78569  0.0582038 -0.0507654  5.66781 0.251523 0.217572 -0.000560969 -0.000338353  -0.00107328    0.127667  0.00923255 -0.00509856  0.201153 -0.125509  -9.80613  7644
             39.8086 -0.407594  0.563474   2.30787  18.3846 0.238146 0.528231 -0.117579   1.00151  -179.929    1.78546  0.0582302 -0.0507097  5.70676 0.281375 0.218319 -0.000538195 -0.000345655   -0.0010721    0.129035  0.00845638 -0.00764964  0.196537 -0.118268  -9.80632  7676
             39.9094 -0.47387  0.57863   2.4326  18.9714 0.264836 0.547901 -0.116113  0.998448  -179.925    1.78546  0.0582317 -0.0507142  5.72771 0.272647 0.174278  -0.00054049 -0.000370798  -0.00107113    0.129931  0.00919739 -0.00749196  0.198075 -0.118021  -9.80629  7715
             40.0083 -0.468115  0.475478    2.5541  19.5753 0.290425 0.563483 -0.0939913    1.00776   -179.913   1.78546 0.0582468 -0.050759   5.7835 0.251372 0.109277 -0.000508801 -0.000374254   -0.0010675    0.129762   0.0131364 -0.00776186  0.198819 -0.111138  -9.80636  7692
             40.1092 -0.434523  0.327205   2.69372  20.1731 0.313461 0.578299 -0.078994   1.03873  -179.919    1.78558  0.0583011 -0.0507435  5.85686 0.252832  0.13806 -0.000468278 -0.000366969  -0.00107403    0.135259   0.0152948 -0.00939008  0.199039 -0.107662  -9.80639  7690
             40.2084 -0.405948  0.255597   2.81749  20.7848 0.337429 0.594037 -0.0785669    1.04241   -179.921    1.78561  0.0583179 -0.0507339  5.94017 0.261132 0.163416 -0.000465009 -0.000327994  -0.00106272    0.137929   0.0176482 -0.00965693  0.201364 -0.106457  -9.80636  7729
             40.3089 -0.373104  0.287343   2.95237  21.4043 0.364384 0.611216 -0.0759303    1.01985   -179.915    1.78555  0.0582575 -0.0507539  6.01138 0.271888 0.204288 -0.000437025 -0.000290955  -0.00106777    0.135006    0.018902 -0.00843702  0.203591 -0.105077  -9.80632  7778
             40.4087 -0.326437  0.388583   3.07616  22.0298 0.392761 0.632854 -0.0703476    1.00153   -179.909    1.78555  0.0582003 -0.0507338  6.05435 0.280118 0.249727 -0.000459658 -0.000272629  -0.00104953   0.132883  0.0196108 -0.0074115  0.205614 -0.103755   -9.8063  7738
             40.5082 -0.32314 0.479347  3.23733  22.6647 0.426946 0.655921 -0.0653589    0.97764   -179.904    1.78561  0.0581148 -0.0506945  6.09728 0.329396 0.239912 -0.000433474  -0.00027678  -0.00105597    0.126018   0.0196986 -0.00584193 0.204601 -0.10183 -9.80634  7766
             40.6087 -0.289583  0.471629   3.40489  23.2997 0.462021 0.676552 -0.0576165    0.97002     -179.9    1.78562  0.0580776 -0.0506818  6.13325 0.331036 0.174482 -0.000464703 -0.000291938    -0.001037    0.123208   0.0205952 -0.00526926    0.20421 -0.0993079   -9.80637  7744
             40.7078 -0.199612  0.395151   3.65321   23.943  0.49644 0.693405 -0.0451763   0.990442   -179.902    1.78565  0.0581021 -0.0506975   6.1666 0.327536 0.126287 -0.000450749 -0.000320979  -0.00101622    0.123985   0.0239356 -0.00617588   0.202578 -0.0937732   -9.80646  7763
             40.8077 -0.175177  0.257089   3.96874  24.5948 0.536388 0.709476 -0.018894    1.0297  -179.895    1.78582  0.0580727 -0.0507931  6.21823 0.390228 0.137878 -0.000448873 -0.000304383  -0.00100843     0.12315   0.0291346 -0.00787709   0.197044 -0.0831107   -9.80667  7726
             40.9087 -0.114639  0.109217   4.27624  25.2436  0.57788 0.726306 -0.00773678     1.02584    -179.888    1.78577  0.0579984 -0.0508507   6.2934  0.41851 0.214886 -0.000432267 -0.000271188 -0.000992298    0.122099   0.0314506 -0.00760659   0.197766 -0.0790589   -9.80669  7705
             41.0075 -0.0842852   0.125956    4.61725  25.9142  0.62741 0.751718 0.0371652   1.04848  -179.856    1.78583  0.0578222 -0.0509113  6.36695 0.479331 0.248786 -0.000420364 -0.000198886 -0.000974528    0.120074   0.0394864 -0.00839854   0.195182 -0.0630615   -9.80686  7675
             41.1088 -0.0529575   0.191223     5.0009  26.5814 0.680054 0.777881 0.0670938   1.04409  -179.821   1.78581 0.0576483 -0.050866   6.4057 0.512864 0.254081  -0.00044898 -0.000156098 -0.000948562    0.117814   0.0458616 -0.00785897   0.196294 -0.0517914    -9.8069  7727
             41.2082 0.00730371    0.22206    5.45924    27.25 0.740838 0.804368 0.0883209   1.05924  -179.794    1.78588  0.0575436 -0.0508269  6.41322 0.590185 0.245544 -0.000469535 -0.000160319 -0.000944284    0.114252   0.0487784 -0.00839851   0.191504 -0.0442697   -9.80703  7692
             41.3087 -0.00585187    0.205582       5.957  27.9138 0.806475 0.831168 0.121053  1.08419  -179.78    1.78591   0.057486 -0.0508123  6.42613 0.635657 0.230438 -0.000462574 -0.000185008 -0.000900098    0.113854   0.0480491 -0.00959288   0.187148 -0.0388261   -9.80714  7664
             41.4092 0.0106183 0.0948235   6.53046  28.5813 0.876065 0.852708 0.100668  1.05386 -179.736    1.78585  0.0573281 -0.0508243  6.43501  0.69503 0.238634 -0.000426273 -0.000139438 -0.000869636    0.109493   0.0580708 -0.00787876   0.190161 -0.0323022    -9.8071  7640
              41.508 0.0420069   0.04559   7.17074  29.2607 0.951707 0.875053 0.0893715   1.01242  -179.675   1.78565 0.0570574  -0.05085 6.41629 0.78177  0.2537 -0.000401907  -7.6675e-05 -0.000841107    0.109571    0.075109 -0.00586464   0.200499 -0.0184447   -9.80693  7675
              41.609 0.0524589 0.0831512   7.93491   29.922  1.03201 0.900457 0.0689872  0.990682  -179.683    1.78551  0.0570435 -0.0508622  6.36593 0.850629 0.268996  -0.00042661 -7.82826e-05  -0.00078107    0.113169   0.0805546 -0.00502989    0.20834 -0.0175982   -9.80677  7642
             41.7078 0.0593156   0.13735   8.82009  30.5851  1.12542 0.929203 0.0909677  0.990141  -179.667    1.78543  0.0569443 -0.0508511   6.3168 0.951666 0.281618 -0.000380044 -7.30908e-05 -0.000777727    0.114823   0.0832667 -0.00498763   0.210725 -0.0115075   -9.80673  7674
             41.8089 -0.030294  0.193407   9.75486  31.2354  1.22303 0.956935 0.0856254  0.976923  -179.698    1.78526   0.056959 -0.0508888  6.25987  1.01232 0.263264 -0.000354537 -8.57976e-05 -0.000708756    0.121086   0.0865088 -0.00456073  0.219482 -0.010417  -9.80654  7697
              41.909 0.0248715  0.188989   10.6201 31.8924 1.33876 0.98039 0.0751633  0.927392  -179.536    1.78523  0.0565529 -0.0508231  6.25916  1.10325 0.247244 -0.000353843  -4.6579e-05 -0.000689013    0.113883    0.116815 -0.00315086  0.224505 0.0182764  -9.80641  7651
             42.0077 -0.0113196   0.184572    11.5781 32.5558 1.46204 1.00219 0.0264454  0.848201  -179.406   1.78508 0.0562928 -0.050838  6.23971  1.21985 0.236565 -0.000315617 -2.29173e-05 -0.000674438    0.110994     0.15614 -0.00112587  0.239179 0.0484493  -9.80596  7655
             42.1089 0.0845679  0.278052   12.6207 33.1931 1.59615 1.02879 0.0802959   0.87994  -179.402    1.78511  0.0563236 -0.0508623  6.16229  1.34397 0.245205 -0.000358271 -2.71187e-05 -0.000617485    0.108602    0.145486 -0.00181658  0.230757 0.0477192  -9.80617  7607
             42.2084 0.212398 0.394304  13.6745 33.8283 1.75067 1.05835 0.282938 0.959173 -179.315    1.78508  0.0563795 -0.0509204   6.1041  1.47497 0.243416 -0.000373725 -5.57362e-05 -0.000596764   0.0981364    0.124712 -0.00332957 0.206411 0.063731 -9.80662  7515
             42.3083 0.214136  0.43324    14.78 34.4604 1.91286 1.08499  0.38596 0.988652 -179.266    1.78505  0.0563703 -0.0509219  6.06553   1.5582 0.219379 -0.000373006 -5.94705e-05 -0.000549704   0.0938639    0.118278 -0.00382179  0.197239 0.0756896  -9.80672  7501
              42.409 -0.0944837   0.343603    16.0249 35.0811 2.07684 1.10097 0.0905686  0.909558  -179.299    1.78497  0.0567383 -0.0509077  6.00873  1.66168 0.222235 -0.000307221  -7.3331e-05 -0.000525987   0.0885447    0.143805 -0.00270886  0.205804 0.0503386  -9.80671  7487
             42.5078 -0.106902  0.356349    17.229 35.7001 2.26425 1.12342 0.0778928  0.930071  -179.256    1.78508  0.0567077 -0.0508291  5.92005   1.8173 0.214452 -0.000362744 -9.49416e-05  -0.00051083   0.0734999     0.13726 -0.00325958  0.186841 0.0431437  -9.80713  7490
             42.6089 -0.141587  0.335446   18.4495 36.3023  2.4559 1.14745 0.0865936  0.951797  -179.298    1.78516  0.0567075 -0.0507875 5.84455 1.93971 0.22789 -0.000332549 -0.000120892 -0.000468279   0.0755225    0.121147 -0.00367015 0.184151  0.02861 -9.80723  7414
             42.7079 -0.264894   0.28112   19.7121  36.905 2.66544 1.17023 0.0171676  0.953061  -179.292    1.78514  0.0567331 -0.0507517  5.77005   2.0556 0.216941  -0.00035308 -0.000134175 -0.000445163   0.0680724    0.121022 -0.00384406   0.17631 0.0171464   -9.8074  7407
              42.809 -0.360845  0.290936   20.9432 37.4909 2.89261 1.19406 -0.00151581    0.995304    -179.261    1.78522  0.0565983 -0.0506647  5.69956  2.21771 0.228852  -0.00034659 -0.000138371 -0.000406412  0.0443563   0.103398 -0.0049211    0.144611 -0.00189908    -9.80793  7370
             42.9089 -0.413986  0.312968   22.2526 38.0779 3.12803 1.21937 0.114908 0.995277 -179.253    1.78524  0.0565929 -0.0506656  5.62705  2.38175 0.237011 -0.000366975 -0.000130073 -0.000383108   0.0481731    0.100923 -0.00485077 0.148467 0.015286 -9.80786  7337
             43.0079 -0.561322  0.387923   23.5186 38.6655 3.38924 1.24716  0.25174 0.999472 -179.194    1.78518  0.0565607 -0.0506282  5.58572  2.54002 0.259415 -0.000353541 -0.000121346 -0.000361174   0.0345179    0.103084 -0.00508113  0.134432 0.0414076  -9.80799  7349
             43.1089 -0.87084 0.542537  24.7616 39.2397 3.66332 1.27395 0.244071  1.00628 -179.154    1.78512  0.0566074 -0.0505308  5.53809   2.6705 0.261978 -0.000364679 -0.000107872 -0.000321665   0.0180189      0.1125 -0.00534322  0.117276 0.0502275  -9.80817  7439
             43.2083 -1.23679  0.72466  26.1224 39.8033 3.94104 1.30003 0.181069  1.01953 -179.209    1.78523  0.0565456 -0.0506624  5.42675  2.80529 0.229665 -0.000335608 -0.000146515 -0.000320622   0.0299378   0.0919215 -0.00551055  0.126049 0.0186337  -9.80817  7373
              43.308 -1.70354 0.846727  27.3746 40.3538 4.23589 1.32275 0.0499748   1.05577  -179.249   1.78534  0.056519 -0.050614  5.34401  2.91621 0.210016 -0.000346129 -0.000175132 -0.000309108   0.0273576   0.0680123 -0.00616501   0.116655 -0.0272003   -9.80827  7363
             43.4089 -2.10742  0.95887  28.4348   40.89 4.54263 1.34164 -0.168363    1.1091  -179.267    1.78548  0.0567325 -0.0505146   5.2586  3.03375 0.182122  -0.00031299 -0.000164778  -0.00030313   0.0261159   0.0514627 -0.00655469    0.10632 -0.0805046   -9.80809  7347
             43.5077 -2.5254  1.0793 29.4465 41.4304  4.8654 1.35566 -0.392293   1.16271  -179.263   1.78563 0.0575299 -0.050419  5.20314  3.10714 0.149572 -0.000303112 -0.000168447 -0.000292239   0.0221796   0.0603357 -0.00606857 0.0942884 -0.109433  -9.80794  7326
             43.6086 -2.70443  1.15717  30.4076 41.9642 5.18497 1.36697 -0.567839   1.19229  -179.223    1.78615  0.0580953 -0.0504194  5.15283  3.17666 0.143943 -0.000324329 -0.000153593 -0.000278285   0.0535079   0.0713735 -0.00392579  0.121195 -0.128112  -9.80741  7334
             43.7079 -2.7574 1.21567 31.3577 42.4957  5.5128   1.379 -0.63012  1.19433 -179.168    1.78659   0.058014 -0.0502575  5.08923  3.26201 0.142963 -0.000282807 -0.000145902 -0.000260822   0.0876665   0.0713679 -0.00200409  0.15493 -0.13843  -9.8068  7267
             43.8073 -2.72874  1.24903  32.5079  43.037 5.85626 1.39122 -0.591071   1.17359   -179.19    1.78678  0.0582003 -0.0501743  5.06219   3.3486 0.121296 -0.000298088 -0.000129185 -0.000242323    0.0976313     0.101939 -0.000337685  0.168556 -0.101277  -9.80703  7257
              43.909 -2.64617  1.28666  33.5502 43.5599  6.1948  1.4003 -0.569572   1.14909  -179.122    1.78704  0.0576073 -0.0496645  5.01865  3.39049 0.119906 -0.000271573  -0.00011817 -0.000167792   0.139394   0.105538 0.00268803   0.214039 -0.0935385   -9.80622  7246
             44.0074 -2.46609  1.29248  34.9003 44.0982 6.54373 1.40957 -0.451973   1.09055  -179.133    1.78703  0.0571884 -0.0490075  4.97162  3.47353 0.108668 -0.000239726 -0.000121573 -0.000160513   0.176021   0.133951 0.00546021   0.259956 -0.0449831   -9.80545  7244
             44.1086 -2.33523  1.29072  36.2114 44.6145 6.90686 1.41944 -0.409144   1.07172  -179.141    1.78696  0.0569621 -0.0488665 4.89971 3.60153 0.10063   -0.0002418 -0.000117937 -9.88866e-05   0.183809   0.147642 0.00637339   0.270858 -0.0240508   -9.80523  7258
             44.2081 -2.23311  1.30029  37.6798 45.1325 7.28737 1.43017 -0.346003   1.04769  -179.176   1.78688 0.0567941 -0.048841   4.84524   3.73157 0.0969738 -0.000204244 -8.63221e-05 -8.01825e-05   0.183214   0.176597 0.00680235  0.274334 0.0153199  -9.80515  7223
             44.3079 -2.22853  1.42004  39.2182 45.6379  7.6751 1.44246 -0.304864    1.0305  -179.243    1.78686  0.0574777 -0.0487942    4.7456   3.85785 0.0982527 -0.000205526 -0.000109814 -4.22427e-05   0.188334   0.185218 0.00523686  0.282033 0.0305212   -9.8049  7225
              44.409 -2.23369  1.52804  40.7272  46.125 8.07493 1.45367 -0.291899   1.02642  -179.272    1.78688  0.0577732 -0.0488089  4.68137  3.94585 0.109261 -0.000168488 -0.000106892   4.0877e-06   0.186989   0.190654 0.00431313  0.281281 0.0379386  -9.80489  7187
             44.5078 -2.24055  1.66704  42.3614 46.6128   8.497 1.46612 -0.279028    1.0241   -179.29    1.78692  0.0578449 -0.0487906   4.59032    4.0806 0.0986865 -0.000142901 -9.40282e-05    3.357e-05   0.175908   0.207878 0.00342721  0.270607 0.0569701   -9.8051  7224
             44.6089 -2.25697  1.83096  43.8795 47.0715 8.92183 1.47262 -0.318181   1.03467   -179.24    1.78704  0.0575646 -0.0487859   4.46468   4.16971 0.0773097 -9.84324e-05 -9.03153e-05   8.7424e-05   0.1756 0.190287 0.004932  0.268842 0.0331496  -9.80526  7217
              44.708 -2.19493  1.97712  45.5493 47.5288 9.36342  1.4812 -0.32062  1.04094 -179.261    1.78705  0.0577973 -0.0487955   4.32734   4.32328 0.0658416 -8.32637e-05 -9.61839e-05  0.000104789   0.170315   0.194262 0.00363783  0.262461 0.0364279  -9.80542  7193
             44.8076 -2.25358  2.14189  47.2306 47.9692 9.82486 1.48726 -0.349566   1.05758  -179.258   1.78713 0.0579304 -0.048755   4.18959   4.45233 0.0416881 -8.18009e-05 -7.41436e-05  0.000134189   0.158174    0.19235 0.00238498  0.247761 0.0292582  -9.80583  7194
             44.9087 -2.30691  2.32317  48.8527 48.3841 10.2986 1.49002 -0.406919   1.08522  -179.232     1.7872  0.0579834 -0.0486302  4.04537  4.57502 0.014929 -2.41054e-05 -7.15422e-05  0.000194465   0.136873    0.18639 0.00113147  0.222433 0.0129852  -9.80647  7222
             45.0076 -2.27256  2.47884   50.604 48.7963 10.7904 1.48863 -0.442028   1.09419  -179.203    1.78723  0.0579023 -0.0485145   3.95056   4.68495 0.0017741  4.93651e-05 -7.42096e-05  0.000231026   0.118772   0.191846 0.00159756   0.20324 0.0119348  -9.80689  7253
             45.1088 -2.06267  2.62364  52.3596 49.1846 11.2811 1.48602 -0.489854    1.1061  -179.159   1.78728 0.0577286 -0.048536    3.78826    4.81057 -0.0237165  7.09486e-05 -4.84108e-05  0.000294682   0.113857   0.179301 0.00211335    0.197007 -0.00869365    -9.80702  7249
              45.208 -1.8571 2.76323  54.319 49.5692 11.7964  1.4823 -0.494887   1.11187  -179.157    1.78726  0.0576703 -0.0485443    3.58694    4.97472 -0.0484065  6.54689e-05 -5.81656e-05  0.000325319   0.100469   0.189956 0.00190391     0.18258 0.000383469     -9.8073  7286
             45.3077 -1.69661  2.83995  56.3152 49.9353  12.329 1.47997 -0.460104   1.12213  -179.178    1.78736  0.0579138 -0.0486051    3.39848    5.13734 -0.0510144   0.00011323 -5.70081e-05  0.000380153   0.0900483    0.193608 0.000199458   0.170181 0.00918704   -9.80752  7323
             45.4088 -1.61363   2.8875  58.3679 50.2764 12.8595 1.47982 -0.353084   1.12493  -179.228    1.78786  0.0584334 -0.0486129    3.21951    5.26886 -0.0578925  0.000119046 -4.82911e-05  0.000451083   0.0930077    0.170813 -0.00264985   0.172617 0.00464226   -9.80748  7370
             45.5076 -1.5274 2.98496 60.5271 50.6086 13.4199 1.47583 -0.30025  1.12065 -179.224    1.78801  0.0584675 -0.0486602    3.08381    5.39819 -0.0706342   0.00015569 -5.74042e-05   0.00047482   0.0863292    0.170515 -0.00341695  0.166234 0.0128443  -9.80758  7329
             45.6086 -1.39589  3.06761  62.6109 50.9142 13.9783  1.4687 -0.290896   1.12158  -179.236    1.78812  0.0585144 -0.0486331   2.88832   5.51816 -0.067632  0.000221237 -6.48142e-05  0.000510621   0.0895431    0.160039 -0.00374488   0.169705 0.00427696   -9.80753  7364
             45.7079 -1.31804  3.11128  64.6738 51.1968 14.5576 1.45597 -0.434105   1.15376  -179.211    1.78768  0.0583866 -0.0485702    2.67007    5.59512 -0.0990859     0.000346 -7.00202e-05   0.00052599  0.0882189    0.17229 -0.0030438    0.163812 -0.00804403    -9.80763  7385
             45.8075 -1.12272  3.02455  66.8159 51.4663 15.1442 1.44664 -0.415587   1.14693  -179.219    1.78777   0.058427 -0.0485569    2.43145    5.71716 -0.0852098  0.000237436 -8.81493e-05  0.000567936   0.0924512    0.169356 -0.00303976    0.169085 -0.00745773    -9.80754  7406
             45.9087 -0.9786 2.87319 68.8411  51.702 15.7312 1.43801 -0.362968   1.13424  -179.228    1.78813  0.0583177 -0.0484379     2.2017     5.8065 -0.0983853  0.000262345 -8.73103e-05  0.000634398   0.0948655    0.148393 -0.00338164   0.174358 -0.0188844   -9.80743  7345
             46.0075 -0.834802   2.69994   70.9898 51.9236 16.3383  1.4318 -0.183562   1.08478  -179.237    1.78912   0.058387 -0.0484173    1.98059    5.90108 -0.0770423  0.000312472 -8.67459e-05  0.000644037   0.0908984    0.118311 -0.00336161   0.178657 -0.0180734   -9.80736  7352
             46.1088 -0.886728   2.60945   73.0451 52.1179 16.9374 1.42392 -0.213458   1.08886  -179.246    1.78909  0.0581729 -0.0482632    1.84692    5.96323 -0.0182417  0.000294475 -4.72217e-05  0.000748088    0.101655    0.107715 -0.00358942   0.189714 -0.0325382   -9.80711  7365
             46.2078 -0.803846   2.68651   75.2746 52.3062 17.5558  1.4218 -0.258457   1.09821  -179.264    1.78906  0.0583711 -0.0483225     1.61387     6.07954 -0.00672039  0.000397557 -1.29053e-05  0.000707974    0.116193    0.119649 -0.00350199   0.201955 -0.0271617   -9.80688  7363
             46.3084 -0.786806   2.84536   77.2727   52.45 18.1768 1.41762 -0.375751   1.14053  -179.256    1.78898  0.0581489 -0.0484785     1.3011    6.14978 -0.0197173 0.000346839  1.0285e-05 0.000784595    0.125668    0.119417 -0.00410478   0.205898 -0.0466614   -9.80673  7431
             46.4086 -0.865015   2.96562   79.2989 52.5612 18.8236 1.41393 -0.394746   1.15253  -179.243    1.78864  0.0579498 -0.0483697    1.04307    6.22737 -0.0454235 0.000416973 0.000103344 0.000856398    0.110156    0.114314 -0.00434853   0.189748 -0.0566061     -9.807  7460
             46.5074 -0.925585   3.24352   81.5067 52.6687 19.4708 1.41023 -0.384044    1.1472  -179.251     1.7889  0.0580743 -0.0485779  0.804994   6.30388 -0.048399 0.000402695   7.447e-05 0.000854919     0.12206    0.117497 -0.00423518   0.201572 -0.0503342    -9.8068  7496
             46.6085 -0.795768   3.45302   83.5566  52.753 20.1135 1.40649 -0.255515   1.08794  -179.243    1.78876  0.0578962 -0.0487602  0.616387   6.31276 -0.100238 0.000374121 3.10392e-05 0.000908482    0.127023   0.0964653 -0.00373602   0.215995 -0.0478146   -9.80651  7536
             46.7001 -0.778652   3.56451    85.483 52.7966  20.715 1.39649 -0.228834   1.07441  -179.241   1.78834 0.0579954 -0.048449   0.423196     6.3937 -0.0822051  0.000458397 -6.61189e-06  0.000830121     0.10647    0.101819 -0.00345672   0.197404 -0.0403903   -9.80693  7526
             46.7997 -0.715551   3.52146   87.3794  52.823 21.3865 1.38225 -0.187661   1.05442  -179.253   1.78787 0.0582241 -0.048352  0.174823   6.42918 -0.182083  0.000530727 -0.000119398  0.000827419   0.0838209     0.10416 -0.00307954   0.178053 -0.0336861   -9.80733  7582
             46.9009 -0.668309   3.12592    89.125 52.8228 22.0333 1.36417 -0.17245  1.04603 -179.212    1.78748  0.0579709 -0.0482465 -0.0450742    6.45505  -0.175231  0.000476131 -0.000126773  0.000858054    0.080053   0.0899897 -0.00307184   0.177075 -0.0453124    -9.8073  7585
             47.0001 -0.661092    2.6574   91.0268 52.8118    22.7 1.34252 -0.260393   1.08868  -179.244   1.78699 0.0581992 -0.048483 -0.210981   6.53382  -0.18342 0.000568239  -0.0001462 0.000834408   0.0814242    0.112059 -0.00312147  0.170529 -0.039078  -9.80744  7599
             47.1012 -0.615063    2.2677   92.8357 52.7861 23.3561 1.32408 -0.341349    1.1279  -179.238     1.7866  0.0581303 -0.0483377  -0.39232   6.60248 -0.153415  0.000544677 -0.000107636  0.000887318   0.0955438    0.127052 -0.00312879   0.177093 -0.0367701   -9.80733  7603
             47.2008 -0.48722   2.0704  94.7468 52.7466 24.0254 1.31156 -0.41532  1.17249 -179.242    1.78638  0.0579998 -0.0481959  -0.610786    6.72677 -0.0120818  0.000558353 -6.81331e-05  0.000869118   0.113141    0.14794 -0.0026671   0.185026 -0.0271658   -9.80722  7592
              47.301 -0.324596    2.0944   96.5949 52.6949  24.688 1.31339 -0.357649   1.13989  -179.175    1.78707  0.0577505 -0.0477954 -0.827298   6.73022 0.0220853 0.000438557 8.95002e-06 0.000799322    0.135979    0.144733 -0.00220671   0.210258 -0.0167696   -9.80673  7546
             47.4008 -0.290799   2.19252   98.2398 52.6048 25.3425 1.32354 -0.184318  0.994989  -179.074    1.78686  0.0576406 -0.0479995  -1.09234   6.63685 0.0721665 0.000305747 4.28398e-05 0.000756492    0.131903     0.10245 -0.00342736  0.231359 -0.026404  -9.80624  7519
             47.5007 -0.507674   2.17192   99.7883  52.493 25.9984 1.33283 -0.0374558    0.86778   -178.977    1.78646  0.0571636 -0.0482446  -1.23931   6.59231 0.0407326 0.000247471 4.37542e-05 0.000713692    0.125009   0.0698526 -0.00452449   0.246159 -0.0318643   -9.80586  7507
             47.6007 -0.782844   2.15735   101.186 52.3668 26.6495 1.33587 -0.0636378   0.899356     -178.9   1.78697 0.0567392 -0.048507   -1.31099    6.58375 0.00785391 0.000264479 0.000130889 0.000650902    0.145885   0.0674128 -0.00393827   0.260932 -0.0360781   -9.80546  7631
                47.7 -0.833101   2.26383   102.447 52.2347 27.3047 1.33182 -0.158955   1.03388  -178.817    1.78885  0.0565501 -0.0487969   -1.35238    6.59893 -0.0371726 0.000322916 0.000183798  0.00058177     0.184884    0.0802181 -0.000997831   0.275144 -0.0366388   -9.80507  7661
             47.8008 -0.60661  2.40228  103.413 52.0937  27.949 1.32705 -0.216166    1.1712  -178.592     1.7917  0.0551683 -0.0490489    -1.49882     6.56896 -0.00936376 0.000267881 0.000287561 0.000530148   0.233107  0.0843975 0.00342973    0.29672 -0.0383444   -9.80444  7667
             47.9008 -0.397912   2.61514   104.313 51.9238 28.5971 1.32371 -0.269061   1.25675  -178.444    1.79231  0.0542777 -0.0494688   -1.69248    6.51318 -0.0261587 0.000279361 0.000322366 0.000505111   0.254783  0.0820403 0.00577115   0.303904 -0.0484419   -9.80417  7717
             48.0009 -0.287788   2.66374   105.381 51.7511 29.2504 1.32363 -0.242117   1.18751  -178.438    1.79129  0.0546048 -0.0495176   -1.83452    6.47826 -0.0304098 0.000168487 0.000279978 0.000463356   0.245881  0.0763834 0.00285219   0.307109 -0.0490962   -9.80407  7705
             48.1011 -0.370915   2.64341   106.404 51.5562 29.9053 1.32202 -0.26191  1.14745 -178.483    1.78996  0.0551977 -0.0495768   -1.96554     6.4825 -0.0538263  0.00021508 0.000265308 0.000456589     0.231587    0.0768007 -0.000398463   0.301574 -0.0532097   -9.80422  7702
             48.2008 -0.515765   2.61489   107.293 51.3377 30.5548 1.31661 -0.31789  1.13757  -178.44    1.78858  0.0556342 -0.0495166   -2.13872    6.47523 -0.0764576  0.00028088  0.00028145 0.000444231   0.223774  0.0750645 -0.0033699   0.298199 -0.0652891   -9.80425  7743
             48.3011 -0.67618  2.56137  108.147 51.1126 31.2057 1.31038 -0.346427   1.12804  -178.424    1.78805  0.0557802 -0.0494336   -2.26262    6.49961 -0.0589622 0.000294848 0.000311879 0.000381557    0.219247   0.0756327 -0.00528269   0.296519 -0.0700273   -9.80427  7818
             48.4011 -0.750859   2.60572    108.77 50.8826 31.8571 1.30626 -0.342569   1.11606  -178.364    1.78796  0.0555817 -0.0494604   -2.34414    6.53237 -0.0356673 0.000311689 0.000329827 0.000289298    0.222333   0.0728584 -0.00603753   0.301252 -0.0713648   -9.80411  7899
                48.5 -0.823868   2.70642   109.116 50.6366 32.5137 1.30182 -0.350118   1.13014  -178.284    1.78767  0.0555584 -0.0494391   -2.39577    6.53889 -0.0447811 0.000322206 0.000352031 0.000258912   0.227654  0.0676847 -0.0053294   0.304552 -0.0771673   -9.80397  7975
             48.6027 -0.763932    2.7799   109.439  50.346 33.2874 1.29407 -0.329939   1.14825  -178.222    1.78767  0.0554661 -0.0494638   -2.43747    6.55717 -0.0639302 0.000359201 0.000367282 0.000220542    0.233534   0.0602782 -0.00286257  0.307213 -0.080526  -9.80386  7989
             48.7004 -0.716488   2.80823   109.432 50.1155 33.8657 1.28636 -0.310969   1.15626  -177.978    1.78729  0.0549388 -0.0495208   -2.48212    6.52099 -0.0831527 0.000339056  0.00040352 0.000182927    0.247085   0.0457306 -0.00107152   0.318634 -0.0898533   -9.80341  8053
              48.801 -0.776222   2.86303   109.537 49.8554  34.517 1.27871 -0.371125   1.16613  -177.923    1.78661  0.0551306 -0.0495649   -2.54608    6.52662 -0.0980654 0.000350297 0.000394606 0.000176645    0.248095    0.049765 -0.00378262 0.319158 -0.09607 -9.80334  8044
             48.9009 -0.868452   2.92784   109.903 49.5909 35.1932 1.27117 -0.457514   1.18456  -178.145    1.78661  0.0554729 -0.0495102   -2.61184      6.589 -0.0909701 0.000378343 0.000369019 0.000166301   0.235717  0.0689625 -0.0075456   0.306143 -0.0938587   -9.80377  8122
             48.9998 -0.877617   2.98915   110.156 49.3273  35.883 1.26286 -0.475925   1.18178  -178.317    1.78687  0.0553133 -0.0494748   -2.63914    6.65854 -0.0885377 0.000385063 0.000344632 0.000130231    0.227497   0.0799813 -0.00898196    0.29885 -0.0872665   -9.80406  8195
             49.1009 -0.943679   3.04893   110.219 49.0566 36.5615 1.25513 -0.528715    1.1961  -178.412    1.78698  0.0553623 -0.0494492   -2.66459    6.70315 -0.0899916 0.000374796 0.000326621 0.000113701   0.223095  0.0902763 -0.0111788    0.29323 -0.0869057   -9.80423  8225
             49.2006 -1.00276  3.10027  110.362 48.7833 37.2615 1.24632 -0.574285   1.21514  -178.656    1.78741  0.0551805 -0.0494101  -2.69062   6.78709 -0.100928  0.00039656 0.000303065 0.000112957  0.212559  0.104643 -0.012694  0.281288 -0.082178  -9.80462  8248
             49.3013 -1.05357  3.12469   110.41 48.5115 37.9591  1.2379 -0.63802  1.23362  -178.83   1.78777 0.0549331 -0.049394  -2.68916   6.86602 -0.111494 0.000419981 0.000287525 0.000120088   0.206092   0.120125 -0.0154765   0.273013 -0.0788772   -9.80488  8231
              49.401 -1.0731 3.13173 110.507 48.2317 38.6682 1.22636 -0.666547   1.26098  -179.051    1.78825  0.0548211 -0.0494367  -2.73392   6.95174 -0.110283 0.000459799  0.00027391 0.000141612   0.196824   0.127816 -0.0151979  0.261468 -0.077538  -9.80521  8235
             49.5014 -1.07794  3.15047  110.589 47.9525 39.3829 1.21651 -0.714624   1.28188  -179.232     1.7887  0.0544938 -0.0494787 -2.76553  7.03599 -0.10595 0.000476518 0.000256428 0.000135587    0.19058   0.140015 -0.0168315  0.253127 -0.074691  -9.80545  8306
             49.6009 -1.13508  3.20452  110.729 47.6681 40.1164 1.20857 -0.793609   1.31152  -179.485    1.78936  0.0538003 -0.0494716   -2.79438    7.14503 -0.0981493 0.000476064 0.000236405 0.000142363  0.182598  0.159651 -0.019854   0.241921 -0.0700678   -9.80577  8325
             49.7006 -1.12113   3.2653   110.99 47.3877 40.8747 1.19982 -0.825448   1.32508  -179.833    1.78984  0.0525297 -0.0494412   -2.80084     7.2741 -0.0919904 0.000485866 0.000197135 0.000141437     0.1705   0.177157 -0.0213148   0.229007 -0.0599095   -9.80614  8474
             49.8023 -1.1179 3.29393 111.068 47.0568 41.7652 1.18945 -0.840579   1.32709  -179.989  1.78995 0.051835 -0.04941   -2.81203    7.37504 -0.0975239 0.000467392 0.000167173 0.000132089   0.165908   0.186991 -0.0225537   0.224248 -0.0535243   -9.80629  8532
             49.9007 -1.08788  3.27721  111.002 46.7956 42.4376 1.17971 -0.840073   1.33241  -179.992       1.79  0.0519877 -0.0494493  -2.82836   7.42746 -0.106988 0.000453481  0.00017821 0.000141187   0.165152   0.184801 -0.0219185   0.223182 -0.0555652    -9.8063  8606
             49.9998 -1.07863  3.26382  110.915 46.5005 43.1915 1.16812 -0.841666   1.33859  -179.972    1.78998  0.0522471 -0.0494941  -2.86699   7.47999 -0.114606 0.000480757 0.000180992 0.000142919   0.164935   0.181564 -0.0212244   0.222576 -0.0588546    -9.8063  8630
             50.1004 -1.15735  3.28328  110.873 46.2092 43.9486 1.15877 -0.873841    1.3458  -179.945    1.79009  0.0522153 -0.0494803  -2.86308     7.544 -0.102667 0.000447821 0.000162138 0.000120968   0.167057   0.186187 -0.0227539  0.223227 -0.059627  -9.80628  8620
             50.1998 -1.1253 3.29269 110.898 45.9137 44.7272 1.14665 -0.847156   1.34486   180.011    1.79007  0.0522406 -0.0495013   -2.88644    7.62638 -0.0904646 0.000494641 0.000168151 0.000114291    0.16286   0.181892 -0.0209157   0.220217 -0.0595599   -9.80635  8611
             50.3006 -1.10604  3.32467  110.917 45.6176 45.5042 1.13553 -0.828872   1.34515   179.961    1.79008  0.0522806 -0.0495159   -2.91136    7.69823 -0.0984013 0.000463246 0.000162374 9.90237e-05  0.159796  0.178483 -0.019507   0.217964 -0.0599429   -9.80639  8615
             50.4007 -1.12753  3.36734  110.876 45.3194 46.2854 1.12636 -0.840989   1.35098   179.937    1.79019  0.0522741 -0.0495086  -2.94215   7.74734 -0.100397 0.000463918 0.000152973 9.87609e-05   0.158769   0.179854 -0.0197067   0.216436 -0.0606429   -9.80642  8577
                50.5 -1.24236  3.33849  110.853 45.0176 47.0789 1.11696 -0.867781   1.35873   179.904    1.79035  0.0520602 -0.0494865  -2.96662   7.81133 -0.105545  0.00044416 0.000148052 0.000104094    0.15819   0.185142 -0.0209411  0.214751 -0.060088  -9.80646  8625
             50.6012 -1.31736  3.28201  110.893 44.7191 47.8711  1.1045 -0.848334   1.35738   179.858    1.79031  0.0521147 -0.0494914  -2.96229   7.88782 -0.108916 0.000445647 0.000151902 8.89105e-05   0.155639   0.182344 -0.0195893   0.213086 -0.0596925    -9.8065  8696
             50.7011 -1.32531  3.28281  110.813 44.4178  48.659 1.09193 -0.826766   1.35302   179.911    1.7902 0.0525841 -0.049473  -2.96884   7.94997 -0.100918 0.000456206 0.000134694 8.68348e-05   0.156196   0.174843 -0.0179027   0.214618 -0.0629706   -9.80645  8793
             50.8013 -1.26332  3.28577  110.938 44.1192 49.4728 1.07793 -0.776076   1.34796   179.815    1.79003  0.0525007 -0.0494903   -2.98162    8.05369 -0.0875124 0.000461163 0.000168354 5.28046e-05   0.151151   0.168692 -0.0145426    0.21165 -0.0609101   -9.80653  8819
             50.9013 -1.19127  3.36203  110.926 43.8134 50.2877 1.06608 -0.75238  1.35053  179.762    1.79012  0.0525605 -0.0495318   -3.02066    8.10062 -0.0911142 0.000456864 0.000169765 6.88689e-05   0.147929    0.16383 -0.0121511   0.209243 -0.0616921   -9.80657  8894
                  51 -1.22359  3.41672  110.977 43.4994 51.1195 1.05639 -0.767232   1.35862   179.705    1.79032   0.052396 -0.0495146  -3.05253   8.15608 -0.103978 0.000451047 0.000115266 4.63159e-05   0.145527   0.166496 -0.0124581   0.206337 -0.0616427   -9.80664  8905
              51.101 -1.23146  3.30634   110.96 43.1887  51.944 1.04155 -0.750576   1.35922   179.685    1.79033  0.0525436 -0.0495318 -3.05184  8.21667 -0.14028 0.000458248 0.000109643 5.83096e-05   0.143726   0.162446 -0.0105187   0.205225 -0.0626861   -9.80665  8960
             51.1999 -1.22715   3.1555  111.002 42.8739 52.7864 1.02549 -0.743592   1.36128   179.645    1.79033  0.0525148 -0.0495708  -3.08321   8.28895 -0.136431 0.000469174 0.000109653 4.47871e-05      0.1416    0.161376 -0.00942831   0.203494 -0.0626045   -9.80669  8863
              51.301 -1.18022  3.10199  110.955 42.5644 53.6172 1.01249 -0.722638   1.35526   179.694    1.79011  0.0527905 -0.0495446   -3.09122    8.36829 -0.0808008 0.000474472 0.000127719 2.08733e-05   0.142833   0.155912 -0.0075625   0.205492 -0.0641602   -9.80664  8860
              51.401 -1.06736  3.14806  110.852 42.2487 54.4545 1.00245 -0.712298   1.35594   179.728    1.79003  0.0530114 -0.0496075   -3.12215    8.41054 -0.0799364 0.000458825 0.000130857 3.42521e-05    0.143425    0.151089 -0.00564479   0.206212 -0.0666868   -9.80661  8833
             51.4999 -1.08029  3.20661  110.805  41.9255  55.3021 0.995608 -0.724706   1.35904   179.773    1.79004  0.0532372 -0.0496498    -3.1572    8.43814 -0.0841312 0.000450823 0.000127952 6.06674e-06   0.144925    0.14967 -0.0059527   0.207081 -0.0695645   -9.80657  8865
             51.6012 -1.08077  3.18565  110.732  41.6052  56.1425 0.985747 -0.72584   1.3595  179.819    1.79002  0.0534579 -0.0496683  -3.18588    8.4676 -0.105369 0.000438442 0.000131625 3.72366e-06     0.14645      0.1469 -0.00528932   0.208338 -0.0719647   -9.80652  8852
             51.7018 -1.10523  3.18372  110.694  41.2244  57.1671 0.971445 -0.719397    1.3597   179.792    1.79002   0.053392 -0.0496664  -3.16897   8.55596 -0.117261 0.000435923 0.000112594 2.20754e-05    0.145423    0.147062 -0.00457131   0.207573 -0.0709458   -9.80655  8904
             51.8015 -1.05446  3.14675  110.583  40.943 57.9103 0.95966 -0.7062 1.35304 179.959    1.78984   0.053929 -0.0497165  -3.16901   8.54663 -0.106871  0.000426243  0.000131261 -3.87075e-05    0.152621    0.139137 -0.00247132   0.213929 -0.0755835   -9.80638  8948
              51.901 -1.00963  3.12187  110.518  40.6228  58.7695 0.948547 -0.706116   1.35394   179.968    1.78985  0.0539893 -0.0497212  -3.18653   8.60791 -0.103219  0.000403982  0.000140102 -3.11042e-05    0.152964     0.13831 -0.00199545  0.214124 -0.076222  -9.80637  8959
             51.9998 -1.01119  3.13869  110.484 40.2973 59.6484 0.93611 -0.700993   1.35504   179.959    1.78987  0.0540062 -0.0497205  -3.19386   8.66769 -0.111708  0.000408921  0.000127669 -2.69836e-05     0.152687     0.137623 -0.000651427    0.21386 -0.0760625   -9.80637  8889
             52.1019 -1.02654  3.18336   110.44  39.9099   60.682 0.924741 -0.707896   1.35624   179.986     1.7899  0.0541352 -0.0497212   -3.24903    8.70224 -0.0897305  0.000388223  0.000123958 -4.03858e-05    0.153733    0.136719 -0.00116231   0.214486 -0.0776753   -9.80635  8857
             52.2008 -1.06408  3.17296  110.251  39.6234  61.4459 0.915256 -0.699921   1.35117  -179.901    1.78976  0.0545456 -0.0498194   -3.21753    8.69671 -0.0994511  0.000377737  0.000162044 -3.78409e-05  0.161169  0.131633 0.0002122   0.220393 -0.0807743   -9.80619  8861
             52.3019 -1.06752  3.21379  110.168  39.2398  62.4785 0.901939  -0.6985  1.35054 -179.849    1.78973  0.0547503 -0.0498605  -3.21504   8.75152 -0.126815  0.000355072  0.000161612 -5.38542e-05   0.164155   0.129633 0.00096253   0.222575 -0.0821997   -9.80613  8810
              52.402 -1.08231  3.21706  110.092  38.8926  63.4196 0.888295 -0.694916   1.34846  -179.759    1.78962  0.0550837 -0.0499188  -3.21829   8.77278 -0.134551  0.000349529    0.0001959 -0.000101727   0.169554    0.12661 0.00179896   0.226545 -0.0842176   -9.80602  8765
             52.5002 -1.05058  3.23459   109.94  38.6076  64.1992 0.875587 -0.690519   1.34691  -179.655   1.78952 0.0553908 -0.049974  -3.19047   8.77532 -0.135659    0.0003185  0.000219228 -0.000102437   0.175975   0.123414 0.00310048    0.23109 -0.0863284    -9.8059  8709
             52.6034 -1.03515  3.30886  109.794 38.2312 65.2216 0.86142 -0.694597   1.34783   -179.58    1.78941  0.0556144 -0.0500498  -3.21418   8.78787 -0.139294  0.000315985   0.00022647 -9.54724e-05   0.180258   0.121051 0.00214147   0.233848 -0.0887662   -9.80581  8806
             52.7014 -1.10614  3.32639  109.703  37.9429  65.9918 0.851654 -0.699596   1.34875   -179.49    1.78926  0.0558457 -0.0500958  -3.22969   8.77049 -0.146252 0.000310525 0.000231862 -0.00013745    0.185376    0.118165 0.000286057   0.237129 -0.0917376    -9.8057  8821
             52.8027 -1.12521  3.35614  109.632  37.5509  67.0342 0.834794 -0.710896   1.35434  -179.486    1.78942  0.0559381 -0.0500611  -3.23801   8.81846 -0.157964  0.000289496  0.000225108 -0.000153027     0.185037     0.117218 -0.000594253   0.236269 -0.0936966   -9.80571  8867
             52.9028 -1.21102  3.35328  109.526  37.2023  67.9871 0.819473 -0.708071   1.35341  -179.451    1.78929  0.0559486 -0.0500832  -3.24959   8.84043 -0.151948  0.000299465  0.000219593 -0.000161901   0.187352   0.116374 -0.0020764   0.237884 -0.0941355   -9.80566  8909
             53.0013 -1.25559  3.32591    109.4   36.914  68.7723 0.807886 -0.707128   1.35417   -179.39    1.78919  0.0560567 -0.0500677 -3.24232  8.84076 -0.15384  0.000262889   0.00020646 -0.000171109   0.191525   0.114679 -0.0035968  0.240472 -0.095512  -9.80559  8957
             53.1029 -1.31967  3.28207  109.306  36.5265  69.8277 0.790819 -0.708613   1.35723  -179.399    1.78927  0.0559438 -0.0500691  -3.25245   8.91726 -0.152468  0.000230805  0.000191659 -0.000194751    0.190867    0.114771 -0.00496516   0.239744 -0.0955726    -9.8056  8916
             53.2013 -1.42375  3.27889  109.128  36.2314  70.6317 0.780026 -0.710257   1.36145  -179.382     1.7893  0.0558634 -0.0500506  -3.25772    8.9634 -0.139728  0.000223226  0.000185822 -0.000200666    0.192061    0.114211 -0.00684416   0.240049 -0.0962393   -9.80559  8970
             53.3017 -1.51856  3.32727  108.931  35.8392  71.7177 0.767066 -0.709255   1.36531  -179.406    1.78933  0.0556779 -0.0500478  -3.24307   9.06671 -0.117189  0.000192961  0.000201379 -0.000248644    0.191008    0.114842 -0.00848386    0.23906 -0.0956029   -9.80562  8978
             53.4035 -1.61475  3.38684  108.631 35.4944 72.6915   0.753 -0.710094   1.36239  -179.371    1.78931  0.0557876 -0.0500737  -3.17829   9.11753 -0.126559  0.000242765  0.000194052 -0.000250674    0.192548    0.113997 -0.00759245   0.240225 -0.0964377   -9.80558  8992
             53.5016 -1.53094  3.39716  108.387  35.1502  73.6926 0.734173 -0.705536   1.35124  -179.354    1.78935  0.0558259 -0.0500744  -3.12669    9.1536 -0.154222 0.000233891 0.000190634 -0.00027807    0.191758    0.113072 -0.00455311   0.240817 -0.0965599   -9.80557  8996
             53.6034 -1.49771  3.37394  107.985  34.8164  74.6572 0.715139 -0.706277   1.33982  -179.204    1.78928  0.0558086 -0.0501132  -3.10559   9.14232 -0.167048  0.000244318  0.000188524 -0.000315264     0.19655    0.109889 -0.00233515   0.244464 -0.0995239   -9.80545  9079
             53.7029 -1.53763  3.38112  107.604  34.4808  75.6349 0.698789 -0.715281   1.34538  -179.103    1.78921  0.0558548 -0.0501438 -3.05486  9.17052  -0.1616  0.000190453  0.000162519 -0.000340315    0.201593    0.108732 -0.00335537  0.246615 -0.101895  -9.80537  9114
             53.8023 -1.50789  3.35426  107.227  34.1526  76.6278 0.682015 -0.71724   1.3451 -179.039     1.7892  0.0558732 -0.0501248  -2.98601   9.20412 -0.179276  0.000195535  0.000142412 -0.000363236     0.20442    0.108099 -0.00363545  0.248145 -0.102958  -9.80532  9141
             53.9034 -1.55054  3.28892  106.804  33.8309  77.6037 0.663651 -0.723094   1.34256   -178.91    1.78916  0.0559457 -0.0500568  -2.92956   9.20102 -0.163074  0.000189912  0.000100599 -0.000392027     0.20871    0.105743 -0.00318021  0.250441 -0.105819  -9.80523  9119
             54.0014 -1.47621  3.19708  106.581  33.5671  78.4415 0.647662 -0.718888   1.33943  -178.953    1.78913  0.0558492 -0.0501125  -2.89316   9.25995 -0.166198  0.000156147  9.98818e-05 -0.000402928     0.20631    0.105622 -0.00248616  0.249489 -0.105094  -9.80526  9173
              54.103 -1.48943  3.15412  106.439  33.2205  79.5744 0.633455 -0.730264   1.36671  -179.143     1.7892  0.0551771 -0.0502638  -2.88289   9.38918 -0.138621  0.000186917  0.000104448 -0.000431442    0.202883    0.111224 -0.00526086  0.245543 -0.101704   -9.8054  9128
             54.2021 -1.48485  3.06024  106.199  32.9012  80.6177 0.621846 -0.741302   1.38463  -179.214    1.78934  0.0549281 -0.0503339 -2.87408  9.48257 -0.10219  0.000126804  0.000128794 -0.000444658    0.202406    0.113805 -0.00682035  0.243758 -0.100807  -9.80545  9085
             54.3032 -1.5098  3.0586 105.892  32.5873  81.6464 0.611325 -0.747612   1.38735  -179.207    1.78948  0.0549882 -0.0503283   -2.83184    9.55764 -0.0879384  0.000205689  0.000130355 -0.000482078   0.202229   0.113034 -0.0066781  0.243223 -0.101781  -9.80546  9066
             54.4025 -1.54346   3.1023  105.589  32.2775  82.6935 0.603688 -0.754731   1.39663  -179.222    1.78947   0.054928 -0.0503122  -2.83476   9.60089 -0.069655  0.000139241  0.000135286 -0.000493101    0.203101    0.114529 -0.00771561  0.242886 -0.101575  -9.80547  9067
             54.5031 -1.68279  3.13545  105.282 31.9628 83.7329 0.59852 -0.77851  1.41626 -179.206    1.78951  0.0548923 -0.0502121   -2.77904    9.63376 -0.0903346  0.000113288  0.000127711 -0.000511874   0.205893   0.116244 -0.0097663  0.242291 -0.102979  -9.80547  8939
             54.6031 -1.77151  3.10952  105.003  31.6631   84.774 0.589979 -0.788199    1.4252  -179.184    1.78948  0.0548734 -0.0502144   -2.73211     9.6657 -0.0946031  0.000103579  0.000104721 -0.000526837   0.208197   0.117439 -0.0109418  0.242591 -0.103499  -9.80545  8846
             54.7014 -1.79922  3.09708  104.818   31.417  85.6507 0.582566 -0.792713    1.4327  -179.207    1.78944  0.0547261 -0.0502045   -2.71225    9.71747 -0.0921342  8.85452e-05  8.19243e-05 -0.000544757   0.208419   0.118908 -0.0117483  0.242165 -0.102987  -9.80547  8725
             54.8033 -1.85457  3.06857  104.685  31.0969  86.8254 0.575928 -0.804023   1.45555  -179.308    1.78924  0.0540057 -0.0501678   -2.67692    9.82147 -0.0686162  7.29158e-05  0.000100808 -0.000571859   0.207535   0.123838 -0.0141083  0.240293 -0.100667  -9.80554  8666
              54.903 -1.9986 3.02271 104.479 30.7998  87.905 0.56869 -0.807094   1.46095  -179.369    1.78935  0.0537301 -0.0501417   -2.65105    9.89394 -0.0492235 6.97198e-05 0.000101959 -0.00055874   0.204718   0.124231 -0.0140916   0.238556 -0.0999809   -9.80559  8486
             55.0015 -1.98471  2.95752  104.331  30.5641  88.8049 0.562512 -0.796172   1.45218  -179.406     1.7893  0.0536231 -0.0501569   -2.61278    9.94861 -0.0407103  2.46619e-05  0.000110252 -0.000570351   0.201838   0.123595 -0.0129266   0.238132 -0.0989433   -9.80561  8358
             55.1035 -1.98842  2.86967  104.269   30.254   90.007 0.553801 -0.779574    1.4413  -179.523    1.78932  0.0530862 -0.0502492  -2.54954   10.0505 -0.032602  6.01738e-05  0.000117949 -0.000607037   0.194042   0.122245 -0.0104507   0.235774 -0.0967117   -9.80569  8285
             55.2013 -1.88488  2.76622   104.24  30.0196  90.9374 0.548224 -0.769985   1.43841  -179.631    1.78934  0.0524473 -0.0503922  -2.51366    10.123 -0.032992  7.48516e-05  0.000111065 -0.000601303    0.187775    0.121693 -0.00883152   0.233463 -0.0947957   -9.80576  8265
              55.302 -1.67231  2.47863  104.239 29.7088 92.1791 0.54264 -0.761733   1.44121  -179.769    1.78933  0.0514741 -0.0508608    -2.53065     10.2262 -0.00451747  0.000100221  0.000113056 -0.000617163   0.180506   0.121297 -0.0069759   0.230358 -0.0924969   -9.80586  8153
             55.4031 -1.53257  2.21305  104.074  29.4268   93.297 0.541228 -0.754043   1.42956  -179.794    1.78917  0.0511003 -0.0511221  -2.55729   10.2794 0.0484969   9.3114e-05    8.749e-05 -0.000595537    0.176065     0.11873 -0.00452056  0.229156 -0.092355  -9.80589  8077
             55.5014 -1.45017   1.9809   103.97  29.1956  94.2277 0.545891 -0.749299   1.42396  -179.807    1.78903  0.0509252 -0.0512045 -2.55253  10.3341 0.103807   8.8622e-05  0.000101576 -0.000605167    0.174133    0.117861 -0.00338315   0.228752 -0.0920718    -9.8059  7990
             55.6046 -1.40736  1.83493  103.878  28.8963  95.4508 0.559092 -0.740555   1.42069  -179.849    1.78884  0.0506164 -0.0513085 -2.55537  10.4079 0.165691  8.31254e-05   0.00011742 -0.000621889    0.171073    0.117355 -0.00154939   0.227899 -0.0909605   -9.80593  7893
             55.7026 -1.3569 1.78881 103.766  28.6166  96.5924 0.576333 -0.735462   1.41521  -179.866    1.78875  0.0504172 -0.0513183 -2.55554  10.4635 0.198276  5.76166e-05  0.000158273 -0.000641383     0.16883    0.116542 0.000511581   0.227369 -0.0905059   -9.80595  7865
             55.8014 -1.37999  1.81356  103.619  28.3851  97.5304 0.590553 -0.733279    1.4032  -179.853    1.78879  0.0503581 -0.0513395 -2.53717  10.4766 0.197418  7.09742e-05  0.000158421 -0.000644587    0.16745   0.115054 0.00317779  0.227415 -0.090876  -9.80594  7867
             55.9031 -1.38483  1.92555  103.513   28.083  98.7913 0.611585 -0.730838   1.41141  -179.902    1.78886   0.050198 -0.0510601 -2.52472   10.535 0.187215 6.83543e-05 0.000170448 -0.00065882  0.165008   0.11614 0.0040217    0.22614 -0.0894736   -9.80598  7799
             56.0014 -1.36558  2.04068   103.39  27.8586  99.7405 0.626062 -0.728412   1.40857  -179.905    1.78908  0.0501807 -0.0510552 -2.48116   10.535 0.181045  6.91212e-05  0.000194912 -0.000671288   0.164484    0.11624 0.00559233   0.226157 -0.0891421   -9.80599  7746
             56.1029 -1.35268  2.28713  103.286 27.5636  101.01 0.64389 -0.725628   1.41039  -179.963   1.78928  0.049999 -0.050505  -2.4687  10.5427 0.149548  6.39849e-05  0.000227863 -0.000693951   0.160193   0.117833 0.00659607    0.22471 -0.0873458   -9.80604  7736
             56.2035 -1.49173  2.52569  103.082  27.2963  102.144 0.657671 -0.727219   1.41231  -179.958    1.78917  0.0499909 -0.0504934  -2.45785   10.4943 0.0864577  4.58711e-05  0.000220891 -0.000687493   0.160505    0.11746 0.00611049   0.224619 -0.0876461   -9.80604  7731
             56.3044 -1.53376  2.74944  102.833  27.0343  103.255 0.666069 -0.729736   1.41893  -179.921    1.78898  0.0499949 -0.0507272   -2.4078   10.4463 0.0410888 -2.03662e-05   0.00019913 -0.000688824   0.163812   0.116383 0.00548374   0.225194 -0.0887611   -9.80601  7710
             56.4045 -1.68079   2.9298  102.595  26.7824  104.356 0.669362 -0.731002   1.42677  -179.884    1.78889  0.0499836 -0.0509847    -2.34028     10.3776 -0.00160236  6.56197e-06  0.000183973 -0.000709112   0.168183   0.115797 0.00527897   0.226154 -0.0897398   -9.80598  7691
             56.5029 -1.77912  3.10533  102.338  26.5259  105.475 0.668879 -0.733264   1.44142  -179.853    1.78856    0.04991 -0.0509707   -2.29065    10.3215 -0.0608521 -1.49805e-05  0.000133776 -0.000719881   0.170983   0.114571 0.00390522   0.226043 -0.0906357   -9.80598  7691
             56.6048 -1.82365   3.1322  102.027  26.2813  106.557 0.665194 -0.737733   1.47947  -179.774    1.78808  0.0497496 -0.0510333   -2.24172    10.2393 -0.0834904 -5.59332e-05  7.70401e-05 -0.000724864   0.180893   0.113032 0.00168621     0.2269 -0.0926338   -9.80594  7610
              56.703 -1.94132  3.04985  101.769   26.037  107.668 0.658699 -0.739344   1.51148  -179.767    1.78786  0.0495553 -0.0510514   -2.19183    10.2368 -0.0818312 -6.25163e-05  3.97576e-05 -0.000741263     0.185751     0.112895 -0.000541022   0.226718 -0.0929839   -9.80594  7533
             56.8045 -1.98363  2.91155  101.406  25.8085  108.746 0.653314 -0.742618   1.54099  -179.713    1.78775  0.0494062 -0.0508358   -2.11733    10.2111 -0.0574097 -9.22899e-05 -6.96974e-06 -0.000770578    0.194495    0.112876 -0.00182512   0.227851 -0.0942441    -9.8059  7521
             56.9047 -1.98037  2.81218  100.983  25.5847  109.822 0.650033 -0.74619  1.54256 -179.641    1.78767  0.0493682 -0.0506029  -2.03192   10.2196 0.0155911 -0.000134204 -2.72292e-05 -0.000821491    0.198107    0.111986 -0.00167068   0.22859 -0.095596  -9.80587  7457
             57.0028 -2.01134  2.88593  100.566  25.3624  110.937 0.651946 -0.747126   1.53869  -179.646   1.78766 0.0494186 -0.050658 -1.95349  10.2693 0.036772 -0.000156305 -1.63428e-05 -0.000853194    0.196455    0.111583 -0.00148055   0.228182 -0.0955481   -9.80588  7428
             57.1046 -1.92756  2.94016  100.125  25.1556  112.036 0.652259 -0.744775   1.51158  -179.643    1.78762  0.0494487 -0.0507228   -1.84403    10.2892 -0.0013919 -0.000176459 -7.29657e-06 -0.000862067    0.191273    0.110417 1.66908e-06   0.227855 -0.0954873   -9.80589  7433
             57.2028 -1.7551 2.98348 99.7765  24.9642  113.156 0.650807 -0.739762    1.5019   -179.66   1.78759  0.049395 -0.050633   -1.74453    10.2887 -0.0301407 -0.000202614  7.37847e-06 -0.000893974    0.189425    0.110594 0.000436319   0.228007 -0.0950113   -9.80589  7458
             57.3047 -1.70587  2.98981  99.4439  24.7765  114.258 0.645715 -0.740372   1.49853  -179.675     1.7876  0.0493853 -0.0507015   -1.71088    10.2978 -0.0441745 -0.000212043 -4.50635e-06 -0.000906755    0.187648    0.110008 0.000659262   0.227566 -0.0948957    -9.8059  7398
             57.4048 -1.74895  2.94531  99.1834  24.5877  115.369 0.641122 -0.746033   1.50862  -179.724    1.78771  0.0493021 -0.0507949   -1.66532    10.3409 -0.0556941 -0.000248516  1.89327e-05 -0.000920705    0.186075    0.109616 0.000100874   0.226483 -0.0945186   -9.80593  7399
             57.5035 -1.74204  2.84204  98.9075  24.3998  116.504 0.635557 -0.745414   1.50125   -179.79    1.78776  0.0490752 -0.0509428    -1.6427    10.3725 -0.0369993 -0.000273082  8.40226e-05  -0.00092015    0.180554     0.10823 0.000532445   0.225247 -0.0937256   -9.80597  7417
             57.6048 -1.80079  2.79677   98.607  24.2252  117.613 0.635008 -0.750038   1.51241  -179.799    1.78784  0.0490422 -0.0509484  -1.57491   10.4089 0.0090334 -0.000311266  8.66672e-05 -0.000930038     0.181796     0.108785 -0.000155446   0.225029 -0.0936967   -9.80597  7384
             57.7033 -1.80601  2.78919  98.3756   24.051  118.754 0.636847 -0.752242   1.51779  -179.852    1.78789  0.0487957 -0.0509895  -1.52546   10.4664 0.0175289 -0.000315443   0.00014601 -0.000950025     0.179351     0.108629 -0.000434194   0.224198 -0.0930063     -9.806  7356
             57.8049 -1.87746  2.75978  98.0934  23.8875  119.865 0.637312 -0.749473   1.50388  -179.831     1.7879  0.0489088 -0.0509408   -1.47503    10.4714 0.00993902  -0.00033298  0.000154712 -0.000965085    0.177603    0.106785 0.000559126  0.224092 -0.093425  -9.80599  7365
             57.9047 -1.83084  2.82506  97.8093  23.7283  120.984 0.638571 -0.751435     1.505  -179.836    1.78794  0.0488854 -0.0509329  -1.43879   10.4932 0.0028133 -0.000380475  0.000130429 -0.000966877    0.177154    0.106374 0.000511161   0.223816 -0.0934503     -9.806  7331
             58.0028 -1.95388   2.8482  97.6432  23.5714  122.147 0.639206 -0.751661   1.51247  -179.909    1.78788  0.0484704 -0.0508813   -1.37812    10.5483 -0.0173666 -0.000371069  0.000197269 -0.000968658     0.173919     0.107165 -6.22409e-05   0.223101 -0.0921948   -9.80603  7393
             58.1043 -1.89232   2.7763  97.3915  23.4258  123.268 0.638918 -0.756441   1.51751  -179.884    1.78794  0.0485754 -0.0508841   -1.29932    10.5557 -0.0170303 -0.000440342  0.000189988 -0.000982457    0.176297    0.107677 -0.00071081   0.223275 -0.0926767   -9.80602  7438
             58.2028 -1.86967  2.73745  97.2389  23.2815  124.432 0.633579 -0.748713   1.50934  -179.938   1.78787 0.0482965 -0.050889   -1.2591   10.6033 -0.025879 -0.00041073 0.000230697 -0.00099123    0.171062    0.106053 0.000635927   0.222638 -0.0917365   -9.80604  7547
             58.3046 -1.85772  2.67396  97.0013  23.1406  125.556 0.632416 -0.754443   1.51181  -179.908    1.78799  0.0484251 -0.0508911      -1.245     10.6025 -0.00770901 -0.00045483 0.000203778 -0.00099198    0.172786    0.105069 0.000331864   0.222448 -0.0924678   -9.80604  7425
             58.4046 -1.78881    2.682  96.8149  23.0024  126.698 0.632887 -0.757032   1.51426  -179.925    1.78805   0.048353 -0.0509135  -1.22527   10.6398 0.0274545 -0.000494283  0.000220971 -0.000996839  0.171477  0.104386 0.0001077   0.221957 -0.0922857   -9.80605  7471
             58.5037 -1.77617  2.73405  96.6565  22.8679  127.853 0.638985 -0.763603   1.51969  -179.945   1.78809 0.0482843 -0.050889  -1.21599   10.6776 0.0257384 -0.000518452  0.000260468   -0.0010127   0.170701   0.105287 -0.0018167    0.22158 -0.0919682   -9.80607  7452
             58.6049 -1.78703  2.79539  96.4414  22.7348  128.997 0.642031 -0.765853   1.52148  -179.959    1.78812  0.0482306 -0.0508576   -1.1881   10.6875 0.0219769 -0.000559714  0.000270693   -0.0010002      0.1695    0.104888 -0.00215629   0.221203 -0.0917714   -9.80608  7517
             58.7044 -1.78255  2.83231  96.2651   22.604  130.157 0.645231 -0.768849   1.52394  -179.996    1.78813  0.0480877 -0.0507738   -1.16138    10.7286 0.00791927 -0.000581898  0.000317448  -0.00100017    0.166288    0.105084 -0.00366908   0.220591 -0.0910305    -9.8061  7514
             58.8054 -1.79561  2.84885  96.0805  22.4862    131.3 0.641865 -0.764397   1.52519  -180.011    1.78814  0.0480266 -0.0507611   -1.11435     10.741 -0.0110566 -0.000560164  0.000319748  -0.00100385    0.165488    0.105087 -0.00180493    0.22066 -0.0906823    -9.8061  7540
             58.9054 -1.70497  2.83099   95.921  22.3655  132.453 0.643095 -0.765262   1.52632   179.984    1.78815  0.0479208 -0.0507469  -1.09092   10.7684 0.0139473 -0.000600214  0.000390072  -0.00101825     0.16219    0.105005 -0.00280453   0.220147 -0.0899709   -9.80612  7536
             59.0036 -1.7894  2.8542 95.8005  22.2515  133.634 0.643247 -0.762127   1.52995   179.934    1.78812  0.0476662 -0.0507585  -1.04611   10.7807 0.0233988 -0.000552367  0.000471887  -0.00102953    0.158029    0.105746 -0.00218934   0.219819 -0.0887712   -9.80613  7597
             59.1052 -1.77609  2.83523  95.5707  22.1413  134.781 0.645126 -0.761726   1.53094   179.924    1.78812  0.0476379 -0.0507636 -1.02659  10.7579 0.019602 -0.000553471  0.000493825  -0.00102488    0.157261    0.105844 -0.00191017   0.219748 -0.0885529   -9.80614  7633
              59.204 -1.75705   2.8336   95.393  22.0329  135.949 0.646852 -0.761549   1.53392   179.897    1.78814  0.0475595 -0.0507775 -0.978357   10.7531 0.0228074 -0.000577538  0.000544632  -0.00103632    0.154524    0.105868 -0.00174643   0.219399 -0.0878877   -9.80615  7681
             59.3032 -1.70317   2.8186  95.1854  21.9279  137.119 0.649744 -0.761727   1.53623    179.88    1.78815   0.047529 -0.0507926  -0.93709    10.748 0.0266126 -0.00059788 0.000572592 -0.00104687    0.152674    0.105755 -0.00186698   0.219131 -0.0874614   -9.80616  7652
             59.4048 -1.73204  2.79081  94.9517  21.8296  138.262 0.652213 -0.762606   1.53539   179.888    1.78816   0.047539 -0.0507846 -0.899527   10.7183 0.0227363 -0.00056747 0.000544844 -0.00106739    0.153049    0.105586 -0.00168634    0.21912 -0.0876154   -9.80616  7701
             59.5026 -1.73232  2.76888  94.7479  21.7355  139.425 0.654512 -0.763393   1.53393   179.891    1.78816    0.04754 -0.0507817 -0.849833   10.6972  0.035392 -0.000594056  0.000537274  -0.00110105     0.15286    0.105584 -0.00118469   0.219101 -0.0876447   -9.80616  7731
             59.6042 -1.70711  2.81515  94.4245  21.6464  140.559 0.659681 -0.764686   1.53326   179.918    1.78815  0.0475331 -0.0508023 -0.784198   10.6508 0.0539747 -0.000609286  0.000491353  -0.00110647    0.154902    0.105185 -0.00145633   0.219161 -0.0881723   -9.80615  7736
             59.7048 -1.78538  2.82973  94.1581  21.5651  141.691 0.664926 -0.764956   1.53303   179.918   1.78815 0.0475368 -0.050799 -0.738722   10.5978 0.0462731 -0.000573641  0.000484205  -0.00113038     0.15468    0.105135 -0.00138216   0.219128 -0.0881482   -9.80616  7801
             59.8043 -1.84027  2.82869  93.8832  21.4831  142.828 0.670591 -0.766733   1.53822   179.919    1.78814  0.0475549 -0.0507666  -0.69546   10.5562 0.0376624 -0.000643363  0.000448195   -0.0011479    0.154101    0.104244 -0.00214828  0.218778 -0.088043  -9.80616  7803
             59.9059 -1.87962  2.71064  93.5911  21.4131  143.941 0.672663 -0.767839    1.5307   179.921    1.78812  0.0475866 -0.0507592 -0.599367    10.528 0.0481739 -0.00062926 0.000431534 -0.00116979    0.152601    0.104166 -0.00111057   0.218716 -0.0879997   -9.80617  7872
             60.0047 -1.8608 2.61864 93.3601   21.352   145.08 0.678362 -0.767567   1.52928   179.875    1.78809  0.0475417 -0.0508682 -0.526353   10.5384 0.0826482 -0.000610044  0.000495324  -0.00118946     0.148332     0.104161 -0.000441996   0.218502 -0.0871557   -9.80618  7854
             60.1062 -1.84858  2.51842  93.0799  21.2937  146.197 0.682891 -0.768973   1.50941    179.86      1.788   0.047554 -0.0509446 -0.494144   10.5415 0.0991482 -0.000643884  0.000534682  -0.00120169    0.14242    0.10345 0.00200697   0.218209 -0.0866457   -9.80619  7864
             60.2051 -1.7965 2.50714 92.8473 21.2413 147.335 0.69145 -0.769537   1.50038   179.812   1.78795 0.0474479 -0.051006 -0.412487   10.5671  0.110741 -0.000656202  0.000636745  -0.00121886  0.136009  0.102678 0.0035251   0.217855 -0.0856839   -9.80621  7911
             60.3049 -1.75137  2.60986  92.5894  21.1987  148.476 0.702844 -0.768554   1.49637   179.759     1.7879  0.0473188 -0.0508855 -0.356862   10.5721  0.121768 -0.000655343  0.000718538  -0.00121449   0.130959   0.102212 0.00429844   0.217669 -0.0847811   -9.80622  8035
             60.4063 -1.60865  2.72152    92.29  21.1582  149.589 0.714077 -0.77052  1.49447  179.751    1.78793  0.0472949 -0.0508687 -0.331688    10.516 0.0968974 -0.000696655   0.00073749  -0.00123182  0.128837  0.101281 0.0046149   0.217386 -0.0845201   -9.80623  8171
             60.5045 -1.70288  2.77689  92.0469  21.1218  150.726 0.725468 -0.772296   1.51065   179.701    1.78779   0.047175 -0.0506731 -0.336447    10.471 0.0697426 -0.000731847  0.000818872  -0.00123158   0.127202    0.10114 0.00327188   0.217201 -0.0837676   -9.80624  8195
              60.606 -1.94113  2.72434  91.8101  21.0846  151.838 0.731897 -0.774208   1.51128   179.687    1.78783  0.0470753 -0.0505405 -0.268319   10.4508 0.0578081 -0.000774596  0.000836368  -0.00123104   0.123971  0.0998848 0.00301237   0.216839 -0.0832693   -9.80625  8266
              60.705 -1.90471  2.66593  91.5905 21.0582 152.962  0.7386 -0.774124    1.5079   179.662    1.78786  0.0469568 -0.0505522 -0.189765   10.4884 0.0746527 -0.000819284  0.000936631  -0.00123406   0.119863  0.0989382 0.00309201   0.216627 -0.0826519   -9.80626  8401
             60.8042 -1.88939  2.83119  91.3488  21.0351  154.094 0.752265 -0.777476   1.52064    179.65   1.78781 0.0468694 -0.050473 -0.203164   10.5184  0.120833 -0.000857945   0.00104715  -0.00124431   0.119681  0.0984836 0.00199264   0.216405 -0.0823612   -9.80627  8437
             60.9058 -2.11788  3.16155  91.0904  21.0122  155.196 0.765133 -0.781921   1.53474   179.668     1.7877  0.0468374 -0.0504855 -0.142742   10.4278 0.0581064 -0.000860686   0.00104349  -0.00125593    0.122708   0.0982796 0.000943611   0.216206 -0.0826192   -9.80627  8503
             61.0043 -2.18812  3.45971  90.8674  20.9966  156.326 0.764762 -0.777119   1.50881   179.635    1.78792  0.0467556 -0.0499474  -0.0701261     10.4027 -0.00971607 -0.000830339   0.00109827  -0.00126395   0.113494  0.0966414 0.00183627   0.216105 -0.0816735   -9.80628  8657
             61.1047 -2.21287  3.71505   90.611    20.99  157.431 0.761923 -0.778641   1.51787    179.63    1.78776  0.0467107 -0.0499423 -0.0633534    10.3338 -0.0658847 -0.000904265   0.00110321  -0.00125898   0.114956  0.0972275 0.00118915   0.216146 -0.0816888   -9.80628  8769
             61.2051 -2.3695 4.01392 90.3379  20.9828  158.522 0.755602 -0.782463   1.53694   179.645    1.78751  0.0466654 -0.0500397 -0.00179115     10.2615   -0.121205 -0.000923771   0.00109321  -0.00126714    0.119245   0.0974851 0.000190001   0.216029 -0.0819771   -9.80628  8799
             61.3075 -2.47876  4.22707   90.062  20.9827  159.572 0.739983 -0.783901   1.54454   179.679    1.78756  0.0467338 -0.0501731 0.0658355   10.1306 -0.166521 -0.000927997   0.00100036  -0.00127409    0.123264   0.0972464 0.000578426   0.215891 -0.0825099   -9.80628  8880
             61.4077 -2.50995  4.28166   89.832  20.9902  160.622 0.721061 -0.785017   1.55042   179.665    1.78747  0.0466789 -0.0502002 0.0921802   10.0367 -0.232024 -0.000915537  0.000951055  -0.00128591      0.12275    0.0973225 -0.000200185   0.215885 -0.0822678   -9.80628  8983
             61.5063 -2.55946  4.08843  89.6675  21.0048  161.689 0.696169 -0.780804   1.52854   179.604     1.7875   0.046489 -0.0507437  0.142247   10.0043 -0.217158 -0.000938492  0.000983408  -0.00129203     0.114076    0.0970633 -0.000129024   0.216154 -0.0813042   -9.80628  8947
             61.6074 -2.60309  3.86956  89.4502 21.0221 162.739 0.67694 -0.778975   1.52227   179.578    1.78759  0.0464053 -0.0513095  0.220487    9.9799 -0.157588 -0.000916443   0.00101171  -0.00128174     0.109416     0.096136 -0.000357016  0.216179 -0.080695  -9.80629  9004
             61.7064 -2.55946  3.59592  89.2961  21.0498  163.803 0.659458 -0.768672   1.48031   179.514    1.78719  0.0461127 -0.0523433  0.252938   9.99233 -0.110772 -0.000896935    0.0010947  -0.00128442  0.0964787  0.0943577 0.00113674   0.216562 -0.0795917   -9.80629  9011
             61.8061 -2.55088  3.41844  89.0631  21.0774  164.865 0.647476 -0.760288   1.44215   179.491    1.78674  0.0459427 -0.0529424   0.298359     9.9711 -0.0535713 -0.000935542   0.00116641  -0.00128305  0.0861353  0.0920817 0.00272574  0.216726 -0.078909  -9.80629  9096
             61.9072 -2.51682  3.27121  88.7909  21.1067  165.909 0.639638 -0.754325   1.40625   179.494    1.78626  0.0458152 -0.0533286   0.361475    9.92756 -0.0173368 -0.000908154   0.00118674  -0.00130744  0.0771513  0.0895748 0.00431386   0.216735 -0.0784419   -9.80629  9174
             62.0074 -2.45518  3.08569  88.4963  21.1399  166.943 0.632006 -0.746307   1.35552   179.507    1.78554  0.0455975 -0.0536834   0.361549    9.85971 -0.0287453 -0.000938916   0.00120474  -0.00132495  0.0658183  0.0863521 0.00660806  0.216748 -0.078002  -9.80629  9229
             62.1076 -2.49652  3.03228  88.1722 21.1739 167.968 0.63466 -0.754902   1.39049   179.504    1.78582  0.0457507 -0.0536713   0.38516   9.81471 0.0289911 -0.00103908  0.00120676 -0.00133324  0.0707644  0.0870102 0.00519085   0.216536 -0.0779199    -9.8063  9268
             62.2064 -2.6579 2.93836 87.8756  21.2171  169.011 0.633756 -0.747362   1.35886   179.472    1.78531  0.0457782 -0.0537139  0.492528   9.78677 0.0484497 -0.000957238   0.00129713  -0.00132149  0.0601143    0.08424 0.00713708   0.216814 -0.0771175    -9.8063  9292
             62.3063 -2.5218 2.83805 87.6009  21.2724  170.041 0.630941 -0.731956   1.29768   179.455   1.78474 0.0455272 -0.053773  0.555365   9.70491 0.0436861 -0.000983003   0.00131907  -0.00131548 0.0464559 0.0808324 0.0103517   0.217224 -0.0765561    -9.8063  9313
             62.4075 -2.55682  2.81896  87.2969   21.323  171.041 0.634267 -0.730891   1.28074    179.48    1.78469  0.0455016 -0.0538287  0.518821   9.59499 0.0558979 -0.00102331  0.00132344 -0.00133801 0.0440083 0.0797073 0.0111149   0.217095 -0.0766037    -9.8063  9367
             62.5062 -2.57687  2.89314  86.9918  21.3809  172.046 0.635723 -0.722422   1.23961   179.487     1.7847  0.0454174 -0.0537675   0.67195   9.43745 0.0889149 -0.00099702  0.00133688 -0.00133403 0.0354349 0.0770328 0.0132272   0.217222 -0.0763052    -9.8063  9396
             62.6075 -2.31434  2.85094  86.7214   21.451  173.019 0.631643 -0.698004   1.14373   179.508    1.78491  0.0447443 -0.0538043  0.692557   9.25222 0.0373357 -0.000932901   0.00130532  -0.00133048 0.0172945 0.0716929 0.0177411   0.217619 -0.0758296   -9.80629  9436
              62.706 -1.94891  2.69767  86.5126  21.5308   173.99 0.625223 -0.677772   1.07263   179.495    1.78489  0.0438165 -0.0537819   0.816633    9.03986 -0.0148885 -0.000813933    0.0012191  -0.00132618 0.0023576   0.06789 0.0205816   0.218126 -0.0751966   -9.80629  9456
             62.8071 -1.43357  2.20975  86.3175  21.6057  174.924 0.615726 -0.659859  0.991149   179.586    1.78469  0.0426109 -0.0542909  0.781158   8.93463 0.0219771 -0.000790823   0.00124045  -0.00130831 -0.012408 0.0627786 0.0233984   0.218054 -0.0748514   -9.80629  9513
             62.9072 -1.10191  2.13036  86.2387  21.6779  175.849 0.620827 -0.663651   1.00662    179.59    1.78476  0.0428521 -0.0543284  0.625564   8.83705 0.0497633 -0.000990767   0.00133792   -0.0013246 -0.00971755    0.063119   0.0229241   0.217951 -0.0749236   -9.80629  9417
             63.0061 -1.05947  2.42726  86.0572 21.7425 176.778 0.63466 -0.668845   1.03599   179.595     1.7846  0.0430322 -0.0542137 0.625245    8.684 0.129484 -0.000936052   0.00141543  -0.00133591 -0.00623227   0.0632695   0.0219229    0.21789 -0.0748626   -9.80629  9454
             63.1062 -1.13889  2.82135   85.988  21.8166  177.688 0.650979 -0.670317   1.07674   179.559    1.78388  0.0429602 -0.0540547  0.661516   8.46243 0.0824515 -0.000940869   0.00138242  -0.00135038 -0.000877796    0.0644075    0.0207025   0.218143 -0.0748486   -9.80629  9485
             63.2061 -1.0471 2.83405 85.8239   21.891  178.564 0.654631 -0.670011    1.0919   179.535    1.78365  0.0429645 -0.0541453    0.68082    8.18728 -0.0383421 -0.000938426   0.00126643  -0.00135531 0.00191888  0.0649809  0.0203936    0.21825 -0.0749276   -9.80629  9434
             63.3065 -0.928039   2.57535   85.6867  21.9702  179.404 0.654103 -0.669941   1.13599   179.484    1.78325   0.043052 -0.0542356  0.720728   7.99005 -0.019203 -0.000880322   0.00117621  -0.00136082 0.0120856 0.0659611 0.0197083   0.218279 -0.0753722   -9.80628  9458
             63.4062 -0.83627  2.32649  85.5507   22.051  180.237 0.656963 -0.668538   1.16966   179.452    1.78314  0.0429889 -0.0543149   0.73785   7.85599 0.0263976 -0.000862503    0.0011988  -0.00136379 0.0179614 0.0663039  0.019113   0.218434 -0.0755402   -9.80628  9416
             63.5061 -0.720665   2.22497   85.3353  22.1262  181.056 0.663191 -0.668918   1.16973   179.463    1.78315  0.0430025 -0.0543068   0.72248    7.7074 0.0917812 -0.000874537   0.00124391   -0.0013646 0.0178378 0.0660961 0.0190795   0.218389 -0.0755307   -9.80628  9439
             63.6074 -0.704633   2.28464   85.1626 22.2029 181.844 0.67482 -0.668227   1.17258   179.453    1.78312  0.0429811 -0.0543058 0.729154  7.51683 0.134576 -0.000861731   0.00123752  -0.00136976 0.0194987 0.0661955 0.0190896   0.218349 -0.0756515   -9.80628  9465
             63.7077 -0.65488  2.32237  84.9797  22.2801  182.619 0.687393 -0.669509   1.15945   179.451     1.7832  0.0430495 -0.0542833 0.728957  7.32089 0.121807 -0.000891015   0.00123169  -0.00137193 0.0149699 0.0666999 0.0193122   0.218532 -0.0753807   -9.80628  9467
             63.8076 -0.670549   2.26633   84.7792  22.3564  183.373 0.698161 -0.671607   1.14759   179.455   1.78327 0.0431464 -0.054269  0.731997   7.13634 0.0970279 -0.000873942   0.00121247  -0.00137323 0.0113194 0.0671246 0.0195319   0.218618 -0.0751764   -9.80628  9489
             63.9089 -0.718372   2.15464   84.5722   22.428  184.103 0.707482 -0.67475  1.14125  179.482    1.78333  0.0432704 -0.0542486  0.725458   6.98597 0.0758692 -0.000880112   0.00122014  -0.00137322 0.00791778  0.0670468  0.0195526    0.21865 -0.0749379   -9.80628  9456
             64.0078 -0.740315   2.04579   84.4002  22.5032  184.835 0.716549 -0.677744   1.13673   179.504    1.78341  0.0434163 -0.0543238  0.730513   6.88058 0.0826991 -0.000887254   0.00126535  -0.00136533 0.00233557  0.0672186  0.0194339   0.218938 -0.0745016   -9.80627  9414
             64.1085 -0.748302   1.96296   84.2662  22.5768  185.543 0.725217 -0.682368    1.1228   179.524    1.78347  0.0435678 -0.0543348 0.743837  6.76401 0.103142 -0.000884361   0.00127767  -0.00135583 -0.00237334   0.0676174   0.0196973  0.218974 -0.074219  -9.80627  9447
             64.2077 -0.718195   1.86845   84.1981   22.653  186.244 0.733059 -0.689693   1.09839   179.532    1.78349  0.0437261 -0.0543535 0.720882  6.67676  0.10236 -0.000897266   0.00126134  -0.00135149 -0.00865973   0.0691115   0.0204966   0.219008 -0.0739091   -9.80628  9385
             64.3075 -0.750579   1.73363   84.1088  22.7241  186.946 0.742316 -0.69874  1.07987  179.556    1.78352  0.0438435 -0.0544191 0.696161  6.66148 0.092746 -0.000923936   0.00127244   -0.0013626 -0.0156547   0.070455  0.0212223   0.219111 -0.0734819   -9.80628  9407
              64.409 -0.790815   1.61105   84.0303  22.7982  187.622 0.751231 -0.699063   1.07793   179.541    1.78345  0.0438581 -0.0544176 0.718832  6.63266 0.101768 -0.000937112   0.00124533  -0.00134726 -0.0152894  0.0713786  0.0215266   0.219133 -0.0735716   -9.80628  9382
             64.5075 -0.854259   1.52526   83.9678  22.8779  188.314 0.761161 -0.705826    1.0737   179.539    1.78335  0.0439051 -0.0544543 0.743705  6.61829 0.108379 -0.000889882   0.00126409  -0.00134746 -0.0180134  0.0740357  0.0225506   0.219307 -0.0734853   -9.80627  9312
             64.6088 -0.862102   1.49474   83.9182  22.9561  188.982 0.771166 -0.714383   1.07291   179.527    1.78329  0.0440347 -0.0544797 0.759949  6.57454 0.121201 -0.000904267   0.00124271  -0.00134829 -0.0158774  0.0764984  0.0242897  0.219047 -0.073672  -9.80628  9314
             64.7077 -0.872614   1.51679   83.8437   23.036  189.659 0.783208 -0.718253   1.07561   179.526    1.78329  0.0440592 -0.0544859 0.766565  6.52623 0.124811 -0.000879061   0.00122961  -0.00134653 -0.0151356  0.0778848  0.0250671   0.219009 -0.0737488   -9.80628  9324
             64.8075 -0.845816   1.51459   83.7825   23.116  190.332 0.795334 -0.720073   1.07796   179.526    1.78329  0.0440596 -0.0544818 0.767311  6.46126  0.11052 -0.000888949   0.00122641  -0.00134835 -0.0146417  0.0786542    0.02546   0.219001 -0.0738001   -9.80628  9302
             64.9087 -0.814492   1.52326    83.717  23.1952  190.981 0.805712 -0.72392  1.08114  179.518     1.7833  0.0440603 -0.0545703 0.750854  6.36792 0.111918 -0.000870702   0.00118722  -0.00135211 -0.0115415  0.0799339  0.0264828   0.218756 -0.0740214   -9.80628  9310
             65.0076 -0.82073  1.53646  83.6735  23.2765  191.638 0.817236 -0.719303   1.07547   179.522    1.78327  0.0440647 -0.0545399 0.767266  6.28957 0.100558 -0.000868296   0.00118352  -0.00136556 -0.0132192  0.0799909  0.0257483   0.218934 -0.0740569   -9.80628  9250
             65.1089 -0.782777    1.5448   83.6002  23.3532  192.273 0.827676 -0.713436   1.06082   179.516    1.78324  0.0441129 -0.0545971 0.759739  6.18402 0.100138 -0.000868904   0.00115148   -0.0013547 -0.0144042  0.0784364   0.024701   0.218864 -0.0740496   -9.80628  9236
             65.2075 -0.757295    1.5349   83.5281  23.4341   192.91 0.838665 -0.703676   1.04139   179.515    1.78321  0.0441865 -0.0545941  0.761987   6.08716 0.0994764 -0.000860046   0.00112783  -0.00134949 -0.0182207  0.0771487  0.0228688   0.219066 -0.0740156   -9.80627  9188
             65.3084 -0.689759    1.4719   83.4774  23.5146  193.528 0.849211 -0.694031   1.01854    179.51     1.7832  0.0442889 -0.0545953   0.77178   5.97727 0.0957781 -0.000840592   0.00110377  -0.00134748 -0.021533 0.0758241 0.0210607   0.219163 -0.0740273   -9.80627  9201
             65.4007 -0.609737   1.41817   83.4139  23.5841   194.08 0.859812 -0.683101   1.00135    179.52    1.78328  0.0444845 -0.0546559  0.758819    5.9398 0.0978828 -0.000859531   0.00112313  -0.00135175 -0.0290028  0.0735449  0.0183707   0.219689 -0.0736997   -9.80626  9213
             65.4994 -0.550253   1.38804   83.3356   23.662  194.695 0.871689 -0.675369  0.990569   179.531    1.78335  0.0446546 -0.0547166 0.760834  5.89559 0.104348 -0.000838424   0.00114935   -0.0013588 -0.0353605  0.0717556  0.0162445   0.220164 -0.0733878   -9.80625  9232
             65.6006 -0.471221   1.43476    83.249   23.738   195.29 0.883034 -0.672903  0.987236   179.539    1.78336  0.0447375 -0.0547112 0.765681  5.82168 0.102113 -0.00084589  0.00114365 -0.00134545 -0.0380144  0.0708049  0.0154047   0.220348 -0.0732213   -9.80625  9235
             65.6997 -0.387119   1.48609    83.191  23.8152  195.886 0.894471 -0.671525  0.988098   179.547    1.78336  0.0447872 -0.0546614 0.747247  5.75442 0.105152 -0.000849445   0.00112654  -0.00134571 -0.0406715  0.0703266  0.0147809   0.220601 -0.0730532   -9.80625  9259
             65.8008 -0.349246   1.48632   83.1177   23.891  196.459 0.906305 -0.660353  0.959759   179.539    1.78335  0.0449684 -0.0546805 0.721965  5.69006 0.107135 -0.000851735   0.00110691  -0.00133743 -0.0451687  0.0687964  0.0121668   0.220744 -0.0730377   -9.80624  9160
             65.9008 -0.355813   1.47849   83.0768  23.9638  197.025 0.916937 -0.652748  0.940323   179.533    1.78335   0.045057 -0.0547005  0.718791    5.6249 0.0899724 -0.000882202    0.0010847  -0.00135586 -0.047939 0.0677192 0.0103837   0.220809 -0.0730394   -9.80624  9194
             66.0002 -0.398878   1.46913   82.9721  24.0379  197.591 0.926742 -0.648341  0.930022   179.533    1.78336  0.0450781 -0.0547152  0.732481   5.56867 0.0874116 -0.000871311    0.0010741  -0.00132891  -0.049997  0.0671138 0.00925537     0.2209 -0.0730158   -9.80624  9154
             66.1009 -0.381462   1.49858   82.9148  24.1144  198.142 0.935377 -0.646954  0.926691   179.527    1.78336  0.0450778 -0.0547447  0.747558   5.48586 0.0883482 -0.000865046   0.00107388  -0.00133841 -0.0497565  0.0676553 0.00910294   0.220896 -0.0731172   -9.80624  9128
             66.1997 -0.327564   1.53559   82.8341    24.19  198.695 0.945553 -0.641913  0.913492   179.527    1.78337  0.0451085 -0.0547505  0.737226   5.39963 0.0949902 -0.000853802   0.00105603  -0.00134179 -0.0519595  0.0666136 0.00764682    0.22095 -0.0730729   -9.80624  9086
             66.3008 -0.283102   1.56548   82.7556 24.2639 199.229 0.95552 -0.638125   0.90284   179.522    1.78337  0.0451258 -0.0547643  0.725439   5.29719 0.0927949 -0.000873909   0.00105412  -0.00133662 -0.0528529  0.0660395 0.00662299   0.220927 -0.0730975   -9.80624  8981
             66.4008 -0.260693   1.59123   82.7082 24.3384 199.751 0.96603 -0.630627  0.884343   179.512    1.78337   0.045148 -0.0547865  0.705188   5.19045 0.0899074 -0.000891386    0.0010528  -0.00134921 -0.0546303  0.0655351 0.00462937   0.220963 -0.0731856   -9.80624  8862
             66.5004 -0.303169   1.59038   82.6266  24.4091  200.262 0.977458 -0.617696  0.853534   179.503    1.78343  0.0451189 -0.0548045  0.687191   5.07404 0.0841339 -0.000905949   0.00104778  -0.00133943  -0.0579567   0.0634201 0.000752675  0.220996 -0.073207  -9.80624  8833
             66.6007 -0.368946   1.56375   82.5615  24.4763  200.759 0.986047 -0.613205  0.840421   179.494   1.78346 0.0450829 -0.054767  0.682502   4.95967 0.0759917 -0.000907815   0.00106644  -0.00133635  -0.0577345   0.0622289 -0.00059656  0.220828 -0.073244  -9.80624  8806
             66.6996 -0.415923   1.55278    82.499  24.5471  201.252 0.992505 -0.61491 0.841663  179.485    1.78341  0.0451161 -0.0547581 0.694775   4.8393 0.070385 -0.000873084   0.00106891  -0.00133172  -0.0560306   0.0628655 0.000240319   0.220691 -0.0733358   -9.80624  8838
             66.8007 -0.378999   1.50802   82.4241  24.6151  201.726 0.999842 -0.613292  0.835338   179.478    1.78343  0.0450954 -0.0547136  0.682562    4.7219 0.0802083 -0.00088254  0.00109463 -0.00131569      -0.0548    0.0623137 -0.000249571    0.2205 -0.073395  -9.80625  8801
             66.9022 -0.327871   1.48239   82.3693 24.6956 202.271 1.00754 -0.614183  0.831968   179.465    1.78336  0.0450817 -0.0546654  0.656789   4.57676 0.0836766 -0.000885861   0.00112931   -0.0013226  -0.052476  0.0629565 0.00061566   0.220252 -0.0735418   -9.80625  8788
             67.0009 -0.341105   1.47868   82.3283 24.7553 202.659  1.0142 -0.610783  0.820215   179.439    1.78338   0.045066 -0.0546056  0.638991   4.42187 0.0808528 -0.000897652   0.00118141  -0.00131291  -0.0488343    0.063094 -6.9807e-05   0.219861 -0.0737989   -9.80626  8768
             67.1007 -0.337624   1.49263   82.2471 24.8195 203.095 1.02287 -0.609459  0.818494   179.435     1.7834  0.0450565 -0.0546024 0.631544  4.29641 0.089072 -0.000892744   0.00117316  -0.00130107   -0.0483166    0.0630342 -0.000586975   0.219827 -0.0738419   -9.80626  8725
             67.1998 -0.332142   1.52323   82.1946 24.8824 203.521 1.03198 -0.608357  0.817151    179.43    1.78342  0.0450509 -0.0546104  0.601428   4.15751 0.0825438 -0.000909468   0.00116036  -0.00130013  -0.0475265   0.0629311 -0.00106187   0.219767 -0.0738863   -9.80626  8772
             67.2999 -0.35786  1.53367  82.1284 24.9417 203.933 1.04095 -0.608794  0.816303   179.431    1.78342  0.0450546 -0.0546129  0.583846   4.00777 0.0910977 -0.000898484   0.00115792  -0.00129121   -0.0473194    0.0627193 -0.000931614   0.219711 -0.0738751   -9.80626  8703
             67.4007 -0.383538   1.54818   82.0677 25.0008 204.329 1.05002 -0.608437  0.816286   179.428    1.78341  0.0450493 -0.0546161  0.570229   3.87323 0.0890153 -0.000888861   0.00113473  -0.00128832   -0.0472716    0.0629464 -0.000954277    0.21973 -0.0738976   -9.80626  8707
             67.4997 -0.362867   1.54808   82.0198 25.0608 204.715 1.05735 -0.608527  0.812531   179.422     1.7834  0.0450349 -0.0546137  0.565448   3.73345 0.0748854 -0.000907291   0.00111995  -0.00128887   -0.0481628    0.0635766 -0.000210702   0.219773 -0.0739136   -9.80626  8672
             67.6009 -0.355742   1.55738     81.99 25.1202 205.085 1.06415 -0.608228  0.810741   179.417    1.78338  0.0450141 -0.0546073  0.560241   3.59685 0.0676508 -0.00089233  0.00108879 -0.00129795   -0.049439   0.0642264 0.000210564   0.219896 -0.0739162   -9.80626  8659
             67.6999 -0.337221   1.52785   81.9318 25.1737 205.442 1.06979 -0.608829  0.804512   179.423    1.78338  0.0450045 -0.0546115  0.523502    3.4573 0.0689221 -0.000912884   0.00107561  -0.00128889  -0.0503447   0.0639918 0.000933918   0.219835 -0.0738736   -9.80626  8647
             67.7997 -0.352729   1.52245   81.8761 25.2274 205.788 1.07669 -0.608561   0.80326    179.42    1.78337  0.0449929 -0.0546143  0.505202   3.33022 0.0719589 -0.000902726   0.00105273  -0.00128157 -0.0512339  0.0643452  0.0011273   0.219917 -0.0738702   -9.80626  8632
             67.9006 -0.359026   1.53836    81.841 25.2794 206.112 1.08282 -0.607907  0.795867   179.407    1.78335   0.044972 -0.0546135 0.495372  3.17438 0.076647 -0.00092461  0.00103974 -0.00128015 -0.0512737  0.0648529 0.00172156    0.21985 -0.0739221   -9.80626  8605
             68.0005 -0.397744   1.54678   81.7787 25.3273 206.422 1.09057 -0.608006  0.796823   179.407    1.78335  0.0449745 -0.0546131  0.478593   3.01663 0.0793835 -0.000901232   0.00102608  -0.00127247 -0.0505314  0.0647513 0.00160535   0.219795 -0.0739381   -9.80626  8540
             68.1004 -0.370975   1.50714   81.7268  25.375  206.72 1.09475 -0.607119  0.772034   179.409    1.78334  0.0449207 -0.0546181  0.469174   2.88211 0.0776529 -0.000901537    0.0010272  -0.00126613  -0.055357  0.0648096 0.00359377   0.219826 -0.0738304   -9.80626  8461
             68.1995 -0.342994   1.52939   81.6965 25.4252  207.01 1.09966 -0.605383  0.751937   179.406   1.78334 0.0448416  -0.05461  0.469001   2.75833 0.0664968 -0.00088817 0.000998527 -0.00126932 -0.0602846  0.0652832 0.00518025   0.219986 -0.0737471   -9.80626  8454
             68.2994 -0.290252   1.53233   81.6497 25.4699 207.282 1.10392 -0.60493 0.740845  179.408    1.78335  0.0447946 -0.0546173  0.430517   2.62726 0.0516672 -0.000878599  0.000985017   -0.0012691 -0.0613816  0.0650677 0.00600393   0.219897 -0.0737213   -9.80626  8399
             68.4007 -0.26252  1.51854  81.6082 25.5142 207.536 1.10716 -0.603933  0.733428   179.396    1.78334  0.0447448 -0.0546014   0.40877   2.50097 0.0410259 -0.000896246  0.000968828  -0.00126042 -0.0615194  0.0656514  0.0065692   0.219847 -0.0737777   -9.80626  8355
             68.4998 -0.250473   1.47347   81.5797 25.5532  207.78 1.10961 -0.603739  0.724708   179.395    1.78333  0.0447134 -0.0545921  0.384147   2.39168 0.0432057 -0.000897943  0.000966061   -0.0012654 -0.0618342  0.0654204 0.00730382   0.219729 -0.0737664   -9.80626  8284
             68.6016 -0.246369   1.46615   81.5318 25.5977 208.054 1.11407 -0.603684   0.72034    179.39    1.78332  0.0447015 -0.0545829  0.372313   2.26616 0.0504596 -0.000901566  0.000960132  -0.00125645 -0.0609968  0.0654169 0.00773456   0.219594 -0.0737968   -9.80626  8179
             68.7015 -0.257692   1.45348   81.4986 25.6363 208.284  1.1171 -0.603699  0.711423   179.376    1.78329  0.0446931 -0.0545686  0.354371   2.13649 0.0479808 -0.000883606  0.000965183  -0.00125334 -0.0588133   0.065427 0.00877286  0.21928 -0.07387 -9.80627  8150
             68.8019 -0.24423  1.43052  81.4573 25.6721 208.496 1.12062  -0.6038 0.709521  179.358    1.78327  0.0446996 -0.0545491  0.319703   1.99971 0.0326812 -0.000902555  0.000967901  -0.00123691 -0.0546237  0.0654927  0.0089066  0.218914 -0.073992  -9.80628  8099
             68.9019 -0.279369   1.39928   81.4455 25.7061 208.701 1.12356 -0.603601  0.709314   179.347    1.78325  0.0447141 -0.0545369  0.306651   1.89971 0.0264846 -0.000893602  0.000948983  -0.00124167 -0.0522721  0.0656501 0.00874824   0.218735 -0.0740692   -9.80628  8035
             68.9999 -0.293313   1.37095   81.4234 25.7289 208.865 1.12563 -0.60403 0.708158  179.342   1.78326 0.0447308 -0.054503  0.291653   1.82338 0.0246331 -0.000886623  0.000954247  -0.00123654 -0.0501931  0.0645066 0.00858728   0.218503 -0.0740246   -9.80629  8018
             69.1018 -0.278792   1.35809    81.401 25.7629 209.073 1.12724 -0.604723  0.707046   179.337    1.78324  0.0447302 -0.0545037  0.281162   1.73883 0.0246414 -0.000869347   0.00096435  -0.00124681 -0.0491341  0.0647301 0.00961956   0.218392 -0.0740639   -9.80629  7974
             69.1999 -0.261115   1.39782   81.3713 25.7914 209.222 1.12942 -0.60396 0.705404  179.331    1.78323  0.0447217 -0.0545178  0.285136   1.66753 0.0191952 -0.000868827  0.000939557  -0.00123882 -0.0478156   0.065657 0.00943074   0.218308 -0.0741886   -9.80629  7856
             69.2998 -0.208186   1.35867   81.3366 25.8217 209.394 1.13137 -0.603343  0.705251   179.335    1.78324  0.0447363 -0.0545035   0.276076    1.65589 0.00766112 -0.000887852  0.000919868  -0.00123555 -0.0490073  0.0660726 0.00896663   0.218427 -0.0742026   -9.80629  7841
             69.4015 -0.225475   1.28312   81.2828 25.8542 209.597 1.13236 -0.602805   0.70432   179.339    1.78326  0.0447534 -0.0545172    0.268675     1.66731 0.000408912 -0.000877092  0.000899809  -0.00123353 -0.0505524  0.0658223 0.00841527    0.21854 -0.0741491   -9.80628  7794
             69.5004 -0.175753    1.2292   81.2548 25.8789 209.743 1.13321 -0.601068  0.696145   179.336     1.7833  0.0447589 -0.0544975   0.273169    1.66036 0.00643076 -0.000911838  0.000893937  -0.00122869 -0.0508103  0.0657463 0.00746838    0.21848 -0.0741613   -9.80629  7694
             69.6014 -0.22626  1.20334  81.2287 25.9107  209.94  1.1345 -0.599861  0.689135   179.331    1.78331  0.0447493 -0.0544888  0.273839   1.66967 0.0141372 -0.000877593  0.000883494  -0.00123244 -0.0510698  0.0652642 0.00685805   0.218417 -0.0741264   -9.80629  7627
             69.6996 -0.201047   1.20147   81.1818 25.9372 210.091  1.1357 -0.600489  0.692761   179.334    1.78331  0.0447494 -0.0544905  0.279843   1.67832 0.0187845 -0.000884571  0.000894971  -0.00122929 -0.0501292   0.065996 0.00728208   0.218395 -0.0742118   -9.80629  7624
             69.8028 -0.19129  1.21569  81.1379 25.9734 210.283 1.13758 -0.600918  0.695495   179.342    1.78332   0.044746 -0.0545113   0.28596   1.66234 0.0151348 -0.000884574  0.000901294  -0.00123731   -0.04819  0.0675744 0.00780217   0.218298 -0.0744098   -9.80629  7607
             69.9027 -0.16729  1.25722    81.05 26.0063 210.463 1.13861 -0.602064  0.702993   179.349    1.78333  0.0447519 -0.0545103   0.285665    1.66707 0.00843345 -0.000885902  0.000874527  -0.00121553 -0.0469044  0.0686087 0.00840298   0.218294 -0.0745279   -9.80629  7567
             70.0009 -0.162293   1.23552    81.073 26.0332  210.64 1.13982 -0.599562  0.685265   179.328    1.78334  0.0447379 -0.0545287   0.276819    1.66605 0.00530401 -0.000886987  0.000879229  -0.00124261  -0.047936   0.066676 0.00744515   0.218155 -0.0743422   -9.80629  7548
             70.1028 -0.113842   1.27048   81.0095 26.0644 210.811 1.14063 -0.598833   0.67918   179.326    1.78334  0.0447266 -0.0545659   0.296504    1.64998 0.00907061 -0.000882486  0.000879155  -0.00122754 -0.0464679  0.0672303 0.00745905   0.217981 -0.0744401    -9.8063  7578
             70.2016 -0.0743771    1.34562     80.977 26.0977 210.983 1.14175 -0.598402  0.675187   179.326    1.78334  0.0447239 -0.0546197  0.288169    1.6322 0.0120611 -0.000856839  0.000870764  -0.00123511 -0.0448684  0.0679839 0.00757546   0.217823 -0.0745568    -9.8063  7468
             70.3042 0.00204973    1.39892    80.9428 26.1284 211.151 1.14449 -0.593559  0.645687   179.327    1.78332  0.0447563 -0.0546455  0.268671   1.61188 0.0235663 -0.000891336  0.000860528  -0.00124522 -0.0487205  0.0678094 0.00579279   0.217802 -0.0745218    -9.8063  7485
              70.406 -0.00211182     1.44107     80.8938 26.1556 211.316 1.14849 -0.588703  0.616775   179.325   1.78331 0.0447642 -0.054662   0.24749   1.57859 0.0339323 -0.000896431  0.000860163  -0.00124287 -0.0529596  0.0670831 0.00396875   0.217812 -0.0744221    -9.8063  7436
             70.5029 -0.047399   1.52452   80.8788 26.1813 211.485 1.15278 -0.58487 0.594423  179.323    1.78328  0.0447429 -0.0546539  0.241031   1.53377 0.0268487 -0.000897094  0.000841187  -0.00125227  -0.057041  0.0660001 0.00239527   0.217873 -0.0742793    -9.8063  7409
             70.6046 -0.0647667    1.54526    80.8349 26.2059 211.643 1.15566 -0.580838  0.571427   179.321   1.78327 0.0447103 -0.054657      0.226    1.47334 0.00699055 -0.000901485  0.000810776  -0.00124868  -0.0603977   0.0651833 0.000852175   0.217881 -0.0741778    -9.8063  7446
              70.703 -0.120898   1.49475   80.7921 26.2328 211.802 1.15758 -0.575682  0.545395   179.331    1.78333  0.0446476 -0.0547015   0.236457    1.43435 0.00162088 -0.000882626  0.000794728  -0.00125131  -0.0661536   0.0650532 -0.00136432   0.218054 -0.0741097    -9.8063  7492
             70.8045 -0.107826   1.46489   80.7562 26.2581 211.951 1.15905 -0.572698  0.529142    179.33    1.78337  0.0446114 -0.0546877  0.241232    1.3877 0.0130524 -0.000868831  0.000759723  -0.00124801  -0.0684708   0.0645753 -0.00262102 0.218061 -0.07405  -9.8063  7521
             70.9046 -0.0867544    1.45732    80.7067 26.2855 212.096 1.16157 -0.570994  0.520637   179.332    1.78341  0.0445973 -0.0546838  0.252354   1.35532 0.0235145 -0.000848594  0.000753889  -0.00124708  -0.069842  0.0648932 -0.0033823    0.21809 -0.0740657    -9.8063  7563
             71.0028 0.0121344   1.51632   80.6986 26.3142 212.246 1.16438 -0.571688  0.526042   179.337    1.78341  0.0445999 -0.0546797 0.242038  1.33216 0.030206 -0.000851861  0.000794984  -0.00126223  -0.0704606   0.0652951 -0.00315872   0.218198 -0.0740844   -9.80629  7612
             71.1049 0.0220007   1.63169   80.6669 26.3395 212.387 1.16979 -0.568537   0.51122    179.34    1.78341  0.0446138 -0.0546598  0.214966   1.26551 0.0314384 -0.00086151 0.000795942  -0.0012465  -0.0738261   0.0651245 -0.00511118   0.218321 -0.0740256   -9.80629  7664
             71.2031 -0.0356173    1.74423    80.6231 26.3666 212.523 1.17411 -0.566771  0.506911   179.347    1.78339  0.0446056 -0.0546346 0.197391  1.20087 0.023594 -0.000830434   0.00077831  -0.00123592  -0.0760355   0.0664072 -0.00614958   0.218489 -0.0741007   -9.80629  7651
             71.3028 -0.0654853    1.74722    80.5917 26.3875 212.651 1.17601 -0.567131  0.508699   179.348     1.7834  0.0446109 -0.0546283  0.199023    1.1238 0.0155894 -0.000851521  0.000776708  -0.00122962  -0.0762231   0.0663123 -0.00599714   0.218515 -0.0740897   -9.80629  7712
              71.405 -0.107332   1.73414   80.5831 26.4098 212.769 1.17554 -0.569068  0.516518    179.35    1.78337  0.0446558 -0.0546376  0.197882   1.04541 0.0114294 -0.000823431  0.000781307  -0.00122762  -0.0757596    0.066934 -0.00427976   0.218539 -0.0741457   -9.80628  7741
              71.504 -0.0928125      1.754    80.5586 26.4293 212.876 1.17543 -0.570149  0.518736    179.35    1.78335  0.0446806 -0.0546347  0.182316  0.954428 0.0182982 -0.000830331  0.000756193  -0.00121823  -0.0753753    0.066843 -0.00298512   0.218501 -0.0741493   -9.80629  7758
             71.6045 -0.0873678    1.76517    80.5447  26.445 212.973 1.17688 -0.57068 0.518582  179.352    1.78335  0.0446902 -0.0546341  0.156632  0.864311 0.0247403 -0.000824765  0.000738051  -0.00121945  -0.0752883   0.0661369 -0.00249969    0.21846 -0.0741025   -9.80629  7802
             71.7041 -0.0714088    1.79079    80.5469 26.4623 213.063 1.17949 -0.570562  0.518867   179.351    1.78334  0.0446874 -0.0546332 0.137936 0.783621 0.027111 -0.000820206   0.00072171  -0.00121906  -0.0755387    0.066522 -0.00240416    0.21849 -0.0741265   -9.80629  7799
             71.8041 -0.0721936    1.80309    80.5521 26.4761 213.144  1.1824 -0.570673  0.519991   179.353    1.78335  0.0446857 -0.0546371   0.11895  0.708504 0.0224922 -0.000827243  0.000721586  -0.00122878  -0.0758541   0.0665267 -0.00245402   0.218524 -0.0741218   -9.80629  7859
             71.9056 -0.0971422    1.81507    80.5484 26.4875 213.213 1.18398 -0.570544  0.518038   179.351    1.78334  0.0446881 -0.0546334 0.104959 0.620033 0.015409 -0.000821302  0.000689524  -0.00123217  -0.0756872   0.0664765 -0.00223879   0.218487 -0.0741229   -9.80629  7864
             72.0041 -0.0874433    1.78468    80.5374 26.4974 213.274 1.18365 -0.570167  0.511581   179.352    1.78331  0.0446849 -0.0546326 0.0931558  0.537179  0.010636 -0.000832159   0.00067511  -0.00122568  -0.0767132   0.0662603 -0.00123565   0.218464 -0.0741058   -9.80629  7833
             72.1057 -0.0837732     1.7829    80.5425 26.5088 213.328 1.18342 -0.569407  0.505821    179.35    1.78328  0.0446738 -0.0546345 0.0827757  0.464153 0.0105924 -0.000811197  0.000649581  -0.00122397   -0.0780836    0.0667861 -0.000401431  0.218499 -0.074132  -9.80629  7820
             72.2059 -0.0738132    1.76116    80.5108 26.5165 213.376  1.1824 -0.56857 0.496254  179.353    1.78324  0.0446626 -0.0546477 0.0680796  0.399738 0.0100833 -0.000814269  0.000646997  -0.00121346  -0.0806642   0.0665466 0.000945039   0.218543 -0.0740995   -9.80629  7842
             72.3045 -0.0827404    1.73954     80.516 26.5241 213.416 1.18203 -0.567766  0.489301   179.353    1.78321  0.0446521 -0.0546528  0.0565857   0.331837 0.00996487 -0.000803197  0.000638133  -0.00121499 -0.0822865  0.0666977 0.00181575   0.218571 -0.0740997   -9.80628  7851
              72.406 -0.0837661    1.73051    80.4974 26.5295 213.451 1.18186 -0.567231  0.484081   179.356    1.78319  0.0446505 -0.0546628  0.0426161   0.275138 0.00957385 -0.000806959  0.000641586  -0.00120274 -0.0843418  0.0665442 0.00256708   0.218637 -0.0740738   -9.80628  7881
             72.5042 -0.0862446    1.72258    80.4927 26.5374 213.477 1.18164 -0.566194   0.47852   179.354    1.78318  0.0446391 -0.0546657  0.0432281     0.2098 0.00684095 -0.000781149  0.000629586  -0.00120052  -0.085612  0.0675207 0.00321996   0.218683 -0.0741307   -9.80628  7853
             72.6056 -0.0839669    1.70162    80.4864 26.5425 213.499 1.18104 -0.565467  0.472806   179.356    1.78316  0.0446328 -0.0546703  0.0380122    0.15231 0.00600115 -0.000774435  0.000633162  -0.00119804 -0.0874556  0.0675914 0.00400024   0.218737 -0.0741231   -9.80628  7851
             72.7044 -0.0832984    1.69713    80.4825 26.5467 213.513 1.18124 -0.565128  0.470712   179.356    1.78316  0.0446295 -0.0546709  0.0254806  0.0965473 0.00660817 -0.000763295  0.000626015    -0.001195  -0.088164  0.0677756 0.00430116   0.218762 -0.0741307   -9.80628  7835
             72.8041 -0.0809287    1.68425    80.4805 26.5453  213.52  1.1805 -0.56487 0.465435  179.356    1.78315  0.0446227 -0.0546728 0.00526463   0.037926 0.00311838 -0.000785763  0.000608389  -0.00119451 -0.0888291  0.0667599 0.00503227  0.218722 -0.074064  -9.80628  7846
             72.9054 -0.0791737    1.67895    80.4825 26.5451 213.522 1.17946 -0.564355  0.460761   179.356    1.78315  0.0446144 -0.0546736 0.000419952   0.0136084  0.00188395 -0.000784067  0.000586784  -0.00119133 -0.0896611  0.0665643 0.00577081   0.218718 -0.0740497   -9.80628  7831
              73.004 -0.0805187    1.63962    80.4749 26.5456 213.524 1.17849 -0.563762  0.456116   179.356    1.78314  0.0446053 -0.0546729 0.00457345  0.0486502 0.00462269 -0.000778242  0.000568213  -0.00118484 -0.0902338   0.066658 0.00664223   0.218705 -0.0740589   -9.80628  7845
             73.1055 -0.0787001    1.60511    80.4863 26.5449 213.522 1.17806 -0.563493   0.45294    179.35    1.78313  0.0446002 -0.0546617  0.00128197   0.0429025 -0.00269755 -0.000777133  0.000520165  -0.00118735 -0.0885099  0.0666171 0.00693266   0.218572 -0.0740765   -9.80628  7828
             73.2059 -0.0773921    1.58369     80.493 26.5433 213.522 1.17686 -0.563403  0.451223   179.345    1.78312  0.0445965 -0.0546565 -0.00528407    0.034499  -0.0133163 -0.000784486  0.000492897  -0.00118505 -0.0873394  0.0663102  0.0071131  0.218484 -0.074067  -9.80629  7863
              73.306 -0.0751081    1.58602    80.4852 26.5425 213.527 1.17584 -0.563408  0.451333   179.344   1.78312 0.0445987 -0.054656 -0.00332359    0.054057   -0.012227 -0.000785363  0.000477513  -0.00118418 -0.0874849  0.0661128 0.00672075   0.218494 -0.0740461   -9.80629  7820
             73.4074 -0.0763308    1.57944    80.4936  26.542 213.527 1.17551 -0.563097  0.448546   179.342    1.78312  0.0445985 -0.0546632 -0.00517674   0.0522575 -0.00511889 -0.000779972  0.000442202  -0.00118345 -0.0864027  0.0663101 0.00622058   0.218413 -0.0740669   -9.80629  7857
             73.5058 -0.0701566    1.59116    80.4823 26.5427 213.532 1.17611 -0.562558  0.444865   179.346    1.78312  0.0446059 -0.0546657 -0.00252645   0.0546598 -0.00594964 -0.000773655  0.000428606  -0.00117969 -0.0868878  0.0667843 0.00519322   0.218419 -0.0740892   -9.80629  7855
             73.6069 -0.0716018      1.581    80.4845 26.5426  213.53 1.17545 -0.562167  0.441112   179.344    1.78312  0.0445991 -0.0546799 -1.70557e-05    0.0458389   -0.0101475 -0.000765734  0.000378376  -0.00117681  -0.085406  0.0671743 0.00507339   0.218308 -0.0741332   -9.80629  7843
              73.706 -0.0684414    1.58024    80.4835 26.5425 213.532 1.17527 -0.561361  0.434766   179.343    1.78312  0.0445961 -0.0546869 -0.00189069   0.0488059 -0.00870877 -0.00076202 0.000346094  -0.0011717 -0.0855496  0.0672019 0.00424309   0.218267 -0.0741257   -9.80629  7859
             73.8058 -0.064156   1.57813    80.486 26.5418 213.533 1.17483 -0.56069 0.429336  179.341    1.78311  0.0445913 -0.0546928  -0.0035597   0.0459224 -0.00959092 -0.000762582  0.000311927  -0.00117053 -0.0853715  0.0671809 0.00372198   0.218215 -0.0741208   -9.80629  7839
             73.9073 -0.071904    1.5609   80.4899 26.5423 213.531 1.17399 -0.560294  0.425729   179.343    1.78311  0.0445894 -0.0546969 -0.000811045    0.0381749  -0.00898143 -0.000745818  0.000272957  -0.00117014  -0.084148  0.0678291 0.00368286   0.218124 -0.0741822   -9.80629  7856
             74.0059 -0.0654424    1.56712    80.4797 26.5459 213.532 1.17369 -0.559482  0.419815   179.354    1.78313  0.0445961 -0.0547018  0.00924864   0.0402449 -0.00844534 -0.000722438  0.000244134  -0.00117005 -0.0845658  0.0692823 0.00308622   0.218109 -0.0742847   -9.80629  7841
             74.1067 -0.0629925    1.56083    80.4793 26.5472  213.53 1.17308 -0.558842  0.414328   179.353    1.78313  0.0445877 -0.0547053   0.0118653   0.0304467 -0.00894457 -0.000717452  0.000201525  -0.00116595 -0.0835885  0.0696741 0.00285348   0.218018 -0.0743213    -9.8063  7828
             74.2058 -0.0669824    1.55004     80.481 26.5481 213.532 1.17242 -0.558382  0.410737   179.352    1.78313  0.0445843 -0.0547057    0.010095   0.0338374 -0.00867105 -0.000713754  0.000192524  -0.00116519  -0.083854   0.069578 0.00251644  0.218004 -0.074309   -9.8063  7826
             74.3058 -0.0741356    1.54903    80.4709 26.5491 213.531 1.17249 -0.55693 0.399345  179.351    1.78314  0.0445692 -0.0547083   0.0101053   0.0303169 -0.00686732 -0.00070581 0.000149381 -0.00115592 -0.0844528  0.0696006  0.0015067   0.217951 -0.0742975    -9.8063  7862
             74.4071 -0.0683439    1.53712    80.4896 26.5494 213.528 1.17197 -0.556255  0.393651   179.349    1.78314  0.0445634 -0.0547073 0.00798286  0.0249903 -0.0080106 -0.000704602  0.000111526  -0.00116206 -0.0837135  0.0695899  0.0012037  0.217871 -0.074301   -9.8063  7814
             74.5056 -0.0633421    1.53758    80.4999 26.5486 213.527 1.17224 -0.554681  0.381332   179.343    1.78315  0.0445553 -0.0547093  0.00336921   0.0216142 -0.00585872 -0.000713016   7.2299e-05  -0.00116377  -0.0846104   0.0689618 3.55117e-05 0.217824 -0.07424  -9.8063  7815
             74.6071 -0.0634202    1.52104    80.4867 26.5497 213.526 1.17216 -0.553892  0.375304   179.345    1.78316  0.0445521 -0.0547092  0.00718021   0.0222912 -0.00507122 -0.000703884  5.66456e-05  -0.00115464   -0.0849821    0.0692312 -0.000537072   0.217801 -0.0742523    -9.8063  7837
              74.706 -0.0670601    1.51932     80.492 26.5485 213.528 1.17244 -0.552942  0.367732    179.34    1.78316  0.0445417 -0.0547089 -0.000116407    0.0293183  -0.00355755 -0.000712646    4.003e-05  -0.00115434   -0.085965   0.0684446 -0.00138875   0.217791 -0.0741841    -9.8063  7836
              74.806 -0.069635   1.51361   80.4962 26.5484 213.528 1.17269 -0.552127  0.361347    179.34    1.78317  0.0445358 -0.0547097 -0.00103397   0.0289654 -0.00300635 -0.000708213  1.73805e-05  -0.00115775  -0.0862405   0.0684897 -0.00202711   0.217761 -0.0741816    -9.8063  7792
             74.9073 -0.0622031    1.51251    80.4826 26.5476 213.528 1.17278 -0.551589   0.35689   179.337    1.78317  0.0445277 -0.0547111 -0.00199992   0.0289139  -0.0013143 -0.000714564 -1.06603e-05  -0.00114535  -0.0860491   0.0683668 -0.00242138   0.21772 -0.074173   -9.8063  7834
             75.0059 -0.0704497    1.50888    80.4989 26.5484 213.527 1.17266 -0.551351  0.354924   179.339    1.78318  0.0445279 -0.0547137   0.00283407    0.0256352 -0.000833025 -0.000697181 -3.70378e-05  -0.00115582  -0.0851493   0.0689192 -0.00243113   0.217668 -0.0742173    -9.8063  7822
             75.1059 -0.0633277    1.51587    80.5087 26.5453 213.527 1.17236 -0.551397  0.354424    179.33    1.78317  0.0445194 -0.0547156 -0.00554702   0.0258407 -0.00105941 -0.000714301 -6.25708e-05  -0.00115381  -0.0843078   0.0678151 -0.00230742   0.217619 -0.0741514   -9.80631  7813
             75.2058 -0.0700327     1.5074    80.5063 26.5453 213.527 1.17233 -0.551178  0.352686   179.332    1.78317  0.0445191 -0.0547176   -0.0076938    0.0247161 -0.000963457 -0.000702466 -7.78718e-05  -0.00114667  -0.0837439   0.0682747 -0.00238314   0.217585 -0.0741859   -9.80631  7815
             75.3057 -0.0617814    1.51217    80.5067 26.5449 213.527 1.17218 -0.551039  0.351516   179.332    1.78317  0.0445174 -0.0547196 -0.00646048   0.0242626 -0.00122343 -0.000702952 -9.98693e-05  -0.00114611  -0.0831031    0.068605 -0.00237439    0.21755 -0.0742123   -9.80631  7822
             75.4071 -0.0667285    1.50176    80.5014 26.5447 213.527 1.17181 -0.551067  0.351665   179.333    1.78317  0.0445163 -0.0547198 -0.00221775   0.0263769  -0.0011269 -0.000695068  -0.00011301  -0.00114157  -0.0823942   0.0688853 -0.00215241   0.217521 -0.0742358   -9.80631  7816
             75.5056 -0.0634673    1.50671    80.5039 26.5443 213.525 1.17164 -0.550885   0.34996   179.332    1.78317  0.0445124 -0.0547218 -0.00218834   0.0214007 -0.00043193 -0.000690781 -0.000142704  -0.00114166 -0.0813788  0.0690751 -0.0021296   0.217467 -0.0742556   -9.80631  7786
             75.6084 -0.0569372     1.5072    80.4972 26.5461 213.523 1.17195 -0.550485  0.346935   179.336    1.78318  0.0445106 -0.0547232  0.00112226   0.0139182 -0.00101691 -0.000681742 -0.000175176  -0.00113714  -0.0806892   0.0699888 -0.00244941   0.217425 -0.0743179   -9.80631  7809
             75.7073 -0.0628889    1.50448    80.5075 26.5452 213.521 1.17176 -0.550398  0.345955   179.334    1.78318  0.0445072 -0.0547236  -0.00229675    0.0149364 -0.000167861 -0.000680585  -0.00019398  -0.00113892 -0.0799759  0.0698807 -0.0024007   0.217388 -0.0743166   -9.80631  7805
             75.8084 -0.0650615    1.50122    80.4992 26.5445 213.522  1.1719 -0.550286  0.344829   179.332    1.78317  0.0445036 -0.0547232 -0.000835426    0.0168226 -2.79501e-05  -0.00068458 -0.000206025  -0.00112896  -0.0796859   0.0697234 -0.00256121   0.217368 -0.0743094   -9.80631  7799
             75.9084 -0.0685299    1.50103    80.5002 26.5438 213.522 1.17184 -0.550258  0.344437   179.331   1.78317 0.0445013 -0.054723 -0.00365187   0.0184889 0.000478159 -0.000679846 -0.000215658  -0.00112593  -0.0793769    0.069597 -0.00253419   0.217352 -0.0743041   -9.80631  7825
             76.0072 -0.0647882    1.51138    80.5067 26.5427 213.523 1.17238 -0.550077  0.342698   179.329    1.78317   0.044498 -0.0547243 -0.00513886   0.0213196 0.000757226 -0.000684051 -0.000233079  -0.00112451  -0.0791355   0.0694337 -0.00299239   0.217331 -0.0742973   -9.80631  7806
             76.1074 -0.0603737     1.5014     80.505 26.5449 213.523  1.1723 -0.549972   0.34242   179.335    1.78318  0.0445026 -0.0547241  0.0022669  0.0228843 0.00178171 -0.000672295 -0.000237517  -0.00112634  -0.0787743    0.070522 -0.00281872   0.217321 -0.0743628   -9.80631  7782
             76.2076 -0.0610515    1.49505    80.4882 26.5455 213.527 1.17214 -0.550072  0.343448   179.336    1.78318  0.0445061 -0.0547247 0.00300067  0.0309388 0.00129219 -0.000668676 -0.000235121  -0.00111449  -0.0791186   0.0705848 -0.00258295   0.217341 -0.0743632   -9.80631  7770
             76.3074 -0.0602041    1.50286    80.5075 26.5439 213.529 1.17248 -0.550018  0.342536   179.332    1.78318  0.0445022 -0.0547247 -0.00223246   0.0339996  0.00124174 -0.000674858 -0.000253571  -0.00112493  -0.0787407   0.0700293 -0.00282746   0.217318 -0.0743351   -9.80631  7767
             76.4087 -0.0626209    1.49538    80.4988 26.5434 213.527 1.17206 -0.549862  0.341088    179.33    1.78317  0.0444976 -0.0547238 -0.00256723   0.0259196  0.00223922 -0.000672946 -0.000271979   -0.0011166  -0.0773166   0.0702134 -0.00234392   0.217255 -0.0743535   -9.80631  7790
             76.5071 -0.0630434    1.49263    80.4986 26.5419 213.529 1.17206 -0.549871  0.340892   179.328   1.78317 0.0444947 -0.054723 -0.00558497   0.0286992  0.00142814 -0.000675016   -0.0002806  -0.00111471  -0.0770554   0.0698638 -0.00222799   0.217242 -0.0743354   -9.80631  7787
             76.6081 -0.0573715    1.50218    80.5093 26.5414 213.529 1.17206 -0.549739  0.339796   179.328    1.78317  0.0444946 -0.0547247 -0.00662547   0.0259257  0.00155456 -0.000676864 -0.000302719  -0.00112233  -0.0762517    0.070108 -0.00213818   0.217207 -0.0743537   -9.80631  7791
             76.7069 -0.0594691    1.49671      80.49 26.5437 213.528 1.17209 -0.549541  0.338748   179.333    1.78318  0.0444961 -0.0547258 0.00185693  0.0219545 0.00233263 -0.000662069 -0.000312136  -0.00111435  -0.0755672   0.0712899 -0.00198078   0.217183 -0.0744216   -9.80631  7775
             76.8081 -0.0541102    1.50191    80.5062 26.5425 213.527 1.17225 -0.54946 0.337705   179.33   1.78317 0.0444929 -0.054727 -0.00125935   0.0190387  0.00198626 -0.000669485 -0.000329252  -0.00112071   -0.074762   0.0709678 -0.00196827   0.217146 -0.0744095   -9.80631  7792
             76.9086 -0.059427   1.49218    80.497 26.5451 213.527 1.17201 -0.54932 0.337229  179.335    1.78318   0.044497 -0.0547282 0.00530497  0.0184197 0.00196431 -0.000656727 -0.000335212  -0.00111787  -0.0744514   0.0720291 -0.00159748  0.217138 -0.074466  -9.80631  7790
             77.0071 -0.0602537    1.48642    80.5036 26.5454 213.525 1.17132 -0.549189  0.336184   179.334    1.78317  0.0444954 -0.0547267  0.00546837   0.0137683 0.000867569  -0.00065829 -0.000346811  -0.00112084   -0.0736055     0.072127 -0.000954236   0.217103 -0.0744737   -9.80631  7812
             77.1087 -0.0635454    1.49119    80.5031 26.5456 213.526 1.17122 -0.549149  0.335786   179.333    1.78317  0.0444944 -0.0547266  0.00583586   0.0152412 0.000984415 -0.000656696 -0.000356406  -0.00111781  -0.0732882   0.0720607 -0.00081873   0.217089 -0.0744717   -9.80631  7739
             77.2074 -0.0609047    1.51149    80.4957 26.5443 213.525 1.17185 -0.549138  0.335042   179.329    1.78316  0.0444886 -0.0547292 -0.000317159    0.0134606   0.00138182 -0.000660685 -0.000378251  -0.00110829  -0.0726096   0.0715501 -0.00127529   0.217059 -0.0744517   -9.80632  7774
             77.3073 -0.0536357    1.49463    80.5021 26.5429 213.526 1.17129 -0.549123  0.334816   179.327    1.78316  0.0444856 -0.0547294  -0.00459142    0.0162247 -1.63856e-06 -0.000670166 -0.000377253  -0.00111247   -0.0724322    0.0711608 -0.000806146   0.217049 -0.0744316   -9.80632  7781
             77.4075 -0.0544814     1.5062    80.5068 26.5425 213.525 1.17157 -0.549053  0.334112   179.327    1.78316  0.0444853 -0.0547308 -0.00359114   0.0146414 0.000544412 -0.000668934 -0.000394171  -0.00111676  -0.0718341   0.0713303 -0.00104857   0.217026 -0.0744444   -9.80632  7772
             77.5072 -0.0596048    1.48581    80.5137 26.5407 213.524 1.17088 -0.548966  0.333277   179.324    1.78316  0.0444828 -0.0547289  -0.00732096    0.0123093 -0.000694885 -0.000668676  -0.00039254  -0.00111829   -0.0712169    0.0709871 -0.000543539   0.216999 -0.0744295   -9.80632  7731
             77.6077 -0.0599092    1.48751    80.5068 26.5427 213.524 1.17096 -0.548883   0.33298   179.329    1.78316  0.0444865 -0.0547298 -0.000515846    0.0129354  -0.00066685 -0.000658999 -0.000401918  -0.00111691  -0.0710506   0.0719641 -0.00067825   0.216998 -0.0744778   -9.80632  7750
             77.7073 -0.0559793    1.48165    80.5018 26.5434 213.525 1.17096 -0.548861  0.332881    179.33    1.78316  0.0444873 -0.0547298   0.00127005     0.015216 -0.000377144 -0.000654918 -0.000405605  -0.00110988   -0.0709762     0.072241 -0.000767164   0.216997 -0.0744916   -9.80632  7749
              77.807 -0.062261   1.47921   80.5089 26.5424 213.525 1.17043 -0.548777  0.332061   179.328    1.78316  0.0444847 -0.0547282 -0.00113986   0.0136418 -0.00123296  -0.00065559 -0.000415168   -0.0011098    -0.070336    0.0719937 -0.000432582   0.216971 -0.0744826   -9.80632  7764
             77.9084 -0.0536529     1.4877    80.5137 26.5443 213.525 1.17027 -0.548701  0.331739   179.331    1.78316  0.0444872 -0.0547281  0.00453754     0.01374 -0.00095365 -0.000651383 -0.000427487  -0.00111575   -0.0701488    0.0727171 -0.000406851   0.216967 -0.0745168   -9.80632  7765
             78.0071 -0.062695   1.48814   80.5035 26.5453 213.523 1.17047 -0.548638  0.331107   179.331    1.78316  0.0444854 -0.0547296  0.00627394   0.0114372 -0.00062369 -0.000640721 -0.000442252  -0.00110803   -0.0695319    0.0730406 -0.000670508   0.216947 -0.0745358   -9.80632  7757
             78.1075 -0.0592181    1.48507    80.5207 26.5443 213.523 1.17032 -0.548601  0.330521   179.329    1.78316  0.0444832 -0.0547298   0.00174954    0.0100399 -0.000940889 -0.000651168 -0.000455524  -0.00111663   -0.0689515    0.0726245 -0.000654078   0.216924 -0.0745203   -9.80632  7764
             78.2075 -0.0598608    1.48025    80.5144 26.5449 213.522 1.17039 -0.548563  0.330162   179.329    1.78316  0.0444829 -0.0547297   0.0028521  0.00871512 -0.00107393 -0.000647243 -0.000461746  -0.00111381   -0.0685964    0.0728362 -0.000816659   0.216913 -0.0745321   -9.80632  7752
             78.3075 -0.0622456    1.48093    80.5131 26.5438  213.52 1.17045 -0.548502  0.329277   179.327    1.78316  0.0444781 -0.0547299 -0.000654482    0.0037024 -0.000473141  -0.00064956 -0.000480583  -0.00110946  -0.0676863   0.0725717 -0.00096524    0.21688 -0.0745258   -9.80632  7790
             78.4085 -0.0666042    1.48429    80.5187 26.5416 213.518 1.17116 -0.548538  0.328921   179.324    1.78315   0.044473 -0.0547295 -0.00635827  0.00270989 0.000251003 -0.000651967 -0.000495347   -0.0011124  -0.0670942   0.0719716 -0.00158273   0.216857 -0.0745048   -9.80632  7752
             78.5072 -0.0565736    1.50228    80.5363  26.539 213.518 1.17188 -0.548591  0.328837   179.321    1.78315   0.044472 -0.0547316 -0.0115279 0.00394846 0.00130781 -0.000665211 -0.000515902   -0.0011194  -0.0667593   0.0713943 -0.00216157   0.216844 -0.0744836   -9.80632  7766
             78.6085 -0.0666074    1.48446    80.5123 26.5425 213.523 1.17207 -0.548632  0.330084   179.328    1.78316   0.044485 -0.0547352 0.00131803  0.0182508 0.00193181 -0.000647276  -0.00049246  -0.00111082  -0.0681076   0.0727012 -0.00219642   0.216896 -0.0745316   -9.80632  7761
              78.707 -0.0642036     1.4906    80.5151 26.5428 213.524 1.17241 -0.548601  0.329762   179.328    1.78316  0.0444839 -0.0547354 0.00169972  0.0174357 0.00206939 -0.000646863 -0.000504477  -0.00111235  -0.0677654   0.0728409 -0.00233243   0.216885 -0.0745395   -9.80632  7767
              78.807 -0.0668417    1.49686    80.5101 26.5427 213.526 1.17265 -0.548616  0.329832   179.328    1.78316  0.0444838 -0.0547353 0.00156086  0.0214945 0.00236429 -0.000646075 -0.000510678  -0.00110765  -0.0678138   0.0727517 -0.00237499   0.216887 -0.0745357   -9.80632  7767
             78.9082 -0.0643435    1.50952    80.5151 26.5426 213.524 1.17324 -0.548533  0.328884   179.327    1.78316  0.0444813 -0.0547389 0.00111206  0.0153461 0.00330469 -0.000645772 -0.000533779  -0.00110636  -0.0667765     0.07287 -0.00262552   0.216854 -0.0745462   -9.80632  7752
             79.0072 -0.0576423    1.49199    80.5107 26.5437 213.525 1.17346 -0.548491  0.328734   179.328    1.78316   0.044482 -0.0547382 0.00333471  0.0165903  0.0035749 -0.000648476 -0.000527194  -0.00110263  -0.0666885   0.0732403 -0.00255073   0.216853 -0.0745612   -9.80632  7764
             79.1085 -0.0640465    1.49042     80.501 26.5439 213.526 1.17349 -0.548452  0.328467   179.328    1.78316  0.0444809 -0.0547377 0.00321404  0.0171259 0.00315918 -0.000642844  -0.00053228  -0.00109354   -0.066469   0.0732542 -0.00233805   0.216846 -0.0745624   -9.80632  7763
             79.2076 -0.0644881    1.49101    80.5034 26.5448 213.526 1.17345 -0.548373  0.327994   179.329    1.78316  0.0444804 -0.0547373 0.00511376   0.015039 0.00313518 -0.000636396 -0.000537733  -0.00109474  -0.0660693   0.0735283 -0.00207209   0.216835 -0.0745744   -9.80632  7768
             79.3076 -0.0659333    1.48794    80.5098 26.5441 213.523 1.17319 -0.54825 0.326907  179.327    1.78316   0.044479 -0.0547354 0.00184629 0.00758777 0.00258154 -0.000638053 -0.000552532  -0.00109647 -0.0649998  0.0733388 -0.0016516   0.216802 -0.0745713   -9.80632  7739
             79.4089 -0.0603668    1.49058    80.5149 26.5425 213.522 1.17297 -0.548219  0.326488   179.325    1.78316   0.044477 -0.0547353 -0.00283868  0.00609593  0.00202775 -0.000644682 -0.000565397  -0.00109541  -0.0645733    0.072894 -0.00133451   0.216787 -0.0745559   -9.80632  7749
             79.5076 -0.0673799    1.49548    80.5136 26.5424 213.522 1.17328 -0.548193   0.32625   179.325    1.78316  0.0444771 -0.0547358 -0.0020007  0.0059396 0.00213284 -0.000636286 -0.000575172  -0.00109061  -0.0642969   0.0730149 -0.00143962   0.216779 -0.0745619   -9.80632  7744
             79.6086 -0.0683229    1.48836    80.5083 26.5429 213.522 1.17322 -0.548159  0.326159   179.325   1.78316 0.0444779 -0.054736 7.62555e-05  0.00768728  0.00169334 -0.000635546 -0.000578561  -0.00108775  -0.0642639   0.0732551 -0.00125706   0.216779 -0.0745706   -9.80632  7776
             79.7074 -0.0674439    1.50062    80.5133 26.5431 213.523 1.17357 -0.548166  0.326168   179.326    1.78316   0.044478 -0.0547361 0.000176903  0.00890141  0.00139365 -0.000633738 -0.000589628  -0.00108999  -0.0642393   0.0733348 -0.00143352   0.216779 -0.0745738   -9.80632  7789
             79.8076 -0.0617944    1.49835    80.5139 26.5431 213.522 1.17361 -0.548114  0.325743   179.326    1.78316  0.0444775 -0.0547366 0.000437873  0.00757699  0.00156693 -0.000636258 -0.000594904  -0.00109162  -0.0637722   0.0734527 -0.00137093 0.216767 -0.07458 -9.80632  7767
             79.9074 -0.0685725    1.49531    80.5132 26.5423  213.52 1.17373 -0.548067  0.325184   179.324    1.78316  0.0444756 -0.0547362 -0.00120729  0.00436721  0.00172423  -0.00063343 -0.000598453  -0.00109061 -0.0631031  0.0732795 -0.0013522   0.216747 -0.0745768   -9.80632  7778
             80.0071 -0.0592447    1.49357    80.5078 26.5447 213.521 1.17389 -0.548028  0.325233   179.327    1.78316  0.0444785 -0.0547353 0.00572904 0.00608891 0.00162726 -0.000632426  -0.00060164  -0.00108776  -0.0632584     0.07409 -0.00134998   0.216755 -0.0746044   -9.80632  7758
             80.1081 -0.0655291    1.49126    80.5052 26.5457 213.523 1.17377 -0.548036  0.325477   179.328    1.78316  0.0444799 -0.0547357  0.00660956   0.0113884 0.000897426  -0.00062584 -0.000604091  -0.00108495  -0.0636055   0.0741841 -0.00118372  0.216765 -0.074606  -9.80632  7752
             80.2074 -0.058614   1.49213   80.5045 26.5466 213.525 1.17327 -0.548014  0.325507   179.328    1.78316  0.0444798 -0.0547357  0.00704941   0.0143985 0.000198412 -0.000629168 -0.000607178  -0.00108446   -0.0637536    0.0742531 -0.000773067   0.216769 -0.0746073   -9.80632  7774
             80.3082 -0.0646944    1.48501    80.5019 26.5466 213.523 1.17311 -0.547952   0.32488   179.327    1.78316  0.0444774 -0.0547345  0.00573589  0.00978382 -0.00047917 -0.000623443 -0.000613417  -0.00108055   -0.0629977    0.0741886 -0.000662074   0.216749 -0.0746081   -9.80632  7775
             80.4084 -0.0637862     1.4866    80.5001 26.5464 213.525 1.17292 -0.547964  0.324911   179.326    1.78316  0.0444767 -0.0547344   0.00410295    0.0125831 -0.000359501 -0.000626078 -0.000618779  -0.00107545   -0.0630292    0.0739245 -0.000586567   0.216748 -0.0745991   -9.80632  7803
             80.5074 -0.0587798      1.496    80.5106 26.5472 213.524 1.17369 -0.547948  0.324585   179.327    1.78316  0.0444782 -0.0547355  0.00489377  0.00928766 0.000637414 -0.000625084 -0.000634833  -0.00108361  -0.0624626   0.0741731 -0.00120459   0.216736 -0.0746101   -9.80632  7792
             80.6087 -0.0651363    1.49059    80.5059 26.5469 213.522 1.17353 -0.547896  0.324081   179.326    1.78316  0.0444771 -0.0547357  0.00284986  0.00543557 0.000589865 -0.000624955 -0.000638311  -0.00107898  -0.0618318   0.0740729 -0.00103803   0.216719 -0.0746091   -9.80632  7791
             80.7075 -0.0687787    1.49077    80.5118 26.5457 213.522  1.1735 -0.547902  0.323937   179.324    1.78316  0.0444758 -0.0547348 -0.00044356  0.00534705 0.000260046 -0.000624638 -0.000643895  -0.00108007     -0.0616   0.0736184 -0.00103658   0.216712 -0.0745955   -9.80632  7764
             80.8078 -0.0674434    1.49461    80.5055 26.5455 213.523 1.17378 -0.547916  0.323958   179.324    1.78316  0.0444754 -0.0547348 -7.0646e-05  0.00812578 0.000829741 -0.000622647 -0.000651052  -0.00107513  -0.0615712   0.0735806 -0.00124154   0.216711 -0.0745946   -9.80632  7795
             80.9084 -0.061471   1.49731   80.5129 26.5451 213.525 1.17389 -0.547955  0.324234   179.324    1.78315  0.0444752 -0.0547345   -0.001692   0.0140908 0.000922353 -0.000623568 -0.000652363   -0.0010814  -0.0619116   0.0733908 -0.00131052   0.216718 -0.0745875   -9.80632  7764
             81.0069 -0.0614765    1.49162    80.5026 26.5448 213.525 1.17395 -0.547927  0.323956   179.324    1.78315  0.0444742 -0.0547344 -0.00193058    0.012284 0.000698624 -0.000625022 -0.000656231  -0.00107521  -0.0615324   0.0734706 -0.00132974    0.21671 -0.0745914   -9.80632  7766
             81.1082 -0.0646338    1.49935    80.5179 26.5441 213.525 1.17345 -0.547883  0.323661   179.323    1.78316  0.0444742 -0.0547348 -0.00242168   0.0114479 0.000330753  -0.00062414 -0.000668221   -0.0010841    -0.061203    0.0733824 -0.000927321   0.216701 -0.0745896   -9.80632  7767
             81.2072 -0.0607689    1.49095    80.5132 26.5425 213.526 1.17338 -0.547897  0.323613   179.322    1.78315   0.044473 -0.0547349 -0.00628957   0.0129363 0.000255679 -0.000627507 -0.000664366  -0.00108167      -0.0611    0.0729727 -0.000892029   0.216697 -0.0745776   -9.80632  7728
             81.3087 -0.063485   1.49736   80.5242 26.5441 213.527 1.17391 -0.547868  0.323533   179.324    1.78316  0.0444746 -0.0547354 -0.000634899     0.012667  0.000864856 -0.000621638 -0.000674251  -0.00109131  -0.0609718   0.0737235 -0.00126909   0.216698 -0.0746006   -9.80632  7793
             81.4083 -0.063162   1.48514   80.5008 26.5449 213.527  1.1732 -0.547817  0.323352   179.325    1.78316  0.0444748 -0.0547354  0.00141993   0.0123754 5.74857e-05 -0.000620045 -0.000671197  -0.00107555   -0.0608743    0.0740436 -0.000681294   0.216696 -0.0746098   -9.80632  7793
             81.5075 -0.0659892    1.49903    80.5107 26.5459 213.526 1.17313 -0.54776 0.322966  179.325    1.78316  0.0444747 -0.0547366   0.00445491   0.00827601 -0.000175462 -0.000612834 -0.000685449  -0.00107993   -0.0603393    0.0744299 -0.000653394   0.216686 -0.0746227   -9.80632  7777
             81.6078 -0.0663746    1.48336    80.5078  26.545 213.524 1.17272 -0.547703  0.322322   179.324   1.78315 0.0444719 -0.054735   0.00109328   0.00172189 -0.000846282 -0.000613577 -0.000685584  -0.00107606   -0.0594171    0.0741574 -0.000387959   0.216665 -0.0746179   -9.80632  7798
             81.7074 -0.0721959    1.48637    80.5148 26.5428 213.521 1.17242 -0.547661  0.321713   179.322    1.78315  0.0444701 -0.0547333 -0.00595337 -0.00522128  -0.0012105 -0.000612152 -0.000696454   -0.0010808   -0.0584752     0.073622 -0.000266968   0.216643 -0.0746061   -9.80632  7779
             81.8077 -0.0603801    1.48957    80.5219 26.5415 213.524 1.17263 -0.547749  0.322356   179.322    1.78315  0.0444698 -0.0547333 -0.00713713  0.00531696 -0.00107256 -0.000622462 -0.000692656  -0.00108648  -0.0593578   0.0732577 -0.00060153    0.21666 -0.0745934   -9.80632  7740
             81.9085 -0.065965   1.48584   80.5144 26.5411 213.521 1.17271 -0.547696  0.321871   179.322    1.78315  0.0444686 -0.0547332  -0.00621785 -0.000614742   -0.0008854  -0.00061637 -0.000698438  -0.00108146   -0.0585816    0.0734947 -0.000752728   0.216645 -0.0746026   -9.80632  7725
             82.0069 -0.0596333    1.49096    80.5068  26.541 213.523 1.17275 -0.547715  0.322095   179.322    1.78315  0.0444704 -0.0547326 -0.00446482  0.00378605 -0.00134862 -0.000621457 -0.000700427  -0.00107853   -0.0589185    0.0736116 -0.000922619   0.216652 -0.0746047   -9.80632  7767
              82.108 -0.072383   1.48314   80.5027 26.5413 213.522 1.17284 -0.547695  0.321941   179.323    1.78316  0.0444696 -0.0547331 -0.00257071  0.00192431  -0.0010613 -0.000608659 -0.000699566  -0.00107569  -0.0586459   0.0739158 -0.00110896  0.216648 -0.074614  -9.80632  7783
              82.207 -0.0740855      1.497    80.5086 26.5424  213.52 1.17295 -0.547659   0.32172   179.324    1.78316  0.0444698 -0.0547346 0.000683975 -0.00111129 0.000141237 -0.000602511 -0.000715918  -0.00108242  -0.0582779   0.0744375 -0.00126214  0.216643 -0.074629  -9.80632  7712
             82.3069 -0.0689891    1.48641    80.5138 26.5421 213.517 1.17286 -0.547613  0.321298   179.323    1.78316  0.0444697 -0.0547344 -0.000547086  -0.00626139 -0.000560632 -0.000604943 -0.000714887  -0.00108198  -0.0575829   0.0744761 -0.00123075   0.216629 -0.0746321   -9.80632  7757
             82.4072 -0.0619266    1.48141    80.5103 26.5431 213.521 1.17227 -0.547657   0.32184   179.324    1.78316  0.0444706 -0.0547347 0.00319882 0.00350311 -0.0011188 -0.000606142 -0.000705559  -0.00108178   -0.0586101    0.0746319 -0.000888294    0.21665 -0.0746325   -9.80632  7762
             82.5072 -0.0626559    1.48241    80.5154  26.544 213.523 1.17228 -0.547689   0.32217   179.325    1.78316  0.0444712 -0.0547349   0.00493408   0.00920052 -0.000901406 -0.000603832 -0.000705646  -0.00108482  -0.0591456   0.0747307 -0.00102968    0.21666 -0.0746335   -9.80632  7736
             82.6084 -0.0621182    1.48509    80.5123  26.544 213.525 1.17232 -0.547718  0.322343   179.325    1.78316  0.0444712 -0.0547349   0.00382325    0.0135222 -0.000833747 -0.000602578 -0.000706183  -0.00108202  -0.0593822   0.0745156 -0.00118364   0.216664 -0.0746276   -9.80632  7734
             82.7072 -0.0638723    1.49047    80.5145  26.544 213.526 1.17264 -0.547729  0.322329   179.324   1.78316  0.044471 -0.054735    0.0029118    0.0132689 -0.000265856 -0.000602091 -0.000709837  -0.00108164    -0.05925    0.074411 -0.00151795   0.216661 -0.0746258   -9.80632  7760
             82.8078 -0.0656512    1.47334      80.51 26.5447 213.526 1.17206 -0.54768  0.32202  179.325    1.78315  0.0444708 -0.0547341  0.00391435   0.0105204 -0.00102929 -0.000598412 -0.000704565  -0.00107716   -0.058841   0.0746392 -0.00112249  0.216655 -0.074632  -9.80632  7761
             82.9081 -0.059179    1.4864   80.5205 26.5445 213.527 1.17208 -0.547683  0.321966   179.324    1.78315  0.0444707 -0.0547344    0.0030092    0.0104457 -0.000205442 -0.000603975 -0.000719061  -0.00108347  -0.0586902   0.0744916 -0.00124265   0.216651 -0.0746291   -9.80632  7752
             83.0071 -0.0667811     1.4914    80.5098 26.5449 213.527 1.17265 -0.547687  0.321885   179.324    1.78315  0.0444696 -0.0547349  0.00331146  0.00896667 0.000725371 -0.000596327 -0.000727561  -0.00107305  -0.0584116   0.0745598 -0.00170968   0.216647 -0.0746321   -9.80632  7790
             83.1079 -0.0627877    1.48436    80.5181  26.544 213.525 1.17282 -0.547672  0.321582   179.323    1.78315  0.0444685 -0.0547348 0.000573273  0.00499653  0.00115159 -0.000598417 -0.000730917  -0.00107545  -0.0577994   0.0742902 -0.00180632   0.216635 -0.0746278   -9.80632  7772
             83.2069 -0.0669923    1.49094    80.5091 26.5451 213.525 1.17336 -0.547655   0.32147   179.324    1.78315  0.0444682 -0.0547356 0.00315273  0.0022925 0.00221546 -0.000592139 -0.000743056  -0.00106864  -0.0575365   0.0746827 -0.00211532  0.216632 -0.074638  -9.80632  7778
             83.3072 -0.0655651    1.48313    80.5101 26.5467 213.524 1.17345 -0.54762 0.321356  179.325    1.78315  0.0444688 -0.0547356 0.00685342 0.00109696 0.00227821 -0.000588912  -0.00073989  -0.00106876 -0.0573965  0.0751385  -0.002007   0.216631 -0.0746485   -9.80632  7754
              83.408 -0.0651841    1.48894    80.5116 26.5468 213.525 1.17353 -0.547633   0.32142   179.324    1.78315  0.0444686 -0.0547355 0.00562111 0.00326871  0.0024812 -0.000590183 -0.000744048  -0.00107095   -0.057517   0.0749175 -0.00193641   0.216632 -0.0746432   -9.80632  7743
             83.5068 -0.0596484    1.48624    80.5144 26.5474 213.523 1.17297 -0.547564  0.320996   179.324    1.78315  0.0444677 -0.0547353  0.00571564 -0.00239253  0.00131414 -0.000591794 -0.000752385  -0.00107165  -0.0568827   0.0750798 -0.00134955   0.216622 -0.0746477   -9.80632  7714
              83.608 -0.0587699    1.48502    80.5111 26.5474 213.524 1.17281 -0.547586  0.321162   179.324    1.78315  0.0444677 -0.0547357  0.00440243  0.00191285 0.000705299 -0.000595084 -0.000752017  -0.00106873  -0.0572236   0.0748324 -0.00119298   0.216627 -0.0746412   -9.80632  7637
             83.7069 -0.0626734    1.48176    80.5183  26.544 213.525 1.17284 -0.547644  0.321233   179.322    1.78315  0.0444656 -0.0547345 -0.00503693  0.00452994 0.000602083 -0.000602001 -0.000750238  -0.00107224  -0.0572473   0.0736493 -0.00125785  0.216623 -0.074616  -9.80632  7623
             83.8069 -0.0626363    1.48888    80.5177 26.5432 213.526 1.17243 -0.547638   0.32125   179.322    1.78315  0.0444657 -0.0547344  -0.00516471   0.00663127 -1.20315e-05 -0.000602367 -0.000756741  -0.00107369   -0.0573602    0.0735346 -0.000937583   0.216625 -0.0746129   -9.80632  7626
             83.9081 -0.0608658    1.47977    80.5107 26.5426 213.529 1.17202 -0.547653  0.321465   179.322    1.78315  0.0444665 -0.0547346 -0.00517119   0.0126288 -0.00088272 -0.000604605 -0.000751533  -0.00106912   -0.0578559    0.0734302 -0.000698603   0.216632 -0.0746091   -9.80632  7606
             84.0071 -0.0649666    1.48149    80.5063 26.5416 213.529 1.17136 -0.54762 0.321257  179.322    1.78315   0.044466 -0.0547344 -0.00670383   0.0100579 -0.00117398 -0.000600097 -0.000759284  -0.00106526   -0.0575233    0.0733977 -0.000300682   0.216627 -0.0746088   -9.80632  7641
              84.108 -0.0609467    1.48678     80.515 26.5413 213.528 1.17167 -0.547604  0.321056   179.322    1.78315  0.0444662 -0.0547349  -0.00524384   0.00636652 -0.000816897 -0.000599345 -0.000772529  -0.00106889   -0.0570228    0.0736014 -0.000641599    0.21662 -0.0746146   -9.80632  7692
              84.207 -0.0650767    1.48495    80.5117 26.5412 213.526 1.17209 -0.547588  0.320829   179.322    1.78315  0.0444651 -0.0547354 -0.00479865  0.00171366 0.000323092 -0.000595143 -0.000779766  -0.00106723  -0.0564589   0.0738374 -0.00102022   0.216612 -0.0746213   -9.80632  7728
             84.3075 -0.0619411    1.48306    80.5006 26.5422 213.527 1.17201 -0.547582  0.320956   179.323    1.78315  0.0444668 -0.0547355 -0.000692322   0.00493757  4.19653e-05 -0.000592648 -0.000781258  -0.00106025   -0.0567886    0.0742847 -0.000966624   0.216618 -0.0746293   -9.80632  7736
             84.4073 -0.0652533    1.48111    80.5026 26.5434 213.528  1.1723 -0.547576  0.320974   179.324    1.78315  0.0444673 -0.0547356  0.00323658  0.00564284 0.000923592 -0.000586194 -0.000781959  -0.00106289  -0.0568149   0.0746687 -0.00119664   0.21662 -0.074637  -9.80632  7770
             84.5071 -0.057099   1.48488   80.5214 26.5402 213.527 1.17238 -0.547595  0.320859   179.322    1.78316  0.0444668 -0.0547371 -0.00611243  0.00511048 0.000835467 -0.000600948 -0.000785913  -0.00107298 -0.0564434  0.0736685 -0.0012506   0.216612 -0.0746187   -9.80632  7764
             84.6082 -0.0620393    1.48257    80.5101 26.5401 213.527  1.1721 -0.547571  0.320712   179.322    1.78316  0.0444668 -0.0547373 -0.00446348  0.00228753 0.000447484 -0.000593514 -0.000789443  -0.00106547  -0.0561696   0.0738884 -0.00100358   0.216608 -0.0746233   -9.80632  7772
              84.707 -0.0578022    1.48547    80.5136 26.5414 213.527 1.17201 -0.547555  0.320736   179.323    1.78316  0.0444677 -0.0547372 0.000120479  0.00237203 0.000218531 -0.000587985 -0.000792934  -0.00107105   -0.0562873    0.0744136 -0.000919073   0.216612 -0.0746329   -9.80632  7773
             84.8072 -0.0643151    1.48087    80.5061 26.5424 213.527 1.17247 -0.547539   0.32068   179.323    1.78316  0.0444678 -0.0547375  0.0025801 0.00300513 0.00101415 -0.000583482 -0.000795776  -0.00106244 -0.0561304  0.0747798 -0.0012567   0.216611 -0.0746404   -9.80632  7752
             84.9082 -0.0619095    1.47946    80.5218 26.5432 213.527 1.17254 -0.547541  0.320741   179.324    1.78316  0.0444678 -0.0547378 0.00397433 0.00460082 0.00131185 -0.000586582 -0.000796016  -0.00107184  -0.0562853   0.0749336 -0.00125666   0.216613 -0.0746429   -9.80632  7730
             85.0069 -0.059899   1.47886   80.5092 26.5438 213.529 1.17238 -0.547554  0.320868   179.324    1.78316  0.0444683 -0.0547379  0.00466024  0.00729616 0.000879347  -0.00058756 -0.000796038  -0.00106385  -0.0566121   0.0749549 -0.00108988   0.216618 -0.0746424   -9.80632  7750
             85.1081 -0.0638773    1.48302     80.518  26.544 213.528 1.17276 -0.547535    0.3207   179.324    1.78316   0.044468 -0.0547383  0.0040292 0.00466888  0.0014044 -0.000584718 -0.000803623  -0.00106487  -0.0561687   0.0749618 -0.00132262   0.216612 -0.0746437   -9.80632  7721
             85.2071 -0.0610899    1.48082     80.514 26.5446 213.528 1.17274 -0.547531  0.320676   179.324    1.78316   0.044468 -0.0547383 0.00392245 0.00395621 0.00165961 -0.000584692 -0.000802469  -0.00106097   -0.056129   0.0750368 -0.00121917  0.216611 -0.074645  -9.80632  7748
             85.3069 -0.0571607    1.47428    80.5056 26.5461 213.529 1.17258 -0.547525  0.320693   179.324    1.78316  0.0444686 -0.0547382 0.00755973 0.00563838 0.00145969 -0.000585471 -0.000801332  -0.00105518   -0.0562343    0.0753877 -0.000981725   0.216614 -0.0746507   -9.80632  7759
             85.4081 -0.0654219    1.47974    80.5138  26.546 213.525 1.17259 -0.547483  0.320249   179.324    1.78316  0.0444681 -0.0547385  0.00517704 -0.00438421  0.00155453 -0.000582718 -0.000817632  -0.00105947   -0.0551274     0.075303 -0.000860931   0.216599 -0.0746514   -9.80632  7754
             85.5069 -0.0663108    1.48221    80.5156 26.5455 213.525 1.17297 -0.547492  0.320266   179.323    1.78316  0.0444675 -0.0547383  0.00263447 -0.00383227  0.00220662 -0.000584113 -0.000820254  -0.00105665 -0.0551175  0.0750021 -0.0010758   0.216598 -0.0746465   -9.80632  7777
              85.608 -0.0635272    1.47417    80.5183 26.5455 213.523 1.17278 -0.547476  0.320069   179.323   1.78316 0.0444673 -0.054738  0.00233695 -0.00773533  0.00222639  -0.0005856 -0.00082067 -0.00105798   -0.0546626    0.0750031 -0.000765133   0.216593 -0.0746472   -9.80632  7759
             85.7069 -0.0551961    1.48266    80.5212  26.545 213.523 1.17269 -0.54749 0.320107  179.323    1.78316  0.0444666 -0.0547383 -0.000303935  -0.00713752   0.00159846 -0.000594093   -0.0008265  -0.00105436    -0.054768    0.0747857 -0.000573843   0.216593 -0.0746433   -9.80632  7731
              85.808 -0.0652463    1.48098    80.5061 26.5439 213.521 1.17257 -0.547495  0.320032   179.322   1.78316 0.0444657 -0.054738 -0.00287451 -0.00824658 0.000543999 -0.000589906 -0.000828107  -0.00104448   -0.0545746    0.0745103 -0.000430405    0.21659 -0.0746391   -9.80632  7742
             85.9083 -0.0589413    1.48873    80.5119 26.5448 213.522 1.17319 -0.547498  0.320184   179.323    1.78316   0.044467 -0.0547375  0.00163354 -0.00495172  0.00186878  -0.00058764 -0.000834032  -0.00104607   -0.0549221    0.0748004 -0.000880299   0.216595 -0.0746434   -9.80632  7758
             86.0071 -0.0621361    1.48165    80.5211 26.5445 213.524 1.17294 -0.547525  0.320384   179.323    1.78316  0.0444664 -0.0547374   0.0001136 0.000347982  0.00122715 -0.000586823 -0.000826258  -0.00105153   -0.0555151    0.0745955 -0.000613744   0.216601 -0.0746387   -9.80632  7746
             86.1082 -0.0611056    1.48053    80.5192 26.5446 213.523  1.1732 -0.547516  0.320315   179.323    1.78316  0.0444664 -0.0547373 -0.000549531   -0.0016267  0.000695935 -0.000587419 -0.000829764  -0.00104825   -0.0552864    0.0746824 -0.000791006   0.216599 -0.0746407   -9.80632  7725
             86.2073 -0.0655111    1.48041    80.5138 26.5447 213.525 1.17316 -0.547535  0.320497   179.323    1.78316  0.0444672 -0.0547375 9.29301e-05  0.00381243  0.00181497 -0.000584804 -0.000829279  -0.00104475   -0.0558206    0.0746451 -0.000713465  0.216605 -0.074639  -9.80632  7729
             86.3074 -0.0636638    1.48784     80.516 26.5459 213.524 1.17364 -0.54752 0.320458  179.323    1.78316  0.0444674 -0.0547378 0.00355902   0.002896 0.00178208 -0.000582998 -0.000834233  -0.00104793   -0.0556777     0.075048 -0.000944659   0.216605 -0.0746456   -9.80632  7751
             86.4082 -0.066019   1.48006   80.5169 26.5446 213.526 1.17259 -0.547541  0.320546   179.323    1.78316  0.0444677 -0.0547378 -0.000742305   0.00788415  1.66042e-05 -0.000587177 -0.000828639  -0.00104634   -0.0560982    0.0744945 -0.000113083   0.216608 -0.0746358   -9.80632  7755
             86.5068 -0.0593231    1.48713    80.5149 26.5424 213.522 1.17268 -0.54751 0.320118  179.322    1.78315  0.0444656 -0.0547393 -0.00597652  -0.0028973  0.00026743 -0.000593084  -0.00084516  -0.00104393   -0.0547502    0.0740999 -0.000185972   0.216592 -0.0746325   -9.80632  7752
             86.6079 -0.0616749    1.48383    80.5186 26.5414 213.524 1.17223 -0.547527  0.320229   179.322    1.78315  0.0444654 -0.0547395  -0.0064715 0.000747839 -0.00087083 -0.000595237 -0.000844383  -0.00104467  -0.0551321   0.0738957 0.000102643   0.216595 -0.0746287   -9.80632  7766
              86.707 -0.0563537    1.48532    80.5151 26.5423 213.523 1.17215 -0.547511  0.320196   179.322   1.78316 0.0444659 -0.054739 -0.00259844 -0.00107081 -0.00104879 -0.000593857 -0.000846313  -0.00104161  -0.0550809    0.074415 8.14378e-05   0.216596 -0.0746363   -9.80632  7749
              86.807 -0.0644514    1.48297    80.5211 26.5414 213.522  1.1723 -0.54751 0.320147  179.322    1.78316  0.0444656 -0.0547386  -0.00416196  -0.00156285 -0.000565488  -0.00059192 -0.000849251  -0.00104583   -0.0548709    0.0742844 -0.000142699   0.216594 -0.0746349   -9.80632  7769
             86.9084 -0.0615442    1.47978    80.5225 26.5405 213.524 1.17207 -0.547528  0.320288   179.322   1.78316 0.0444655 -0.054739  -0.00578422    0.0028347 -0.000709354 -0.000594621 -0.000844017  -0.00104945   -0.0553113    0.0740932 -7.20161e-05   0.216598 -0.0746314   -9.80632  7729
             87.0074 -0.0529338    1.48444    80.5157 26.5415 213.525 1.17239 -0.547525  0.320367   179.323    1.78316  0.0444671 -0.0547383  -0.00148809   0.00448185 -0.000334279 -0.000598594 -0.000845023  -0.00104222   -0.0555406    0.0745297 -0.000412322   0.216601 -0.0746372   -9.80632  7732
             87.1082 -0.0556288    1.48468    80.5155 26.5423 213.524  1.1722 -0.547508   0.32026   179.323    1.78316  0.0444669 -0.0547385    0.0019122   0.00159829 -0.000457335 -0.000594183 -0.000849433  -0.00103887   -0.0552397     0.074889 -0.000312905   0.216599 -0.0746426   -9.80632  7781
             87.2073 -0.0556905    1.47979    80.5218 26.5422 213.525 1.17164 -0.547515  0.320314   179.323    1.78316  0.0444667 -0.0547387 0.000418556  0.00366935 -0.00102466 -0.000595515 -0.000847353  -0.00104284  -0.0554734   0.0747971 2.27818e-05   0.216601 -0.0746409   -9.80632  7740
             87.3071 -0.0529505    1.48151    80.5189 26.5418 213.526 1.17182 -0.547519  0.320339   179.323    1.78316  0.0444669 -0.0547387 -0.000590354   0.00537056 -0.000469796 -0.000597868  -0.00084662  -0.00104245   -0.0554993     0.074675 -0.000238337   0.216601 -0.0746393   -9.80632  7763
             87.4083 -0.0508336    1.48488    80.5171 26.5429 213.526 1.17183 -0.547513  0.320363   179.323    1.78316  0.0444675 -0.0547385   0.00320417   0.00610535 -0.000254462 -0.000595834 -0.000849485   -0.0010397   -0.0556023    0.0750178 -0.000297437   0.216603 -0.0746436   -9.80632  7774
              87.507 -0.0564741    1.48575    80.5159 26.5446 213.528 1.17195 -0.547514  0.320448   179.324    1.78316  0.0444681 -0.0547389   0.00733233   0.00814258 -0.000941354 -0.000587558 -0.000849613   -0.0010391   -0.0558928    0.0753825 -0.000469479  0.216607 -0.074648  -9.80632  7753
             87.6081 -0.0569848     1.4871    80.5195 26.5442 213.525 1.17238 -0.547492  0.320186   179.323   1.78316 0.0444671 -0.054739  0.00456132 0.000880308 0.000271047 -0.000584423 -0.000856315  -0.00104087   -0.0549191    0.0751901 -0.000853721   0.216597 -0.0746472   -9.80632  7722
             87.7068 -0.0600764    1.48642    80.5134 26.5439 213.522 1.17244 -0.547473  0.319954   179.323   1.78316 0.0444656 -0.054739   0.00279113  -0.00659958 -0.000427356 -0.000584563 -0.000865137  -0.00103745   -0.0540889    0.0750843 -0.000906319   0.216589 -0.0746473   -9.80632  7731
             87.8079 -0.0617961    1.48944    80.5145 26.5426 213.523 1.17269 -0.547496  0.320065   179.322    1.78316  0.0444649 -0.0547382 -0.000482726  -0.00251241 -0.000343925 -0.000585471 -0.000863673  -0.00103951  -0.0544299     0.07456 -0.00121124   0.216591 -0.0746402   -9.80632  7749
             87.9001 -0.0587858    1.48742    80.5184 26.5428 213.524 1.17263 -0.547505  0.320149   179.323    1.78316  0.0444649 -0.0547383 -7.21972e-05  0.000879476  -0.00022725 -0.000584209 -0.000862245  -0.00104181  -0.0547339   0.0745719 -0.00121378   0.216594 -0.0746398   -9.80632  7759
             87.9996 -0.0514234    1.48829    80.5158 26.5429 213.526 1.17269 -0.547522  0.320312   179.323    1.78316  0.0444653 -0.0547384 0.000435647  0.00660154 -0.00051035 -0.000585631 -0.000859511   -0.0010394  -0.0553234   0.0745218 -0.00131671   0.216599 -0.0746382   -9.80632  7738
             88.1007 -0.053003   1.47503   80.5158 26.5433 213.524  1.1718 -0.547488  0.320087   179.323    1.78315  0.0444649 -0.0547363   0.00218026 -5.58139e-05  -0.00140609 -0.000583004 -0.000850294  -0.00103811   -0.0545755    0.0747611 -0.000723131   0.216593 -0.0746421   -9.80632  7751
             88.1998 -0.0538905    1.48268    80.5081 26.5442 213.525 1.17154 -0.547485  0.320124   179.323    1.78315  0.0444654 -0.0547364  0.00419391  0.00111401 -0.00223428 -0.000582196   -0.0008563  -0.00103446   -0.0547377    0.0749818 -0.000641249   0.216595 -0.0746445   -9.80632  7756
             88.3003 -0.0517795    1.48419    80.5234 26.5446 213.524 1.17122 -0.547482  0.320089   179.323    1.78315  0.0444655 -0.0547364   0.00313626 -0.000259706   -0.0029645 -0.000583689 -0.000859359   -0.0010421   -0.0546033    0.0749947 -0.000650744   0.216594 -0.0746449   -9.80632  7725
             88.4008 -0.0591212     1.4769    80.5212 26.5456 213.523 1.17089 -0.547468  0.319991   179.323    1.78315  0.0444659 -0.0547365   0.00564149  -0.00287199 -0.000687865 -0.000583238 -0.000854222  -0.00104101   -0.0542332    0.0752443 -0.000618781   0.216591 -0.0746483   -9.80632  7737
             88.4995 -0.0547922    1.48364    80.5119 26.5443 213.523 1.17129 -0.547486  0.320013   179.323    1.78315  0.0444654 -0.0547365   0.00138502  -0.00234607 -0.000163065  -0.00058005 -0.000862518   -0.0010357   -0.0542536    0.0747313 -0.000999582    0.21659 -0.0746424   -9.80632  7730
             88.5996 -0.0585345    1.48552     80.512 26.5438 213.524 1.17175 -0.547503  0.320082   179.322    1.78315  0.0444649 -0.0547361  -0.00191472   1.5873e-05 -0.000619608 -0.000574274 -0.000870187   -0.0010376  -0.0544836    0.074527 -0.00144639   0.216592 -0.0746398   -9.80632  7719
             88.6993 -0.0571621     1.4838    80.5166 26.5434 213.525 1.17219 -0.547514  0.320148   179.322   1.78315 0.0444647 -0.054736 -0.000849111   0.00321728  0.000200822 -0.000571935 -0.000874603  -0.00104188  -0.0547099   0.0744161 -0.00183097   0.216594 -0.0746384   -9.80632  7732
             88.7997 -0.052034   1.49055   80.5207 26.5432 213.524 1.17231 -0.547511  0.320114   179.322    1.78315  0.0444648 -0.0547362 -0.00193517  0.00241179 0.000929742 -0.000573384 -0.000879083  -0.00104583  -0.0545673   0.0744289 -0.00188491   0.216593 -0.0746387   -9.80632  7759
             88.9004 -0.0597387     1.4776    80.5172 26.5453 213.524 1.17216 -0.547491  0.320082   179.323    1.78315  0.0444656 -0.0547367  0.00354066  0.00141967 0.000945226 -0.000582026 -0.000871588  -0.00104294     -0.0545   0.0751538 -0.00169104   0.216594 -0.0746466   -9.80632  7759
             88.9992 -0.0550985    1.48567    80.5117 26.5441 213.526 1.17234 -0.547511  0.320175   179.323    1.78315  0.0444659 -0.0547367 -5.00122e-05   0.00583911   0.00128222 -0.000577085 -0.000884361  -0.00104103  -0.0548229   0.0746417 -0.00182248   0.216595 -0.0746407   -9.80632  7744
             89.1004 -0.0570382     1.4825    80.5189 26.5442 213.525 1.17224 -0.547498  0.320064   179.323    1.78315   0.044466 -0.0547365  0.00211293  0.00125831 0.000783787 -0.000578703 -0.000877498  -0.00104681  -0.0543922   0.0747514 -0.00162443   0.216592 -0.0746423   -9.80632  7754
             89.1993 -0.0514977    1.48149    80.5212  26.543 213.526 1.17206 -0.547514  0.320108   179.322   1.78315 0.0444654 -0.054737  -0.00139501   0.00364155 -0.000343966 -0.000576943 -0.000877762  -0.00104661  -0.0545371   0.0743406 -0.00150099   0.216592 -0.0746379   -9.80632  7737
             89.2991 -0.0505293    1.48241    80.5198 26.5429 213.525 1.17181 -0.54751 0.320072  179.322    1.78315  0.0444652 -0.0547369  -0.00286221   0.00260415 -0.000221932 -0.000577102  -0.00088004  -0.00104707  -0.0543971   0.0743887 -0.00131439   0.216591 -0.0746385   -9.80632  7748
             89.4003 -0.0463099    1.48134    80.5109 26.5413 213.524 1.17142 -0.547512  0.319988   179.322    1.78315  0.0444634 -0.0547374  -0.00585908 -0.000524979 -0.000732498 -0.000576205 -0.000872578  -0.00104337  -0.0540121   0.0740957 -0.00106711  0.216588 -0.074636  -9.80632  7791
             89.4991 -0.0505676    1.48614    80.5119 26.5415 213.524  1.1715 -0.547507  0.319996   179.322    1.78315  0.0444637 -0.0547376  -0.00309429  4.89665e-06 -0.000351926 -0.000575563 -0.000878527  -0.00104569  -0.0540566   0.0743284 -0.00118625   0.216589 -0.0746383   -9.80632  7769
             89.6002 -0.0473324    1.48212    80.5119 26.5429 213.526 1.17119 -0.547511  0.320094   179.323    1.78315  0.0444641 -0.0547376   0.00218744   0.00338836 -0.000884561 -0.000580038 -0.000884452  -0.00104428    -0.054532     0.074759 -0.000981739  0.216593 -0.074642  -9.80632  7751
             89.6993 -0.0470592    1.48479    80.5142 26.5423 213.525   1.171 -0.547508  0.320031   179.322    1.78315  0.0444639 -0.0547377 -0.00132511  0.00201978 -0.00158541 -0.000573299 -0.000882778  -0.00104189   -0.0542292    0.0745737 -0.000948351    0.21659 -0.0746405   -9.80632  7729
             89.7991 -0.0526516    1.47449    80.5116 26.5407 213.523 1.17058 -0.547503  0.319907   179.322    1.78315  0.0444636 -0.0547362  -0.00566974  -0.00227368 -0.000661594 -0.000571275 -0.000875676  -0.00103908  -0.0536789   0.0742645 -0.00071614   0.216586 -0.0746381   -9.80632  7739
             89.9002 -0.0528327    1.47395    80.5114 26.5408 213.523 1.17015 -0.547502   0.31989   179.322    1.78315  0.0444642 -0.0547365 -0.00226973 -0.00393801 -0.00203185  -0.00057582 -0.000876127  -0.00103754   -0.0536149    0.0744652 -0.000466156 0.216585 -0.07464 -9.80632  7766
              89.999 -0.0470837    1.48243    80.5235 26.5414 213.522 1.17015 -0.547492   0.31986   179.322    1.78315  0.0444645 -0.0547364 0.000111845 -0.00574839 -0.00181486 -0.000578454  -0.00088329   -0.0010467   -0.0534816    0.0747321 -0.000629335   0.216585 -0.0746427   -9.80632  7767
             90.1001 -0.0430751    1.48587    80.5176 26.5421  213.52 1.17077 -0.547471  0.319811   179.322    1.78315  0.0444658 -0.0547366 -0.000522034  -0.00739066  -0.00028914 -0.000584288 -0.000885185  -0.00104424  -0.0532149   0.0750183 -0.00122721   0.216584 -0.0746457   -9.80632  7754
             90.1993 -0.048656   1.48079   80.5219 26.5416 213.521 1.17041 -0.547488  0.319886   179.322    1.78315  0.0444657 -0.0547364 -0.000567517  -0.00424237  -0.00119771 -0.000578911 -0.000886798  -0.00104705   -0.0535879    0.0748424 -0.000989139   0.216586 -0.0746436   -9.80632  7775
             90.2993 -0.0527719    1.47732    80.5101 26.5429 213.521 1.16998 -0.547492  0.319941   179.323    1.78315   0.044467 -0.0547371  0.00462796 -0.00254711 -0.00175389 -0.000578934 -0.000889923  -0.00104064    -0.053887    0.0751817 -0.000770143   0.216589 -0.0746463   -9.80632  7757
             90.4004 -0.0450301    1.47626    80.5149 26.5436  213.52 1.16977 -0.547484  0.319876   179.323    1.78315  0.0444669 -0.0547369  0.00626498  -0.0056679 -0.00134408 -0.000581087 -0.000888617  -0.00103958    -0.053578    0.0752658 -0.000772428   0.216587 -0.0746474   -9.80632  7763
             90.4993 -0.0467471    1.48416    80.5162 26.5433 213.522 1.17012 -0.547505  0.320057   179.323    1.78315  0.0444668 -0.0547359   0.00151353   0.00291385 -0.000871116 -0.000576556 -0.000906423   -0.0010401  -0.0544209   0.0748984 -0.00119236   0.216592 -0.0746434   -9.80632  7770
             90.6009 -0.0483133    1.47445    80.5247 26.5409 213.521 1.16981 -0.547507  0.319972   179.322    1.78315  0.0444668 -0.0547352  -0.00423266  0.000155896 -0.000897998  -0.00057186 -0.000899538   -0.0010424  -0.0539732   0.0742429 -0.00107644   0.216588 -0.0746381   -9.80632  7756
             90.6999 -0.0484666    1.48169    80.5254 26.5427 213.521 1.16969 -0.547499  0.319982   179.323    1.78315  0.0444671 -0.0547353   0.00234366 -0.000499052  -0.00121109 -0.000576708 -0.000903056  -0.00104261   -0.054074   0.0748432 -0.00104295    0.21659 -0.0746431   -9.80632  7795
             90.7998 -0.0513937    1.48024    80.5218  26.542 213.522 1.16989 -0.547505  0.320005   179.322    1.78315  0.0444667 -0.0547351  8.88135e-05 -0.000165222 -0.000430738  -0.00057044 -0.000905125  -0.00103939  -0.0541289    0.074572 -0.00128491    0.21659 -0.0746409   -9.80632  7776
             90.9015 -0.0543018     1.4731    80.5165 26.5406 213.518 1.17001 -0.547494  0.319837   179.322   1.78315 0.0444648 -0.054734 -0.00356366 -0.00719045 0.000380916 -0.000564797 -0.000893925  -0.00103349  -0.0532215   0.0743288 -0.00143506 0.216584 -0.07464 -9.80632  7776
             90.9997 -0.0500081    1.48118    80.5096  26.539 213.514 1.17016 -0.547487  0.319687   179.322   1.78314 0.0444623 -0.054735 -0.00856156  -0.0151654  0.00046739 -0.000567218 -0.000894342   -0.0010295   -0.052359   0.0741331 -0.00152805   0.216578 -0.0746395   -9.80632  7783
             91.1013 -0.0503369    1.47794    80.5251 26.5373 213.516 1.16962 -0.54751 0.319814  179.322    1.78315  0.0444616 -0.0547354  -0.00931854  -0.00913934 -0.000495487 -0.000567349 -0.000899166  -0.00103996 -0.0530922  0.0738264 -0.0011732   0.216582 -0.0746361   -9.80632  7755
             91.1998 -0.0527025    1.48278    80.5226  26.537 213.514 1.17018 -0.547505   0.31982   179.322    1.78314  0.0444616 -0.0547355  -0.00714396   -0.0100678 -0.000257052 -0.000567078 -0.000906549  -0.00103873  -0.0530074   0.0739773 -0.00164489   0.216582 -0.0746377   -9.80632  7755
             91.3013 -0.0490438    1.48761    80.5277 26.5375 213.515 1.17083 -0.547513  0.319937   179.322    1.78314  0.0444619 -0.0547347 -0.00257389 -0.00471415   0.0011056  -0.00056882 -0.000912536  -0.00104227  -0.0535544     0.07426 -0.00216335   0.216586 -0.0746396   -9.80632  7746
             91.4013 -0.0483192    1.48289    80.5175 26.5387 213.516 1.17104 -0.547512  0.320001   179.322    1.78314  0.0444628 -0.0547344  0.00095786 0.000222441  0.00346618 -0.000569622 -0.000913522   -0.0010356  -0.0539489   0.0746251 -0.00217028  0.216588 -0.074642  -9.80632  7783
             91.4993 -0.0544897    1.48637     80.518 26.5375 213.516 1.17121 -0.547516  0.319985   179.322    1.78314  0.0444625 -0.0547341 -0.00405162 -0.00203097  0.00138993 -0.000562738 -0.000915179  -0.00103982 -0.0538485  0.0743265 -0.0021507   0.216587 -0.0746398   -9.80632  7758
             91.6011 -0.0558292    1.47984    80.5184 26.5385 213.516 1.17125 -0.54751 0.319996  179.322    1.78314  0.0444629 -0.0547344    0.0022898 -0.000426064   0.00285012 -0.000565005 -0.000916117  -0.00103973  -0.0539596   0.0747163 -0.00205289   0.216589 -0.0746426   -9.80632  7758
             91.6995 -0.0498155    1.48307    80.5231 26.5401 213.517 1.17131 -0.547508  0.320054   179.323    1.78314  0.0444628 -0.0547344 0.00632251 0.00372896 0.00346533 -0.000569266 -0.000921099  -0.00104192  -0.0543439   0.0750413 -0.00186034   0.216591 -0.0746445   -9.80632  7755
             91.8012 -0.0558476    1.47973    80.5142 26.5402 213.519  1.1712 -0.547514  0.320104   179.323    1.78314  0.0444634 -0.0547345 0.00505324 0.00431456 0.00121458 -0.000563355 -0.000920601  -0.00103602  -0.0546448   0.0748265 -0.00156668   0.216592 -0.0746425   -9.80632  7782
             91.9015 -0.0543768    1.47073    80.5111 26.5406 213.521 1.17092 -0.547521  0.320196   179.323    1.78314  0.0444642 -0.0547354 0.00452187  0.0120117 0.00277729 -0.000562564 -0.000922019   -0.0010313   -0.055178   0.0746939 -0.00128481   0.216595 -0.0746409   -9.80632  7749
             91.9998 -0.0551043    1.48433    80.5222  26.539  213.52 1.17111 -0.547518   0.32009   179.322    1.78314  0.0444647 -0.0547359 -0.00207924  0.00816373  0.00337105 -0.000560795 -0.000927169  -0.00103924  -0.0545349   0.0742697 -0.00121888   0.216591 -0.0746384   -9.80632  7758
             92.1018 -0.0532801    1.50245    80.5166 26.5371 213.519 1.17158 -0.547525  0.320016   179.322    1.78314  0.0444644 -0.0547381 -0.00337083  0.00152334  0.00282903 -0.000561584 -0.000938219  -0.00103511  -0.0540077   0.0738414 -0.00132441   0.216588 -0.0746358   -9.80632  7750
             92.1995 -0.0510122    1.48673    80.5166 26.5386 213.519 1.17161 -0.547509  0.320024   179.322    1.78314  0.0444646 -0.0547378 4.0431e-05 0.00267789 0.00249966 -0.000560699 -0.000930396  -0.00103523  -0.0541145   0.0743872 -0.00116664   0.216589 -0.0746395   -9.80632  7771
             92.3011 -0.0490488    1.48273    80.5182 26.5373  213.52 1.17158 -0.547515  0.320027   179.322   1.78314 0.0444639 -0.054738 -0.00464606  0.00475399  0.00300991 -0.000560688  -0.00092831  -0.00103477   -0.0540849    0.0740663 -0.000874651   0.216588 -0.0746373   -9.80632  7754
             92.4012 -0.0520685    1.48719    80.5147 26.5391 213.519  1.1717 -0.547497  0.319992   179.322    1.78314  0.0444641 -0.0547381 0.00491464 0.00076572 0.00165953 -0.000559298 -0.000927909  -0.00102955  -0.0539116    0.074714 -0.00078179   0.216588 -0.0746419   -9.80632  7758
             92.4995 -0.0483614    1.48148    80.5159 26.5392 213.519 1.17139 -0.547492  0.319986   179.322    1.78314  0.0444636 -0.0547381  0.00390622 -0.00129833  0.00185457 -0.000558247 -0.000924302   -0.0010294   -0.0538535    0.0746732 -0.000455302   0.216588 -0.0746417   -9.80632  7763
             92.6009 -0.0516547    1.48515    80.5224 26.5407  213.52  1.1717 -0.547494  0.320019   179.323    1.78314  0.0444636 -0.0547381 0.00339587 0.00352246 0.00239649 -0.000552174 -0.000930859  -0.00103248   -0.0540855    0.0749222 -0.000533215   0.216589 -0.0746432   -9.80632  7752
             92.6993 -0.0492956    1.48307    80.5192 26.5397 213.519 1.17179 -0.547492  0.319967   179.322    1.78314  0.0444634 -0.0547379 -0.00253034 0.000521906 0.000426533 -0.000557235 -0.000928642  -0.00102897   -0.0537264    0.0746991 -0.000492628  0.216588 -0.074642  -9.80632  7756
             92.8014 -0.0613561    1.47897    80.5163 26.5395  213.52 1.17156 -0.547502  0.320028   179.322   1.78314 0.0444643 -0.054738  0.00435553  0.00311725 0.000925705 -0.000554374 -0.000929438  -0.00102692   -0.0540996    0.0745726 -0.000257841   0.216589 -0.0746409   -9.80632  7782
             92.9022 -0.0484128    1.48169    80.5216 26.5408  213.52 1.17076 -0.547492  0.320001   179.322    1.78314  0.0444634 -0.0547377   0.00757009 -0.000506266   0.00126787 -0.000554459 -0.000929738   -0.0010289  -0.0538776   0.0748315 0.000413182   0.216588 -0.0746429   -9.80632  7727
             92.9997 -0.0582566    1.48407      80.52 26.5393 213.518 1.17091 -0.547495   0.31993   179.322   1.78314 0.0444628 -0.054737 0.000993884 -0.00402194 0.000348214 -0.000543888 -0.000933377   -0.0010259  -0.0533795   0.0743181 0.000320286   0.216585 -0.0746401   -9.80632  7747
             93.1027 -0.051865   1.48833   80.5206 26.5381 213.516 1.17135 -0.547497  0.319869   179.322    1.78314  0.0444628 -0.0547378 -0.00604755 -0.00640583 0.000943243 -0.000549266 -0.000935347  -0.00102607   -0.0529151    0.0740821 -8.37565e-06   0.216583 -0.0746389   -9.80632  7781
              93.201 -0.0560158    1.50156    80.5164 26.5361 213.514 1.17223 -0.547502  0.319829   179.322    1.78314  0.0444616 -0.0547386 -0.00706402  -0.0100789  0.00184041  -0.00055078 -0.000943923   -0.0010248   -0.0525762     0.073748 -0.000646492  0.216581 -0.074637  -9.80632  7798
             93.3026 -0.0539239    1.48464    80.5238 26.5364 213.514 1.17223 -0.547502   0.31986   179.322    1.78314  0.0444615 -0.0547387 -0.00162911 -0.00850326  0.00162465 -0.000552662 -0.000935473   -0.0010273   -0.0528184     0.073964 -0.000535872   0.216582 -0.0746381   -9.80632  7779
              93.403 -0.048899   1.49017   80.5209 26.5367 213.513 1.17232 -0.547499  0.319859   179.322    1.78314  0.0444615 -0.0547384 -0.00352137 -0.00811507   0.0018744 -0.000557142 -0.000942808   -0.0010242   -0.0528402    0.0741684 -0.000492191   0.216583 -0.0746393   -9.80632  7786
             93.5008 -0.0519407    1.48488    80.5266 26.5382 213.515 1.17236 -0.547506  0.319965   179.322    1.78314  0.0444614 -0.0547394  0.00135761 -0.00140579  0.00183594 -0.000554826 -0.000935742  -0.00102776   -0.0536472    0.0745768 -0.000444281   0.216587 -0.0746411   -9.80632  7779
             93.6026 -0.0593204    1.49101    80.5278 26.5374 213.518 1.17247 -0.547521  0.320059   179.322    1.78314   0.044461 -0.0547388 0.00200416 0.00527583   0.002642 -0.000550975 -0.000935219  -0.00102559   -0.0543572    0.0741755 -0.000405228   0.216589 -0.0746384   -9.80632  7756
             93.7014 -0.0566487    1.49258    80.5149 26.5378 213.519 1.17258 -0.54752 0.320072  179.322    1.78314  0.0444613 -0.0547387 0.00239974 0.00649512 0.00203901 -0.000548548 -0.000936809  -0.00101837    -0.054473    0.0742176 -0.000349029    0.21659 -0.0746385   -9.80632  7787
             93.8011 -0.0516069    1.49096    80.5171 26.5392 213.521 1.17239 -0.547516  0.320114   179.322    1.78314  0.0444615 -0.0547385 0.00298498  0.0103141 0.00233257 -0.000550917 -0.000934775  -0.00102031 -0.0548907  0.0745422 -6.728e-05 0.216592 -0.07464 -9.80632  7757
             93.9028 -0.0532742    1.48198    80.5088 26.5385 213.518 1.17227 -0.547506  0.319955   179.322    1.78313  0.0444589 -0.0547365 0.00175612 0.00119865 0.00225314  -0.00055497 -0.000938962  -0.00101781  -0.0538347   0.0744266 0.000227148   0.216587 -0.0746401   -9.80632  7787
             94.0011 -0.0529447     1.4785    80.5122 26.5401 213.518 1.17172 -0.547498   0.31997   179.322   1.78313 0.0444591 -0.054737  0.00735839  0.00203033 0.000592694  -0.00054964 -0.000940747  -0.00102228  -0.0540603   0.0747847 0.000747888   0.216589 -0.0746419   -9.80632  7787
              94.103 -0.0537407    1.48928    80.5149 26.5421 213.519 1.17162 -0.547494   0.31999   179.323    1.78313  0.0444592 -0.0547368  0.00913505  0.00344081 0.000623204 -0.000547071 -0.000951216   -0.0010214  -0.0542718   0.0751397 0.000851137    0.21659 -0.0746437   -9.80632  7764
             94.2013 -0.0540389    1.49222    80.5186 26.5425 213.519 1.17155 -0.547492  0.319967   179.323    1.78313  0.0444594 -0.0547368 0.00750851 0.00191691 0.00046981 -0.000548416 -0.000956547  -0.00102637  -0.0540955   0.0750309 0.000915053   0.216589 -0.0746433   -9.80632  7778
             94.3014 -0.0562201    1.47858    80.5209 26.5441 213.523 1.17113 -0.547503  0.320075   179.323   1.78313 0.0444585 -0.054738    0.0117752    0.0108196 -0.000518205 -0.000545132 -0.000948639  -0.00102325 -0.0549806  0.0750815 0.00115579  0.216593 -0.074643  -9.80632  7774
             94.4015 -0.0575841    1.48743    80.5178  26.543 213.526 1.17086 -0.547515  0.320136   179.322    1.78313  0.0444583 -0.0547374  0.00527097   0.0158665 -0.00116481 -0.000544428 -0.000951827  -0.00102382 -0.0554844  0.0743317 0.00121982   0.216594 -0.0746386   -9.80632  7793
             94.5011 -0.0553208     1.4793    80.5196 26.5425 213.527  1.1707 -0.547514  0.320107   179.322    1.78313  0.0444583 -0.0547371  0.00252439   0.0139212 -0.00116019 -0.000542344 -0.000949553  -0.00102638 -0.0552174  0.0741038 0.00119746   0.216593 -0.0746376   -9.80632  7746
             94.6041 -0.0515699    1.48196     80.517 26.5409 213.525 1.17092 -0.547508  0.319996   179.322    1.78313  0.0444579 -0.0547378 -0.00264568  0.00560213 -0.00110559 -0.000543131  -0.00095822  -0.00102279  -0.0541096     0.07373 0.000914814   0.216588 -0.0746364   -9.80632  7754
             94.7024 -0.0546379    1.47743    80.5182  26.541 213.524 1.17039 -0.547503  0.319955   179.322    1.78313  0.0444577 -0.0547377 -0.00196546 0.000878028 -0.00100007 -0.000544234 -0.000959166  -0.00102161   -0.05378  0.0739503 0.00122285   0.216587 -0.0746378   -9.80632  7771
             94.8028 -0.0574527    1.48711    80.5182 26.5412 213.525 1.17078 -0.547508  0.319985   179.322    1.78313  0.0444576 -0.0547373  0.000892626   0.00324129 -0.000513879 -0.000542575 -0.000963813  -0.00102184  -0.0540341   0.0740072 0.000791077   0.216588 -0.0746379   -9.80632  7760
              94.904 -0.0572758    1.47406    80.5188 26.5422 213.525 1.17022 -0.547505  0.319997   179.322    1.78313  0.0444578 -0.0547374  0.00231466  0.00489095 -0.00123418 -0.000539964 -0.000955775  -0.00102046 -0.0541821  0.0742722 0.00112983   0.216589 -0.0746391   -9.80632  7779
             95.0021 -0.0523688    1.48083    80.5175 26.5427 213.526 1.17019 -0.547506  0.320011   179.322    1.78313   0.044458 -0.0547373   0.00234354   0.00590277 -0.000892104 -0.000543521 -0.000955979  -0.00102215 -0.0543208  0.0743553 0.00100994   0.216589 -0.0746394   -9.80632  7800
              95.103 -0.0551112    1.47902     80.513 26.5428 213.523    1.17 -0.547497  0.319914   179.322    1.78313   0.044457 -0.0547375  0.00333322 -0.00250477 -0.00169666 -0.000539234 -0.000969224  -0.00102123 -0.0533902  0.0744454 0.00105338   0.216586 -0.0746404   -9.80632  7795
             95.2022 -0.0581332    1.48335    80.5183 26.5424 213.521 1.17009 -0.547492  0.319853   179.322    1.78313  0.0444567 -0.0547379    0.0018184  -0.00811432 -0.000973701  -0.00053631 -0.000977707  -0.00102356 -0.0527581  0.0743468 0.00081855   0.216584 -0.0746404   -9.80632  7774
             95.3028 -0.0602297    1.48172    80.5229  26.541 213.522 1.17019  -0.5475 0.319905  179.322    1.78313  0.0444558 -0.0547374 -0.00243522 -0.00275661 -0.00141744 -0.000541182 -0.000972542  -0.00102441  -0.0532766   0.0737956 0.000588079   0.216585 -0.0746375   -9.80632  7763
             95.4042 -0.0583199    1.49207    80.5257 26.5415 213.521 1.17141 -0.547496  0.319894   179.322    1.78313  0.0444558 -0.0547377 -0.00205404 -0.00476818 0.000922233 -0.000537274     -0.00098  -0.00102383   -0.0531244    0.0740495 -0.000446979  0.216585 -0.074639  -9.80632  7782
             95.5027 -0.0602677    1.48755    80.5214 26.5432 213.524  1.1719  -0.5475 0.319979  179.322    1.78313  0.0444564 -0.0547374 0.00469095   0.002448 0.00205876 -0.000528856 -0.000964913  -0.00101753   -0.0540082    0.0744832 -0.000771201   0.216588 -0.0746405   -9.80632  7810
             95.6044 -0.0548374    1.48914    80.5217 26.5442 213.525 1.17243  -0.5475 0.320009  179.322    1.78313   0.044457 -0.0547372 0.00679236 0.00641205 0.00212926 -0.000529009 -0.000962074  -0.00101409   -0.054316   0.0745681 -0.00105257   0.216589 -0.0746408   -9.80632  7765
             95.7026 -0.0590463    1.48368    80.5203 26.5432 213.525  1.1721 -0.547501   0.31997   179.322    1.78313  0.0444566 -0.0547366 0.00136762 0.00197156 0.00195649   -0.0005342 -0.000969192  -0.00101291   -0.0539393    0.0741547 -0.000676122  0.216588 -0.074639  -9.80632  7793
             95.8041 -0.0596785    1.48321     80.512 26.5422 213.524 1.17272  -0.5475 0.319939  179.322    1.78312  0.0444557 -0.0547362  -0.00145427 -0.000206904   0.00235097 -0.000534753 -0.000978464  -0.00100559  -0.0535757   0.0738782 -0.00102621   0.216586 -0.0746382   -9.80632  7786
             95.9041 -0.06112  1.49339  80.5168  26.541 213.522 1.17307 -0.547498  0.319896   179.322    1.78312  0.0444554 -0.0547367 -0.00417383 -0.00352343  0.00294259 -0.000537647 -0.000997261  -0.00100625  -0.0530814    0.073657 -0.00111127   0.216584 -0.0746375   -9.80632  7782
             96.0022 -0.0617141    1.48912    80.5217 26.5398 213.524 1.17321 -0.547509  0.319958   179.322    1.78312   0.044455 -0.0547368 -0.00658607 0.000983266  0.00321123 -0.000543071 -0.000987296  -0.00100953  -0.0537036   0.0733438 -0.00105878   0.216586 -0.0746359   -9.80632  7769
             96.1039 -0.0549184    1.49309    80.5223 26.5393 213.524 1.17362 -0.547507  0.319968   179.322    1.78312  0.0444552 -0.0547366 -0.00734867   0.0029003  0.00291843 -0.000540888 -0.000990279   -0.0010138  -0.0537903   0.0734354 -0.00116466   0.216586 -0.0746362   -9.80632  7781
             96.2021 -0.0498072    1.48839    80.5214 26.5388 213.524 1.17366 -0.547509  0.319941   179.322    1.78312  0.0444545 -0.0547362   -0.006949 0.000478696  0.00347402 -0.000541231 -0.000990115  -0.00101258 -0.0535929  0.0735906 -0.0009635  0.216586 -0.074637  -9.80632  7769
             96.3026 -0.0565943    1.49834    80.5229 26.5395 213.527 1.17403 -0.547512  0.320016   179.322    1.78312  0.0444545 -0.0547354 -0.00284979  0.00696679  0.00347409 -0.000533364 -0.000984866  -0.00101533 -0.0544056  0.0739082 -0.0010149  0.216589 -0.074638  -9.80632  7764
             96.4039 -0.0606375    1.49144    80.5143 26.5399 213.526 1.17417 -0.547511  0.319979   179.322    1.78313   0.044454 -0.0547357 -0.000368922   0.00490437   0.00392521 -0.000525027 -0.000986002  -0.00100856    -0.054076    0.0741768 -0.000844907   0.216588 -0.0746392   -9.80632  7762
             96.5036 -0.0606662    1.49631    80.5118 26.5423 213.524 1.17453 -0.547495  0.319921   179.323    1.78313  0.0444537 -0.0547364   0.00588594 -0.000708485   0.00368217 -0.000509946 -0.000998434  -0.00100571   -0.0535218     0.075012 -0.000796544   0.216587 -0.0746428   -9.80632  7753
              96.603 -0.0627982    1.48968    80.5188 26.5422 213.524 1.17412 -0.547517   0.31992   179.322    1.78313  0.0444538 -0.0547363   0.00505326 -2.28377e-05   0.00272792 -0.000510772 -0.000992725   -0.0010125   -0.0535672    0.0748282 -0.000257605   0.216587 -0.0746422   -9.80632  7753
             96.7027 -0.0650988    1.48729    80.5146 26.5432 213.524 1.17379 -0.547526  0.319919   179.322    1.78312  0.0444546 -0.0547365   0.00627916 -0.000968078   0.00194957 -0.000507791 -0.000989713  -0.00100989   -0.053578   0.0749628 0.000157596   0.216587 -0.0746428   -9.80632  7764
             96.8039 -0.0595797    1.48416     80.508 26.5434  213.52 1.17359 -0.54752 0.319811  179.322   1.78312 0.0444537 -0.054735 0.00390315 -0.0113984 0.00087126 -0.000506551  -0.00100481  -0.00100531  -0.0525034   0.0750268 0.000442904   0.216584 -0.0746436   -9.80632  7760
             96.9039 -0.0604417    1.48474    80.5134 26.5439 213.521 1.17324 -0.547535  0.319871   179.322    1.78312  0.0444535 -0.0547355 0.00379581 -0.0038508 0.00152896 -0.000505614 -0.000996781  -0.00100622  -0.0531892   0.0749865 0.000738721   0.216586 -0.0746433   -9.80632  7761
             97.0021 -0.0666482     1.4841    80.5199 26.5438  213.52  1.1733 -0.547532  0.319837   179.322    1.78312   0.044454 -0.0547354   0.0040091 -0.00699845 0.000775319 -0.000505696  -0.00100399  -0.00100781  -0.0528045   0.0748945 0.000763128   0.216585 -0.0746431   -9.80632  7761
             97.1039 -0.0585675    1.48537    80.5189 26.5437 213.521  1.1728 -0.547542  0.319886   179.322    1.78312  0.0444532 -0.0547354  0.00508826 -0.00370157 -0.00085039  -0.00051339 -0.000994669  -0.00100554 -0.0533898  0.0746283 0.00106756   0.216586 -0.0746419   -9.80632  7751
              97.202 -0.0612238    1.47968    80.5208 26.5441 213.521  1.1723 -0.54754 0.319891  179.322    1.78312   0.044453 -0.0547355  0.00332459 -0.00122046 0.000477104 -0.000508411 -0.000992012  -0.00100316 -0.0534794  0.0746129 0.00137792   0.216586 -0.0746419   -9.80632  7779
             97.3026 -0.060051   1.48589   80.5253 26.5425 213.522 1.17256 -0.547551  0.319913   179.322    1.78312  0.0444528 -0.0547355 -0.00212583  0.00341284 0.000447286 -0.000518177 -0.000989257  -0.00100626 -0.0536966  0.0740054 0.00119201   0.216586 -0.0746395   -9.80632  7750
             97.4039 -0.0613251    1.49128    80.5277 26.5421 213.525 1.17251 -0.547559  0.319967   179.322    1.78312  0.0444523 -0.0547341 -0.00267713  0.00633212 -0.00230798 -0.000522191 -0.000982494    -0.001007 -0.0544522  0.0738482 0.00108351   0.216588 -0.0746385   -9.80632  7777
             97.5028 -0.059104   1.48288   80.5138  26.543 213.524 1.17154 -0.547551  0.319935   179.322    1.78312  0.0444509 -0.0547339 6.84038e-05  0.00358632 -0.00268196 -0.000519105 -0.000984412 -0.000999244 -0.0541441  0.0742815 0.00159854   0.216588 -0.0746403   -9.80632  7776
              97.604 -0.0685462    1.47781     80.524 26.5424 213.524 1.17117 -0.547547  0.319912   179.322    1.78312  0.0444509 -0.0547334 -0.00153834   0.0040674 -0.00223189  -0.00051578 -0.000985074  -0.00100465 -0.0538569  0.0741853 0.00166634   0.216587 -0.0746401   -9.80632  7746
             97.7024 -0.0628068    1.48991    80.5128 26.5404 213.522 1.17166 -0.54755 0.319862  179.322    1.78312  0.0444493 -0.0547345 -0.00544654 -0.00585628 -0.00233431 -0.000526164  -0.00100194 -0.000994994 -0.0530062  0.0737623 0.00103824  0.216585 -0.074639  -9.80632  7771
             97.8038 -0.0678552    1.49363    80.5172 26.5408 213.524 1.17189 -0.547567  0.319912   179.322    1.78312  0.0444489 -0.0547337  0.00154731 0.000186044 -0.00152558 -0.000519141 -0.000996005 -0.000997587  -0.0537581   0.0738464 0.000621144   0.216586 -0.0746388   -9.80632  7773
             97.9038 -0.057128   1.48874   80.5118 26.5405 213.526 1.17163 -0.547569  0.319953   179.322   1.78312 0.0444495 -0.054734 -0.00347154   0.0061301 -0.00234239  -0.00052336 -0.000985102 -0.000991927  -0.0543538   0.0736851 0.000622673   0.216588 -0.0746379   -9.80632  7766
              98.002 -0.0613736    1.48671    80.5282 26.5405 213.521 1.17151 -0.547564   0.31987   179.322    1.78312  0.0444528 -0.0547333 -0.00630967 -0.00413908 -0.00275005 -0.00051703 -0.00100442 -0.00100059  -0.0529569   0.0740959 0.000458879   0.216585 -0.0746398   -9.80632  7747
             98.1035 -0.0611179    1.48769      80.52 26.5396 213.522 1.17204 -0.54757 0.319895  179.322    1.78312   0.044453 -0.0547333  -0.00453205   -0.0032048 -0.000651975 -0.000525353  -0.00100226 -0.000994703   -0.0532431    0.0739922 -0.000149792   0.216585 -0.0746394   -9.80632  7793
             98.2022 -0.0682768    1.48762    80.5213 26.5388  213.52 1.17185 -0.547566  0.319868   179.322   1.78312 0.0444529 -0.054733 -0.00162819 -0.00823568 -0.00186603 -0.000521745  -0.00101136 -0.000994775   -0.0528012    0.0738974 -0.000145648   0.216584 -0.0746392   -9.80632  7769
             98.3036 -0.0650219    1.48756    80.5167 26.5389 213.524 1.17186 -0.547577  0.319954   179.322    1.78312  0.0444542 -0.0547333  -0.00197878   0.00611126 -0.000143075 -0.000521862 -0.000995153 -0.000989087   -0.0541143    0.0737977 -0.000339917   0.216587 -0.0746382   -9.80632  7760
             98.4039 -0.0571642    1.48606    80.5188 26.5399 213.524  1.1721 -0.547577  0.319939   179.322    1.78312  0.0444547 -0.0547324  -0.00126451   0.00420371 -7.47692e-05 -0.000521301  -0.00100052  -0.00099137   -0.0539445    0.0742351 -0.000535465   0.216587 -0.0746397   -9.80632  7791
             98.5023 -0.0636283    1.49161     80.519 26.5401 213.524 1.17229 -0.54758 0.319935  179.322    1.78312  0.0444546 -0.0547325  0.00263313  0.00172839 0.000632798 -0.000515392  -0.00101116 -0.000991184   -0.0538524    0.0743408 -0.000749494   0.216587 -0.0746401   -9.80632  7764
             98.6039 -0.0627414    1.48245    80.5159 26.5406 213.526 1.17203 -0.547577  0.319964   179.322    1.78312  0.0444549 -0.0547329  0.00508306  0.00632656 0.000828404 -0.000515954  -0.00100178 -0.000991782   -0.0542645    0.0743096 -0.000544004   0.216588 -0.0746397   -9.80632  7769
             98.7022 -0.0583418    1.48872    80.5177  26.542 213.525 1.17194 -0.547568  0.319936   179.322    1.78312  0.0444548 -0.0547328  0.00453991  0.00170972 0.000319165 -0.000513224  -0.00101154 -0.000992104   -0.0539052    0.0746979 -0.000455097   0.216587 -0.0746411   -9.80632  7776
             98.8038 -0.0634086    1.48399    80.5258 26.5421 213.525 1.17173 -0.547566  0.319939   179.322    1.78312  0.0444549 -0.0547328 0.00354751 0.00233665 3.8242e-05 -0.000512005  -0.00100793 -0.000995537   -0.0539642    0.0746028 -0.000319852   0.216587 -0.0746407   -9.80632  7784
             98.9039 -0.0616453    1.48394    80.5191  26.542 213.522  1.1716 -0.547558   0.31987   179.322    1.78312  0.0444547 -0.0547328   0.00460723  -0.00448982 -0.000180372 -0.000514402  -0.00102237 -0.000989603   -0.0529936     0.074591 -0.000217565   0.216585 -0.0746411   -9.80632  7792
             99.0023 -0.0621593    1.48832    80.5234  26.541 213.522 1.17172 -0.547571  0.319883   179.322    1.78312  0.0444543 -0.0547325  0.00223835 -0.00545095  -0.0015692 -0.000516825  -0.00102673 -0.000992665   -0.0531714    0.0741008 -0.000481456   0.216585 -0.0746396   -9.80632  7796
             99.1039 -0.0604643    1.48917    80.5316 26.5412 213.519  1.1718 -0.547575  0.319842   179.322    1.78312  0.0444555 -0.0547332   0.00316334  -0.00997873 -0.000146346 -0.000512023  -0.00104174  -0.00099777    -0.052423    0.0741818 -0.000652065   0.216584 -0.0746403   -9.80632  7802
             99.2025 -0.0465271     1.4771    80.5286 26.5409 213.518 1.17149 -0.547567  0.319847   179.322    1.78312  0.0444544 -0.0547335 -0.00347974  -0.0090848  0.00120139  -0.00051985  -0.00103502 -0.000995431   -0.0524702    0.0740911 -0.000408661 0.216584 -0.07464 -9.80632  7800
             99.3024 -0.0536823    1.48393    80.5314 26.5423  213.52 1.17179 -0.547573  0.319908   179.322    1.78312  0.0444545 -0.0547336 -6.5936e-05  -0.0021037 0.000205764 -0.000513834  -0.00103166 -0.000999223   -0.0534151    0.0745201 -0.000635909   0.216586 -0.0746409   -9.80632  7774
             99.4039 -0.049369   1.48741   80.5203 26.5405  213.52 1.17189 -0.547577  0.319905   179.322    1.78312  0.0444544 -0.0547337 -0.00108465   -0.001445  0.00106718 -0.000526359  -0.00103739 -0.000988225   -0.0533005     0.073952 -0.000738009   0.216585 -0.0746394   -9.80632  7785
             99.5023 -0.0532418    1.48757    80.5252 26.5399 213.519 1.17166 -0.547577  0.319894   179.322    1.78312  0.0444541 -0.0547338  -0.00249267  -0.00290673 -0.000718396 -0.000527809   -0.0010382 -0.000989092   -0.0530914     0.073877 -0.000561626   0.216585 -0.0746393   -9.80632  7771
             99.6039 -0.0514407    1.47906    80.5248 26.5402 213.517 1.17158 -0.547573  0.319861   179.322    1.78312  0.0444537 -0.0547335 -0.00372676 -0.00825381 -0.00104634 -0.000525157  -0.00104083 -0.000985135    -0.052599    0.0741865 -0.000597807   0.216584 -0.0746402   -9.80632  7797
             99.7027 -0.0589533    1.48239    80.5263 26.5388 213.519 1.17132 -0.547583  0.319903   179.322   1.78312 0.0444544 -0.054733  -0.0073716 -0.00234853  0.00110096 -0.000530321    -0.001035 -0.000988125   -0.0533179    0.0738351 -0.000486319   0.216585 -0.0746392   -9.80632  7796
             99.8025 -0.0684895    1.48575    80.5181 26.5394 213.518 1.17155 -0.547575  0.319901   179.322    1.78312  0.0444537 -0.0547342    0.0016267  -0.00322474 -0.000227419 -0.000523851  -0.00103548 -0.000979547   -0.0532222    0.0742006 -0.000635246   0.216585 -0.0746402   -9.80632  7783
             99.9049 -0.0664438    1.49579    80.5105 26.5406 213.518 1.17223 -0.54757 0.319911  179.322    1.78311  0.0444525 -0.0547338   0.0081933 -0.00276747 0.000816398 -0.000517465  -0.00103795 -0.000973142  -0.0534397   0.0743651 -0.00122225   0.216586 -0.0746406   -9.80632  7756
             100.004 -0.0625059    1.48736    80.5227 26.5404 213.517 1.17205 -0.547567  0.319898   179.322    1.78311   0.044453 -0.0547339  0.00229242 -0.00370433  0.00116332 -0.000515754  -0.00103407 -0.000981833  -0.0532226   0.0741653 -0.00103058   0.216585 -0.0746402   -9.80632  7770
             100.103 -0.0560159    1.49176    80.5219 26.5405 213.516 1.17212 -0.547565   0.31989   179.322    1.78311   0.044453 -0.0547338 -0.00207332 -0.00335775 0.000474044 -0.000518374  -0.00103914 -0.000982187 -0.0530976  0.0742374 -0.0010412   0.216585 -0.0746404   -9.80632  7775
             100.202 -0.060316   1.49266   80.5245 26.5404 213.519 1.17236 -0.547568  0.319932   179.322    1.78311  0.0444522 -0.0547338 -0.00176791  0.00194365  0.00176147 -0.000525562  -0.00103155 -0.000984432 -0.0538476  0.0741965 -0.0012288   0.216586 -0.0746402   -9.80632  7755
             100.304 -0.0632916    1.48904    80.5277  26.539 213.518 1.17237 -0.547571   0.31992   179.322    1.78312  0.0444524 -0.0547335 0.000314481 0.000946698  0.00160783 -0.000531261   -0.0010334 -0.000988454 -0.0536537  0.0738007 -0.0011335   0.216586 -0.0746392   -9.80632  7788
             100.404 -0.0612989    1.49202    80.5247 26.5398 213.521 1.17259 -0.547574  0.319956   179.322    1.78312  0.0444524 -0.0547335 0.00290921 0.00693563 0.00119452 -0.000527897  -0.00102698 -0.000984507  -0.0542633   0.0739155 -0.00124852   0.216587 -0.0746393   -9.80632  7783
             100.502 -0.0608671     1.4957    80.5267 26.5388  213.52  1.1723 -0.547572  0.319934   179.322    1.78312  0.0444524 -0.0547338 -0.00392595  0.00348382  0.00121544 -0.000532374  -0.00103511 -0.000986459   -0.0538555    0.0736572 -0.000961524   0.216586 -0.0746388   -9.80632  7769
             100.603 -0.059822   1.49073    80.523 26.5391  213.52 1.17275 -0.547569  0.319931   179.322    1.78312  0.0444526 -0.0547337 -0.000818148    0.0041879   0.00242309 -0.000532578  -0.00103414 -0.000983075  -0.0538314   0.0739055 -0.00117226   0.216586 -0.0746394   -9.80632  7751
             100.703 -0.0635999    1.50404    80.5104 26.5387 213.522 1.17397 -0.547576  0.319945   179.322    1.78311  0.0444527 -0.0547329 0.00137962 0.00835557 0.00331756 -0.000530348  -0.00103705 -0.000975532  -0.0542129   0.0736965 -0.00197656   0.216587 -0.0746385   -9.80632  7811
             100.804 -0.0606094    1.48776    80.5167 26.5382  213.52 1.17326 -0.547561  0.319901   179.322    1.78311  0.0444517 -0.0547312 -0.00174312 0.000616577  0.00224685 -0.000525842   -0.0010362 -0.000977616    -0.05341    0.073671 -0.00118162   0.216585 -0.0746389   -9.80632  7765
             100.904 -0.051633   1.49241   80.5227 26.5373 213.518 1.17298 -0.547558  0.319869   179.322   1.78311  0.044451 -0.054731 -0.00737629  -0.0040696  0.00203513 -0.000529228  -0.00104617 -0.000979554   -0.0528135    0.0736626 -0.000804771   0.216584 -0.0746391   -9.80632  7774
             101.002 -0.0553188    1.49183    80.5202 26.5378 213.518 1.17292 -0.547557  0.319874   179.322    1.78311   0.044451 -0.0547311 -0.00342059 -0.00267975 0.000233135 -0.000528097  -0.00104462  -0.00097588    -0.052889    0.0740569 -0.000684851   0.216585 -0.0746401   -9.80632  7783
             101.104 -0.0563283     1.4995    80.5097 26.5399 213.517 1.17308 -0.547552  0.319869   179.322    1.78311  0.0444511 -0.0547315  0.00386277 -0.00521143 0.000531616 -0.000522319  -0.00105179 -0.000970091   -0.0528501    0.0747953 -0.000798795   0.216585 -0.0746418   -9.80632  7796
             101.202 -0.0604701    1.49159    80.5207 26.5395 213.516 1.17291 -0.547555  0.319871   179.322    1.78311  0.0444512 -0.0547312 0.00396861 -0.0055769 0.00082861 -0.000523229  -0.00104819 -0.000976193   -0.0528741    0.0745189 -0.000656915   0.216585 -0.0746412   -9.80632  7779
             101.302 -0.0586812    1.49172    80.5168 26.5407 213.518 1.17275 -0.547561  0.319898   179.322    1.78311  0.0444512 -0.0547314  0.00484143 0.000695893  6.4602e-05 -0.000519257   -0.0010422 -0.000975321   -0.0534035    0.0746752 -0.000538666   0.216586 -0.0746415   -9.80632  7800
             101.404 -0.0626779    1.48749    80.5177 26.5419 213.518 1.17242 -0.547566  0.319908   179.322    1.78311  0.0444514 -0.0547318   0.00666063  0.000744897 -0.000551946 -0.000515971  -0.00104101 -0.000974872    -0.053537    0.0749032 -0.000340594   0.216586 -0.0746421   -9.80632  7787
             101.503 -0.0567584    1.48697    80.5238 26.5418  213.52   1.172 -0.547574  0.319934   179.322    1.78311  0.0444506 -0.0547321  0.00540177  0.00469912 -0.00020127 -0.000520981  -0.00103864 -0.000978192   -0.0540394    0.0745953 -0.000116988   0.216586 -0.0746415   -9.80632  7794
             101.604 -0.0583038    1.49135    80.5175 26.5414 213.519 1.17199 -0.547572  0.319917   179.322    1.78311  0.0444504 -0.0547324  0.00277209  0.00192395 -0.00157398 -0.000522035  -0.00104187 -0.000976182   -0.0536018    0.0743956 -0.000197225   0.216586 -0.0746411   -9.80632  7790
             101.703 -0.051008   1.49234   80.5195 26.5428 213.518 1.17173 -0.547571  0.319896   179.322   1.78311 0.0444503 -0.054732  0.00397512 -0.00369338 -0.00141117 -0.000524285  -0.00104944 -0.000974865   -0.0531582    0.0748236 -0.000161571   0.216585 -0.0746422   -9.80632  7788
             101.802 -0.0543898    1.49122    80.5154 26.5411 213.517 1.17186 -0.547565  0.319899   179.322    1.78311  0.0444504 -0.0547321   -0.0010064  -0.00279857 -0.000726945 -0.000531194  -0.00105129 -0.000972754   -0.0531268    0.0741996 -0.000417665   0.216585 -0.0746408   -9.80632  7757
             101.904 -0.0602632    1.49061     80.525 26.5408 213.517 1.17199 -0.547562  0.319897   179.322    1.78311  0.0444501 -0.0547319  0.00157323 -0.00317231 -0.00146659 -0.000526429  -0.00105071 -0.000981842   -0.0530056    0.0741555 -0.000632642   0.216585 -0.0746407   -9.80632  7773
             102.002 -0.0597828     1.4857    80.5171 26.5415 213.517 1.17179 -0.547563  0.319909   179.322    1.78311  0.0444502 -0.0547321  0.00224263  -0.0013564 -0.00133441 -0.000521091  -0.00104252 -0.000976875    -0.053302    0.0742453 -0.000661209   0.216585 -0.0746408   -9.80632  7768
             102.104 -0.059407   1.48759   80.5236 26.5416 213.518 1.17164 -0.547564   0.31992   179.322    1.78311  0.0444501 -0.0547321  0.000660466   0.00224491 -0.000401528 -0.000521906   -0.0010409 -0.000980984   -0.0535967    0.0742086 -0.000658787   0.216586 -0.0746406   -9.80632  7798
             102.202 -0.0556491    1.49207    80.5246 26.5424  213.52 1.17164 -0.547565  0.319931   179.322    1.78311    0.04445 -0.0547317   0.00298001   0.00405237 -0.000972942  -0.00052122  -0.00104035 -0.000981146   -0.0538922    0.0743924 -0.000758924   0.216586 -0.0746409   -9.80632  7773
             102.303 -0.0595301    1.48504    80.5212 26.5413 213.518 1.17117 -0.547563  0.319903   179.322    1.78311  0.0444499 -0.0547314  0.000185834 -0.000636724  -0.00124162 -0.000522983  -0.00104482 -0.000979381   -0.0533051    0.0740866 -0.000514589   0.216585 -0.0746404   -9.80632  7801
             102.404 -0.0584311    1.48543    80.5174 26.5407 213.519 1.17113 -0.547565  0.319918   179.322    1.78311  0.0444502 -0.0547315 -0.000773604   0.00343718  -0.00207565 -0.000526339  -0.00104277 -0.000977733    -0.053598    0.0738328 -0.000669742   0.216586 -0.0746398   -9.80632  7801
             102.502 -0.064039   1.48803    80.517 26.5412 213.518  1.1714 -0.547567  0.319912   179.322    1.78311  0.0444494 -0.0547319 -0.00125667 0.000429053 -0.00148013 -0.000525756  -0.00104825 -0.000976549  -0.0533077   0.0741129 -0.00108686   0.216585 -0.0746405   -9.80632  7798
             102.604 -0.0620018    1.48961    80.5252 26.5394 213.517 1.17179 -0.547563  0.319897   179.322    1.78311  0.0444495 -0.0547321 -0.00576483 -0.00355109  0.00199272 -0.000538026  -0.00105946 -0.000983451  -0.0527981   0.0737338 -0.00140234   0.216585 -0.0746399   -9.80632  7811
             102.702 -0.0691644    1.48426    80.5263 26.5404 213.518 1.17177 -0.547565  0.319923   179.322    1.78311  0.0444495 -0.0547329 0.000567435 2.82169e-05 -0.00135406 -0.000531916  -0.00104978 -0.000982592 -0.0533594  0.0741159 -0.0013516   0.216585 -0.0746405   -9.80632  7795
             102.803 -0.0678147    1.49093    80.5197 26.5411 213.516 1.17149 -0.547564  0.319905   179.322    1.78311  0.0444492 -0.0547335  0.00645206 -0.00474931 -7.5438e-05 -0.000524315   -0.0010585 -0.000977914  -0.0527927    0.074308 -0.00131878   0.216585 -0.0746411   -9.80632  7841
             102.904 -0.0572727    1.48428     80.519  26.542 213.518 1.17121 -0.547558  0.319932   179.322    1.78311   0.044449 -0.0547338  0.00134757 0.000567816  0.00249542 -0.000530491   -0.0010481 -0.000975298  -0.0534124   0.0743813 -0.00104257   0.216586 -0.0746409   -9.80632  7815
             103.002 -0.061748   1.48703   80.5156 26.5414 213.519 1.17159 -0.547563  0.319955   179.322    1.78311  0.0444496 -0.0547339 -0.00313469  0.00512256 2.15135e-05 -0.000534533   -0.0010453 -0.000974709  -0.0538389   0.0741598 -0.00130431   0.216586 -0.0746405   -9.80632  7786
             103.106 -0.065319   1.49394   80.5261   26.54 213.519 1.17178 -0.547563  0.319944   179.322    1.78311  0.0444497 -0.0547339 -0.000136299   0.00261598 -0.000118307 -0.000541341  -0.00105563 -0.000981807  -0.0535401   0.0738046 -0.00153425   0.216586 -0.0746399   -9.80632  7770
             103.204 -0.0620182    1.48426    80.5218 26.5401 213.521 1.17145 -0.547562   0.31996   179.322    1.78311  0.0444495 -0.0547342 -0.000753132   0.00388301  0.000598547 -0.000539155  -0.00104481 -0.000980093  -0.0539364   0.0737993 -0.00129097   0.216586 -0.0746398   -9.80632  7817
             103.304 -0.0636393     1.4853    80.5185 26.5396 213.518 1.17117 -0.547556  0.319924   179.322    1.78311   0.044449 -0.0547338  -0.00345098 -5.17157e-05  0.000140245 -0.000540555  -0.00105567 -0.000979537  -0.0531846   0.0738238 -0.00105073   0.216585 -0.0746399   -9.80632  7791
             103.405 -0.0685307    1.49747    80.5235 26.5394 213.517 1.17202 -0.547561  0.319912   179.322    1.78311  0.0444484 -0.0547348 -0.00284745 -0.00387284 0.000656968 -0.000539499  -0.00106795 -0.000978792  -0.0526873   0.0739778 -0.00170577   0.216585 -0.0746404   -9.80632  7793
             103.504 -0.0726989    1.48993    80.5144 26.5388 213.517 1.17172 -0.54756 0.319917  179.322    1.78311   0.044449 -0.0547346  -0.00299679  -0.00442471 -0.000283716 -0.000544512   -0.0010607 -0.000974095  -0.0528666   0.0738583 -0.00150241   0.216585 -0.0746401   -9.80632  7755
             103.605 -0.0764767     1.4956    80.5219 26.5387 213.517 1.17166 -0.54756 0.319923  179.322    1.78311   0.044449 -0.0547345 0.000783797 -0.00261167 0.000831272  -0.00053894  -0.00106498 -0.000979179  -0.0530413   0.0738589 -0.00149689   0.216585 -0.0746401   -9.80632  7807
             103.704 -0.0737338    1.48808    80.5221 26.5392 213.516 1.17163 -0.547555  0.319916   179.322    1.78311   0.044449 -0.0547344 0.000950884 -0.00248627  0.00137105 -0.000537148  -0.00106432 -0.000976505  -0.0529269   0.0740382 -0.00138005   0.216585 -0.0746404   -9.80632  7785
             103.805 -0.0688161    1.50087    80.5284 26.5388 213.519 1.17202 -0.547568  0.319947   179.322    1.78311  0.0444485 -0.0547336 -0.00154037  0.00227095  0.00136096 -0.000545295  -0.00106007 -0.000982661  -0.0536853   0.0737981 -0.00164395   0.216586 -0.0746398   -9.80632  7819
             103.905 -0.0675352    1.49618    80.5262 26.5393 213.518 1.17199 -0.547564  0.319934   179.322    1.78311  0.0444485 -0.0547332 -0.000142498  0.000817454 -4.95451e-05 -0.000540737  -0.00106229 -0.000982637  -0.0534531    0.074062 -0.00159467   0.216586 -0.0746402   -9.80632  7769
             104.004 -0.0720483    1.49002    80.5172 26.5384 213.518 1.17139 -0.547552  0.319925   179.322   1.78311 0.0444482 -0.054733 -0.00100039   0.0018981  0.00127207 -0.000545339    -0.001059 -0.000978728 -0.0533403  0.0738155 -0.0011378   0.216586 -0.0746398   -9.80632  7801
             104.105 -0.074251   1.48956   80.5162 26.5403  213.52 1.17169 -0.547555  0.319956   179.322    1.78311  0.0444491 -0.0547339 0.00684302 0.00411248 0.00071505 -0.000536929  -0.00104985 -0.000974761  -0.0540057   0.0742866 -0.00129852   0.216586 -0.0746403   -9.80632  7762
             104.204 -0.0749345    1.49289    80.5181 26.5399  213.52 1.17171 -0.547558  0.319951   179.322    1.78311   0.044449 -0.0547338 0.00549375 0.00430586 0.00147386 -0.000539379  -0.00105349 -0.000975914  -0.0538751   0.0739562 -0.00129972   0.216586 -0.0746399   -9.80632  7757
             104.304 -0.068572    1.4921   80.5171 26.5399  213.52 1.17161 -0.547543  0.319941   179.322   1.78311 0.0444486 -0.054734 0.00384758  0.0036583 0.00173395 -0.000541678  -0.00105512 -0.000970955  -0.0536557   0.0738269 -0.00108025   0.216586 -0.0746398   -9.80632  7794
             104.405 -0.0594877    1.49098    80.5194 26.5414  213.52 1.17106 -0.547508  0.319932   179.322    1.78311  0.0444469 -0.0547332  0.00743109  0.00125646 -0.00228556 -0.000536242   -0.0010531  -0.00097406   -0.0537274    0.0741629 -0.000669622   0.216587 -0.0746402   -9.80632  7795
             104.504 -0.0585301    1.48557    80.5158 26.5417 213.519 1.17047 -0.547498  0.319917   179.322    1.78311  0.0444465 -0.0547329   0.0107134 -0.00217049 -0.00310711 -0.000527152   -0.0010623 -0.000970718   -0.0533251    0.0740405 -0.000561887   0.216586 -0.0746402   -9.80632  7794
             104.605 -0.0492288     1.4839    80.5297 26.5441 213.519 1.17101 -0.547525  0.319909   179.322    1.78311  0.0444482 -0.0547317 0.00488268 0.00513727 0.00680835 -0.000519755  -0.00106017 -0.000975974   -0.0532278    0.0745202 -0.000874102  0.216586 -0.074641  -9.80632  7785
             104.704 -0.0477994    1.50557    80.5208 26.5432 213.517 1.17223 -0.547546  0.319885   179.322    1.7831 0.0444499 -0.054734 -0.00175311 -0.00676312  0.00232113 -0.000534147  -0.00107231 -0.000972106  -0.0526426   0.0743509 -0.00133591   0.216585 -0.0746406   -9.80632  7800
             104.804 -0.0626409    1.48244    80.5166 26.5436 213.516 1.17179 -0.547539  0.319883   179.322    1.7831 0.0444504 -0.054734    0.010953 -0.00844477 -0.00127092 -0.000528601  -0.00106819 -0.000965824  -0.0525796   0.0743867 -0.00111616   0.216585 -0.0746406   -9.80632  7819
             104.907 -0.0567735    1.48803    80.5234 26.5442 213.516 1.17141 -0.547525  0.319893   179.322     1.7831  0.0444503 -0.0547338    0.0111819 -0.000932509   0.00168879 -0.000521035  -0.00106816 -0.000973684   -0.0528397    0.0741218 -0.000843548   0.216586 -0.0746401   -9.80632  7797
             105.005 -0.0401647    1.49206    80.5144 26.5455 213.515  1.1716 -0.547529  0.319884   179.322     1.7831  0.0444505 -0.0547335  0.00601805 -0.00767245  -0.0005829 -0.000524168  -0.00107315 -0.000971387   -0.0526428    0.0743035 -0.000941594   0.216585 -0.0746405   -9.80632  7808
             105.107 -0.0449633     1.4849    80.5241 26.5446 213.514 1.17189 -0.547532  0.319881   179.322     1.7831  0.0444508 -0.0547335 -0.00564797 -0.00458629  0.00332439 -0.000529683  -0.00107677 -0.000978175  -0.0525715   0.0739752 -0.00114602 0.216585 -0.07464 -9.80632  7776
               105.2 -0.0515408    1.48866    80.5166 26.5441 213.516 1.17204 -0.547539  0.319904   179.322     1.7831  0.0444514 -0.0547331 -0.00211632  0.00275163  0.00285355  -0.00053745  -0.00106856 -0.000976517   -0.053177    0.073898 -0.00103138   0.216586 -0.0746401   -9.80632  7789
             105.299 -0.0585328    1.48846    80.5213 26.5445 213.516 1.17197 -0.547543  0.319906   179.322     1.7831  0.0444519 -0.0547334   0.00671387  -0.00161011 -0.000675162 -0.000532776  -0.00106673 -0.000978232   -0.0531218    0.0739807 -0.000917132   0.216586 -0.0746402   -9.80632  7794
             105.401 -0.0534859    1.48655    80.5241 26.5435 213.514  1.1716 -0.547546  0.319889   179.322     1.7831  0.0444527 -0.0547329 -0.00110756 -0.00582432 0.000778142 -0.000528739  -0.00107033 -0.000981216   -0.0525104    0.0735316 -0.000653737   0.216585 -0.0746396   -9.80632  7791
             105.499 -0.04671  1.48652  80.5176 26.5417 213.515 1.17142 -0.547555  0.319908   179.322     1.7831   0.044453 -0.0547334 -0.00852645 0.000220474  0.00015176 -0.000532338  -0.00107517 -0.000978087   -0.0529529    0.0730048 -0.000519758  0.216585 -0.074639  -9.80632  7799
               105.6 -0.0567602    1.48689    80.5178 26.5396 213.514 1.17125 -0.547561  0.319897   179.322     1.7831  0.0444533 -0.0547331 -0.00987691 -0.00207726  0.00057605 -0.000532584  -0.00107282  -0.00097497   -0.0525396    0.0727678 -0.000398404   0.216584 -0.0746386   -9.80632  7781
             105.699 -0.0506198    1.48226    80.5158 26.5386 213.516 1.17042 -0.547605  0.319934   179.322     1.7831  0.0444543 -0.0547336 -0.00613745  0.00229501 -0.00159496 -0.000533097  -0.00107396 -0.000975954  -0.0532101   0.0726148 0.000190797   0.216584 -0.0746385   -9.80632  7773
             105.801 -0.0546532    1.48633    80.5262 26.5378 213.518 1.17014 -0.547608  0.319946   179.322     1.7831  0.0444537 -0.0547334 -0.00773056  0.00699614 -0.00151332 -0.000526076  -0.00108073 -0.000984171  -0.0536756   0.0725403 0.000185803   0.216585 -0.0746384   -9.80632  7809
             105.901 -0.0485573    1.48095     80.518 26.5383 213.516 1.17009  -0.5476 0.319917  179.322     1.7831  0.0444532 -0.0547324 -0.00643048  0.00033993 -0.00138377   -0.0005386  -0.00107323 -0.000979939  -0.0528876   0.0731101 0.000107099   0.216584 -0.0746392   -9.80632  7768
             105.999 -0.0518637    1.48718    80.5266 26.5372 213.515 1.17005 -0.547592  0.319913   179.322     1.7831  0.0444531 -0.0547325  -0.00566356 -0.000964922  -0.00197473 -0.000536939  -0.00107489 -0.000984156 -0.0527871  0.0729871 1.1706e-05  0.216584 -0.074639  -9.80632  7763
             106.101 -0.0565382    1.48557     80.525 26.5375 213.516 1.16954 -0.547605  0.319925   179.322     1.7831  0.0444534 -0.0547325 -0.00248037  0.00191309 -0.00211467 -0.000534835  -0.00108003 -0.000982748  -0.0531513   0.0732053 0.000172522   0.216584 -0.0746393   -9.80632  7763
             106.199 -0.0501742    1.48334    80.5237 26.5399 213.519 1.16956 -0.547599  0.319929   179.322    1.7831 0.0444535 -0.054732  0.00345412  0.00867191 -0.00288693 -0.000547345  -0.00108408 -0.000980945   -0.0537977    0.0738379 -8.92599e-06 0.216585 -0.07464 -9.80632  7781
               106.3 -0.0473814    1.48284    80.5081 26.5401  213.52 1.16957 -0.547576  0.319922   179.322     1.7831  0.0444542 -0.0547321  0.00109542  0.00827588 -0.00287199 -0.000550069  -0.00108451 -0.000974574   -0.0539457    0.0737819 -0.000331436   0.216586 -0.0746398   -9.80632  7778
               106.4 -0.0518745    1.47903    80.5276 26.5417  213.52 1.16947 -0.547571  0.319916   179.322     1.7831  0.0444544 -0.0547321    0.0074665   0.00844816 -0.000904991 -0.000549266  -0.00107946 -0.000986185   -0.0537573     0.074228 -0.000459239   0.216586 -0.0746404   -9.80632  7804
             106.499 -0.0533571    1.48166    80.5138 26.5425 213.522 1.16966 -0.547557  0.319909   179.322     1.7831  0.0444544 -0.0547321  0.00886204   0.0103671 -0.00123112 -0.000544827  -0.00108285 -0.000978597   -0.0539112    0.0742069 -0.000704346   0.216586 -0.0746403   -9.80632  7791
             106.601 -0.0531672    1.48582     80.515 26.5422 213.522 1.17009 -0.54753 0.319886  179.322     1.7831   0.044454 -0.0547325  0.00319206  0.00659289 0.000565846 -0.000534903  -0.00108356 -0.000981308  -0.0536145   0.0739127 -0.00116437 0.216586 -0.07464 -9.80632  7782
             106.699 -0.0509771    1.48599    80.5208 26.5431 213.523 1.17037 -0.547522  0.319885   179.322     1.7831  0.0444539 -0.0547321 0.00507328  0.0103319 0.00182185 -0.000538817  -0.00108347 -0.000984252  -0.0538814    0.074045 -0.00130836   0.216587 -0.0746401   -9.80632  7783
               106.8 -0.0585186    1.48153     80.519 26.5417  213.52 1.17027 -0.547527  0.319854   179.322     1.7831  0.0444545 -0.0547309  0.00164313 0.000809659 0.000206763 -0.000530136  -0.00107057 -0.000983528  -0.0527175   0.0736817 -0.00111104   0.216586 -0.0746396   -9.80632  7798
             106.901 -0.0500385    1.48206    80.5186 26.5416 213.519 1.16996 -0.547535  0.319856   179.322     1.7831  0.0444543 -0.0547309  0.000334795   -0.0036354 -0.000270436 -0.000530214  -0.00107041 -0.000981539   -0.0524761    0.0736341 -0.000933672   0.216585 -0.0746396   -9.80632  7785
             106.999 -0.0551789    1.48329    80.5183 26.5412 213.519 1.16999 -0.547533  0.319854   179.322     1.7831  0.0444543 -0.0547309 -0.00293313 -0.00339038 0.000683972 -0.000526301  -0.00106925 -0.000980977   -0.0524632    0.0735712 -0.000971162   0.216585 -0.0746395   -9.80632  7765
             107.098 -0.0589876     1.4828    80.5138 26.5398  213.52  1.1698 -0.547545  0.319864   179.322     1.7831  0.0444546 -0.0547304 -0.00504777  0.00030632  0.00107216 -0.000525048  -0.00107145 -0.000975091   -0.0526346      0.07324 -0.000777126   0.216585 -0.0746391   -9.80632  7807
             107.199 -0.0499487    1.48358    80.5227 26.5382 213.516  1.1701 -0.547535  0.319832   179.322     1.7831  0.0444558 -0.0547307 -0.00605716 -0.00885792 0.000728193 -0.000530671   -0.0010658 -0.000981312   -0.0517296    0.0730339 -0.000915887   0.216585 -0.0746389   -9.80632  7772
               107.3 -0.052566    1.4833   80.5199 26.5381 213.514 1.16971 -0.547541  0.319825   179.322     1.7831  0.0444554 -0.0547306 -0.00533928  -0.0131254 0.000615367 -0.000531251  -0.00106525 -0.000981131   -0.0513893    0.0733336 -0.000530503   0.216584 -0.0746391   -9.80632  7796
               107.4 -0.0475993    1.48049    80.5266 26.5372 213.512 1.16984 -0.547538  0.319818   179.322     1.7831  0.0444557 -0.0547306 -0.00663766  -0.0141663   0.0019045 -0.000536045  -0.00106563 -0.000985809   -0.0511866    0.0733027 -0.000582421   0.216584 -0.0746391   -9.80632  7801
             107.498 -0.0507845    1.48797    80.5252 26.5366 213.511 1.16986 -0.54754  0.31982  179.322     1.7831  0.0444556 -0.0547305 -0.00664133  -0.0142909  0.00077237 -0.000532858  -0.00106909 -0.000984508   -0.0512724    0.0732893 -0.000513853   0.216584 -0.0746391   -9.80632  7766
               107.6 -0.0496413    1.48321    80.5146 26.5371  213.51 1.16993 -0.547538  0.319829   179.322     1.7831  0.0444562 -0.0547304 -0.00265188  -0.0126288  0.00241813 -0.000535583   -0.0010694 -0.000978735   -0.0516654    0.0736042 -0.000466674   0.216585 -0.0746393   -9.80632  7805
             107.699 -0.0515872    1.48102    80.5252 26.5386 213.513 1.16941 -0.547544  0.319853   179.322     1.7831  0.0444557 -0.0547316   0.00262972  -0.00377134 -0.000373114 -0.000531856  -0.00107593  -0.00098438   -0.0527572    0.0739479 -8.22919e-05   0.216585 -0.0746394   -9.80632  7801
             107.799 -0.0460398    1.48262    80.5187  26.539 213.513 1.16948 -0.547545   0.31986   179.322     1.7831  0.0444558 -0.0547316 0.000606705 3.07176e-05   0.0022803 -0.000536929  -0.00107568 -0.000981222   -0.0530281    0.0739588 -4.91491e-05   0.216585 -0.0746393   -9.80632  7771
             107.901 -0.0517519     1.4791     80.524 26.5413 213.515 1.16937 -0.547544  0.319871   179.322     1.7831  0.0444557 -0.0547325   0.00764678   0.00102823 -8.98912e-05 -0.000544487  -0.00107844 -0.000983613  -0.0534972   0.0745507 8.84699e-05   0.216586 -0.0746398   -9.80632  7780
             107.999 -0.0510198    1.47328    80.5195 26.5407 213.513 1.16853 -0.547545  0.319825   179.322     1.7831  0.0444555 -0.0547314  0.00612489 -0.00356697 -0.00110038 -0.000537235  -0.00107039 -0.000982812  -0.0529438   0.0742587 0.000663364   0.216585 -0.0746392   -9.80632  7800
             108.099 -0.0508525    1.48307    80.5157 26.5411 213.514 1.16866 -0.547547  0.319843   179.322     1.7831   0.044456 -0.0547307    0.005193   0.0017435 0.000170666  -0.00053461  -0.00107922 -0.000982207  -0.0534812   0.0741286 0.000504409   0.216586 -0.0746391   -9.80632  7787
             108.199 -0.0476274    1.48006    80.5254 26.5395 213.514 1.16848 -0.547549  0.319832   179.322    1.7831  0.044456 -0.054731   -0.0015323   0.00116791 -0.000565717 -0.000529332  -0.00107432 -0.000988584  -0.0532411    0.073557 0.000647153   0.216585 -0.0746386   -9.80632  7804
             108.301 -0.0577624    1.47387    80.5248  26.541 213.515 1.16817 -0.547548  0.319834   179.322     1.7831  0.0444562 -0.0547318  0.00232934  0.00111416 -0.00123503 -0.000534837  -0.00107562 -0.000986335   -0.053462   0.0740543 0.000779897   0.216586 -0.0746389   -9.80632  7799
               108.4 -0.0550539     1.4806    80.5251 26.5416 213.517 1.16858 -0.547554  0.319867   179.322     1.7831  0.0444556 -0.0547311   0.00572059   0.00715785 -2.02383e-05 -0.000535824  -0.00108828 -0.000986368  -0.0542203   0.0740036 0.000331706   0.216586 -0.0746391   -9.80632  7810
             108.499 -0.0480132    1.48017    80.5195 26.5434  213.52  1.1688 -0.547555  0.319879   179.322     1.7831  0.0444563 -0.0547304  0.00809976   0.0117693 -0.00014907 -0.000537508  -0.00109206 -0.000983296  -0.0546557   0.0743324 0.000134956   0.216587 -0.0746393   -9.80632  7779
               108.6 -0.0476463    1.48349    80.5184 26.5457 213.521 1.16895 -0.547556  0.319883   179.322    1.7831 0.0444566  -0.05473   0.0116903   0.0115353 0.000808564 -0.000543582  -0.00109394  -0.00098463 -0.0547611  0.0747123 2.6103e-05   0.216587 -0.0746397   -9.80632  7785
             108.699 -0.0554048    1.47922    80.5166 26.5456 213.519 1.16916 -0.547556  0.319869   179.322     1.7831  0.0444557 -0.0547294  0.00837699  0.00338598 0.000132024 -0.000537705  -0.00108634 -0.000985125   -0.0537982    0.0745461 -0.000100082   0.216586 -0.0746397   -9.80632  7771
             108.798 -0.0532253    1.47882    80.5128 26.5441 213.517 1.16911 -0.547555  0.319858   179.322     1.7831  0.0444553 -0.0547291   0.00361467 -0.000463019  4.95166e-05 -0.000533272  -0.00108287 -0.000981444    -0.053184    0.0739537 -6.30641e-05   0.216586 -0.0746393   -9.80632  7803
               108.9 -0.0589008    1.48301    80.5198 26.5431 213.517 1.16975 -0.547565  0.319866   179.322     1.7831  0.0444542 -0.0547285 -0.000336668  6.30892e-05   0.00143276 -0.000527409  -0.00108692 -0.000982367   -0.0531911     0.073526 -0.000571347   0.216585 -0.0746392   -9.80632  7794
             108.998 -0.054982   1.48331   80.5227  26.541 213.517 1.16981 -0.547564  0.319865   179.322     1.7831  0.0444544 -0.0547288  -0.00636205 -0.000121333  0.000796311 -0.000526999  -0.00108723 -0.000984083   -0.0530251    0.0729858 -0.000574292   0.216585 -0.0746387   -9.80632  7807
             109.101 -0.0543584    1.48561    80.5251 26.5383 213.514 1.16986 -0.54756 0.319854  179.322     1.7831  0.0444553 -0.0547293  -0.0104445 -0.00794595 0.000770308 -0.000523648  -0.00108263 -0.000985722   -0.0520846     0.072574 -0.000522741   0.216585 -0.0746384   -9.80632  7811
             109.201 -0.0508988    1.49052    80.5272 26.5396 213.515 1.17013 -0.547564  0.319856   179.322     1.7831   0.044455 -0.0547279 -0.00510163 -0.00397437   0.0017527 -0.000526167  -0.00109183 -0.000985975    -0.052736    0.0731989 -0.000696226   0.216585 -0.0746389   -9.80632  7794
             109.302 -0.0560713    1.48697    80.5158   26.54 213.515 1.17017 -0.547563   0.31986   179.322     1.7831  0.0444553 -0.0547281 -0.00319102 -0.00188877  0.00173898  -0.00052479  -0.00109029 -0.000976392   -0.0529441     0.073447 -0.000607068   0.216585 -0.0746391   -9.80632  7775
             109.402 -0.0530348     1.4843    80.5141 26.5399 213.514  1.1701 -0.547563  0.319853   179.322     1.7831  0.0444547 -0.0547278 -0.00198272 -0.00579751 0.000543143 -0.000529456  -0.00108828 -0.000976204   -0.0526381    0.0735849 -0.000478828   0.216585 -0.0746392   -9.80632  7800
               109.5 -0.0499809    1.48722    80.5192 26.5397 213.514 1.17012 -0.547564  0.319861   179.322     1.7831  0.0444547 -0.0547279 -0.000658852 -0.000395564   0.00302989 -0.000529504  -0.00109195 -0.000980166   -0.0529916    0.0735266 -0.000428296   0.216585 -0.0746391   -9.80632  7817
             109.602 -0.0536257    1.48874    80.5176 26.5383 213.514 1.17067 -0.547565  0.319854   179.322    1.7831 0.0444548 -0.054728 -0.00580265  -0.0037678  0.00205339  -0.00052625  -0.00109136 -0.000979704   -0.0528055    0.0732193 -0.000646377   0.216585 -0.0746389   -9.80632  7818
               109.7 -0.0525585    1.48709    80.5297 26.5399 213.511 1.17093 -0.54756 0.319848  179.322     1.7831  0.0444555 -0.0547279 -0.000277927  -0.00920218   0.00180412  -0.00052786  -0.00109316 -0.000988161   -0.0524628    0.0739329 -0.000752154   0.216585 -0.0746393   -9.80632  7793
             109.801 -0.0548199    1.48967    80.5228 26.5401 213.513 1.17154 -0.547559  0.319862   179.322     1.7831  0.0444555 -0.0547279 0.000889034   0.0005623   0.0044154 -0.000528034   -0.0010918 -0.000983917  -0.0531767   0.0738911 -0.00104491   0.216586 -0.0746392   -9.80632  7799
             109.902 -0.0604929    1.48817    80.5179 26.5399 213.515 1.17182 -0.547562  0.319873   179.322     1.7831  0.0444561 -0.0547277 0.000368005  0.00412765  0.00280057 -0.000524827  -0.00108756 -0.000981745   -0.0536688    0.0737372 -0.000989577   0.216586 -0.0746391   -9.80632  7794
                 110 -0.0551536    1.48861    80.5204 26.5423 213.515 1.17188 -0.547561   0.31987   179.322     1.7831  0.0444561 -0.0547276 0.00629959 0.00125076 0.00327689 -0.000524922  -0.00108813 -0.000981157    -0.053633    0.0744475 -0.000834624   0.216586 -0.0746396   -9.80632  7829
             110.102 -0.0549505    1.48816    80.5206  26.542 213.513 1.17173 -0.547566  0.319855   179.322     1.7831  0.0444554 -0.0547273  0.00409134 -0.00235261  0.00329023 -0.000522852  -0.00108809 -0.000983499   -0.0529053    0.0742982 -0.000446479   0.216585 -0.0746396   -9.80632  7789
               110.2 -0.0512143    1.48993    80.5233  26.543 213.513 1.17174 -0.547569  0.319859   179.322     1.7831  0.0444551 -0.0547272  0.00617431 -0.00279442  0.00233805 -0.000524252  -0.00108492  -0.00098338    -0.053102    0.0744225 -0.000269556   0.216586 -0.0746398   -9.80632  7790
               110.3 -0.0524489    1.49192    80.5247 26.5432 213.515 1.17208 -0.547571  0.319869   179.322     1.7831  0.0444549 -0.0547271 0.00538362 0.00220095 0.00267114 -0.00052231 -0.00108279 -0.00098486    -0.053629    0.0742035 -0.000400142   0.216586 -0.0746396   -9.80632  7800
             110.402 -0.0483214    1.48803    80.5199 26.5434 213.516 1.17193 -0.547572  0.319872   179.322    1.78309  0.0444545 -0.0547272 0.00480412 0.00486904 0.00237018 -0.000527344  -0.00107824  -0.00098152    -0.053703    0.0741116 -0.000116276   0.216586 -0.0746396   -9.80632  7790
               110.5 -0.0523714    1.48409    80.5185 26.5422 213.517 1.17116 -0.547571  0.319883   179.322    1.78309  0.0444547 -0.0547271 0.000803851  0.00666253  0.00137073 -0.00052557 -0.00107694 -0.00097728  -0.0538808   0.0736089 0.000578654   0.216586 -0.0746395   -9.80632  7772
             110.602 -0.0498634      1.485    80.5114 26.5406 213.517 1.17093 -0.547571  0.319881   179.322   1.78309 0.0444541 -0.054727 -0.00380108  0.00480893 0.000327245 -0.000525571  -0.00107903 -0.000972385  -0.0536386   0.0731815 0.000772901   0.216586 -0.0746393   -9.80632  7783
             110.701 -0.04778  1.48218  80.5162 26.5406 213.517 1.17035 -0.547566  0.319884   179.322    1.78309  0.0444538 -0.0547269  -0.00288027   0.00277834 -0.000354252  -0.00052739  -0.00107947 -0.000976331 -0.0534664  0.0733538 0.00120199   0.216586 -0.0746396   -9.80632  7820
               110.8 -0.0522928    1.47996    80.5247 26.5401 213.515 1.17001 -0.547562  0.319878   179.322    1.78309  0.0444548 -0.0547266 -0.00359096 -0.00111391 -0.00113586   -0.0005243    -0.001081 -0.000979083 -0.0529788  0.0733891 0.00139977   0.216586 -0.0746397   -9.80632  7813
             110.902 -0.0478137    1.48144    80.5185 26.5397 213.514 1.16948 -0.54756  0.31988  179.322    1.78309  0.0444547 -0.0547266 -0.00303124 -0.00402313 -0.00197209 -0.000526502  -0.00108467 -0.000974924 -0.0528625   0.073447  0.0016517   0.216586 -0.0746398   -9.80632  7792
                 111 -0.0541397    1.48698    80.5209 26.5408 213.515  1.1698 -0.547567  0.319879   179.322    1.78309  0.0444539 -0.0547267  0.000406601 -0.000989033  -0.00135833 -0.000521399  -0.00108742  -0.00097565 -0.0530789  0.0738092  0.0011935   0.216586 -0.0746399   -9.80632  7806
             111.102 -0.0552596    1.48468    80.5252 26.5405 213.515 1.16995 -0.547568  0.319875   179.322    1.78309  0.0444533 -0.0547266 -0.000476452  0.000237214  -0.00112427 -0.000522176  -0.00108885 -0.000980531  -0.0532248   0.0737108 0.000932924   0.216586 -0.0746398   -9.80632  7774
               111.2 -0.0530239    1.48056    80.5178 26.5395 213.515 1.16955 -0.547566  0.319877   179.322    1.78309  0.0444534 -0.0547266 -0.00256186 -0.00088145 -0.00172797 -0.000525158  -0.00108824 -0.000977075 -0.0532044  0.0734439 0.00106864   0.216586 -0.0746396   -9.80632  7789
             111.302 -0.0499548    1.48533    80.5202 26.5384 213.514 1.16928 -0.547565  0.319878   179.322    1.78309  0.0444533 -0.0547269 -0.00386137 -0.00166742 -0.00137024 -0.000526383  -0.00109013 -0.000979225 -0.0529429   0.073268  0.0010906   0.216586 -0.0746396   -9.80632  7840
             111.402 -0.0523608    1.48209    80.5241 26.5382 213.513 1.16947 -0.547567  0.319873   179.322    1.78309  0.0444533 -0.0547269  -0.00372592  -0.00398959 -0.000613322 -0.000525374  -0.00108951 -0.000984102  -0.0526484   0.0733883 0.000836412   0.216585 -0.0746396   -9.80632  7794
               111.5 -0.0558608     1.4881    80.5265 26.5373 213.512 1.16958 -0.547568   0.31987   179.322   1.78309  0.044453 -0.054727  -0.00559938  -0.00639616 -0.000934952 -0.000524054   -0.0010925  -0.00098601  -0.0524538   0.0732804 0.000620041   0.216585 -0.0746396   -9.80632  7822
             111.602 -0.0552883    1.48732    80.5191 26.5361 213.512 1.16963 -0.547568  0.319869   179.322    1.78309   0.044453 -0.0547269 -0.00625726  -0.0038777 -0.00102903  -0.00052402  -0.00109349 -0.000983249  -0.0526232   0.0730827 0.000438631   0.216585 -0.0746394   -9.80632  7796
               111.7 -0.0483924    1.48219    80.5289  26.538 213.512  1.1695 -0.54757 0.319867  179.322    1.78309  0.0444528 -0.0547261 0.000431434 -0.00401037 7.46359e-05 -0.000524782  -0.00108998 -0.000989094  -0.0528125   0.0738017 0.000446142   0.216586 -0.0746398   -9.80632  7789
             111.802 -0.0500352    1.48566    80.5235 26.5375 213.514 1.16996 -0.547571  0.319871   179.322    1.78309  0.0444535 -0.0547261  -0.00103214   0.00215024 -8.25084e-05 -0.00052069 -0.00109047 -0.00098688  -0.0534867   0.0735617 1.33924e-06   0.216586 -0.0746396   -9.80632  7788
             111.902 -0.0509312    1.48311    80.5178  26.538 213.514 1.17025 -0.547571  0.319871   179.322    1.78309  0.0444536 -0.0547261 0.000848576  0.00301257 0.000456509 -0.000519734  -0.00108848 -0.000986581    -0.053524    0.0737255 -0.000241393   0.216586 -0.0746397   -9.80632  7817
                 112 -0.0472633    1.48927    80.5267  26.541 213.515 1.17037 -0.547572   0.31987   179.322    1.78309  0.0444534 -0.0547253 0.00823677 0.00434681  0.0012249  -0.00051724  -0.00108918 -0.000993735   -0.0538309    0.0745321 -0.000296615   0.216586 -0.0746401   -9.80632  7801
             112.102 -0.0544994    1.48731    80.5157 26.5402 213.514 1.17106 -0.547575  0.319863   179.322    1.78309  0.0444519 -0.0547249   0.00458313 -0.000849434   0.00100286 -0.000514607   -0.0010911 -0.000991916   -0.0532041    0.0741448 -0.000770715 0.216586 -0.07464 -9.80632  7792
             112.201 -0.0516158     1.4806     80.522 26.5383 213.514 1.17069 -0.547574  0.319861   179.322    1.78309   0.044452 -0.0547246 -0.00212272 0.000139739  0.00179845 -0.000520792  -0.00108996 -0.000993617   -0.0532277    0.0734512 -0.000455933   0.216586 -0.0746396   -9.80632  7805
             112.302 -0.0563747    1.48518    80.5261 26.5397 213.514 1.17126 -0.547573  0.319863   179.322    1.78309  0.0444517 -0.0547251  0.00305063 0.000462951  0.00259727 -0.000513989  -0.00109585 -0.000996501   -0.0532013    0.0739341 -0.000730697   0.216586 -0.0746399   -9.80632  7790
             112.402 -0.0606347    1.48629    80.5106 26.5367 213.514 1.17113 -0.547577   0.31986   179.322   1.78308  0.044452 -0.054724 -0.00573824 0.000710004  0.00149797  -0.00051883  -0.00109666 -0.000982627    -0.053211        0.073 -0.000538488   0.216586 -0.0746393   -9.80632  7773
               112.5 -0.0594474    1.48217    80.5195 26.5371 213.515 1.17164 -0.547578  0.319865   179.322    1.78308  0.0444517 -0.0547241 -0.00315723  0.00217396  0.00290525  -0.00051674    -0.001095 -0.000986992   -0.0534188    0.0732546 -0.000826222   0.216586 -0.0746395   -9.80632  7808
             112.602 -0.0480307    1.48294    80.5181  26.538 213.516 1.17122 -0.547576  0.319861   179.322    1.78308  0.0444504 -0.0547232 0.000267686  0.00497558  0.00195483 -0.000520538  -0.00109298 -0.000984212   -0.0537217    0.0736206 -0.000336807   0.216586 -0.0746396   -9.80632  7787
               112.7 -0.0516168    1.48274    80.5246 26.5383 213.517 1.17076 -0.547577  0.319862   179.322    1.78308  0.0444496 -0.0547232 -0.000109544   0.00537909   0.00104244 -0.000518986    -0.001088 -0.000988738 -0.0539357  0.0736972 9.3265e-05   0.216586 -0.0746396   -9.80632  7786
               112.8 -0.0508599      1.486     80.521 26.5377 213.518  1.1708 -0.547578  0.319862   179.322    1.78308  0.0444496 -0.0547232 -0.000960861   0.00531901   0.00103128 -0.000520725  -0.00109077 -0.000986147  -0.0539011   0.0735377 0.000104453   0.216586 -0.0746395   -9.80632  7794
             112.902 -0.0566041    1.48692    80.5256  26.537 213.517 1.17096 -0.547576  0.319855   179.322    1.78308  0.0444499 -0.0547233 -0.00170585  0.00100358  0.00127615 -0.000516366  -0.00109206 -0.000990431  -0.0533488    0.073447 3.39079e-05   0.216586 -0.0746395   -9.80632  7821
                 113 -0.0495414    1.49179    80.5118 26.5402 213.517 1.17126 -0.54757 0.319853  179.322    1.78309  0.0444506 -0.0547224 0.00664956  0.0008682 0.00165611 -0.000516561  -0.00109382 -0.000982703   -0.0535561    0.0744374 -9.34633e-05 0.216586 -0.07464 -9.80632  7804
             113.102 -0.0561864    1.48162    80.5184 26.5406 213.518 1.17132 -0.547571  0.319859   179.322    1.78309  0.0444505 -0.0547227  0.0064351 0.00503146 0.00212645 -0.00051382 -0.00108365 -0.00098944   -0.0539164    0.0742958 -6.26817e-05   0.216586 -0.0746399   -9.80632  7794
               113.2 -0.0565014    1.48181    80.5171 26.5404 213.519 1.17114 -0.547572  0.319859   179.322    1.78308  0.0444506 -0.0547227 0.00525391 0.00571758 0.00101148 -0.000514791  -0.00108497 -0.000991101  -0.0540385   0.0739871 0.000158734   0.216586 -0.0746397   -9.80632  7792
             113.302 -0.0523824    1.48342    80.5265 26.5404 213.522 1.17085 -0.547571  0.319862   179.322    1.78308  0.0444498 -0.0547228  0.00421979    0.010186 0.000460881 -0.000519465  -0.00108631 -0.000998724  -0.0545376    0.073767 0.000366002   0.216586 -0.0746396   -9.80632  7787
             113.402 -0.0581598    1.48037     80.521 26.5414 213.521 1.17074 -0.547568  0.319856   179.322    1.78308    0.04445 -0.0547228  0.00474995  0.00648787 0.000273076 -0.000516995  -0.00108621 -0.000994813  -0.0541031   0.0740157 0.000494193   0.216586 -0.0746397   -9.80632  7782
             113.502 -0.050587   1.48291   80.5179 26.5422  213.52   1.171 -0.547571  0.319854   179.322    1.78308    0.04445 -0.0547227 0.00572308 0.00216062  0.0004633 -0.000522602  -0.00109044 -0.000992745  -0.0537094   0.0741791 0.000289487   0.216586 -0.0746399   -9.80632  7811
               113.6 -0.0547356    1.48432    80.5251 26.5418 213.521 1.17095 -0.547571  0.319854   179.322    1.78309  0.0444499 -0.0547227 0.00267328 0.00410765 0.00189828 -0.000523615  -0.00109167 -0.000998301  -0.0538343   0.0738869 0.000352091   0.216586 -0.0746397   -9.80632  7785
               113.7 -0.0542016    1.47632    80.5136 26.5407 213.522 1.17041 -0.547566  0.319851   179.322    1.78308  0.0444497 -0.0547227  6.0819e-05  0.00304971 -0.00109784 -0.000524009  -0.00108862 -0.000990745  -0.0538229   0.0734868 0.000779303   0.216586 -0.0746395   -9.80632  7772
             113.802 -0.0532916    1.48092    80.5171 26.5391  213.52 1.17033 -0.547567  0.319846   179.322   1.78308 0.0444495 -0.054723  -0.00480083  -0.00233054 -6.34111e-05 -0.000529559  -0.00110037 -0.000992865  -0.0530596   0.0731841 0.000753793   0.216586 -0.0746394   -9.80632  7824
             113.902 -0.0530663    1.48247    80.5255 26.5393 213.519 1.17077 -0.547568  0.319848   179.322    1.78308  0.0444497 -0.0547231 -0.00310188 -0.00433534  0.00218019 -0.000531502  -0.00110098 -0.000998752  -0.0528848   0.0734167 0.000459509   0.216586 -0.0746395   -9.80632  7820
             114.001 -0.057551   1.47959     80.52 26.5395 213.517 1.17084 -0.547566  0.319844   179.322    1.78308  0.0444498 -0.0547232 0.000876278 -0.00697756  0.00119845 -0.000525882  -0.00109961 -0.000993963  -0.0525992   0.0735911 0.000517181   0.216586 -0.0746396   -9.80632  7797
             114.102 -0.0503878    1.49333    80.5253 26.5401 213.516  1.1711 -0.547568  0.319844   179.322    1.78308  0.0444498 -0.0547229  0.00194052 -0.00709063 0.000885126 -0.000527151  -0.00110195 -0.000997037  -0.0526793   0.0737525 0.000371082   0.216586 -0.0746396   -9.80632  7814
               114.2 -0.0522199    1.48868     80.516 26.5397 213.516 1.17108 -0.547567  0.319846   179.322    1.78308  0.0444499 -0.0547227 -0.00227499 -0.00495495  0.00127931 -0.000528722  -0.00109716 -0.000991826  -0.0528494   0.0735885 0.000454244   0.216586 -0.0746395   -9.80632  7821
             114.302 -0.055178   1.47427   80.5189  26.539 213.516 1.17052 -0.547566  0.319846   179.322    1.78308    0.04445 -0.0547226 -0.00284662  0.00723466   -0.012089 -0.000534532  -0.00109911 -0.000991809  -0.0528315   0.0735022 0.000504488   0.216586 -0.0746395   -9.80632  7787
             114.403 -0.0612903    1.44786    80.5269 26.5386 213.514 1.16838 -0.547577    0.3199   179.322    1.78308  0.0444515 -0.0547154 0.00385189   0.026767 -0.0266206 -0.000531782  -0.00112276 -0.000997855  -0.0516551   0.0736003 0.000641018   0.216586 -0.0746396   -9.80632  7787
               114.5 -0.0735454    1.37987    80.5149 26.5378 213.517 1.16545 -0.547511  0.319863   179.322    1.78308  0.0444499 -0.0547045 0.0100529 0.0699645 -0.023778 -0.000524159   -0.0011256 -0.000989018  -0.0510332   0.0731651 0.000548785   0.216586 -0.0746378   -9.80632  7773
               114.6 -0.049283   1.34838   80.5204 26.5401 213.524 1.16465 -0.547466  0.319195   179.322     1.7831   0.044452 -0.0546913   0.0212847    0.117395 -0.00276912 -0.000529119  -0.00113831 -0.000994508   -0.0502192    0.0735399 -0.000132181   0.216585 -0.0746387   -9.80632  7747
               114.7 -0.0516615    1.32412    80.5309 26.5428 213.539 1.16476 -0.547545  0.319779   179.322    1.78309  0.0444518 -0.0546909 0.0290626   0.16894 0.0133491 -0.000524041  -0.00111906  -0.00100234  -0.0500527   0.0735783 0.000220723   0.216584 -0.0746407   -9.80632  7744
               114.8 -0.0486787    1.34636    80.5256 26.5467 213.559 1.16656 -0.54751 0.319483  179.323     1.7831  0.0444528 -0.0546911 0.0351307  0.212971 0.0158426 -0.000527197  -0.00111937 -0.000999013  -0.0499853   0.0737339 9.82073e-05   0.216584 -0.0746417   -9.80632  7739
             114.901 -0.0489046     1.3705    80.5264 26.5513 213.578 1.16865 -0.54734 0.318124  179.325     1.7831  0.0444549 -0.0547059   0.044242   0.240759 0.00804901 -0.000529643  -0.00112883  -0.00100219    -0.048778    0.0741191 -0.000310273   0.216581 -0.0746424   -9.80632  7752
                 115 -0.0591232    1.37247    80.5093 26.5584 213.602 1.16972 -0.54715 0.316365  179.329    1.78311  0.0444554 -0.0547166   0.0542298    0.271521 -0.00201716 -0.000527824  -0.00113471 -0.000996283   -0.0481275    0.0748608 -0.000779609   0.216576 -0.0746482   -9.80632  7783
             115.102 -0.0566447    1.36389    80.5041 26.5654 213.634 1.16955 -0.54704 0.315366   179.33   1.78311 0.0444566 -0.054716   0.0651987    0.313988 -0.00528868 -0.000530632  -0.00114112 -0.000995451  -0.0484446   0.0750914 -0.00103053   0.216575 -0.0746488   -9.80632  7762
               115.2 -0.0692547    1.34484    80.5007 26.5729 213.665 1.16966 -0.54681 0.313416  179.331    1.78312  0.0444535 -0.0547189   0.0722005    0.349508 -0.00297391 -0.000530832  -0.00114667  -0.00099513 -0.0475634  0.0753053 -0.0014358   0.216573 -0.0746463   -9.80632  7802
               115.3 -0.0714362    1.30853     80.498 26.5786 213.704 1.16898 -0.547091  0.316173   179.328     1.7831  0.0444525 -0.0547146  0.0724533   0.391975 0.00269495 -0.000537664  -0.00112979 -0.000994044   -0.0463668    0.0747052 -0.000842502   0.216577 -0.0746444   -9.80632  7759
             115.401 -0.103053   1.29887   80.5098 26.5866 213.751 1.16895 -0.54727 0.317689  179.327     1.7831  0.0444539 -0.0547148  0.0795478   0.441692 0.00399901 -0.000520526  -0.00112598    -0.001001   -0.0467686    0.0745217 -0.000566881   0.216579 -0.0746458   -9.80632  7768
               115.5 -0.0995133    1.29848     80.506 26.5957 213.801 1.16888 -0.547603  0.320115   179.327    1.78309  0.0444583 -0.0547151  0.0864045   0.483477 0.00325132 -0.000530596  -0.00112371 -0.000999306   -0.0463213    0.0746137 -0.000113089   0.216578 -0.0746541   -9.80632  7738
             115.602 -0.0943937    1.29014    80.5034 26.6041 213.854 1.16843 -0.547992  0.323272   179.325    1.78308    0.04446 -0.0547158    0.089721    0.520503 0.000743035 -0.000536603   -0.0011186 -0.000998913  -0.0454377   0.0743514 0.000478953    0.21658 -0.0746587   -9.80632  7799
               115.7 -0.100564   1.27253    80.496 26.6148 213.913 1.16886 -0.547677  0.320742   179.326    1.78309  0.0444589 -0.0547155    0.0978608     0.557878 -0.000796168 -0.000534792  -0.00111682 -0.000996926  -0.0458681   0.0744976 1.21746e-05   0.216579 -0.0746542   -9.80632  7785
             115.801 -0.0968653    1.26898    80.5139 26.6222 213.969 1.16948 -0.547222  0.318041   179.322    1.7831 0.0444565 -0.054718   0.096882   0.582491 -0.0009228 -0.000534277  -0.00112994  -0.00100368   -0.0447542    0.0735704 -0.000451996   0.216583 -0.0746341   -9.80632  7749
             115.901 -0.0906092    1.25379    80.4999 26.6347 214.034 1.16928 -0.54734 0.318505  179.324     1.7831  0.0444589 -0.0547163     0.107754     0.620066 -0.000925324 -0.000533333  -0.00113194 -0.000994147 -0.0448312  0.0740904 -0.0003668    0.21658 -0.0746424   -9.80632  7769
             116.001 -0.0694033    1.23356    80.4772 26.6473 214.106 1.16829 -0.547792    0.3221   179.325    1.78309  0.0444568 -0.0547169    0.115345     0.66469 0.000976712 -0.000541974  -0.00112437 -0.000986356  -0.0449588   0.0742571 0.000344428   0.216581 -0.0746527   -9.80632  7797
             116.102 -0.0849252    1.21809    80.4897 26.6609 214.177  1.1683 -0.547946  0.323054   179.327   1.78309 0.0444585 -0.054716   0.123143   0.694436 0.00434033  -0.00053158  -0.00112285 -0.000990526  -0.0442643   0.0746708 0.000562227   0.216579 -0.0746602   -9.80632  7798
             116.201 -0.0746302    1.20073    80.4892 26.6739 214.251 1.16839 -0.548144  0.324639   179.327    1.78308  0.0444574 -0.0547146   0.121983   0.721463 0.00670842 -0.000538423  -0.00111678 -0.000993139 -0.0431714  0.0747507 0.00095592   0.216578 -0.0746641   -9.80632  7794
             116.301 -0.0798531    1.20151    80.4703 26.6864 214.326 1.16916 -0.548279  0.325684   179.327    1.78308   0.044453 -0.0547166  0.126181  0.738828 0.0103018 -0.000541303   -0.0011269 -0.000987886 -0.0417127  0.0746893  0.0012721   0.216578 -0.0746648   -9.80632  7759
             116.402 -0.0694795    1.20862    80.4829 26.6967 214.406  1.1705 -0.548247   0.32566   179.323    1.78308  0.0444491 -0.0547188  0.122225  0.767066 0.0143607 -0.000555182  -0.00112709 -0.000995782 -0.0412985  0.0736672 0.00128645   0.216583 -0.0746533   -9.80632  7780
               116.5 -0.0772183    1.19548    80.4617 26.7135 214.491 1.17129 -0.548461  0.327326   179.326    1.78308  0.0444532 -0.0547198  0.134083  0.791081 0.0120517 -0.000551082  -0.00110521 -0.000985606 -0.0412551   0.074648 0.00181047    0.21658 -0.0746649   -9.80632  7763
             116.602 -0.0638272    1.20708    80.4677 26.7319 214.574 1.17213 -0.54854 0.327792   179.33    1.78309  0.0444567 -0.0547219  0.154298  0.806925 0.0092519 -0.000543174  -0.00111262 -0.000992773 -0.0405408  0.0758099 0.00203062   0.216575 -0.0746761   -9.80632  7809
               116.7 -0.0706696     1.2044    80.4663 26.7487 214.658  1.1727 -0.548599  0.328489    179.33    1.78309  0.0444588 -0.0547277   0.159859   0.817685 0.00964574 -0.000531665  -0.00111565 -0.000992826 -0.0388827  0.0759891 0.00247625   0.216575 -0.0746763   -9.80632  7794
             116.801 -0.0468278    1.22278    80.4759 26.7665 214.749 1.17402 -0.548559  0.327795    179.33    1.78309  0.0444607 -0.0547252   0.168804   0.844485 0.00317262 -0.000532314  -0.00112259  -0.00100099 -0.0394418  0.0759777 0.00200775   0.216574 -0.0746782   -9.80632  7801
             116.902 -0.044348   1.20505   80.4878 26.7831 214.844 1.17271 -0.54853 0.328367  179.329    1.78309   0.044454 -0.0547249   0.169687   0.875527 -0.0208862 -0.000529117  -0.00112215  -0.00100692 -0.0401392  0.0754343 0.00243178  0.216578 -0.074671  -9.80632  7833
                 117 -0.0287788     1.1556    80.4697    26.8 214.938 1.17058 -0.548507  0.327523   179.328     1.7831  0.0444613 -0.0547189   0.156671   0.890498 -0.0399429 -0.000532817  -0.00114816  -0.00100025 -0.0394743  0.0751658 0.00127015   0.216574 -0.0746793   -9.80632  7871
             117.102 -0.0437797    1.07018    80.4447 26.8182 215.034 1.16792 -0.548658  0.327048    179.33    1.78314  0.0444617 -0.0547219   0.16087  0.912028 -0.033402 -0.000533512   -0.0011581  -0.00099883  -0.0395993   0.0757315 -8.6281e-05   0.216568 -0.0746992   -9.80632  7799
               117.2 -0.0374749    1.00257     80.447 26.8374 215.135 1.16741 -0.548733  0.327073    179.33     1.7832  0.0444625 -0.0547283    0.177749    0.929084 -0.00169639 -0.000534336  -0.00115455 -0.000993134   -0.039875   0.0758623 -0.00147177   0.216564 -0.0747186   -9.80632  7781
             117.302 -0.0548788   0.978305    80.4391 26.8574 215.236 1.16856 -0.548798  0.327234   179.331    1.78321  0.0444607 -0.0547329  0.172042  0.949059 0.0133707 -0.000519634  -0.00114714 -0.000991544   -0.040125   0.0760985 -0.00186435   0.216562 -0.0747263   -9.80632  7822
             117.402 -0.0369461    0.95462    80.4294 26.8758 215.339 1.17055 -0.548818  0.327447   179.331    1.78322  0.0444607 -0.0547327  0.172412  0.963327 0.0161409 -0.000538466  -0.00114418  -0.00100039  -0.0400442   0.0761391 -0.00219932  0.216562 -0.074732  -9.80632  7810
               117.5 -0.0722152   0.952756     80.415 26.8947 215.445 1.17353 -0.548932  0.328793   179.331    1.78323   0.044445 -0.0547315   0.172071   0.972426 0.00930852 -0.000531096  -0.00115866 -0.000989143  -0.0400789   0.0761341 -0.00353949   0.216559 -0.0747573   -9.80632  7824
             117.602 -0.100785  0.922368   80.4183 26.9099 215.548 1.17529 -0.54901 0.329621   179.33    1.78323    0.04443 -0.0547266  0.165394  0.978341 0.0062848  -0.00055514  -0.00116771 -0.000989906  -0.0392351    0.075317 -0.00428236   0.216558 -0.0747679   -9.80632  7801
             117.701 -0.113316  0.858574   80.4086 26.9282 215.657 1.17492 -0.548937  0.328428    179.33    1.78322  0.0444445 -0.0547274   0.178836    1.00283 0.00950069 -0.000548013  -0.00115787 -0.000997266  -0.0400306    0.075196 -0.00339519   0.216561 -0.0747476   -9.80632  7802
               117.8 -0.164776  0.821683   80.4149 26.9461 215.763 1.17573 -0.548868  0.327798   179.329    1.78322  0.0444537 -0.0547216  0.185648   1.01533 0.0116126 -0.000538888  -0.00116609  -0.00100355  -0.0391006   0.0748256 -0.00312172   0.216561 -0.0747376   -9.80632  7819
             117.902 -0.151204  0.794802    80.377 26.9635 215.869 1.17676 -0.548815  0.327225   179.329    1.78322  0.0444506 -0.0547236  0.180742   1.02222 0.0127891 -0.000542185  -0.00118144 -0.000993109  -0.0379048   0.0743594 -0.00288948   0.216561 -0.0747285   -9.80632  7839
                 118 -0.156585  0.759387   80.3451 26.9849 215.983 1.17809 -0.548764  0.327057   179.329    1.78322  0.0444567 -0.0547214  0.190273   1.05107 0.0143251  -0.00055212  -0.00117577 -0.000989879  -0.0385342    0.074804 -0.00274263   0.216562 -0.0747273   -9.80632  7836
             118.102 -0.157818  0.740876   80.3174 27.0059 216.099 1.17906 -0.548692  0.326774   179.329   1.78322 0.0444603 -0.054719   0.195947    1.09063 0.00744494 -0.000554728  -0.00118701 -0.000989473  -0.0389864   0.0748926 -0.00251598   0.216564 -0.0747216   -9.80632  7871
               118.2 -0.187656  0.652937   80.3112 27.0238 216.218 1.17782 -0.548431  0.325973   179.327    1.78321  0.0444622 -0.0547132  0.187912   1.14974 -0.012696 -0.00056545 -0.00119533 -0.00100739  -0.0383899   0.0739767 -0.00184569    0.21657 -0.0746938   -9.80632  7833
             118.302 -0.188513  0.526147   80.2703 27.0442 216.342 1.17486 -0.548219  0.325289   179.327    1.78317  0.0444601 -0.0546931   0.208677    1.22372 -0.0134302 -0.000574425  -0.00119911   -0.0010172   -0.0375046    0.0739463 -0.000722719  0.216576 -0.074662  -9.80632  7830
             118.402 -0.237296   0.44733   80.2179 27.0728 216.479  1.1751 -0.548578  0.325178   179.334    1.78321  0.0444666 -0.0547142 0.245591  1.31763 0.009284  -0.0005384 -0.00119889 -0.00101698  -0.0382431   0.0754073 -0.00125773   0.216562 -0.0747016   -9.80632  7861
               118.5 -0.20971 0.401595   80.148 27.1037 216.632 1.17669 -0.548632  0.326014   179.338    1.78321  0.0444868 -0.0547194  0.271868   1.42241 0.0339418 -0.00053944 -0.00117509 -0.00101112   -0.0394724     0.076181 -0.000806768   0.216565 -0.0747079   -9.80632  7911
             118.602 -0.208878  0.416449   80.0989  27.132 216.783 1.18067 -0.548636  0.326863   179.337    1.78321  0.0444654 -0.0547391 0.282508  1.48891  0.04386 -0.000537398  -0.00118084  -0.00101551   -0.0375018     0.075982 -0.000334513   0.216564 -0.0746941   -9.80632  7853
             118.701 -0.189443  0.426782   80.0537 27.1624 216.949 1.18467 -0.548653   0.32827   179.334    1.78321  0.0444574 -0.0547391  0.293018   1.56375 0.0369282 -0.000548437  -0.00117546  -0.00101909  -0.0373964   0.0756287 3.14175e-05   0.216573 -0.0746781   -9.80632  7922
             118.801 -0.207431   0.41817   80.0123 27.1924 217.116 1.18723 -0.548781  0.331892   179.332    1.78322  0.0444422 -0.0547757  0.301147   1.62963 0.0203066 -0.000540442  -0.00118453  -0.00103042  -0.0348038   0.0752954 0.000906805   0.216576 -0.0746551   -9.80632  7854
             118.903 -0.196386  0.390241   79.9368 27.2248  217.28 1.18822 -0.549212  0.336888    179.34    1.78325  0.0444166 -0.0548184   0.319066    1.68676 0.00736019 -0.000547343  -0.00120993  -0.00102394  -0.030558  0.0759242 0.00192858   0.216559 -0.0746633   -9.80632  7838
             119.002 -0.227364   0.33514   79.8646 27.2627 217.462 1.18938 -0.549532  0.336434   179.351    1.78327   0.044423 -0.0548281  0.345019   1.77154 0.0110066 -0.00052423 -0.00122418 -0.00102444 -0.0296803  0.0771503 0.00188286  0.216533 -0.074706  -9.80633  7852
             119.103 -0.211816  0.267811   79.8308 27.2963 217.651 1.19007 -0.549711  0.343337   179.342    1.78326  0.0444048 -0.0548239 0.352447  1.86531  0.02156 -0.000540823  -0.00121292  -0.00104167 -0.0272857  0.0761832 0.00285688   0.216553 -0.0746619   -9.80633  7885
             119.202 -0.214914  0.268109   79.7535  27.335 217.856 1.19341 -0.549499   0.34082   179.341    1.78326  0.0444054 -0.0548235  0.374902   1.96605 0.0352519 -0.000541888  -0.00122154  -0.00103871 -0.0277473  0.0760744 0.00255141    0.21655 -0.0746598   -9.80633  7776
             119.302 -0.216778  0.262078   79.6895 27.3766 218.069 1.19769 -0.549589  0.340998   179.344    1.78326   0.044407 -0.0548281  0.395242   2.06079 0.0446338 -0.000538458  -0.00122044  -0.00104803 -0.0270889  0.0763492 0.00258694   0.216541 -0.0746697   -9.80633  7773
             119.403 -0.223938   0.28051    79.608 27.4203 218.295 1.20313 -0.549155  0.335283   179.346   1.78325 0.0444131 -0.054818  0.414497   2.16319 0.0495573 -0.000545917  -0.00121792  -0.00104603 -0.0289651  0.0765008 0.00196278   0.216538 -0.0746791   -9.80633  7721
             119.502 -0.236865  0.292654   79.5228 27.4689 218.529 1.20885 -0.549316  0.334305   179.358    1.78327  0.0444236 -0.0548315  0.444654   2.25547 0.0506724 -0.000530636  -0.00121862  -0.00105111 -0.0284667  0.0776343 0.00187156  0.216511 -0.074726  -9.80633  7668
             119.603 -0.241616  0.308979   79.4401 27.5167 218.765 1.21436 -0.549409  0.334012   179.362    1.78328  0.0444133 -0.0548605  0.468305   2.33548 0.0435739 -0.000522598  -0.00124965  -0.00105562 -0.0264282  0.0778706 0.00186813   0.216482 -0.0747334   -9.80633  7634
             119.703 -0.230556  0.305388   79.3732 27.5648 219.011 1.21829 -0.549794  0.339345   179.358    1.78328  0.0444053 -0.0548776  0.479685   2.42483 0.0347555 -0.000538129  -0.00127458  -0.00106545 -0.0235104  0.0775217 0.00240191   0.216471 -0.0747156   -9.80633  7620
             119.804 -0.24202 0.278003   79.301 27.6152 219.275 1.22267 -0.548697  0.329118   179.352    1.78328  0.0443935 -0.0548737  0.493652   2.53794 0.0342776 -0.000555458  -0.00127369  -0.00107387 -0.0263418  0.0767947 0.00140926   0.216483 -0.0746849   -9.80633  7612
             119.905 -0.248297   0.22804   79.2069 27.6679  219.54 1.22661 -0.548933  0.330205   179.355    1.78328  0.0443936 -0.0548642  0.518738   2.63868 0.0412313 -0.000556406  -0.00129298  -0.00107581 -0.0249164  0.0771181 0.00151416   0.216461 -0.0746974   -9.80633  7573
             120.003 -0.289785    0.1889   79.1077 27.7259 219.829  1.2321 -0.548225  0.321517   179.359    1.78331  0.0443889 -0.0548808   0.55387    2.7682 0.0516921 -0.000554036  -0.00127423  -0.00107828  -0.0278733    0.077358 0.000661981   0.216467 -0.0747113   -9.80633  7560
             120.105 -0.319979  0.175396   79.0072 27.7864 220.122 1.23781 -0.548369  0.321551   179.363    1.78332  0.0443931 -0.0548835 0.588632  2.88035 0.056409 -0.000537777  -0.00127291  -0.00108153  -0.0276506   0.0777718 0.000662425  0.216456 -0.074731  -9.80633  7475
             120.204 -0.350043  0.155547   78.9275 27.8482 220.434 1.24406 -0.547473  0.313211   179.357   1.78334 0.0443611 -0.054881  0.611823   3.01387 0.0520566 -0.000551787  -0.00126855  -0.00108943   -0.0298751    0.0770977 -0.000161561   0.216471 -0.0746972   -9.80633  7464
             120.304 -0.382555   0.13789    78.816 27.9142 220.753 1.24971 -0.547436   0.31047   179.361    1.78336   0.044353 -0.0548816  0.646476   3.12149 0.0479458  -0.0005349 -0.00129461 -0.00109278   -0.0294452    0.0774336 -0.000441541  0.216443 -0.074712  -9.80633  7454
             120.405 -0.392516 0.0971188   78.6961 27.9852 221.087 1.25537 -0.547275  0.304728    179.37     1.7834  0.0443513 -0.0548869  0.682021   3.25805 0.0513642 -0.000532261  -0.00128216  -0.00109591  -0.0309915   0.0781299 -0.00102476   0.216431 -0.0747484   -9.80633  7465
             120.504 -0.465506 0.0687862   78.5937 28.0593 221.438 1.26144 -0.54685 0.297953   179.37   1.78344 0.0443238  -0.05489   0.72126   3.37662 0.0555671 -0.000520521  -0.00127991  -0.00109948   -0.032862    0.078082 -0.00172021   0.216437 -0.0747439   -9.80633  7401
             120.604 -0.465737 0.0241339   78.4855  28.134 221.792 1.26783 -0.546843  0.298912   179.366    1.78343  0.0443165 -0.0548794  0.747729   3.48673 0.0649351 -0.000523075  -0.00130958  -0.00110942  -0.0308524   0.0776603 -0.00161976  0.216405 -0.074717  -9.80633  7397
             120.703 -0.516723 0.0124369    78.363 28.2124 222.164 1.27631 -0.546627   0.29357   179.363    1.78344  0.0442843 -0.0548775  0.770355   3.61776 0.0754495 -0.000537941  -0.00135162  -0.00111463  -0.0302195   0.0772093 -0.00219306   0.216367 -0.0746835   -9.80633  7298
             120.805  -0.511583 -0.0183417    78.2087 28.2934 222.543 1.28459 -0.546704  0.294408   179.363    1.78343  0.0442726 -0.0548784  0.808684   3.74059 0.0826702 -0.000557737  -0.00135612  -0.00111545  -0.0287243   0.0771066 -0.00209362   0.216336 -0.0746755   -9.80633  7316
             120.905  -0.556532 -0.0257566    78.0531  28.381 222.937 1.29308 -0.547068  0.298659   179.374    1.78344  0.0442831 -0.0548836 0.842609  3.86154 0.085501 -0.000541862  -0.00136762  -0.00113082  -0.0267394   0.0779155 -0.00160586   0.216291 -0.0747291   -9.80633  7302
             121.003  -0.582205 -0.0237515    77.8823  28.473  223.35 1.30188 -0.54715 0.302085  179.378    1.78343  0.0442899 -0.0548864  0.895567   3.98575 0.0881766 -0.000546756  -0.00137084  -0.00114147  -0.0257382   0.0781621 -0.00120732    0.21628 -0.0747488   -9.80633  7203
             121.105  -0.596034 -0.0207561    77.7143 28.5655 223.769 1.31063 -0.546863  0.307145   179.371     1.7834  0.0442785 -0.0548935  0.930246   4.10604 0.0899907 -0.000555695  -0.00137101   -0.0011499   -0.0242501    0.0774535 -0.000601655   0.216289 -0.0747079   -9.80633  7233
             121.203    -0.60098 -0.00248999     77.5354 28.6652 224.202 1.32074 -0.547154  0.305952   179.378    1.78341  0.0442602 -0.0549165  0.977377   4.20079 0.0913103 -0.000563552  -0.00140796  -0.00116345   -0.022602   0.0777822 -0.00073193  0.216217 -0.074725  -9.80633  7194
             121.305   -0.594122 -0.00994385     77.3359 28.7684 224.638 1.32997 -0.54697 0.310763  179.387    1.78343  0.0442283 -0.0549342   1.01093   4.30023 0.0923278 -0.000544786  -0.00143238  -0.00116697   -0.0194904    0.0780899 -5.41871e-05   0.216142 -0.0747534   -9.80633  7149
             121.405  -0.611395 -0.0276771    77.1697 28.8714 225.089 1.34044 -0.547251  0.306978    179.38    1.78342  0.0442076 -0.0549422    1.0199   4.41436 0.0930551 -0.000580659   -0.0014544  -0.00118496   -0.0187659    0.0773974 -0.000584932   0.216096 -0.0746941   -9.80633  7129
             121.504   -0.64622 -0.0317082    76.9811 28.9794 225.564 1.35039 -0.546886   0.30683   179.365   1.78339  0.044199 -0.054937   1.06736   4.55059 0.0981957 -0.000607485  -0.00143529  -0.00118755  -0.0198111   0.0762304 -0.00063824   0.216164 -0.0746138   -9.80633  7061
             121.604  -0.692544 -0.0485683     76.762 29.0982 226.056 1.36095 -0.547421  0.304841   179.365     1.7834  0.0442248 -0.0549403  1.14411  4.68807 0.102443 -0.000594841  -0.00138944  -0.00118686  -0.0222947   0.0767399 -0.00104607   0.216231 -0.0746507   -9.80633  7027
             121.704  -0.659287 -0.0481636    76.5748 29.2191 226.555 1.37127 -0.546308  0.308235   179.359    1.78338  0.0442048 -0.0549456  1.19589  4.81243 0.100287 -0.00061824 -0.00138762 -0.00120055   -0.020889   0.0758362 -0.00039425   0.216233 -0.0745933   -9.80633  6951
             121.803  -0.621339 -0.0466032    76.3529 29.3474 227.065 1.38198 -0.546173  0.308615   179.367    1.78339  0.0441933 -0.0549456  1.24071  4.92915 0.101534 -0.000611997  -0.00141066    -0.001213  -0.0192724   0.0760786 -0.00023096   0.216156 -0.0746108   -9.80633  6953
             121.904  -0.659429 -0.0266963    76.1084 29.4802 227.576 1.39416 -0.547464  0.305721   179.389    1.78344  0.0441758 -0.0549622  1.29469  5.02722 0.106755 -0.000586704  -0.00147862  -0.00122363    -0.016816    0.0775532 -0.000667865   0.215959 -0.0747073   -9.80634  6950
             122.003  -0.665221 -0.0522914    75.8783 29.6212 228.114 1.40704 -0.549678  0.301282   179.395    1.78345  0.0441867 -0.0549604  1.35835  5.14429 0.110507 -0.000579894  -0.00148333  -0.00123813  -0.0176369   0.0784678 -0.00172202  0.215915 -0.074756  -9.80634  6906
             122.104  -0.719775 -0.0658355    75.6461 29.7636 228.654 1.42075 -0.551846  0.296918   179.397    1.78347  0.0441612 -0.0549559 1.40832 5.25445 0.11698 -0.000579623  -0.00152063  -0.00124254  -0.0173922   0.0789117 -0.00276982   0.215826 -0.0747619   -9.80634  6826
             122.203  -0.71301 -0.123283   75.3991 29.9169 229.228  1.4321 -0.550427  0.300565    179.38    1.78342  0.0441851 -0.0549949  1.47157  5.40864 0.121892 -0.000604543  -0.00143374   -0.0012323  -0.0201499   0.0779677 -0.00217849  0.216061 -0.074716  -9.80634  6733
             122.305 -0.761908 -0.157436   75.1793 30.0684 229.795 1.44479 -0.549803  0.300211   179.374   1.78341 0.0441694 -0.054969  1.51715  5.51523 0.120986 -0.000616725  -0.00143922  -0.00125222  -0.0187277   0.0769521 -0.00206628   0.216005 -0.0746213   -9.80634  6744
             122.405 -0.797263 -0.141177   74.9181  30.232 230.373 1.45744 -0.550479  0.299887   179.383    1.78343  0.0441799 -0.0549796   1.5833  5.62564 0.124281 -0.000588609  -0.00145317  -0.00125304  -0.0189966   0.0779712 -0.00221325   0.215984 -0.0747091   -9.80634  6727
             122.504 -0.83336 -0.16791  74.7054  30.401 230.973 1.47159 -0.551939  0.298755    179.38    1.78344   0.044155 -0.0549791  1.63071  5.74221 0.140331 -0.00060449 -0.00143958  -0.0012798  -0.0196563    0.078064 -0.00280639   0.216002 -0.0747044   -9.80634  6677
             122.605 -0.889338 -0.158333   74.4418 30.5695 231.569 1.48932 -0.554778  0.295236   179.385    1.78345   0.044099 -0.0549855  1.68577  5.84011 0.158652 -0.000635547  -0.00148229  -0.00127541  -0.0179368   0.0783725 -0.00396444   0.215816 -0.0746786   -9.80634  6663
             122.704 -0.950242 -0.109996   74.2296 30.7492 232.195 1.50641 -0.554909  0.295845   179.371    1.78343  0.0440672 -0.0549509  1.74706  5.98026 0.167146 -0.000628366  -0.00144555  -0.00128425  -0.0191248   0.0774152 -0.00406557   0.215939 -0.0745965   -9.80634  6714
             122.805  -0.970435 -0.0561043    74.0149 30.9357 232.828 1.52239 -0.554368  0.296956   179.364    1.78343  0.0440552 -0.0549207  1.81494  6.08124 0.156147 -0.000648739  -0.00140063  -0.00128339  -0.0203558   0.0771294 -0.00385521   0.216057 -0.0745906   -9.80634  6653
             122.905   -1.02677 -0.0145273    73.7927 31.1297 233.469 1.53834 -0.555871  0.297043   179.364    1.78341  0.0440235 -0.0549024  1.87926  6.18533 0.145743 -0.000622223  -0.00140723  -0.00127271  -0.0213495   0.0776833 -0.00433336    0.21611 -0.0746398   -9.80634  6690
             123.003   -1.02663 -0.0563062    73.6077 31.3394  234.14 1.55441 -0.558442  0.298812    179.36    1.78336  0.0439384 -0.0548927  1.96645  6.30729 0.147284 -0.00062149 -0.00134822 -0.00126874  -0.0246255   0.0788902 -0.00504931  0.216346 -0.074776  -9.80633  6760
             123.104  -0.965104 -0.0901262    73.4289  31.544   234.8 1.56965 -0.558948   0.29785   179.362    1.78338  0.0439718 -0.0548872  1.98486  6.39728 0.132976 -0.000623465  -0.00139389  -0.00126775 -0.0232233  0.0786514 -0.0052939   0.216223 -0.0747242   -9.80633  6730
             123.203  -1.06952 -0.212991   73.2439 31.7622 235.481 1.58631 -0.566859  0.298901   179.375    1.78345  0.0439023 -0.0549045  2.04529  6.50956 0.145181 -0.000624755  -0.00138568  -0.00126703  -0.0238277   0.0819305 -0.00774429   0.216142 -0.0749837   -9.80633  6780
             123.304   -1.0667 -0.272689   73.0747 31.9738  236.16 1.60455 -0.56758 0.297323  179.376    1.7835 0.0439402 -0.054843  2.09474  6.61049 0.178067 -0.000659824  -0.00138617  -0.00127235  -0.0215856   0.0814151 -0.00820635    0.21594 -0.0748772   -9.80634  6737
             123.405  -1.14252 -0.229531   72.9225 32.1958  236.85 1.62232 -0.562047  0.294906   179.379    1.78347  0.0440417 -0.0548341  2.18327  6.69092 0.202549 -0.000616396   -0.0013979  -0.00128537   -0.020686   0.0804199 -0.00618314   0.215885 -0.0748106   -9.80634  6747
             123.504  -1.06467 -0.169298   72.7533 32.4267 237.558 1.64215 -0.557743  0.293247   179.377     1.7835  0.0440354 -0.0548429  2.25039   6.7939 0.246565 -0.00064282 -0.00139583 -0.00128407  -0.0206441   0.0791764 -0.00459268   0.215918 -0.0747245   -9.80634  6804
             123.604 -0.987803 -0.118193   72.5887 32.6613 238.277 1.66178 -0.55044 0.289944  179.371     1.7836  0.0439433 -0.0548906  2.26363  6.89074 0.183682 -0.000636242  -0.00139279  -0.00129213  -0.0205699   0.0764411 -0.00187381   0.215987 -0.0745105   -9.80634  6852
             123.704   -1.00445 -0.0996244    72.4079 32.8997 239.004 1.68027 -0.549891   0.28902    179.37   1.78361 0.0439428 -0.054913  2.31732  6.98016 0.165888 -0.00065826 -0.00141876 -0.00129987  -0.0197858   0.0758974 -0.00169646   0.215922 -0.0744385   -9.80634  6795
             123.805   -0.99784 -0.0580267    72.2058 33.1421  239.73 1.70118 -0.554283  0.289911   179.381    1.78355  0.0439787 -0.0549441  2.35003  7.13741 0.191122 -0.000703783  -0.00139964  -0.00129523  -0.0174295   0.0774556 -0.00360398   0.215637 -0.0745067   -9.80635  6636
             123.905 -1.21146 0.224886  72.0761 33.3875 240.477 1.72386 -0.557524  0.291399   179.379    1.78334  0.0438726 -0.0549527  2.37489  7.24213 0.185793 -0.000710072  -0.00136656  -0.00130349  -0.0164681   0.0775276 -0.00532508   0.215554 -0.0744527   -9.80635  6702
             124.005 -1.39476 0.523071    71.98 33.6365 241.231 1.74257 -0.556935  0.291193   179.371    1.78337  0.0438649 -0.0548601  2.45431  7.28499 0.198593 -0.000687812  -0.00140784  -0.00133166  -0.0169694   0.0764879 -0.00518829  0.215643 -0.074354  -9.80635  6734
             124.105 -1.32891 0.530511  71.8292 33.9025 241.996 1.75664 -0.552647  0.288444   179.367    1.78365  0.0439636 -0.0548284  2.56745  7.30577 0.093183 -0.000689563  -0.00141404   -0.0013316 -0.0192786  0.0759865 -0.0027706   0.215858 -0.0744057   -9.80634  6958
             124.203 -1.14273 0.242104  71.6748 34.1714 242.778 1.76017 -0.550684  0.288729   179.351   1.78359 0.0439115 -0.055015    2.56082    7.40692 0.00740188 -0.000669296  -0.00146163  -0.00133633  -0.0216192   0.0740702 -0.00233681   0.216176 -0.0742771   -9.80634  6931
             124.305  -1.19571 -0.187932   71.5425 34.4395 243.559 1.76675 -0.554936  0.297027   179.343    1.7841 0.0439281 -0.055195  2.64399  7.55788 0.124255 -0.000705131  -0.00142567  -0.00131127  -0.0212572   0.0739952 -0.00537607   0.216256 -0.0742557   -9.80633  6919
             124.405 -1.15166 -0.34103  71.4402 34.7171 244.352 1.78309 -0.553257   0.29294   179.348    1.78386  0.0439095 -0.0550698  2.70375  7.69074 0.200799 -0.000632698  -0.00135164  -0.00134042  -0.0210535   0.0741066 -0.00409247   0.216172 -0.0742619   -9.80634  6947
             124.505  -1.15942 -0.232693   71.3287 35.0053 245.162 1.80728 -0.552147  0.292852   179.348    1.78377  0.0438736 -0.0551249  2.75185  7.78922 0.274211 -0.000676337  -0.00132574  -0.00133096   -0.023288   0.0747472 -0.00316885   0.216375 -0.0744102   -9.80633  6990
             124.605  -1.17134 -0.245612   71.2378 35.2866 245.973 1.83559 -0.553635  0.294964   179.342    1.78386   0.043881 -0.0551319 2.76494  7.8369 0.22603 -0.000714864  -0.00132246  -0.00133197  -0.0221231   0.0737081 -0.00435688    0.21633 -0.0742496   -9.80633  7032
             124.704  -1.26722 -0.239624   71.1769 35.5795 246.811 1.85864 -0.554901   0.29989   179.332    1.78393  0.0438029 -0.0550992  2.84606  7.95456 0.202529 -0.000689108   -0.0013358  -0.00133953  -0.0231158   0.0726835 -0.00551187   0.216551 -0.0741763   -9.80633  7022
             124.804   -1.2398 -0.282556   71.1058 35.8842 247.648 1.87871 -0.554598  0.299519   179.336    1.78391  0.0438085 -0.0550975  2.93601  8.10697 0.259706 -0.000672966  -0.00128486  -0.00132617  -0.0235058   0.0734486 -0.00523655   0.216553 -0.0742752   -9.80633  6920
             124.905  -1.21236 -0.200965   71.0715 36.1911 248.482 1.90599 -0.555088  0.298268    179.35   1.78387 0.0438873 -0.055184  2.92405  8.15032 0.211131 -0.000669126  -0.00128684  -0.00131829  -0.0214131   0.0753199 -0.00569729   0.216234 -0.0744087   -9.80633  6826
             125.003  -1.31622 -0.139535   71.1493 36.5036 249.356 1.92913 -0.555356  0.301735   179.344   1.78387 0.0437415 -0.055062  2.94774  8.25381 0.200872 -0.000650181  -0.00129774  -0.00132201  -0.0235323   0.0747679 -0.00632116  0.216524 -0.074434  -9.80633  6816
             125.105  -1.34113 -0.249623   71.1798 36.8086 250.212 1.95342 -0.555939  0.309055   179.348    1.78387  0.0436789 -0.0550785  2.98219  8.31042 0.159286 -0.000696706  -0.00135932  -0.00129969 -0.0208981  0.0750519 -0.0103407   0.216331 -0.0744354   -9.80633  6822
             125.203 -1.28417  -0.4521  71.2796 37.1179 251.094  1.9748 -0.555073  0.311412    179.34    1.78402  0.0436781 -0.0550879  2.97467  8.43564 0.218165 -0.000711462  -0.00133272    -0.001317 -0.0201277  0.0730944 -0.0116721   0.216359 -0.0742359   -9.80633  6844
             125.304  -1.30251 -0.523728   71.3062 37.4308 251.973 1.99904 -0.555971  0.307579    179.34    1.78395  0.0437508 -0.0550222  3.02118  8.52079 0.281627 -0.000670451  -0.00129838  -0.00131017  -0.018644  0.0735075 -0.0104712   0.216153 -0.0741756   -9.80634  6832
             125.405  -1.29567 -0.392624   71.3218 37.7442 252.863 2.03144 -0.554584  0.308858    179.34    1.78392  0.0437772 -0.0550409   3.0494  8.60646 0.294836 -0.000660024  -0.00127995   -0.0013187 -0.0175729   0.073241  -0.011766   0.216065 -0.0741463   -9.80634  6850
             125.505  -1.31371 -0.197434   71.3174 38.0628 253.764 2.06369 -0.554021  0.309351    179.34    1.78388  0.0437795 -0.0550419  3.06161  8.66957 0.279749 -0.000711575  -0.00127292  -0.00132395 -0.0174488  0.0731797  -0.012173   0.216058 -0.0741493   -9.80634  6900
             125.604   -1.28883 -0.0913348    71.2511  38.391 254.685 2.09132 -0.551859  0.311789   179.341    1.78375  0.0438391 -0.0549254   3.1148  8.74788 0.259699 -0.000690904  -0.00129946  -0.00132539 -0.0189171  0.0730338 -0.0132378  0.216223 -0.074238  -9.80634  6950
             125.704  -1.39751 -0.189045   71.2145 38.7233 255.604 2.11687 -0.551546  0.312017   179.347    1.78375  0.0438072 -0.0549509  3.18549  8.77783 0.196547 -0.000628907  -0.00130476  -0.00134568 -0.0178308  0.0742158 -0.0137334   0.216072 -0.0743359   -9.80634  6902
             125.804  -1.30153 -0.284991   71.1442 39.0545 256.535 2.14058 -0.548781  0.314726   179.342    1.78368  0.0438526 -0.0549621 3.22291 8.89934   0.256 -0.000754152  -0.00132793  -0.00131724 -0.0174309  0.0721266 -0.0153463   0.216128 -0.0741876   -9.80634  6935
             125.905 -1.2911 -0.3434 71.0597 39.3896 257.461 2.16791 -0.549109  0.314184   179.345     1.7837  0.0437977 -0.0549166  3.24857  8.98059 0.260442 -0.000706154  -0.00131464  -0.00132218 -0.0156775  0.0723515 -0.0156418   0.215945 -0.0741581   -9.80634  6929
             126.003  -1.36305 -0.267152    71.032 39.7378 258.423 2.19863 -0.548744  0.314706    179.34    1.78369  0.0438418 -0.0549162  3.34807  9.08947 0.320164 -0.000706247  -0.00125678  -0.00133558 -0.0173875  0.0718864 -0.0152932   0.216132 -0.0741614   -9.80634  6958
             126.105  -1.18983 -0.153987   70.9323 40.0882 259.369 2.22857 -0.551315  0.309594   179.349     1.7839  0.0435968 -0.0549591  3.40225  9.13859 0.297667 -0.000717266  -0.00124389  -0.00133609 -0.0165667  0.0729319 -0.0124574   0.215981 -0.0741649   -9.80634  7069
             126.204   -1.08341 -0.0506633    70.8658 40.4476 260.336 2.25715 -0.55148 0.308285   179.35    1.78399  0.0435101 -0.0549598 3.46107 9.20816 0.25906 -0.000667241   -0.0012473   -0.0013552 -0.0170371  0.0728764 -0.0114469   0.216018 -0.0741571   -9.80634  7141
             126.305 -0.883761 -0.050281   70.7857 40.8004 261.294 2.27841 -0.551036  0.302194   179.357    1.78416  0.0429964 -0.0551132  3.50654  9.23351 0.219011 -0.000714621  -0.00128208  -0.00134445    -0.01589   0.0707302 -0.00796486   0.215929 -0.0738961   -9.80634  7150
             126.405 -0.684851 -0.108098   70.7507 41.1638 262.264 2.29888 -0.549312  0.299755   179.355    1.78417  0.0427443 -0.0551872  3.52384  9.31031 0.210277 -0.000674335  -0.00129395   -0.0013552  -0.0170707   0.0692519 -0.00631901   0.216062 -0.0737846   -9.80634  7149
             126.503 -0.575319 -0.179754   70.7216 41.5316 263.259 2.32446 -0.550323  0.305282   179.342    1.78419  0.0430791 -0.0552718  3.54014   9.4192 0.226652 -0.000758713  -0.00128984  -0.00135648  -0.0170425   0.0677322 -0.00892781   0.216184 -0.0736735   -9.80634  7203
             126.605 -0.506586 -0.267904   70.6494 41.8991  264.25 2.35281 -0.551682  0.311461   179.332    1.78431  0.0433583 -0.0553256  3.58742  9.51491 0.270646 -0.000797273  -0.00126065  -0.00133848 -0.0168878    0.06701 -0.0118554  0.216282 -0.073645  -9.80634  7179
             126.705 -0.256296  -0.30791   70.6044 42.2763 265.245  2.3757 -0.54603 0.300412   179.34   1.78397 0.0426155 -0.055371    3.694  9.58845 0.302107  -0.0007391 -0.00119382 -0.00135131  -0.0198998   0.0650828 -0.00570785  0.216423 -0.073495  -9.80634  7160
             126.806  0.115352 -0.297508   70.5374 42.6523 266.239 2.40517 -0.545351  0.300154   179.337   1.78394 0.0424926  -0.05544 3.62434 9.68884 0.27743 -0.000661267  -0.00116589  -0.00136169 -0.0211806  0.0639419 -0.0050267   0.216561 -0.0734245   -9.80633  7146
             126.906 -0.0658439  -0.138511    70.5841 43.0281 267.246 2.44187 -0.54692  0.31362  179.334    1.78374   0.042623 -0.0554133  3.62164  9.80185 0.304886 -0.000787408  -0.00119715  -0.00136166 -0.0210792  0.0643816 -0.0114371   0.216835 -0.0736143   -9.80633  7116
             127.006  -0.34216 -0.164031   70.5798 43.3975  268.27 2.48588 -0.541592  0.334491   179.359     1.7837  0.0413291 -0.0554142  3.60207  9.88841 0.280695 -0.000871327  -0.00109035  -0.00137138 -0.0205027  0.0621659 -0.0216805   0.217323 -0.0738428   -9.80631  7073
             127.106  -0.69982 -0.164967   70.5702 43.7761 269.303 2.52228 -0.535438  0.350991   179.401   1.78373 0.0395499 -0.055524  3.63475  10.0109 0.299592 -0.000957385  -0.00109513  -0.00132385 -0.0229016   0.060341 -0.0286664   0.217931 -0.0741811    -9.8063  7093
             127.205  -1.05862 -0.241881   70.5601 44.1542  270.37 2.55585 -0.536725  0.352906   179.413    1.78374  0.0397452 -0.0552464  3.71673  10.1319 0.297486 -0.000769981  -0.00102348  -0.00138433 -0.0291107  0.0573296  -0.028322    0.21855 -0.0741646   -9.80628  7102
             127.308  -1.19892 -0.334307   70.5665 44.5305 271.397 2.58718 -0.537398  0.351696   179.409    1.78372   0.039859 -0.0551985  3.69612  10.1931 0.338294 -0.00088935 -0.00105601 -0.00135674 -0.0286949  0.0573119 -0.0279782   0.218493 -0.0741163   -9.80629  7145
             127.407 -1.32385 -0.41968  70.5581 44.9176 272.442 2.62108 -0.540611  0.351988   179.413    1.78361  0.0401879 -0.0553515  3.83882  10.2681 0.355413 -0.000920518 -0.000991692  -0.00134367 -0.0326103  0.0583469 -0.0265671   0.218753 -0.0742753   -9.80628  7236
             127.506  -1.29716 -0.450485   70.5933 45.3127 273.519 2.65043 -0.552357  0.345292   179.402    1.78328  0.0408681 -0.0553848   3.9412  10.3778 0.389141 -0.000800401 -0.000972093  -0.00138262 -0.0393467   0.058386 -0.0211796   0.219082 -0.0741914   -9.80627  7341
             127.608  -1.13618 -0.457945   70.5694 45.7127 274.582 2.68365 -0.557761  0.341431   179.402    1.78317  0.0408631 -0.0553517  3.91988  10.4675 0.348399 -0.000815863 -0.000920791  -0.00137821 -0.0427172  0.0601124  -0.018144 0.219181 -0.07429 -9.80627  7407
             127.706  -1.10448 -0.413928   70.5898 46.1186 275.676 2.72119 -0.554039   0.34688   179.404     1.7832  0.0407577 -0.0552474 3.92101 10.5738 0.35941 -0.000842924 -0.000930721  -0.00139898 -0.0464935  0.0591339 -0.0194288   0.219627 -0.0744274   -9.80626  7463
             127.807  -1.08087 -0.404155   70.5752 46.5212 276.755 2.75589 -0.553914  0.347196   179.405    1.78321  0.0407328 -0.0552168  3.98505  10.6565 0.349516 -0.000842643 -0.000918011   -0.0013847 -0.0473944  0.0592331 -0.0193104   0.219702 -0.0744631   -9.80626  7511
             127.907 -0.978281 -0.325785   70.5901   46.93 277.854 2.79204 -0.552944  0.348888   179.403    1.78323  0.0406683 -0.0551396  3.99938  10.7654 0.344283 -0.000840196 -0.000883044  -0.00139901  -0.050157  0.0584173 -0.0192934   0.219977 -0.0744954   -9.80625  7506
             128.006 -0.945384 -0.172586   70.5695 47.3464  278.98 2.82972 -0.548608  0.353711   179.396    1.78305  0.0408838 -0.0548984  4.04777   10.876 0.351028 -0.000840027 -0.000899326  -0.00139597 -0.0543772  0.0567131 -0.0212105   0.220458 -0.0745579   -9.80624  7607
             128.107 -0.871664 -0.108506   70.5559 47.7596 280.088 2.86293 -0.54727 0.355164  179.394    1.78294  0.0410222 -0.0548712  4.10444  10.9125 0.297255 -0.000843192 -0.000912321  -0.00138768 -0.0546827  0.0564145 -0.0221749   0.220519 -0.0745676   -9.80624  7699
             128.199  -0.822349 -0.0869456    70.6098 48.1428  281.12  2.8916 -0.539988  0.361695   179.381    1.78265  0.0414194 -0.0545423 4.12492 11.0833 0.30016 -0.000813614 -0.000953304  -0.00141374 -0.0664377   0.054097 -0.0251442   0.221615 -0.0748015   -9.80621  7786
             128.298 -0.804173 -0.159316   70.6282 48.5674 282.262 2.92259 -0.535736  0.366192   179.375    1.78253  0.0417172 -0.0545894  4.14153  11.2037 0.285414 -0.000842429 -0.000985315  -0.00140727 -0.0732627  0.0530409  -0.027356   0.222235 -0.0749676    -9.8062  7738
             128.399 -0.881024 -0.259831   70.6512 49.0697 283.619 2.96371 -0.531133  0.371909   179.374    1.78258  0.0419667 -0.0547212  4.18085  11.3304 0.328709 -0.000861624 -0.000997975  -0.00140487 -0.0766172  0.0522445 -0.0308169   0.222574 -0.0750939   -9.80619  7776
             128.498 -0.916871 -0.301891   70.6242 49.4372 284.635 2.99498 -0.531359  0.369746   179.371    1.78259  0.0418763 -0.0545212  4.21467  11.3709 0.371539 -0.000829218 -0.000950756  -0.00137996 -0.0722905  0.0502998 -0.0308076    0.22228 -0.0748225    -9.8062  7825
             128.599 -0.845183 -0.300897   70.6375 49.9401 285.991 3.03806 -0.53446 0.366403  179.372    1.78252   0.041716 -0.0544864  4.24542  11.4498 0.385278 -0.000808034 -0.000913343  -0.00136542  -0.071347  0.0511558 -0.0281884   0.222154 -0.0748028    -9.8062  7875
             128.699 -0.804573 -0.324772    70.645 50.3109 287.003 3.07139 -0.537052  0.361176   179.371    1.78248  0.0415378 -0.0543635  4.21869  11.4502 0.373552 -0.000769893 -0.000823412  -0.00134492 -0.0653218  0.0511644 -0.0267316   0.221667 -0.0745897   -9.80621  7961
             128.798 -0.746022 -0.359355   70.7334 50.7324 288.141 3.10712 -0.539382  0.357774    179.37    1.78242  0.0414304 -0.0543014   4.2123  11.4853 0.365896 -0.000815978 -0.000794453  -0.00134474 -0.0624246   0.052484 -0.0249543   0.221396 -0.0745616   -9.80622  8029
             128.899 -0.710958 -0.420013   70.8074 51.2318 289.518 3.15211 -0.538968  0.357752   179.369    1.78245  0.0414502 -0.0542994  4.19354  11.5798 0.401546 -0.000785033 -0.000803774  -0.00135276 -0.0619204  0.0516233 -0.0253072   0.221382 -0.0744939   -9.80622  8274
             128.998 -0.766532 -0.523767   70.8482 51.6002  290.54 3.18781 -0.541584  0.351736   179.356    1.78236  0.0414155 -0.0540839  4.15834  11.5753 0.417943 -0.000786737 -0.000656317  -0.00132849 -0.0551798  0.0522574 -0.0236983   0.220863 -0.0742804   -9.80623  8501
               129.1 -0.778302 -0.561213   70.9224  52.106 291.921 3.23856 -0.542773  0.351321   179.358    1.78228  0.0414134 -0.0541154   4.1986  11.6528 0.443118 -0.000828033 -0.000655702  -0.00133301 -0.0552114  0.0549821 -0.0227324     0.2208 -0.0744406   -9.80623  8691
             129.198 -0.845989 -0.621995   71.0185 52.4821 292.946 3.27602 -0.549194  0.344773   179.341    1.78202  0.0415182 -0.0540323  4.21196  11.6368 0.453852 -0.000835789 -0.000529651  -0.00134235 -0.0491349  0.0583555 -0.0191511   0.220284 -0.0743591   -9.80624  8781
             129.299 -0.813756 -0.588019   71.0644 52.9009  294.11  3.3199 -0.554246  0.342875   179.335    1.78197  0.0415399 -0.0540173  4.23773  11.6939 0.466983 -0.000817159 -0.000516486  -0.00134152 -0.0480052  0.0587111 -0.0168718   0.220182 -0.0742831   -9.80625  8996
               129.4 -0.734161 -0.548673   71.1612 53.4171 295.511  3.3714 -0.560743  0.342522   179.341    1.78201  0.0414847 -0.0539381  4.27956  11.7741 0.470688 -0.000837217 -0.000519035  -0.00137275 -0.0500249  0.0622444 -0.0132516   0.220212 -0.0744752   -9.80625  9233
             129.498 -0.683099 -0.458937   71.1617  53.799 296.564 3.41027  -0.5674 0.339413  179.335    1.78209  0.0413949 -0.0540549  4.26916  11.7782 0.443083 -0.000843862 -0.000480042  -0.00134219 -0.0467246  0.0636914 -0.0101158   0.219944 -0.0743915   -9.80625  9352
             129.599  -0.55542 -0.466944    71.193 54.3033  297.97 3.46172 -0.567703  0.339071   179.332    1.78207  0.0413854 -0.0541053  4.21488  11.8156 0.413015 -0.000846461 -0.000484163  -0.00136352  -0.045614  0.0630652 -0.0101003   0.219888 -0.0743264   -9.80625  9343
             129.698 -0.627144  -0.55798   71.2218 54.6798  299.02 3.49881 -0.568944  0.337656   179.325    1.78207  0.0413147 -0.0541115  4.22472  11.8136 0.413043  -0.00084297 -0.000441232  -0.00136827  -0.0414795   0.0639223 -0.00982721   0.219627 -0.0742585   -9.80626  9349
             129.798 -0.657838 -0.666073   71.1973 55.1042  300.22 3.54252 -0.566865  0.338787   179.329    1.78205  0.0413618 -0.0541233  4.23595  11.8841 0.439056 -0.000846956 -0.000474795  -0.00135384 -0.0428892  0.0622191 -0.0106798   0.219748 -0.0742338   -9.80626  9305
             129.899 -0.758528 -0.752972   71.2231 55.6161 301.658 3.59771 -0.566483  0.339856   179.335    1.78203  0.0414668 -0.0541861  4.29929  12.0088 0.490844 -0.000797623 -0.000490948  -0.00137757 -0.0465728   0.061648 -0.0105332   0.219963 -0.0742905   -9.80625  9321
             129.998  -0.72898 -0.701535   71.1921 56.0026 302.739  3.6428 -0.567764   0.33847   179.332    1.78202  0.0414302 -0.0541773  4.31773  12.0561 0.515441 -0.000797555 -0.000438165  -0.00135781  -0.0449333   0.0616186 -0.00997988   0.219862 -0.0742308   -9.80625  9464
             130.099 -0.512713 -0.540481   71.1727  56.516 304.184 3.70659 -0.564784  0.341445   179.332    1.78186  0.0415139 -0.0542155 4.34321 12.1067 0.49829 -0.000826536 -0.000411275  -0.00136064 -0.0446936  0.0595547 -0.0123119   0.219921 -0.0741945   -9.80625  9496
             130.198 -0.562857 -0.409711   71.1711 56.9033 305.267 3.75023 -0.565637  0.340614   179.331    1.78184  0.0414541 -0.0543473  4.33032  12.1081 0.463307 -0.000773662 -0.000401251  -0.00135872 -0.0416579  0.0595454 -0.0122435 0.219755 -0.07413 -9.80626  9606
             130.299 -0.520104 -0.396682    71.186 57.3414 306.488 3.79379 -0.565116  0.341145   179.331    1.78183  0.0414771 -0.0542992  4.35537  12.1551 0.419373 -0.000808733 -0.000435659  -0.00136874 -0.0432607    0.05964 -0.0124501   0.219841 -0.0741709   -9.80626  9602
             130.398 -0.475722 -0.397728   71.1665 57.7901 307.734  3.8364 -0.563418  0.342679   179.333    1.78178  0.0415638 -0.0542149  4.41056  12.2571 0.416519 -0.000797044 -0.000507627  -0.00137137 -0.0490309  0.0593394 -0.0131832   0.220156 -0.0742808   -9.80625  9540
             130.498 -0.538373  -0.39653   71.1942 58.2448 308.997 3.87869 -0.562056   0.34371   179.336    1.78175  0.0416051 -0.0541859  4.40676  12.3732 0.425416 -0.000792621 -0.000613193   -0.0013951 -0.0567952  0.0592484  -0.013517   0.220554 -0.0744225   -9.80624  9513
               130.6 -0.618443 -0.526768   71.2029 58.7761 310.499 3.93393 -0.559361  0.350278   179.345    1.78167  0.0415459 -0.0543061  4.43535  12.4879 0.433801 -0.000832369 -0.000695195  -0.00140311 -0.0625377  0.0572263  -0.017254  0.220926 -0.074558  -9.80623  9496
             130.699 -0.764267 -0.655443    71.208 59.2548 311.873 3.98791 -0.558176  0.352852   179.349    1.78171  0.0414402 -0.0541647  4.40859  12.5628 0.494566 -0.000816291   -0.0006668  -0.00140521 -0.0609797  0.0545356  -0.019434   0.220913 -0.0744828   -9.80623  9451
             130.798 -0.989885 -0.708882   71.1519 59.6465 312.989 4.02858 -0.559298   0.34548   179.338    1.78164  0.0416689 -0.0539674  4.41196  12.5758 0.528259  -0.00077239 -0.000608658  -0.00136195 -0.0567299  0.0549716 -0.0161695   0.220648 -0.0743026   -9.80624  9448
               130.9  -1.12557 -0.699385   71.1575 60.1685 314.486 4.09214 -0.559758  0.344061   179.337    1.78163  0.0417025 -0.0538735  4.44945  12.6283 0.535201 -0.000763666 -0.000559687  -0.00135999 -0.0559256  0.0536752 -0.0157652   0.220616 -0.0742135   -9.80624  9345
             130.998 -1.11366 -0.60852  71.1428 60.5684 315.618 4.13781 -0.559883  0.339859   179.332   1.78165 0.0418336 -0.053887  4.49607  12.6241 0.530265 -0.000735548 -0.000554898  -0.00135575 -0.0539051  0.0538371 -0.0138052  0.220491 -0.074124  -9.80624  9130
               131.1 -0.990809 -0.608224   71.2116 61.1108 317.131 4.19458 -0.559039  0.337193   179.331    1.78167  0.0418713 -0.0538622  4.56337  12.6743 0.511626 -0.000705442 -0.000585516  -0.00138416 -0.0566323  0.0540614 -0.0113011     0.2206 -0.0741214   -9.80624  9107
             131.199 -0.834971  -0.59801   71.2181   61.52 318.264 4.23766 -0.558343  0.334212   179.332    1.78168  0.0418887 -0.0538016  4.54321  12.7206 0.507101 -0.000732429 -0.000577299  -0.00138043 -0.0547182  0.0549868 -0.0101826   0.220481 -0.0741048   -9.80624  8981
             131.299   -0.9052 -0.503177   71.2538 62.0684   319.8 4.30204 -0.55946 0.337398  179.331   1.78161 0.0418839 -0.053722 4.52587 12.8218 0.51108 -0.000792051 -0.000554681  -0.00136768 -0.0559163  0.0561642 -0.0121674   0.220533 -0.0742062   -9.80624  8884
               131.4  -1.03594 -0.377364   71.2564  62.557 321.184 4.35423 -0.558622  0.334883   179.329   1.78168 0.0419249 -0.053837  4.50776  12.8355 0.480777 -0.000810033 -0.000507776  -0.00135763 -0.0530771  0.0568235 -0.0106793   0.220394 -0.0741659   -9.80624  8811
             131.499  -1.16541 -0.299804   71.2382 62.9567 322.326  4.3945 -0.558342  0.333682   179.327    1.78172  0.0419449 -0.0539734  4.50759  12.8055 0.433487 -0.000813388 -0.000505999  -0.00134429  -0.0492452   0.0568891 -0.00993433   0.220226 -0.0740991   -9.80625  8571
               131.6 -1.26787  -0.3875   71.293 63.5009  323.86 4.44409 -0.558307  0.333479   179.328    1.78172  0.0419389 -0.0539831   4.5995   12.847 0.432556 -0.000812035 -0.000554585  -0.00136023   -0.051957   0.0572908 -0.00968886   0.220338 -0.0741495   -9.80624  8548
             131.699 -1.11949 -0.55974   71.278 64.0063 325.267 4.49038 -0.557179  0.331068   179.328    1.78169  0.0419172 -0.0539254  4.66378  12.8715 0.464747  -0.00078484 -0.000526254  -0.00134015  -0.0507236   0.0573581 -0.00817165   0.220291 -0.0741175   -9.80625  8443
             131.798 -0.907126 -0.674746   71.2457 64.4255 326.421 4.52838 -0.553413  0.324904   179.335    1.78156  0.0416978 -0.0537901  4.69671   12.867 0.498573 -0.000734207 -0.000497405  -0.00132229  -0.0485815   0.0566838 -0.00474842   0.22022 -0.074039  -9.80625  8454
             131.899 -0.566339 -0.806622   71.3316 64.9883  327.97 4.58855 -0.552344  0.324963   179.333    1.78151  0.0415805 -0.0539459  4.67647  12.9731 0.536716 -0.000763781 -0.000504385  -0.00136602   -0.051293   0.0561392 -0.00400914   0.220354 -0.0740417   -9.80625  8300
             131.998 -0.489073 -0.819587    71.301 65.4077 329.154 4.63954 -0.553568  0.326614   179.333   1.78152 0.0416399 -0.054069  4.61815  13.0511 0.564165 -0.000773174  -0.00049594  -0.00135171  -0.0517625   0.0549151 -0.00455067   0.220384 -0.0740099   -9.80624  8219
             132.099 -0.658459 -0.744366   71.3534 65.9632  330.73 4.71286 -0.556997  0.332031    179.33    1.78156  0.0417632 -0.0540503  4.60823  13.0934 0.557423 -0.000803244 -0.000497035  -0.00138438  -0.0540929   0.0553829 -0.00692836   0.220455 -0.0740739   -9.80624  8144
             132.198 -0.827387 -0.654941   71.3465 66.3788  331.91 4.76433 -0.55765 0.332311  179.329    1.78155  0.0417513 -0.0541161  4.60018  13.0833 0.558354 -0.000797205 -0.000505735   -0.0013946  -0.0518698     0.05573 -0.00765763   0.220355 -0.0740602   -9.80624  8096
             132.298 -0.936689 -0.584637   71.3514 66.8612 333.255  4.8208 -0.558929  0.337336   179.329    1.78153  0.0417709 -0.0539904  4.68723  13.1318 0.538007 -0.000799333 -0.000570465  -0.00140693 -0.0583062  0.0573406  -0.008802   0.220587 -0.0742146   -9.80624  8109
             132.399 -0.761874 -0.660479   71.3813 67.4351 334.853 4.88478 -0.560169  0.340785   179.331   1.78154 0.0418273 -0.053908  4.75936  13.1895 0.511808 -0.000790503  -0.00058318  -0.00142946  -0.0650881   0.0565687 -0.00934986   0.220848 -0.0742798   -9.80623  8117
             132.498  -0.62529 -0.679574   71.3547 67.8677 336.058 4.93141 -0.560569  0.341585   179.334    1.78153  0.0418554 -0.0539195  4.77852  13.2244 0.524513 -0.000763712 -0.000607359  -0.00141334  -0.0664807   0.0555254 -0.00954962   0.220906 -0.0742686   -9.80623  8114
             132.598 -0.511569 -0.655862   71.4009 68.3561 337.408 4.98741 -0.563582  0.347576   179.327    1.7815 0.0419698 -0.053854  4.7886 13.3229 0.52925 -0.000759922 -0.000639435  -0.00143636 -0.0709232   0.056442 -0.0116101    0.22106 -0.0743604   -9.80623  8092
             132.698 -0.469057 -0.578938   71.4308 68.8492 338.778 5.04658 -0.568244  0.357055   179.319    1.78139  0.0421153 -0.0536779 4.79456 13.4485 0.53805 -0.000812185 -0.000676364  -0.00146196 -0.0773669  0.0580299 -0.0150213   0.221277 -0.0745119   -9.80622  8006
             132.798 -0.550406  -0.51965   71.4448 69.3423 340.152  5.1026 -0.57046 0.362124  179.317    1.78132  0.0421327 -0.0535524  4.83296  13.5072 0.510805  -0.00083161 -0.000701512  -0.00148007 -0.0835797   0.059243 -0.0167743   0.221484 -0.0746372   -9.80622  7932
             132.899 -0.639868 -0.460913   71.4073 69.9274 341.785 5.16356 -0.571342  0.364307    179.32    1.78129  0.0421782 -0.0534513  4.84674  13.5663 0.489831 -0.000815013 -0.000785463   -0.0014794 -0.0894158  0.0592398 -0.0176575   0.221682 -0.0747126   -9.80621  7917
             132.998 -0.659826 -0.504692   71.3142 70.3602 343.014 5.21029 -0.572055  0.367136   179.327    1.78121  0.0421661 -0.0533912  4.87634  13.5669 0.493444 -0.000770512 -0.000803428  -0.00144843  -0.088747  0.0571951 -0.0188869   0.221676 -0.0746785   -9.80621  7801
               133.1 -0.515502 -0.626758   71.2711 70.9437 344.645 5.27118 -0.571711  0.367205   179.332    1.78118  0.0422494 -0.0534744  4.92053  13.6112 0.542719 -0.000747686 -0.000839741  -0.00144899 -0.0925045  0.0557061 -0.0188027   0.221812 -0.0746767   -9.80621  7742
             133.199 -0.403993 -0.722162    71.245 71.3716 345.855 5.32199 -0.571904  0.366111   179.342    1.78114  0.0421752 -0.0533694  4.86565  13.5934 0.590793 -0.000688821 -0.000757715  -0.00145834 -0.0871971  0.0530971 -0.0189281   0.221639 -0.0745693   -9.80621  7625
             133.298 -0.502039 -0.721117   71.2795 71.8625 347.228 5.38482 -0.572834  0.370297   179.341    1.78116  0.0421642 -0.0534027  4.83828    13.62 0.608716 -0.000739601 -0.000754645  -0.00148501 -0.0878809  0.0537364 -0.0201787   0.221676 -0.0746221   -9.80621  7554
             133.399 -0.687603 -0.729468   71.2363 72.3527 348.606 5.45092 -0.574578  0.380368   179.342    1.78119  0.0420397 -0.0534888  4.86207  13.6672 0.630998 -0.000761757 -0.000772059  -0.00148104 -0.0895942  0.0546507 -0.0230193   0.221774 -0.0747417   -9.80621  7517
             133.498 -0.923406 -0.666508   71.1966 72.8421 349.998 5.51691 -0.576115  0.387714   179.352    1.78118  0.0419398 -0.0534284  4.87634  13.7223 0.628517  -0.00073915 -0.000840798   -0.0015139 -0.093369 0.0537997 -0.024786   0.221931 -0.0748246    -9.8062  7462
             133.599  -1.05478 -0.648928   71.0826 73.4378 351.656 5.59633 -0.577226  0.397777   179.354    1.78117  0.0417893 -0.0534464  4.99973  13.7334 0.652191 -0.000740444  -0.00088777  -0.00150438 -0.0969351  0.0545924 -0.0272084   0.222096 -0.0749576    -9.8062  7357
             133.699  -1.02397 -0.680939   70.9692  73.886 352.891 5.65366 -0.576904   0.39476   179.356    1.78116  0.0418499 -0.0534338  5.02517  13.7231 0.658029 -0.000747748 -0.000842597  -0.00146823 -0.0970851  0.0537896 -0.0263166   0.222088 -0.0749169    -9.8062  7412
             133.798  -0.89143 -0.586798   70.9476  74.394 354.284 5.71807 -0.576025  0.392376   179.357    1.78118    0.04191 -0.0534259  5.07625  13.7066 0.650992 -0.000739538 -0.000873163  -0.00149131  -0.100579  0.0522747 -0.0250682   0.222202 -0.0748838    -9.8062  7406
             133.901 -0.714993 -0.560201   70.8254 74.9774 355.906 5.79004 -0.573174  0.382545   179.377    1.78124  0.0418765 -0.0536673   5.0267  13.6835 0.627229  -0.00069339 -0.000862579  -0.00147464  -0.103103  0.0474895 -0.0218804   0.222255 -0.0747337    -9.8062  7355
             133.998 -0.715994 -0.594361   70.7666 75.4292 357.142 5.84181 -0.568844  0.371846   179.383     1.7813  0.0418571 -0.0537059  5.01684  13.6472 0.622923 -0.000666981 -0.000851439  -0.00145787  -0.104249   0.046042 -0.0190468    0.22225 -0.0746408    -9.8062  7372
             134.099 -0.579549    -0.647   70.7723 76.0281 358.776 5.91408 -0.566367  0.366803   179.385    1.78132  0.0418066 -0.0537415  4.98852   13.608 0.615643 -0.000670555   -0.0008592  -0.00147017  -0.106365  0.0450209 -0.0176708   0.222309 -0.0745977    -9.8062  7489
             134.198 -0.564748 -0.714718   70.7606  76.475 359.989  5.9681 -0.564914  0.361823   179.389    1.78133  0.0418339 -0.0536754  4.97868  13.5195 0.628965 -0.000664192 -0.000860576  -0.00146333  -0.103322  0.0453135 -0.0168504   0.222171 -0.0745585    -9.8062  7530
             134.298 -0.323026 -0.914697    70.755 76.9731 361.354 6.02979 -0.562819  0.356359   179.402   1.78132 0.0417452 -0.053807  4.96985  13.4763 0.640103 -0.000662735  -0.00086969  -0.00147308  -0.105278  0.0431565 -0.0155912    0.22222 -0.0745027    -9.8062  7590
             134.399 -0.386806 -0.961729   70.7907 77.5687 362.973 6.11533 -0.566309  0.366559   179.394   1.78134 0.0417975 -0.053807  4.94556  13.5393 0.757768 -0.000682756 -0.000816882  -0.00147082 -0.103779 0.0446872 -0.017577   0.222211 -0.0745845    -9.8062  7440
             134.498 -0.209111 -0.840022   70.7599 78.0086 364.178 6.18059 -0.563722  0.355499   179.408    1.78139  0.0417848 -0.0538626 4.97551  13.452  0.7323 -0.000674019 -0.000756566  -0.00145961  -0.100903   0.043143 -0.0158966   0.222048 -0.0744704    -9.8062  7517
             134.599 -0.127989 -0.700424   70.7971 78.5051 365.518  6.2467 -0.559926  0.345518   179.403    1.78144  0.0416714 -0.0538538  4.89204   13.424 0.637008 -0.000691233 -0.000742977  -0.00146865  -0.102517  0.0434595 -0.0139892   0.222056 -0.0744163    -9.8062  7625
             134.698  -0.14631 -0.479501   70.7858 79.0001 366.874 6.31121 -0.558432  0.339897   179.407    1.78154  0.0416156 -0.0537661  4.89692  13.3837 0.616845 -0.000708567 -0.000752907  -0.00144065  -0.105174  0.0428398 -0.0128514  0.222118 -0.074394   -9.8062  7619
             134.798 -0.180459 -0.301702   70.8849  79.502 368.244 6.37387 -0.560761  0.349601   179.408    1.78136  0.0415158 -0.0534206  4.88543  13.3555 0.536458 -0.000704609 -0.000850316  -0.00148169  -0.109641  0.0435689 -0.0146193   0.222327 -0.0745304    -9.8062  7654
             134.899  -0.27209 -0.421977   70.8564 80.0854 369.866 6.44085 -0.561981  0.358419   179.431     1.7813  0.0415037 -0.0532418  4.80982  13.3704 0.512071 -0.000691059 -0.000904198  -0.00146402  -0.113554  0.0416051 -0.0164175   0.222519 -0.0746325   -9.80619  7517
             134.998 -0.0723156  -0.624009    70.9168 80.5264 371.068  6.4861 -0.561439  0.351715   179.423     1.7813  0.0414755 -0.0532085  4.90023  13.3028 0.560548 -0.000710363 -0.000928686   -0.0014956  -0.113418   0.042303 -0.0152071   0.222467 -0.0745827   -9.80619  7427
             135.099 0.0376652   -1.1338   70.8782 81.1024 372.654 6.55206 -0.561137   0.34199   179.425    1.78118  0.0414238 -0.0532617   4.8855  13.3231 0.594353 -0.000707768 -0.000891299  -0.00147345   -0.11594  0.0422944 -0.0135145   0.222476 -0.0745344   -9.80619  7446
             135.199 0.0889905  -1.16736    70.967 81.5337 373.835 6.61347 -0.560771  0.344292   179.426    1.78124  0.0414944 -0.0529892  4.94125  13.3135 0.764513 -0.000751579 -0.000812049  -0.00146363  -0.110635  0.0412152 -0.0141907   0.222333 -0.0744741    -9.8062  7510
               135.3 -0.212733 -0.703517   71.0424 82.1128 375.427 6.70669 -0.560794  0.341482   179.425    1.78125  0.0414969 -0.0529792  4.89257  13.3131 0.734785 -0.000598182 -0.000733254  -0.00148967  -0.113181  0.0418618 -0.0134753   0.222382 -0.0744932    -9.8062  7524
               135.4 -0.240648  -0.43227   71.0461 82.6281  376.85 6.77851 -0.558958  0.349457   179.409    1.78109  0.0414191 -0.0533355  4.72668  13.1748 0.547732 -0.000752004 -0.000791685  -0.00149681  -0.106055  0.0425351 -0.0152699   0.222255 -0.0744638    -9.8062  7672
             135.498 -0.667347  -0.54926    71.068 83.0459  378.02 6.82468 -0.558303  0.351635   179.407    1.78107  0.0413511 -0.0533225  4.70808  13.0557 0.490369 -0.000720144 -0.000902005  -0.00150039 -0.101339   0.04132 -0.015855   0.222146 -0.0743997    -9.8062  7596
             135.598 -0.663375  -1.11532   70.9969 83.5176 379.346  6.8727 -0.55876 0.343714  179.434    1.78088  0.0416082 -0.0533682  4.80328  13.0561 0.587375 -0.000711015 -0.000906135  -0.00149439  -0.106007  0.0379949 -0.0142597   0.222215 -0.0743513    -9.8062  7449
             135.699 -0.575352  -1.36866   70.9857 83.9949 380.663 6.93902 -0.559207  0.342223   179.449    1.78079  0.0416783 -0.0534856  4.84356  13.1228 0.751701 -0.000620924 -0.000881214  -0.00151703  -0.107675  0.0359075 -0.0138091   0.222248 -0.0743321    -9.8062  7396
             135.799 -0.275893  -1.35033   70.9433 84.4773 382.005 7.01822 -0.562266  0.342346   179.469     1.7806  0.0417606 -0.0539909  4.84828  13.2183 0.836219 -0.000682563  -0.00080493  -0.00151236  -0.113267   0.032766 -0.0126435   0.222378 -0.0743275    -9.8062  7516
               135.9 -0.138856  -0.99387   70.8197 85.0504 383.591  7.1164 -0.563363  0.347156   179.474    1.78054  0.0418633 -0.0539977  4.78959  13.2502 0.764443 -0.000659474 -0.000826887  -0.00146966  -0.116343   0.031281 -0.0131041   0.222501 -0.0743592   -9.80619  7564
             135.998 -0.254873 -0.850931   70.8004 85.4774 384.794 7.18503 -0.563441  0.353061    179.48   1.78045 0.0419021  -0.05397   4.7519   13.226 0.671895 -0.000689149 -0.000866824  -0.00147113  -0.116645  0.0294422 -0.0146612   0.222574 -0.0743852   -9.80619  7527
               136.1  -0.42422 -0.963986   70.7665  86.045  386.38 7.26183 -0.563422  0.354624   179.481    1.78045  0.0419729 -0.0538858 4.71169 13.2426 0.62363 -0.000682596 -0.000903593  -0.00148576  -0.120382  0.0291435 -0.0146418   0.222688 -0.0744196   -9.80619  7390
             136.198 -0.597928  -1.07969   70.7145 86.4676 387.556 7.31988 -0.562982  0.354965   179.478    1.78045  0.0418592 -0.0539338  4.75885  13.1946 0.662323 -0.000696007 -0.000938512  -0.00147892  -0.116304  0.0298859 -0.0153273   0.222584 -0.0744101   -9.80619  7370
             136.298 -0.601098   -1.2616   70.6952 86.9541 388.892 7.38999 -0.563138  0.355475   179.475    1.78045  0.0418855 -0.0539865  4.80879  13.2221 0.727179 -0.000708988  -0.00086777  -0.00150553  -0.118297  0.0307887 -0.0150938   0.222635 -0.0744412   -9.80619  7388
               136.4 -0.650854  -1.19851   70.5864 87.5258 390.464 7.47771 -0.563795  0.354625   179.476    1.78044  0.0419144 -0.0539784 4.83989 13.2383  0.7645 -0.000702697   -0.0008812  -0.00148083  -0.118533  0.0304166 -0.0143114   0.222629 -0.0744157   -9.80619  7416
             136.498 -0.606194   -1.2128   70.5717  87.968 391.669 7.54402  -0.5645 0.354424  179.475    1.78044  0.0419375 -0.0539771  4.88044  13.2511 0.753479 -0.000706302 -0.000850435   -0.0015111  -0.119672  0.0305821 -0.0131396   0.222647 -0.0744027   -9.80619  7336
             136.598 -0.588724  -1.13204   70.4519 88.4623 393.019 7.61823 -0.564746  0.355863   179.474    1.78045  0.0419797 -0.0539409  4.88939  13.2689 0.735079 -0.000691706 -0.000868469   -0.0014903  -0.122629  0.0297637 -0.0124128   0.222744 -0.0743961   -9.80619  7350
             136.698 -0.515682  -1.09404   70.3719 88.9568 394.366 7.69067 -0.564743    0.3571   179.474    1.78046  0.0419928 -0.0539266  4.91519  13.2839 0.710699 -0.000718943  -0.00087538  -0.00149635  -0.124693   0.028831 -0.0119085   0.222819 -0.0743824   -9.80619  7403
             136.798 -0.508059  -1.10457    70.306 89.4628 395.725 7.76118 -0.563954  0.359468   179.467    1.78047  0.0420263 -0.0538409  4.94755   13.333 0.701535 -0.000700799 -0.000878434  -0.00151897  -0.130299  0.0290955 -0.0115177   0.22301 -0.074425  -9.80618  7366
               136.9 -0.569365  -1.14654   70.1733 90.0588 397.326 7.84232 -0.563068  0.362627   179.461    1.78049  0.0420648 -0.0538181 4.99661 13.3778  0.6903 -0.000744632 -0.000860997  -0.00151638  -0.133988  0.0288348 -0.0100458   0.223157 -0.0744239   -9.80618  7333
             136.998 -0.620255  -1.19733    70.004 90.5101 398.537 7.90386 -0.562713  0.363787   179.462    1.78048  0.0420721 -0.0538151  5.04783  13.3858 0.698139 -0.000706647 -0.000847985  -0.00150466   -0.133855   0.0281583 -0.00928826    0.22317 -0.0743943   -9.80618  7286
               137.1 -0.565798  -1.25758   69.8563 91.1074 400.114 7.98604 -0.562819  0.364097   179.465    1.78048  0.0420366 -0.0538036  5.11457  13.3402 0.706236 -0.000732324   -0.0008557  -0.00152528   -0.131855   0.0280856 -0.00882054   0.223104 -0.0743753   -9.80618  7135
             137.198 -0.44822 -1.32916  69.6907 91.5675 401.315  8.0496 -0.562624  0.364558   179.469    1.78047  0.0420096 -0.0538079  5.14357  13.3293 0.719963 -0.000699839 -0.000870252  -0.00151738   -0.130764   0.0274338 -0.00847158   0.223077 -0.0743471   -9.80618  7137
             137.298 -0.474812  -1.42577   69.5334 92.0853 402.661 8.12636 -0.564522  0.361083   179.465    1.78049  0.0420645 -0.0538334  5.15997  13.3375 0.756715 -0.000719269 -0.000891951  -0.00151033   -0.13284  0.0275698 -0.0102345   0.223108 -0.0743767   -9.80618  7155
               137.4 -0.527098  -1.58766   69.4031 92.7037 404.246 8.21957 -0.565596  0.359679   179.459    1.78053   0.042082 -0.0538786  5.20661  13.3484 0.811082 -0.000743384 -0.000896381  -0.00152946   -0.13493  0.0283944 -0.0111509   0.223156 -0.0744225   -9.80618  7208
             137.498 -0.673982  -1.63261   69.2603 93.1719 405.443  8.2947 -0.56601 0.358442  179.465   1.78055 0.0420518 -0.053858  5.21334  13.3563 0.858126 -0.000714688 -0.000891263  -0.00153559  -0.132962  0.0289948 -0.0112223   0.223058 -0.0744313   -9.80618  7264
               137.6 -0.738195  -1.55848   69.0428  93.795 407.032 8.39773 -0.564973  0.360542   179.463    1.78053  0.0420848 -0.0538307  5.30907  13.3544 0.897628 -0.000732783 -0.000857419  -0.00152069 -0.133301 0.0280123 -0.010593   0.223114 -0.0743943   -9.80618  7202
             137.698 -0.782101  -1.48826     68.94 94.2741 408.238 8.47832 -0.56623 0.359086  179.464    1.78053  0.0420651 -0.0538267  5.32219   13.334 0.857254 -0.000717052  -0.00082901   -0.0015408 -0.133353 0.0278704 -0.011055   0.223095 -0.0743894   -9.80618  7189
             137.798 -0.832335  -1.41517   68.7788 94.8097 409.581 8.55905 -0.562102   0.36459   179.459    1.78059  0.0421396 -0.0537683  5.37393  13.3292 0.821783 -0.000725275 -0.000846073  -0.00152772     -0.1333   0.0256864 -0.00925965   0.223214 -0.0742996   -9.80618  7296
               137.9 -0.785198  -1.34024   68.5413 95.4462 411.175 8.65386 -0.559702  0.367699   179.453    1.78061  0.0421643 -0.0537233  5.41828  13.3604 0.802106 -0.000735603 -0.000834397  -0.00151575   -0.134473   0.0227349 -0.00836295   0.223367 -0.0741835   -9.80618  7385
             137.998 -0.812649  -1.28132   68.3804 95.9325 412.366 8.72346 -0.557103  0.370227   179.464    1.78067  0.0421812 -0.0538079  5.45267  13.3209 0.769211 -0.000728684 -0.000829737  -0.00152687    -0.13103   0.0221431 -0.00721368   0.223259 -0.0741393   -9.80618  7541
               138.1 -0.687571   -1.2357   68.1579 96.5839 413.957 8.81358 -0.553723  0.372487   179.457    1.78069  0.0421775 -0.0538237  5.52405  13.3003 0.754745 -0.000733056  -0.00081168  -0.00153617    -0.13229   0.0196144 -0.00643284   0.223415 -0.0740385   -9.80618  7581
             138.199 -0.545373  -1.21993   67.8974   97.18 415.397 8.89103 -0.547022  0.377805   179.476    1.78077  0.0421182 -0.0539714 5.58186 13.2522 0.73788 -0.000674527 -0.000805452  -0.00153154   -0.127466   0.0162443 -0.00436032   0.223328 -0.0738745   -9.80618  7490
             138.298 -0.311493  -1.21436    67.744 97.6706  416.57 8.95561 -0.544833  0.380656   179.505   1.78082 0.0420913 -0.054121  5.61066  13.1867 0.726068 -0.000696179 -0.000806301  -0.00156136   -0.121324   0.0142577 -0.00341151   0.223074 -0.0737601   -9.80619  7379
               138.4 -0.157579  -1.26908   67.5385 98.3383 418.118 9.03752 -0.539189  0.384744   179.517    1.78089  0.0419906 -0.0539903   5.6055  13.1406 0.718779 -0.000696027 -0.000837867  -0.00158875   -0.117961   0.0151475 -0.00152935   0.222955 -0.0738024   -9.80619  7396
             138.498 -0.317489  -1.42438   67.3355 98.8366  419.29 9.10499 -0.546569  0.381961   179.531    1.78094  0.0420086 -0.0539111  5.56648  13.0978 0.731898 -0.000723822  -0.00086949  -0.00157398   -0.115261   0.0167852 -0.00317089  0.222678 -0.073843  -9.80619  7453
               138.6 -0.738501  -1.74113   67.0524 99.4867 420.828 9.19494 -0.54746 0.381178  179.546    1.78099  0.0419525 -0.0536951  5.57313  13.0695 0.817974 -0.000733142 -0.000910322  -0.00155626   -0.111846    0.016386 -0.00330281   0.222466 -0.0737794    -9.8062  7482
             138.699 -1.02485 -1.97678  66.9062 100.109 422.262 9.29167 -0.551465  0.380207   179.544    1.78108  0.0418227 -0.0538361  5.71282  13.0609 0.936981 -0.000728598 -0.000886885  -0.00159364   -0.112675   0.0183623 -0.00445669   0.222426 -0.0738924    -9.8062  7534
             138.798 -1.00861  -2.0556  66.6493 100.619 423.433 9.37327 -0.541689  0.382817    179.55    1.78083  0.0420745 -0.0536554  5.79387  13.0298 0.988345 -0.000717795 -0.000841187  -0.00155218     -0.1097   0.0148784 -0.00140171   0.222438 -0.0736657    -9.8062  7581
               138.9 -0.97784  -1.9696  66.4744 101.312 424.979 9.48953 -0.537606   0.38401   179.549    1.78079  0.0421491 -0.0536644  5.84522  13.0005 0.999821 -0.000721197 -0.000835161   -0.0015739     -0.10929    0.0147229 -0.000387921   0.222458 -0.0736646    -9.8062  7520
             138.998 -0.979987  -1.84566   66.2875 101.836 426.158 9.57898 -0.537889  0.384181   179.551    1.78079  0.0421583 -0.0536712   5.8625  12.9844 0.981133  -0.00073266 -0.000843173  -0.00156434    -0.108624     0.013092 -3.69334e-05   0.222466 -0.0735464    -9.8062  7566
               139.1 -1.11503 -1.74549  66.0453 102.532 427.708 9.69329 -0.540151  0.384713   179.545    1.78078  0.0421084 -0.0536058  5.86644  12.9846 0.933601 -0.000758204 -0.000836649  -0.00158444     -0.11018    0.0124986 -0.000523741   0.222586 -0.0735281    -9.8062  7662
             139.199 -1.18401  -1.8195  65.6991 103.168 429.113 9.78811 -0.534301  0.384735   179.558     1.7808  0.0422125 -0.0536693  5.92464  12.9011 0.868714  -0.00080184 -0.000822682  -0.00159439  -0.106633  0.0105356 0.00144827    0.22244 -0.0733456    -9.8062  7650
             139.298 -1.21804 -1.84249  65.3982   103.7 430.262 9.86172 -0.527684   0.38472   179.576   1.78084 0.0422793  -0.05374  6.00821  12.8072 0.860982 -0.000801377 -0.000885635   -0.0016198  -0.102224 0.00940591 0.00362574     0.2222 -0.0732076   -9.80621  7653
             139.399 -1.01466 -1.98244  64.9875 104.426 431.796 9.96181 -0.513645  0.387468   179.564    1.78073  0.0423521 -0.0538461  6.16253  12.7887 0.911103 -0.000756328 -0.000809924  -0.00163439  -0.103813 0.00469427 0.00711964   0.222629 -0.0729677    -9.8062  7644
             139.498 -0.897558  -1.96617   64.7153 104.987 432.946   10.04 -0.503978  0.387672   179.577    1.78078  0.0422986 -0.0538185  6.23864  12.7323 0.916583 -0.000777623 -0.000792001  -0.00166532  -0.101815 0.00342055 0.00965118   0.222582 -0.0728912    -9.8062  7687
             139.599 -0.638182  -1.84457    64.311 105.742 434.491 10.1494 -0.499391  0.389126   179.549   1.7807 0.042289 -0.05397  6.35475  12.7224 0.906948  -0.00075186 -0.000798795  -0.00166218    -0.105158 -0.000441839    0.0101971   0.223061 -0.0726776   -9.80619  7771
             139.699 -0.57771  -1.8264  63.9447 106.442 435.888 10.2431 -0.487734  0.389114   179.552     1.7808  0.0421755 -0.0539993  6.37219  12.6882 0.867905  -0.00071197 -0.000776794  -0.00167395   -0.104965 -0.00312152   0.0125476   0.223213 -0.0725412   -9.80619  7682
             139.798 -0.561473  -1.89876   63.7913 107.015 437.024 10.3185 -0.486886  0.388904   179.568    1.78082  0.0421784 -0.0540259  6.42804  12.6004 0.826463 -0.000759231 -0.000801315  -0.00175893   -0.102956 -0.00345633    0.012873   0.223044 -0.0724853    -9.8062  7631
               139.9 -0.544342  -2.10072    63.384 107.776 438.525 10.4211 -0.491556  0.389086   179.562     1.7808  0.0422074 -0.0540458  6.49573  12.5798 0.890896 -0.000726658  -0.00082041  -0.00168935   -0.103852 -0.00520913   0.0116465   0.223175 -0.0723281   -9.80619  7579
             139.998 -0.442725  -2.23076    63.185 108.362  439.67 10.5041 -0.490095  0.388904   179.558     1.7808  0.0421948 -0.0540871  6.53423  12.5761 0.937647 -0.000772406 -0.000773158  -0.00167929  -0.104576 -0.0077018  0.0117156   0.223353 -0.0721425   -9.80619  7631
             140.099 -0.450335  -2.19028   63.0173 109.158 441.192 10.6213 -0.49464 0.390754  179.524    1.78076  0.0420523 -0.0540997  6.63872   12.598 0.955868 -0.000723112 -0.000783148  -0.00169245    -0.10932 -0.00675276   0.0106116  0.223793 -0.072326  -9.80618  7655
             140.199 -0.449357  -2.17643   62.7973 109.879 442.573 10.7276 -0.497721  0.390568   179.529    1.78081  0.0420659 -0.0540613  6.65684  12.5752 0.959626 -0.000741016 -0.000770704  -0.00168436   -0.108567 -0.00790724   0.0099992   0.223757 -0.0721752   -9.80618  7716
             140.299 -0.402998   -2.1856    62.586 110.602 443.942  10.833 -0.501405  0.390735   179.531   1.78084 0.0420663  -0.05404   6.6843  12.5314 0.935288 -0.000771319 -0.000754043  -0.00169356   -0.108177 -0.00837135  0.00920691   0.223731 -0.0720941   -9.80618  7646
             140.401 -0.508138  -2.24481   62.3801 111.308 445.265 10.9346 -0.508424  0.390373   179.556    1.78085  0.0421435 -0.0540504    6.705  12.4457 0.924184 -0.000733036 -0.000728896  -0.00173572   -0.103191 -0.00675369  0.00766632   0.223097 -0.0720175    -9.8062  7676
               140.5 -0.652012  -2.22557   62.1731 112.029 446.611 11.0382 -0.513519  0.390215   179.569  1.78087 0.042114   -0.054   6.7441  12.3815 0.943526 -0.000746315 -0.000757785  -0.00179467   -0.100625 -0.00695662  0.00633928   0.222814 -0.0718673   -9.80621  7788
             140.602 -0.658566  -2.30496   61.8166 112.737 447.919 11.1414 -0.520454  0.390292   179.587    1.78086  0.0419987 -0.0539436  6.78661   12.297 0.949471 -0.000767338 -0.000764758  -0.00179351 -0.0968648 -0.0069923 0.00436906   0.222385 -0.0716773   -9.80622  7889
               140.7 -0.615936  -2.37515   61.4377 113.463 449.254 11.2468 -0.522573  0.389549   179.599    1.78075  0.0419633 -0.0538841  6.87598  12.2361 0.963239 -0.000788458  -0.00076102  -0.00178642  -0.094776 -0.0104401 0.00370125   0.222328 -0.0712242   -9.80622  8095
               140.8 -0.502234  -2.39058   61.0522 114.205 450.584 11.3538 -0.524053  0.389478   179.605    1.78067  0.0419374 -0.0539107  6.91952  12.2074 0.981383 -0.000825867 -0.000761537  -0.00178923 -0.0937449 -0.0122655 0.00324521  0.222313 -0.070984  -9.80622  7992
             140.901 -0.569241  -2.39948   60.7169 114.938  451.88 11.4639 -0.532648  0.390261   179.623    1.78062  0.0417595 -0.0539164  6.97689  12.1346 0.991105 -0.000839842 -0.000783076  -0.00183492 -0.0905916 -0.0116702 0.00052747   0.221905 -0.0708872   -9.80623  7793
             140.999 -0.627577  -2.38798   60.3811 115.702 453.204 11.5718 -0.532214  0.390327   179.618    1.78059  0.0417782 -0.0539013  7.0952 12.0905 1.00414 -0.000855108 -0.000766971  -0.00190267  -0.0914089  -0.0126894 0.000578458   0.222067 -0.0708185   -9.80623  7806
             141.101 -0.563211  -2.32007   59.8994 116.452 454.482 11.6774 -0.53087 0.389039  179.639    1.78059  0.0417244 -0.0539616  7.18443  11.9901 0.985633 -0.000881726 -0.000774335  -0.00192106 -0.0881519 -0.0140388  0.0013959   0.221742 -0.0704994   -9.80624  7916
             141.199 -0.488332  -2.21751   59.4939 117.239 455.796 11.7824 -0.527244  0.388727   179.626    1.78055  0.0417804 -0.0539527  7.29294  11.9171 0.960628 -0.000891681 -0.000784544  -0.00194099 -0.0895182 -0.0170043 0.00224455   0.222107 -0.0702458   -9.80623  8029
             141.302 -0.398393  -2.24681   59.0808 118.007 457.074 11.8861 -0.52948 0.389237   179.62    1.78034  0.0417696 -0.0540577  7.36326  11.8513 0.926801 -0.000935622 -0.000797077  -0.00192622 -0.0898802  -0.021487 0.00100934  0.222473 -0.069754  -9.80623  8013
             141.401 -0.261904  -2.37994   58.7757 118.799 458.353  11.987 -0.526365  0.389279   179.598     1.7803  0.0417667 -0.0541676  7.43049  11.8252 0.949337  -0.00094935 -0.000760858  -0.00193941 -0.0924297 -0.0244624 0.00127639   0.223014 -0.0695653   -9.80622  7898
             141.499 -0.296997   -2.4679   58.5485 119.627 459.656 12.0956 -0.53092  0.39108  179.563    1.78025  0.0416379 -0.0542321  7.53885  11.8139 0.991176 -0.000878961 -0.000697221  -0.00196083   -0.0968643   -0.0232285 -0.000379812   0.223559 -0.0699391    -9.8062  7788
               141.6 -0.12423 -2.45788  58.2251 120.445 460.949 12.2059 -0.527526  0.390604   179.558    1.78031  0.0416035 -0.0543203 7.58702 11.8127 1.03374 -0.000959632 -0.000652324    -0.001931  -0.0972894  -0.0268777 0.000260123  0.223876 -0.069549   -9.8062  7753
             141.702 -0.142966  -2.38099    58.018 121.247  462.21  12.319 -0.53308 0.391064   179.56    1.78035  0.0415779 -0.0543328 7.61669 11.7776 1.02462 -0.000979815 -0.000651288  -0.00196436  -0.0968625  -0.0286812 -0.00146725   0.223987 -0.0692746    -9.8062  7715
             141.799 -0.212867  -2.36107   57.7948 122.072 463.508 12.4279 -0.529085  0.390281   179.544     1.7805  0.0414799 -0.0542356  7.63352  11.7633 0.992324 -0.00103615 -0.00062374 -0.00197918   -0.0993107   -0.0335314 -0.000643697   0.224684 -0.0688591   -9.80618  7827
             141.903 -0.300965  -2.40238   57.5393 122.871 464.756  12.533 -0.53028 0.389772  179.544    1.78057   0.041408 -0.0541399  7.66159  11.7245 0.983659  -0.00109901 -0.000663349  -0.00199192  -0.0996213  -0.0363233 -0.00146166   0.224946 -0.0685345   -9.80618  7752
             142.001 -0.44702 -2.56461  57.2406 123.705 466.037 12.6399 -0.527753  0.389943   179.523    1.78053  0.0413783 -0.0541497 7.73599 11.7242 1.01067  -0.00110665 -0.000574942  -0.00196216    -0.104589   -0.0392759 -0.000812067   0.225878 -0.0685492   -9.80616  7703
             142.102 -0.548825  -2.62573   56.9962 124.523 467.285 12.7501 -0.527868  0.389461   179.523    1.78056  0.0413371 -0.0540636 7.82651 11.6925 1.06449  -0.00114709 -0.000563006  -0.00199144  -0.105072 -0.0415435 -0.0011637   0.226127 -0.0683017   -9.80616  7821
             142.201 -0.518991  -2.63266   56.6702 125.375  468.56 12.8635 -0.524808  0.390153   179.505    1.78046  0.0414724 -0.0540522 7.94897 11.6697 1.08652  -0.00110752 -0.000467175  -0.00198649  -0.108715 -0.0447029 0.00117249   0.226944 -0.0681593   -9.80614  7954
             142.301 -0.416351  -2.54496   56.3633 126.221 469.813 12.9775 -0.52338 0.390437  179.498    1.78044  0.0415064 -0.0540624 7.99448 11.6327 1.07149  -0.00114558 -0.000432867  -0.00200731  -0.109512 -0.0479226 0.00301196   0.227371 -0.0677674   -9.80613  8031
             142.402 -0.344763  -2.52854   56.0892 127.074 471.058 13.0889 -0.522446  0.391361   179.485    1.78042  0.0414819 -0.0540742 8.07076 11.5614 1.03272  -0.00115406 -0.000405123  -0.00203165  -0.111975 -0.0506613 0.00380271   0.228005 -0.0676096   -9.80612  7970
             142.501 -0.165173  -2.63812   55.7499 127.945 472.324 13.1986 -0.520482  0.392993   179.463    1.78029  0.0414097 -0.0543119   8.101 11.5872 1.02924  -0.00126075 -0.000335152  -0.00200299  -0.116344 -0.0557386 0.00493827    0.22916 -0.0673168   -9.80609  7855
             142.602 -0.248247  -2.76701   55.5343  128.81 473.553 13.3125 -0.521396  0.393504   179.457   1.78039 0.0414374 -0.054331 8.18618 11.5418 1.05935  -0.00129511 -0.000320872  -0.00204305  -0.117622 -0.0555664 0.00226486   0.229314 -0.0675236   -9.80609  7830
             142.702 -0.28608 -2.88321  55.2301 129.682 474.792  13.428 -0.520474  0.394438   179.442    1.78033  0.0414318 -0.0544111  8.2334 11.5407 1.09934   -0.0013374 -0.000237515  -0.00201185  -0.121025 -0.0586577 0.00248581   0.230137 -0.0674265   -9.80607  7913
             142.801 -0.381671  -2.98509   54.9394 130.566 476.045 13.5499 -0.520031  0.395001   179.431    1.78033  0.0414085 -0.0544161 8.27315 11.5401  1.1523    -0.001405 -0.000191229  -0.00200344  -0.123693 -0.0621742 0.00165818   0.230877 -0.0672321   -9.80605  7737
             142.902 -0.47316 -3.06746  54.6326 131.447 477.275 13.6734 -0.520553    0.3956   179.425    1.78025  0.0414536 -0.0543896 8.34284 11.5143 1.19259  -0.00143305 -0.000145229  -0.00198354  -0.124688 -0.0637644 0.00250866   0.231226 -0.0670779   -9.80604  7696
             143.001 -0.543731  -2.96318   54.3617 132.357 478.524 13.8016 -0.522149  0.398835    179.41    1.78025  0.0415894 -0.0542936 8.46208 11.5174 1.22825  -0.00141569 -3.33056e-05  -0.00197554   -0.12754  -0.064679 0.00507318     0.2319 -0.0671705   -9.80603  7761
             143.102 -0.529901  -2.77826   54.1536 133.259 479.749 13.9246 -0.525905  0.403231     179.4    1.78058  0.0416595 -0.0541719 8.54875  11.477 1.15774 -0.00137971 6.78703e-05 -0.00200758  -0.128158 -0.0658163 0.00933091  0.232363 -0.066964  -9.80602  7827
             143.202 -0.28721 -2.55941  53.8548 134.168 480.975 14.0395 -0.528065  0.406254   179.391    1.78094  0.0414419 -0.0540866 8.58213 11.4353   1.049 -0.00146099 8.08095e-05 -0.00198651   -0.12962 -0.0678746  0.0117983   0.232956 -0.0667754   -9.80601  7978
             143.301 -0.226922  -2.57754   53.5648 135.094 482.215  14.149 -0.525164  0.404652   179.377    1.78083   0.041489 -0.0540398  8.62373  11.3826 0.973585 -0.00146862 7.27444e-05 -0.00196359  -0.132993 -0.0712458  0.0106296   0.233739 -0.0666824   -9.80599  8132
             143.402 -0.123619  -2.80514   53.3747 136.007  483.42 14.2542 -0.523974  0.404022   179.378    1.78084  0.0415759 -0.0540618 8.66203 11.3496 1.01532 -0.00148608 4.42726e-05 -0.00202289  -0.132409 -0.0722211 0.00975452    0.23371 -0.0665174   -9.80599  8229
             143.501 -0.0797351   -3.01563    53.1415 136.954 484.654 14.3697 -0.52123 0.402771  179.364    1.78083  0.0415723 -0.0542681 8.73993 11.3678 1.10679 -0.00147652 0.000179418 -0.00205391  -0.137683 -0.0736389 0.00886136   0.234577 -0.0669138   -9.80597  8237
             143.602 -0.308913  -3.02598   52.8185 137.883 485.862 14.5025 -0.504977  0.393812   179.372    1.78132  0.0414933 -0.0542764 8.76059 11.3121 1.16624 -0.00158582 0.000158629 -0.00203528    -0.138745   -0.0751108 -0.000848994   0.234199 -0.0672108   -9.80597  8123
             143.701 -0.279878  -3.01215   52.4519 138.832 487.082 14.6253 -0.509572   0.39641   179.366    1.78118  0.0415277 -0.0542597 8.87673 11.2567 1.19062 -0.00150766  0.00013925 -0.00205117   -0.13982 -0.0765665 0.00207436   0.234737 -0.0670064   -9.80596  8050
             143.801 -0.360816  -3.12327   52.1053 139.775  488.27 14.7518 -0.507167  0.394122   179.375    1.78132  0.0414012 -0.0542336 8.99863  11.146 1.19943 -0.00144155 6.29024e-05 -0.00213677    -0.13717  -0.0758452 0.000339558   0.234107 -0.0668663   -9.80598  7975
             143.902 -0.255385  -3.27447   51.7505  140.74 489.452 14.8741 -0.511522   0.39864   179.367      1.781  0.0414045 -0.0542854 9.15478 11.0466 1.19808 -0.00137343 0.000136379 -0.00217466  -0.138147 -0.0754063 0.00412646    0.23449 -0.0669423   -9.80597  8067
             144.001 0.0307802   -3.3104   51.3026 141.718 490.648 15.0036 -0.512152  0.400986   179.357    1.78074  0.0412946 -0.0544738 9.23296 11.0053 1.20538 -0.00146627 0.000143493  -0.0021432  -0.138518 -0.0793372 0.00522941  0.235139 -0.066404  -9.80596  8315
             144.103 0.184667 -3.36385  50.9154 142.689 491.809 15.1339 -0.512673  0.400383   179.358     1.7807  0.0412974 -0.0545273 9.30228 10.9677 1.23531 -0.00146328   0.0001593 -0.00215831  -0.137667 -0.0806383 0.00482161   0.235151 -0.0661015   -9.80596  8208
             144.201 0.214057 -3.28233  50.5681 143.689  492.99 15.2682 -0.512296  0.400879   179.344    1.78065  0.0413216 -0.0545296 9.38098 10.9529 1.26623 -0.00146543 0.000234866 -0.00217842  -0.138948 -0.0828108 0.00451968   0.235647 -0.0659318   -9.80595  7980
             144.301 0.309028 -3.08732  50.1736 144.694 494.177 15.4068 -0.514695  0.396415   179.327    1.78034  0.0415089 -0.0544746 9.43803 10.8951 1.18204 -0.00158382  0.00026005 -0.00218187   -0.14073 -0.0856044 0.00128817   0.236159 -0.0656204   -9.80594  7825
             144.402 0.285528 -2.95918  49.8315 145.689 495.333 15.5313 -0.515078  0.395032   179.322    1.78024  0.0414935 -0.0544517 9.51295 10.8231 1.13883 -0.00159756 0.000233394 -0.00221267   -0.140392  -0.0881131 0.000619543   0.236399 -0.0651694   -9.80593  8049
             144.501  0.33218 -2.91206  49.3934 146.713 496.501 15.6538 -0.514949  0.393196   179.312    1.78012  0.0415052 -0.0543765  9.5753 10.7485 1.09634 -0.00161798 0.000246473 -0.00217521    -0.141507   -0.0902113 -0.000229045   0.236804 -0.0649564   -9.80593  8155
             144.602 0.403089 -2.91635  49.1266 147.719 497.635 15.7717 -0.516554  0.391477   179.316    1.78002  0.0415041 -0.0543941 9.60672 10.6448  1.0754 -0.00166178 0.000151316 -0.00224173   -0.140281  -0.0916308 -0.00159706   0.236751 -0.0645547   -9.80593  8156
             144.701 0.379399 -3.14455  48.7654 148.752  498.78 15.8909 -0.51821 0.389101  179.309   1.78004  0.041446 -0.054411 9.65861 10.5861 1.12463  -0.0016805 0.000106878  -0.0022224   -0.142186  -0.0927808 -0.00336842   0.237151 -0.0645803   -9.80592  8240
             144.801 0.374041 -3.40521  48.4067 149.795 499.924 16.0201  -0.5208 0.386889  179.294     1.7802  0.0413241 -0.0546232 9.75136 10.5843 1.24534 -0.00170111 0.000158385 -0.00220685   -0.146951  -0.0939989 -0.00591735   0.238041 -0.0649844    -9.8059  8201
             144.902 0.250645 -3.55622  48.1732 150.829 501.038 16.1561 -0.520114  0.387166   179.297    1.78014  0.0413997 -0.0545807 9.81531 10.5619 1.33678 -0.00168461 0.000229605 -0.00228423   -0.145818  -0.0933921 -0.00527645   0.237778 -0.0649242    -9.8059  8302
             145.001 0.103887 -3.44862  47.7912 151.883  502.18 16.3031 -0.521649  0.386161   179.293    1.78019  0.0412196 -0.0544855 9.88367 10.5212 1.34258 -0.00175867 0.000263827 -0.00225026   -0.147408  -0.0959032 -0.00664339   0.238377 -0.0647463   -9.80589  8310
             145.103 0.0273301  -3.32457   47.4312 152.928 503.298 16.4425 -0.521461  0.386774   179.285     1.7802  0.0413567 -0.0543282 9.97229 10.4529   1.304 -0.00175322 0.000286781  -0.0022358   -0.147721  -0.0989211 -0.00562299   0.238915 -0.0642987   -9.80588  8322
             145.202 0.0243754  -3.22475   47.1721 153.994 504.415 16.5765 -0.520352  0.389123   179.274    1.78034  0.0415616 -0.0542215  10.044 10.3826 1.24823 -0.00173152 0.000318773 -0.00228095   -0.148718   -0.100852 -0.00330995   0.239459 -0.0641408   -9.80587  8270
             145.301 0.151537 -3.19209  46.8995 155.081 505.537 16.7052 -0.51893 0.391023  179.263    1.78049  0.0415448 -0.0541643 10.1287 10.3077 1.19142 -0.00174961  0.00032351  -0.0023048   -0.151173    -0.10353 -0.00121918   0.240333 -0.0640865   -9.80585  8327
             145.403 0.245748 -3.30317  46.5748  156.14  506.62 16.8295 -0.518287  0.391183   179.268    1.78052  0.0415975 -0.0541932 10.1534 10.2325 1.19201 -0.00175343 0.000253575 -0.00230564   -0.148094   -0.104732 4.60796e-05   0.240022 -0.0634262   -9.80586  8619
             145.501 0.289568 -3.46979  46.2457 157.236 507.733 16.9615 -0.517121  0.391106   179.259    1.78049  0.0415479 -0.0543448 10.1989 10.2415 1.26015 -0.00179155 0.000316296 -0.00229592    -0.150652    -0.107883 -0.000228757   0.240911 -0.0633443   -9.80584  8589
             145.602  0.26542 -3.53783  45.9119 158.315 508.824 17.0974 -0.516551  0.391057   179.255   1.78044 0.0415384 -0.054402 10.2408 10.2153 1.30343 -0.00185786  0.00032089 -0.00229099   -0.151296   -0.110305 1.70064e-05   0.241395 -0.0630652   -9.80583  8555
             145.702 0.127261 -3.59733  45.6019 159.413 509.911 17.2383 -0.51635 0.391015  179.254    1.78047  0.0415185 -0.0544123 10.3113 10.1595 1.34406 -0.00181032 0.000344035 -0.00230586    -0.151846      -0.1102 -0.000480868   0.241451 -0.0631858   -9.80582  8551
             145.801 0.0795714  -3.56243   45.2902 160.524 511.009 17.3851 -0.515484  0.390751    179.25   1.78047 0.0414742 -0.054381 10.3858 10.1241 1.34267 -0.00185679 0.000367715 -0.00230314  -0.153771  -0.112492 -0.0016598   0.242086 -0.0631737   -9.80581  8644
             145.903 0.0201074  -3.50752   45.0728  161.61 512.077 17.5225 -0.519099  0.392199   179.244    1.78051  0.0416109 -0.0543246 10.4492 10.0767 1.33789 -0.00186017 0.000381325 -0.00235298  -0.151795  -0.114892 0.00193943   0.242368 -0.0623442   -9.80581  8753
             146.001 0.127765 -3.33709  44.7034 162.741  513.17 17.6647 -0.52072 0.394121  179.236    1.78061  0.0415864 -0.0542233 10.5347 10.0423 1.31892  -0.0018854 0.000460259 -0.00231789  -0.154015  -0.116915 0.00348036   0.243193 -0.0623623   -9.80579  8822
             146.102 0.194425 -3.13939  44.4128 163.859 514.233  17.798 -0.523463  0.396355   179.234   1.78089 0.0414858 -0.054206 10.5698 9.95206 1.24048 -0.00185597 0.000493563 -0.00232545 -0.153992 -0.117733 0.0060815   0.243506 -0.0621843   -9.80578  8957
             146.201 0.306165 -3.01746  44.1446 164.986 515.299 17.9282 -0.521365  0.395231   179.229    1.78081  0.0415239 -0.0541899 10.5394 9.80011 1.15929 -0.00187187 0.000438526 -0.00235118  -0.155174   -0.12044 0.00511551    0.24406 -0.0619814   -9.80577  8827
             146.301 0.472145 -3.23841  43.8503 166.122 516.353  18.054 -0.517672  0.395116   179.222    1.78074  0.0417578 -0.0542239 10.5358 9.69776 1.14847 -0.00187089 0.000375419  -0.0023606  -0.157639  -0.121983 0.00258853   0.244586 -0.0622655   -9.80575  8810
             146.402 0.502187  -3.5921  43.5658 167.238 517.376 18.1836 -0.51643 0.396528  179.222    1.78087  0.0418725 -0.0541568 10.5746 9.61782   1.294 -0.00183276 0.000358775 -0.00238169  -0.156308  -0.122254 0.00125221   0.244394 -0.0621026   -9.80576  8640
             146.501  0.64592 -3.75221  43.2502 168.387 518.419 18.3281 -0.516391  0.396327    179.22    1.78078  0.0418357 -0.0543957 10.6648 9.59477 1.37311 -0.00186444 0.000434906 -0.00238364  -0.159643  -0.123428 0.00172077   0.245136 -0.0624645   -9.80574  8646
             146.602 0.681576 -3.64815  42.9404 169.512 519.431 18.4744 -0.519952  0.390417   179.228    1.78064  0.0415744 -0.0543886 10.7248 9.53309 1.43796 -0.00183383 0.000514132 -0.00237373 -0.158388 -0.123259 0.0046463   0.244879 -0.0619713   -9.80575  8683
             146.701 0.856083 -3.30668  42.6906 170.655 520.455 18.6188 -0.523964  0.385232   179.236    1.78085  0.0412636 -0.0543869 10.7106 9.45203 1.27905 -0.00188056 0.000534023 -0.00238869 -0.160237  -0.12523 0.0075258   0.245503 -0.0617019   -9.80573  8686
             146.801 0.946065 -3.13501  42.4903 171.806 521.467 18.7532 -0.52057 0.390328  179.232    1.78061  0.0414735 -0.0542755 10.6742 9.34841 1.16258 -0.00186044 0.000485552 -0.00240614  -0.160837  -0.126432 0.00514786  0.245831 -0.061892  -9.80572  8609
             146.903 1.03758 -3.2877 42.2407 172.922  522.46 18.8737 -0.517657  0.390719   179.241    1.78062  0.0415468 -0.0543061 10.6669 9.29208 1.13776 -0.00186596 0.000450994 -0.00241297  -0.160546   -0.13079 0.00424691   0.246444 -0.0612956   -9.80571  8360
             147.003  1.17094 -3.44396  42.0019 174.048 523.445 19.0005 -0.51185 0.397107  179.242    1.78071  0.0417561 -0.0543613 10.6897 9.27793 1.20611 -0.00190517 0.000467785 -0.00241485  -0.161334  -0.133629 0.00174347  0.247051 -0.061405   -9.8057  8297
             147.103  1.18612 -3.57552  41.7593  175.18 524.425 19.1341 -0.506458  0.403457   179.243    1.78086  0.0418631 -0.0544232  10.732 9.25197 1.27605 -0.00187823 0.000519333 -0.00242201    -0.162106    -0.135334 -0.000422673   0.247475 -0.0616727   -9.80568  8284
             147.201  1.12994 -3.59428   41.525 176.343 525.431 19.2792 -0.496603  0.412904   179.258    1.78107  0.0418977 -0.0545263 10.8187 9.25629 1.32428 -0.00191622  0.00065768 -0.00242931   -0.166975   -0.139999 -0.00368668   0.248994 -0.0624848   -9.80564  8296
             147.301  1.10012 -3.48449  41.3329 177.511 526.427 19.4218 -0.49756   0.4125  179.265    1.78109  0.0419119 -0.0544869 10.8758 9.19338 1.30591 -0.00191341 0.000667764 -0.00245923   -0.169565   -0.140861 -0.00336238   0.249553 -0.0627841   -9.80562  8457
             147.402  1.08289 -3.55006  41.0867 178.648 527.399 19.5589 -0.496657  0.411326   179.263    1.78109  0.0419031 -0.0543992 10.8399 9.12784 1.25472 -0.00190169 0.000615957 -0.00245946  -0.167144  -0.142903 -0.0036735   0.249485 -0.0620307   -9.80563  8361
             147.501  1.04193 -3.73051  40.8592 179.821 528.388 19.6969 -0.492559  0.413943   179.274   1.78117  0.041877 -0.054441  10.848 9.10331 1.29245 -0.00196503 0.000615129 -0.00245186  -0.169833  -0.145814 -0.0047373   0.250355 -0.0623117   -9.80561  8321
             147.601 0.944774 -3.97988   40.651 180.986 529.359 19.8357 -0.496333  0.412894   179.273    1.78106  0.0419528 -0.0544715 10.9038 9.01765 1.37346 -0.00193779 0.000604581 -0.00246334   -0.170636   -0.144812 -0.00380154   0.250375 -0.0624529   -9.80561  8286
               147.7  1.02934 -4.13609  40.3293 182.165  530.33 19.9853 -0.502962  0.411292   179.272    1.78085  0.0420233 -0.0544676 10.9686 9.03114 1.42284 -0.00195938 0.000659301 -0.00240831   -0.171096   -0.143486 -0.00224544   0.250348 -0.0624716   -9.80561  8317
             147.801 0.984055   -3.972  40.1447 183.339 531.297 20.1412 -0.51122 0.409017  179.264    1.78076  0.0420833 -0.0544541 11.0395 9.02791 1.45942 -0.00194329 0.000714506 -0.00241982    -0.169161    -0.142456 -0.000516656   0.250044 -0.0619365   -9.80562  8379
             147.902 0.960708 -3.66181  39.9438 184.502 532.237 20.2899 -0.514454  0.407832   179.257    1.78076  0.0421104 -0.0547109 11.0188 8.94973 1.33259 -0.00194508 0.000653907 -0.00242264   -0.166345   -0.139205 0.000350674  0.249098 -0.061753  -9.80564  8561
             148.001 0.855708 -3.54854  39.7412 185.688 533.189 20.4308 -0.50297 0.405939  179.264    1.78052  0.0419764 -0.0547866 11.0025 8.86467  1.2326 -0.00187361 0.000558018 -0.00245272   -0.166936   -0.139527 -0.00196006   0.248876 -0.0620846   -9.80565  9293
             148.102 0.819079 -3.70745  39.5368 186.857  534.12 20.5619 -0.497425  0.404696   179.268    1.78049  0.0419185 -0.0548111 11.0659 8.79184 1.23342 -0.00190179 0.000534538 -0.00246811   -0.167448    -0.13915 -0.00314775   0.248692 -0.0623589   -9.80565  9430
             148.203 0.900255 -3.81999  39.3042 188.031  535.05 20.6948 -0.500511  0.405833   179.268    1.78048  0.0419258 -0.0548436 11.1639 8.71841 1.31158 -0.00184585 0.000563104 -0.00246165   -0.168206   -0.139953 -0.00236582   0.249068 -0.0623276   -9.80564  8368
             148.301  1.01217 -3.92999  39.1443 189.235 535.994  20.832 -0.514244  0.412902   179.273    1.78036  0.0417552 -0.0549927  11.216 8.69991 1.34482  -0.0017539 0.000640689 -0.00248992   -0.170108   -0.139586 0.000939299   0.249845 -0.0625824   -9.80562  8404
             148.403  1.18029 -3.99512  38.9814 190.411 536.919 20.9744 -0.508896  0.410477   179.267    1.78041   0.041832 -0.0551295 11.2088 8.75745 1.38722  -0.0019132 0.000616079 -0.00241954    -0.169837    -0.143174 -0.000139454   0.250266 -0.0620604   -9.80561  8298
             148.501 1.30517 -3.9868   38.91 191.625 537.867 21.1291 -0.495188  0.402913   179.276    1.78051  0.0420947 -0.0551849 11.2652 8.80227 1.41007 -0.00195308 0.000709406 -0.00242104   -0.175212   -0.147064 -0.00303969   0.251184 -0.0626151   -9.80558  8099
             148.602  1.19395 -3.81683  38.8442 192.814 538.807 21.2835 -0.484933   0.39558    179.27    1.78047   0.042225 -0.0551916 11.2147 8.85544 1.37225 -0.00194953  0.00067669 -0.00240626   -0.175891   -0.150816 -0.00518571   0.251514 -0.0622031   -9.80558  8036
             148.702  1.07392 -3.90328  38.7258 194.014 539.745 21.4261 -0.481616  0.393715   179.281    1.78046  0.0422431 -0.0552346 11.2483  8.7744 1.29298 -0.00183555 0.000606008 -0.00243056   -0.177768   -0.149671 -0.00582215   0.251416 -0.0627541   -9.80558  8040
             148.803   1.1051 -4.15278  38.6063 195.204  540.66 21.5626 -0.494224  0.402178   179.281    1.78028  0.0421629 -0.0552315 11.3421 8.70429 1.36714  -0.0018018 0.000577114 -0.00242203   -0.175812   -0.144087 -0.00370931  0.250675 -0.063168  -9.80559  7866
             148.903  1.29389 -4.34254  38.4738 196.409 541.573 21.7093 -0.500842  0.406582   179.289    1.78019  0.0420685 -0.0551257  11.414 8.71693 1.45161 -0.00172852 0.000668294 -0.00242589   -0.175342   -0.139682 -0.00258788   0.250082 -0.0637089    -9.8056  7610
             149.001   1.4959 -4.28328  38.3235 197.642 542.506 21.8625 -0.520983  0.423113   179.307    1.78001  0.0416121 -0.0551066 11.4865 8.62935  1.4444 -0.00169527 0.000733738 -0.00243112   -0.174712   -0.135492 0.000864888   0.250152 -0.0642833    -9.8056  7520
             149.102  1.61944 -4.32144  38.1968 198.854 543.422  22.012 -0.522441   0.42443   179.306    1.77999  0.0415764 -0.0551232 11.4759 8.70419 1.40727 -0.00165771 0.000709849 -0.00246272  -0.174593  -0.135739 0.00110538   0.250252 -0.0642345    -9.8056  7636
             149.201  1.69469 -4.18507  37.9948 200.093 544.355 22.1773 -0.487385  0.394208    179.32    1.78002  0.0423586 -0.0550624 11.5187  8.7702  1.5822 -0.00174337 0.000803278 -0.00249767   -0.182389   -0.140659 -0.00459671   0.250527 -0.0648117   -9.80559  7757
             149.301  1.20245 -3.79358  37.8034 201.328 545.291 22.3415 -0.465644  0.374939   179.333    1.77954  0.0420964 -0.0551885 11.4828 8.70375  1.3777 -0.00178505 0.000739581 -0.00253456  -0.186165  -0.143744 -0.0081614  0.250525 -0.064941  -9.80559  7824
             149.403 0.914037 -3.76017  37.4038  202.53 546.201 22.4842 -0.443996  0.357408   179.334    1.77911  0.0413291 -0.0553759  11.455 8.56676 1.28046 -0.00180173 0.000538521 -0.00256492  -0.187017  -0.147206 -0.0118807   0.250236 -0.0645265    -9.8056  7704
             149.502 0.629833 -4.12388  36.9122 203.735 547.102 22.6228 -0.429108  0.345118   179.337    1.77901  0.0407841 -0.0551379 11.5694 8.37791  1.3099 -0.00177614 0.000440761 -0.00254662  -0.188284  -0.151996 -0.0144962    0.25054 -0.0640343   -9.80559  7559
             149.603 0.602021 -4.53897  36.4985 204.949 547.977 22.7683 -0.430362   0.34649   179.334    1.77887  0.0408593 -0.0551072 11.7136 8.25994  1.4961 -0.00168337 0.000472541 -0.00258202  -0.187854  -0.152377 -0.0140687   0.250631 -0.0639084   -9.80559  7537
             149.703 0.692108 -4.67539  36.0494 206.204 548.865 22.9298 -0.435705  0.359127   179.318    1.77796  0.0415517 -0.0555135 11.8468 8.26969 1.61484 -0.00168717 0.000623142 -0.00257428  -0.189819  -0.155171 -0.0106328   0.251989 -0.0640849   -9.80555  7514
             149.802 0.741384  -4.5413  35.6217 207.471 549.748  23.101 -0.436738  0.367354   179.306    1.77772  0.0417904 -0.0556169 11.9561 8.23562 1.62505 -0.00173725 0.000757312 -0.00259407   -0.190709   -0.156673 -0.00855372   0.252701 -0.0642393   -9.80553  7473
             149.904 0.763843 -4.26724  35.1315 208.714 550.601  23.264 -0.437191  0.371035    179.31     1.7777  0.0416376 -0.0557207 12.0008 8.11842 1.50731 -0.00170473  0.00071193 -0.00261849   -0.187085   -0.156818 -0.00704898   0.252346 -0.0636703   -9.80555  7705
             150.002 0.753498 -4.10964  34.6776 209.987 551.466 23.4219 -0.438338  0.369523   179.291    1.77746  0.0416822 -0.0556987 12.0707  8.0343 1.43246 -0.00171635 0.000692069   -0.002625   -0.188462   -0.159728 -0.00788904   0.253105 -0.0634129   -9.80553  7696
             150.104 0.857871 -4.05831  34.2111 211.257  552.31 23.5708 -0.438669  0.368181   179.271    1.77732  0.0417687 -0.0556958  12.174 7.91451 1.39165 -0.00175001 0.000697165 -0.00260553   -0.190627   -0.162156 -0.00853872   0.253885 -0.0633875   -9.80551  7485
             150.203 1.04128 -4.0052 33.7824 212.549 553.152 23.7183 -0.43491 0.368487  179.249    1.77728  0.0417673 -0.0558229   12.26 7.85746 1.37905 -0.00176067 0.000707611 -0.00257872   -0.192082   -0.165956 -0.00832925   0.254798 -0.0631824   -9.80549  7472
             150.303  1.05244 -3.97183  33.5066 213.847 553.987 23.8657 -0.430289  0.367664    179.22    1.77737  0.0416872 -0.0558838 12.3644 7.80042 1.40792 -0.00174837 0.000776472 -0.00258619    -0.19473   -0.170432 -0.00817392   0.255985 -0.0630831   -9.80546  7696
             150.403  1.24478 -3.94714  33.1577 215.137 554.809 24.0149 -0.439611  0.364904   179.205    1.77732    0.04183 -0.0560179 12.3592 7.74107  1.3659  -0.0018807  0.00072874 -0.00253067   -0.19538   -0.17135 -0.0100899  0.256437 -0.062761  -9.80545  7831
             150.503  1.27699 -4.14309   32.966 216.442 555.627 24.1598 -0.443184  0.363476   179.193    1.77741  0.0417967 -0.0561022 12.4158 7.68329 1.39876 -0.00186628 0.000662416 -0.00257185   -0.19717  -0.172427 -0.0108752   0.256982 -0.0628138   -9.80543  7447
             150.603  1.28074 -4.41437  32.6882 217.762 556.436 24.3133 -0.447809  0.363529   179.181    1.77733  0.0416774 -0.0562629 12.5567 7.65407 1.52113   -0.001818 0.000757185 -0.00257805 -0.201462 -0.170392 -0.011251   0.257324 -0.0638141   -9.80542  7436
             150.703  1.29792 -4.43777  32.3292   219.1 557.258 24.4774 -0.440792   0.36597    179.16    1.77724  0.0414824 -0.0564443 12.6717 7.66912 1.60462 -0.00184863 0.000902871 -0.00251807  -0.206172  -0.175043 -0.0099063   0.258886 -0.0643222   -9.80537  7306
             150.803  1.38845 -4.29915  31.9862  220.43 558.067 24.6412 -0.430362  0.368356   179.154    1.77723  0.0413958 -0.0564422 12.7213 7.64867  1.5497 -0.00194279 0.000963984 -0.00249802   -0.206646   -0.179051 -0.00799578   0.259599 -0.0641764   -9.80535  7255
             150.904  1.25832 -4.12826  31.6864 221.761 558.864 24.8012 -0.43253  0.36775  179.153    1.77721  0.0413821 -0.0564265 12.7585 7.59349  1.4779 -0.00190798 0.000936684 -0.00254168   -0.206578   -0.178931 -0.00842469   0.259607 -0.0641084   -9.80535  7293
             151.002   1.1735 -4.04946  31.2686 223.114 559.668 24.9555 -0.430977  0.367535   179.146    1.77718  0.0414084 -0.0563105  12.837 7.49638 1.45299 -0.00195024 0.000914111 -0.00252519   -0.206643   -0.180954 -0.00819065   0.260015 -0.0638655   -9.80535  7306
             151.104   1.2166 -4.06955  30.8824 224.439  560.44 25.1022 -0.424351   0.36798   179.145    1.77719  0.0414408 -0.0563163 12.8802 7.37346  1.4124  -0.0019351 0.000843924 -0.00254423   -0.203612   -0.182896 -0.00713265   0.259848 -0.0631339   -9.80535  7301
             151.203  1.23609 -4.15395  30.4893 225.814 561.226 25.2546 -0.428026  0.367196   179.133     1.7771  0.0414811 -0.0563096 12.9884 7.31962 1.46193 -0.00191685 0.000874669 -0.00253849  -0.207786  -0.185009 -0.0078973   0.260982 -0.0635965   -9.80532  7318
             151.303  1.26886 -4.29428  30.1307 227.189 561.995 25.4071 -0.419806  0.369498   179.132    1.77699  0.0415864 -0.0563242 13.0854 7.26455 1.51135 -0.00188301 0.000977422 -0.00256674   -0.208058   -0.186784 -0.00568068   0.261255 -0.0636705   -9.80531  7284
             151.404  1.37405 -4.17888   29.757 228.557 562.753  25.564 -0.413369  0.371068   179.127   1.77695 0.0416126 -0.056354 13.1591 7.19142 1.50785 -0.00191146 0.000991496 -0.00257895  -0.207285  -0.189503 -0.0040368  0.261622 -0.063333  -9.80531  7254
             151.502  1.41287 -4.06666  29.3313 229.964 563.517 25.7231 -0.414668  0.371387   179.122    1.77694  0.0416433 -0.0563291 13.2443 7.11788 1.47955 -0.00188906 0.000986838   -0.002561   -0.209654   -0.190074 -0.00419816   0.262128 -0.0637416   -9.80529  7131
             151.603   1.4066 -4.03685  28.9853 231.343 564.259 25.8793 -0.419186  0.368807   179.119    1.77686  0.0415666 -0.0563608 13.2731 7.04257 1.45754 -0.00193762 0.000934798 -0.00257094 -0.207895 -0.190469 -0.006166   0.262035 -0.0631158    -9.8053  7070
             151.702  1.46696 -4.06704  28.6385 232.752     565 26.0321 -0.4174 0.36952 179.116    1.77686  0.0415825 -0.0563631  13.358 6.93628 1.45344 -0.00191719 0.000929882 -0.00256014   -0.208878   -0.191643 -0.00548827   0.262409 -0.0632346   -9.80529  7061
             151.803  1.56665 -4.15063   28.367 234.155 565.727 26.1862 -0.420027  0.368499   179.112     1.7769  0.0415751 -0.0563905 13.4159 6.87532 1.46169 -0.00188832 0.000913123 -0.00255936   -0.209476    -0.19195 -0.00667431   0.262609 -0.0632317   -9.80528  6984
             151.903 1.68465 -4.2597 28.1081 235.566 566.443 26.3412 -0.420485  0.368886   179.113    1.77688  0.0415586 -0.0563859 13.4869 6.82934 1.49684 -0.00188347 0.000944583  -0.0025275   -0.210557     -0.1912 -0.00657489   0.262604 -0.0635721   -9.80528  6976
             152.003  1.74485 -4.23677   27.971 236.989 567.168 26.5052 -0.424237  0.366598   179.105    1.77707  0.0415564 -0.0564611  13.549 6.82007 1.55497 -0.00188934 0.000947337 -0.00253266   -0.211781   -0.192995 -0.00929186   0.263225 -0.0634528   -9.80526  6903
             152.104  1.78721 -4.20894  27.7601 238.404 567.882 26.6669 -0.424843  0.366441   179.104    1.77709  0.0415315 -0.0564674 13.5865 6.80691 1.53925 -0.00187664 0.000977354 -0.00248911   -0.212694   -0.193383 -0.00968772   0.263445 -0.0635902   -9.80526  6818
             152.203   1.8437 -4.13391  27.6404 239.825 568.595 26.8289 -0.423983  0.365077     179.1     1.7771  0.0416071 -0.0564851 13.5945 6.77911 1.52395 -0.00190314 0.000913302 -0.00247684  -0.210971  -0.193787 -0.0104981   0.263256 -0.0631135   -9.80526  6767
             152.303  1.89098 -4.15534  27.5695 241.259 569.317 26.9879 -0.424876  0.365705   179.095    1.77723  0.0415639 -0.0564742 13.6212 6.77795 1.52355 -0.00191615 0.000915158 -0.00245299   -0.210624   -0.196077 -0.00945207   0.263805 -0.0627515   -9.80525  6754
             152.404  1.90595 -4.18874  27.5373 242.669 570.015 27.1449 -0.425413  0.366253   179.089    1.77717  0.0416701 -0.0564762 13.6137  6.7616 1.50684 -0.00191038 0.000878691 -0.00241557   -0.208073   -0.194835 -0.00851752   0.263256 -0.0623273   -9.80527  6720
             152.502  1.95385 -4.23409  27.5242 244.113 570.736 27.3056 -0.425287  0.366097   179.094    1.77722  0.0416025 -0.0564803 13.6383 6.79084   1.532 -0.00188731 0.000873473 -0.00240877   -0.209579   -0.195794 -0.00882904   0.263638 -0.0625559   -9.80526  6721
             152.604  2.00633 -4.28184  27.5426 245.526 571.436 27.4658 -0.424054    0.3659   179.079    1.77711  0.0417651 -0.0564582 13.6356 6.80598 1.56028 -0.00189381 0.000837615 -0.00241398   -0.206157   -0.193561 -0.00861007   0.262708 -0.0620441   -9.80529  6717
             152.702  1.96704 -4.24929  27.4742 246.969 572.155 27.6315 -0.426854  0.366693   179.078    1.77709  0.0417705 -0.0564622 13.6584 6.82103 1.57705 -0.00186959 0.000867818 -0.00238404   -0.205822   -0.192603 -0.00800544    0.26257 -0.0620586   -9.80529  6665
             152.802  1.87737 -4.16867  27.4792 248.417 572.876  27.797 -0.428183  0.367077   179.072    1.77707  0.0417954 -0.0564851 13.6725 6.81483 1.55865  -0.0018359 0.000848567 -0.00239615  -0.204862  -0.191693 -0.0076901    0.26232 -0.0619328    -9.8053  6586
             152.903  1.88411 -4.11192  27.4405 249.846 573.582 27.9541 -0.448993  0.371964    179.07    1.77708  0.0418297 -0.0565195  13.696   6.792 1.52202 -0.00187589 0.000829701  -0.0023821   -0.203918   -0.185978 -0.00449627   0.261753 -0.0621967   -9.80531  6642
             153.002  1.88588 -4.08805  27.3931 251.303 574.297  28.115 -0.45048  0.37279  179.072     1.7771  0.0418213 -0.0565485 13.7167  6.7671 1.50246 -0.00182486 0.000793915 -0.00237817    -0.20397   -0.183682 -0.00420126   0.261322 -0.0624857   -9.80532  6557
             153.104  1.82348 -4.15212  27.3676 252.732 574.996 28.2702 -0.460223  0.374938   179.062    1.77708  0.0418208 -0.0565731 13.7388 6.75268 1.50715 -0.00176426 0.000762491 -0.00237992   -0.202378   -0.179955 -0.00288595   0.260713 -0.0624608   -9.80534  6317
             153.202  1.93421 -4.25435  27.3061 254.178 575.709 28.4291 -0.468772  0.376197    179.05    1.77699  0.0417865 -0.0565725 13.7571 6.75112 1.52508 -0.00183979 0.000791034 -0.00235765   -0.200796    -0.17875 -0.00186182   0.260589 -0.0621319   -9.80534  6261
             153.302  1.86899 -4.21213  27.2514 255.626 576.414 28.5897 -0.480071  0.378321   179.038    1.77697  0.0417344 -0.0565664 13.7761 6.74223 1.55104 -0.00177459  0.00077388 -0.00234292    -0.198915    -0.174526 -0.000478713   0.259901 -0.0620729   -9.80536  6241
             153.404 1.83907 -4.1919 27.2078 257.057 577.112  28.749 -0.484811  0.379121   179.029    1.77695  0.0417001 -0.0565652 13.7778 6.72257 1.53231 -0.00178847 0.000757021 -0.00232495   -0.197508   -0.172807 7.01109e-05   0.259561 -0.0619011   -9.80537  6252
             153.502  1.87448 -4.15248  27.2219 258.504 577.813 28.9127 -0.469189   0.37692   179.015    1.77696  0.0417298 -0.0565681 13.7773 6.68999 1.51882 -0.00171525 0.000667712 -0.00234472   -0.195668   -0.174134 -0.00179007  0.259137 -0.061532  -9.80538  6276
             153.604   1.8822 -4.28663  27.1955 259.932 578.501 29.0673 -0.491296  0.380116       179    1.77683  0.0415895 -0.0565248 13.7826 6.66904 1.53943  -0.0017216 0.000669214 -0.00231782   -0.193429   -0.167971 0.000792005   0.258376 -0.0614721    -9.8054  6145
             153.703  1.97726 -4.36766  27.1754 261.379 579.204 29.2288 -0.494936  0.380453   178.994    1.77678  0.0415506 -0.0565323 13.7966 6.68403 1.56017 -0.00175121 0.000663812 -0.00228754  -0.192591  -0.167753 0.00118743    0.25836 -0.0612651   -9.80541  6123
             153.803  1.94907 -4.39156  27.2101 262.832 579.909 29.3957 -0.487367  0.379777   179.011   1.77686 0.0416371 -0.056567  13.818 6.72449 1.58331 -0.00170538 0.000698011 -0.00231051   -0.194994   -0.170114 0.000350331   0.258837 -0.0616216   -9.80539  6092
             153.903  1.94718 -4.38155  27.2145 264.287 580.616 29.5632 -0.479061  0.379127   179.029    1.77694  0.0417342 -0.0565858 13.8552  6.7371 1.59888 -0.00169942 0.000719106 -0.00231918    -0.197409    -0.172256 -0.000581904   0.259247 -0.0620125   -9.80538  6050
             154.002  1.95961 -4.35618  27.1911 265.767 581.338 29.7328 -0.478308  0.379275   179.044   1.77697 0.0417854 -0.056586 13.8849 6.76319 1.58351 -0.00169208 0.000743156 -0.00231353    -0.199543    -0.173628 -0.000590899   0.259704 -0.0623274   -9.80536  6053
             154.103  1.91406 -4.34909  27.1796 267.231 582.049 29.8999 -0.474555  0.379361   179.064    1.77704  0.0418685 -0.0565912 13.9112 6.76715 1.56846  -0.0016657  0.00075941 -0.00231471    -0.202184    -0.174423 -0.000937052   0.260011 -0.0628524   -9.80535  6088
             154.202  1.96193 -4.40892  27.1438 268.707 582.765 30.0644 -0.482159  0.380467   179.072   1.77703 0.0418247 -0.056589 13.9452 6.76219 1.58517 -0.00169331 0.000772805 -0.00230569   -0.203176   -0.172523 0.000191624    0.25998 -0.0631777   -9.80535  6069
             154.303  1.90181 -4.41859  27.1183 270.166 583.476 30.2324 -0.475026  0.379367   179.066    1.77703  0.0418561 -0.0565788 13.9652 6.77447 1.59148 -0.00166505 0.000770914 -0.00228086     -0.20248    -0.174679 -0.000911864   0.260098 -0.0628799   -9.80535  6085
             154.404  1.91759 -4.40764  27.1482  271.62 584.183 30.3977 -0.479635    0.3797   179.061      1.777  0.0418051 -0.0565747 13.9656 6.77104  1.5986 -0.00167386 0.000763978 -0.00229006    -0.201726    -0.174132 -0.000239995   0.260056 -0.0627272   -9.80535  6119
             154.502  1.91671 -4.40824  27.1236 273.103 584.907 30.5681 -0.472276  0.378884   179.069    1.77702  0.0419086 -0.0565718 13.9724 6.79893  1.6018  -0.0016672 0.000759073 -0.00228001  -0.203141  -0.177036 -0.0013907   0.260506 -0.0627837   -9.80534  6091
             154.604  1.90957 -4.46815  27.1222  274.56 585.616 30.7359 -0.470144  0.378532   179.065    1.77701  0.0419154 -0.0565713  13.985 6.80409 1.60769 -0.00165459 0.000759115 -0.00227552   -0.202588   -0.177695 -0.00181599   0.260506 -0.0626274   -9.80534  6087
             154.702  1.93396 -4.51517  27.0631 276.032 586.334 30.9058 -0.471579  0.378486   179.059    1.77698  0.0418834 -0.0565701 13.9845 6.81699 1.61918   -0.001655 0.000758006 -0.00223373   -0.201809   -0.177874 -0.00159749   0.260501 -0.0624358   -9.80534  6021
             154.802  1.90675 -4.52968  27.1309  277.52 587.053 31.0815 -0.459416  0.377752    179.07    1.77705  0.0420233 -0.0565826 14.0145 6.80334 1.64204 -0.00158977 0.000743894 -0.00227664  -0.203325  -0.179281 -0.0040452   0.260547 -0.0627332   -9.80534  6031
             154.905  1.95881 -4.57301  27.1046 278.952  587.75 31.2512 -0.456655   0.37717   179.057    1.77704  0.0420166 -0.0565762 14.0081  6.8111 1.65477 -0.00160598 0.000724444  -0.0022368    -0.20144   -0.179459 -0.00477721   0.260314 -0.0623823   -9.80535  6005
             155.002  1.87895 -4.60723  27.1197 280.444 588.472 31.4295 -0.451992  0.377175   179.066    1.77709  0.0420783 -0.0565954 14.0293 6.80743 1.67003 -0.00156533 0.000725637 -0.00223865   -0.202745   -0.179585 -0.00581195   0.260329 -0.0626784   -9.80534  6021
             155.103  1.90746 -4.65576  27.1633 281.907 589.186 31.6037 -0.454689  0.377287   179.064    1.77707  0.0420475 -0.0565941  14.044 6.83348 1.70436 -0.00157894 0.000746608 -0.00226135   -0.202467   -0.179796 -0.00515673   0.260415 -0.0625722   -9.80534  5995
             155.202  1.88307 -4.61317  27.0915 283.405 589.915 31.7838 -0.454941  0.377987   179.083    1.77711  0.0421272 -0.0565873 14.0732 6.86464  1.6958 -0.00157081 0.000785715 -0.00223109   -0.205322   -0.180683 -0.00500738   0.260843 -0.0630182   -9.80533  5975
             155.302  1.83686 -4.55734  27.0853 284.902 590.643 31.9637 -0.453489  0.378126    179.09    1.77713  0.0421595 -0.0565903 14.0862 6.86881 1.67366 -0.00156894 0.000778229  -0.0022288   -0.206292   -0.180481 -0.00537867    0.26086 -0.0632356   -9.80533  5938
             155.403  1.81615 -4.56713  27.0827  286.37 591.353 32.1368 -0.45404 0.378241  179.086    1.77714  0.0421282 -0.0566092 14.1062 6.85141 1.66558 -0.00151763 0.000767599 -0.00222705   -0.205543   -0.179016 -0.00510741   0.260576 -0.0632454   -9.80533  5918
             155.502  1.8301 -4.5252 27.0524 287.857 592.073 32.3148 -0.451134  0.377772    179.08     1.7771  0.0421273 -0.0566184 14.1173 6.84236 1.67487 -0.00149387 0.000752222 -0.00219954   -0.204609    -0.17899 -0.00625986   0.260391 -0.0631078   -9.80534  5901
             155.604  1.85116 -4.50892  27.0946 289.313 592.781  32.486 -0.452944  0.377813    179.07     1.7771  0.0420691 -0.0566344 14.1098  6.8532 1.65173 -0.0014797 0.00073727 -0.0022148   -0.202958   -0.178678 -0.00548027   0.260253 -0.0628348   -9.80535  5912
             155.702  1.88612 -4.52887  27.0764 290.811 593.507 32.6579 -0.456801  0.378454   179.078    1.77716  0.0420179 -0.0566235 14.1211 6.87609 1.65677 -0.00151127 0.000740725 -0.00220822   -0.204023   -0.177706 -0.00353223   0.260332 -0.0630835   -9.80534  5858
             155.803  1.86748 -4.55307  27.0666 292.304  594.23 32.8325 -0.456453  0.378589   179.087   1.77719 0.0420507 -0.056617 14.1475 6.86367 1.66533 -0.00150148 0.000727803 -0.00221186    -0.20539   -0.177111 -0.00372985   0.260352 -0.0633762   -9.80534  5879
             155.904  1.84501 -4.58146  27.0715 293.771  594.94 33.0074 -0.454775  0.378358    179.08    1.77717  0.0420502 -0.0566163 14.1608 6.84518 1.66977 -0.00145794 0.000695057 -0.00220861    -0.20435    -0.17713 -0.00477058   0.260201 -0.0632148   -9.80534  5893
             156.002  1.86542 -4.64134  27.0221 295.283 595.671 33.1876 -0.454117  0.378399   179.094    1.77719  0.0421258 -0.0566326 14.1921 6.86056 1.69898 -0.00142599 0.000729175 -0.00218838   -0.206718   -0.177984 -0.00544471   0.260504 -0.0635251   -9.80533  5924
             156.103 1.89455 -4.6559 27.0112 296.766 596.389 33.3659 -0.45452 0.378384  179.089    1.77718  0.0420927 -0.0566274 14.2042 6.87464 1.72503 -0.00143518 0.000731097 -0.00217496   -0.205845   -0.177724 -0.00499529   0.260409 -0.0634061   -9.80534  5933
             156.202 1.94433 -4.6313 27.0095 298.263 597.114 33.5448 -0.456377  0.378685   179.088    1.77717  0.0420132 -0.0566279 14.2089 6.87268 1.70996 -0.00146066 0.000730649 -0.00216745   -0.205335   -0.177452 -0.00305774   0.260413 -0.0633445   -9.80534  5932
             156.302   1.9351 -4.59698  26.9797 299.772 597.847 33.7266 -0.456185  0.378688   179.095    1.77717  0.0420752 -0.0566259 14.2209  6.8874 1.70441 -0.00144114 0.000705527 -0.00215041   -0.206954   -0.178509 -0.00388573   0.260677 -0.0634982   -9.80533  5861
             156.403  1.91893 -4.64613  26.9981 301.264 598.566 33.9057 -0.455893  0.378824   179.103    1.77719   0.042112 -0.0566306 14.2418 6.88505 1.71001 -0.00141303 0.000712126 -0.00214636   -0.208299   -0.178272 -0.00445418   0.260739 -0.0637316   -9.80533  5882
             156.503  1.94748 -4.70095   27.035 302.746 599.285 34.0852 -0.455437  0.378684   179.099    1.77719  0.0421214 -0.0566292  14.234 6.89328 1.72407 -0.00139165 0.000673487 -0.00214924    -0.20781   -0.178504 -0.00525209   0.260701 -0.0636357   -9.80533  5952
             156.603  1.93631 -4.79424  27.0376 304.249 600.011 34.2686 -0.455201  0.378904   179.106    1.77722  0.0421458 -0.0566425 14.2485  6.9218 1.75692 -0.00138879 0.000683963  -0.0021312   -0.208928   -0.177968 -0.00573211   0.260707 -0.0638585   -9.80533  5839
             156.702  1.93057 -4.83363  27.0002 305.766  600.75 34.4577 -0.455804  0.379335   179.118    1.77724  0.0421946 -0.0566625  14.278 6.94624 1.78917 -0.00139541 0.000723989 -0.00210224   -0.211152    -0.17861 -0.00596369   0.260986 -0.0641358   -9.80532  5869
             156.802  1.87762 -4.81098  27.0023 307.282 601.484 34.6486 -0.455397  0.379643   179.124    1.77726  0.0422124 -0.0566863 14.2965 6.94844  1.8117 -0.00136422 0.000729687 -0.00208991   -0.212138   -0.177699 -0.00613299   0.260937 -0.0643727   -9.80532  5821
             156.905  1.88981 -4.79374  27.0525 308.762 602.203  34.834 -0.456156  0.380129   179.134    1.77728  0.0422405 -0.0566832 14.3163 6.96978 1.79821 -0.00135224 0.000729616 -0.00210472   -0.213881   -0.178025 -0.00580431   0.261146 -0.0646018   -9.80531  5833
             157.004  1.87843 -4.80354  27.0835 310.255 602.931 35.0212 -0.456514   0.38019   179.134    1.77728  0.0422421 -0.0566809 14.3107  6.9959 1.79551 -0.00134074 0.000725392 -0.00210641   -0.213989   -0.178336 -0.00550025   0.261209 -0.0645886   -9.80531  5849
             157.104  1.86933 -4.83848  27.0971 311.749 603.662 35.2069 -0.457416  0.380545   179.141    1.77729  0.0422601 -0.0566793 14.3444 6.99509 1.81199 -0.00134664 0.000726194 -0.00210964   -0.215115   -0.178902 -0.00487937   0.261404 -0.0646993    -9.8053  5822
             157.204   1.8463 -4.85126  27.0741 313.244 604.391 35.3938 -0.457983  0.380945   179.145     1.7773  0.0422776 -0.0566821 14.3616 7.01001 1.81362 -0.00131589 0.000750642 -0.00209558   -0.215707    -0.17837 -0.00385075   0.261424 -0.0648314    -9.8053  5879
             157.304    1.827 -4.82769  27.0567 314.753 605.126 35.5823 -0.459104  0.381751   179.158    1.77733  0.0423307 -0.0566762 14.3817 7.02863 1.81764  -0.0013267  0.00078839 -0.00208623   -0.217864   -0.178263 -0.00278081   0.261631 -0.0651458   -9.80529  5870
             157.405  1.83912 -4.81171  26.9848 316.241 605.851 35.7672 -0.459714   0.38215   179.164   1.77736 0.0423617 -0.056671 14.3894  7.0308 1.79459 -0.00131993 0.000767796 -0.00207268   -0.218973   -0.178165 -0.00208918  0.261736 -0.065308  -9.80529  5890
             157.505      1.8 -4.84919  26.9212 317.729 606.576 35.9519 -0.460301  0.382549   179.176    1.77738  0.0424245 -0.0566689 14.4276 7.02649 1.81075  -0.0013061 0.000773827 -0.00208615    -0.22113   -0.178324 -0.00190356   0.261938 -0.0655861   -9.80528  5954
             157.606 1.77787 -4.8714 26.8439 319.216 607.296 36.1384 -0.460814  0.383027   179.196    1.77743  0.0425334 -0.0566729 14.4847 7.01369 1.81992 -0.00128772 0.000790667  -0.0020955   -0.225092   -0.178343 -0.00254433   0.262237 -0.0661104   -9.80527  5918
             157.705  1.77092 -4.91728  26.7666 320.714 608.021  36.327 -0.461341  0.383428   179.209    1.77746  0.0426233 -0.0566839 14.5246 7.01558  1.8367 -0.00125594 0.000816078 -0.00207843   -0.228097   -0.178811 -0.00282267   0.262525 -0.0664646   -9.80526  5941
             157.805  1.80569 -4.97692  26.7046 322.223 608.748 36.5162 -0.46201 0.384097  179.225    1.77747  0.0427246 -0.0567137 14.5621 7.00877  1.8403 -0.00124515 0.000813726 -0.00204263  -0.231589  -0.179481 -0.0023096   0.262897 -0.0668646   -9.80525  5928
             157.906  1.90287 -5.07109   26.719 323.721 609.467  36.706 -0.462508  0.384791    179.24    1.77749  0.0427862 -0.0567493 14.6245 7.07959 1.88507 -0.00120888 0.000859041 -0.00203996   -0.235066   -0.179588 -0.00223468   0.263187 -0.0673041   -9.80524  5793
             158.005  1.92669 -4.95312  26.7443 325.233   610.2 36.9012 -0.462767  0.385808   179.247    1.77753  0.0427649 -0.0567547 14.6671 7.10415 1.92186 -0.00122396  0.00094476  -0.0020138    -0.236554    -0.180232 -0.000491851   0.263432 -0.0674631   -9.80523  5820
             158.106  1.96575 -4.79074  26.8032 326.739 610.927 37.0915 -0.46313 0.385665  179.261    1.77749   0.042825 -0.0566883 14.6394 7.13079 1.78606 -0.00126707  0.00086141 -0.00202245   -0.239748   -0.179358 -0.00172252   0.263538 -0.0679154   -9.80522  5810
             158.205  1.93754 -4.86327  26.8491 328.265 611.667 37.2809 -0.46393 0.385147   179.28    1.77746  0.0428812 -0.0566568  14.673 7.14774 1.80798 -0.00123726 0.000817144 -0.00203905   -0.244146   -0.178877 -0.00403451   0.263748 -0.0684668   -9.80521  5793
             158.305  1.89398 -5.03495  26.8427 329.788 612.408 37.4707 -0.464579  0.384893   179.296    1.77751  0.0429085 -0.0566801 14.7132 7.17212 1.85681 -0.00121488 0.000812743 -0.00201178   -0.247732   -0.179082 -0.00531713      0.264 -0.0688743    -9.8052  5810
             158.406  1.92765 -5.12307  26.8784 331.295 613.143 37.6647 -0.464829  0.384747   179.305    1.77754  0.0429258 -0.0567011 14.7527 7.21014 1.93557 -0.00121323 0.000830058 -0.00201457    -0.24978   -0.179075 -0.00614639   0.264124 -0.0691162    -9.8052  5776
             158.505  1.88957 -5.13935   26.893 332.838 613.894 37.8662 -0.465948  0.385506    179.33    1.77757  0.0429607 -0.0567483 14.8016 7.25995 1.96181 -0.00121995 0.000871066 -0.00201136   -0.254559   -0.178644 -0.00607501   0.264436 -0.0697269   -9.80519  5794
             158.606  1.84651 -5.06241  26.9179  334.32 614.618 38.0609 -0.465447  0.386189   179.313    1.77753  0.0429468 -0.0567767 14.7814 7.24895 1.94864 -0.00122329  0.00087495 -0.00198509   -0.250672   -0.177005 -0.00418236   0.264041 -0.0694076    -9.8052  5825
             158.706  1.78523 -5.01127   26.954 335.849 615.364 38.2595 -0.465803  0.386659   179.329    1.77757  0.0429735 -0.0567918 14.7965 7.25622 1.90792 -0.00119103 0.000840477 -0.00200408   -0.253433   -0.176145 -0.00421831   0.264146 -0.0698034   -9.80519  5848
             158.805  1.75847 -5.03138  26.9582 337.376  616.11 38.4576 -0.465157  0.386199    179.34    1.77759  0.0429731 -0.0568029 14.8216 7.27861 1.91312 -0.00119775 0.000805841 -0.00200168   -0.255318   -0.175499 -0.00522185   0.264166 -0.0700661   -9.80519  5890
             158.906 1.72827 -5.0854 26.9472 338.895 616.853 38.6536 -0.465841   0.38649   179.354    1.77761  0.0430084 -0.0568054 14.8541 7.28492 1.92381 -0.00116738 0.000815674 -0.00199214   -0.258001   -0.175589 -0.00526473  0.264365 -0.070368  -9.80518  5891
             159.005  1.75761 -5.12082  26.9564 340.423 617.602 38.8517 -0.466199  0.386767   179.355    1.77761   0.043012 -0.0568066 14.8744 7.30537  1.9463 -0.00114943 0.000836356 -0.00199502  -0.258072   -0.17564 -0.0049417   0.264391 -0.0703748   -9.80518  5922
             159.106  1.72333 -5.07834  26.9883 341.928  618.34 39.0494 -0.46612 0.386882   179.35     1.7776  0.0430035 -0.0568089  14.856 7.29802 1.94363 -0.00113647 0.000828064 -0.00200223   -0.257038   -0.175137 -0.00470327   0.264279 -0.0702979   -9.80519  5964
             159.205  1.73794 -5.09027  26.9494 343.456 619.087 39.2491 -0.465823  0.386614    179.36    1.77764  0.0430286 -0.0567962 14.8317 7.25896 1.95972 -0.00116369 0.000808483 -0.00198429   -0.258975   -0.174288 -0.00524445   0.264303 -0.0705675   -9.80518  5955
             159.306  1.72192 -5.01358  26.9457 344.959 619.823 39.4496  -0.4669 0.387119  179.361    1.77767  0.0430331 -0.0567965 14.7905 7.24365 2.00817 -0.00113546 0.000859787 -0.00198106   -0.259021   -0.174187 -0.00395885   0.264345 -0.0705813   -9.80518  5981
             159.407 1.72693 -4.8949 26.8863 346.464 620.565 39.6497 -0.467761  0.386857   179.375    1.77768  0.0430865 -0.0567646 14.7178 7.25068  1.9531 -0.00116584 0.000821305 -0.00194294   -0.261728   -0.175716 -0.00378634   0.264671 -0.0707577   -9.80517  6003
             159.505  1.65224 -4.83751  26.9216 347.976 621.308 39.8494 -0.467655  0.386977   179.379    1.77768  0.0431007 -0.0567499  14.661 7.21444 1.92979   -0.001127 0.000771189 -0.00196798   -0.262813   -0.175739 -0.00415663   0.264734 -0.0708727   -9.80517  5814
             159.606  1.64277 -4.92021  26.8605 349.478 622.042 40.0451 -0.467508  0.387148    179.39    1.77771  0.0431523 -0.0567384 14.6291 7.17352  1.9069 -0.00113946 0.000727096 -0.00193403    -0.26603   -0.175269 -0.00466757  0.264888 -0.071236  -9.80516  5910
             159.706  1.64102 -5.01553  26.8691 351.002 622.786 40.2465 -0.467552  0.387944    179.41    1.77773  0.0432314 -0.0567551 14.6337 7.15612 1.94769 -0.00110526 0.000746925 -0.00195081   -0.270893   -0.175596 -0.00560203   0.265211 -0.0717236   -9.80515  5900
             159.805  1.68334 -5.01347  26.8324 352.517 623.527 40.4483 -0.467617  0.386494   179.422    1.77774  0.0432778 -0.0567706 14.6143 7.16924 1.96082 -0.00109811 0.000766286 -0.00192289   -0.274035   -0.176172 -0.00532001   0.265449 -0.0719731   -9.80514  5808
             159.906  1.64812 -4.94027  26.8823 354.007 624.258 40.6485 -0.467695  0.389402   179.426   1.77773 0.0433021 -0.056761 14.5299 7.17657 1.92125 -0.00113845 0.000705434  -0.0019311   -0.275659   -0.175535 -0.00633365   0.265508 -0.0722229   -9.80514  5788
             160.005  1.52492 -5.07941  26.8922 355.512 624.995 40.8489 -0.46853 0.397959  179.432    1.77777   0.043288 -0.0567965 14.5177 7.13487 1.91105 -0.00109959  0.00061901 -0.00191796   -0.276912   -0.174759 -0.00866964   0.265566 -0.0725465   -9.80514  5832
             160.106   1.5227 -5.33181  26.9225 357.003 625.718 41.0489 -0.467468  0.394325   179.427     1.7777  0.0432933 -0.0568441 14.5695 7.15893 2.05136 -0.00107943 0.000681693 -0.00191498   -0.279645   -0.172728 -0.00780505    0.26555 -0.0728507   -9.80513  5778
             160.205  1.47991 -5.29425  26.9419 358.518 626.462 41.2587 -0.467381  0.389943   179.443    1.77768  0.0433438 -0.0569089 14.5972 7.17778 2.02965 -0.00110753 0.000738788 -0.00190346   -0.284761   -0.173414 -0.00667937   0.265896 -0.0732102   -9.80512  5737
             160.306 1.41319 -5.0701  26.975 360.008 627.196 41.4609 -0.465868  0.378834   179.443    1.77775  0.0433869 -0.0569107 14.5637 7.20926 1.99308 -0.00107208 0.000722203 -0.00191447   -0.287318   -0.173446 -0.00398904    0.26599 -0.0732546   -9.80512  5802
             160.406  1.36479 -4.91037  26.9492 361.482 627.926 41.6584 -0.466205  0.382776   179.442   1.77769 0.0433698 -0.056917 14.5192 7.18929 1.86122  -0.0011189 0.000676815 -0.00191922   -0.286607   -0.172956 -0.00496584   0.265929 -0.0732832   -9.80512  5842
             160.505  1.29757 -4.88093  26.8812 362.981  628.66 41.8514 -0.466584  0.384589   179.446   1.77771 0.0433775 -0.056915 14.5049 7.15083 1.85739 -0.00108546 0.000613297 -0.00192923   -0.288105   -0.171604 -0.00541338   0.265922 -0.0735233   -9.80512  5826
             160.607  1.18803 -4.98564  26.8106 364.468 629.388 42.0441 -0.468501  0.394298   179.457    1.77768  0.0433667 -0.0569034 14.5478 7.08605 1.88237 -0.00103199 0.000555677  -0.0019371   -0.289714   -0.171554 -0.00779159   0.266068 -0.0738163   -9.80511  5854
             160.705  1.32309 -5.20443  26.6905 365.963 630.115 42.2371 -0.46649  0.38637  179.461    1.77759  0.0433769 -0.0569403 14.5717 7.02927 1.94565 -0.000984103  0.000576671  -0.00191953   -0.292388   -0.172529 -0.00560909   0.266256 -0.0738787   -9.80511  5840
             160.805  1.49857 -5.32809  26.6186 367.468 630.837 42.4385 -0.465084  0.382327   179.464    1.77758  0.0433502 -0.0569113 14.5844 7.02395  2.0152 -0.000954067  0.000572626  -0.00191776   -0.294891   -0.171872 -0.00445501   0.266327 -0.0740761    -9.8051  5843
             160.906  1.65609 -5.38212  26.5618 368.955 631.559 42.6434 -0.462641  0.376347   179.468    1.77745    0.04319 -0.0570253 14.5901 7.04874 2.05891  -0.0010086 0.000624094 -0.00190387   -0.296604   -0.173815 -0.00227775   0.266544 -0.0740407    -9.8051  5843
             161.005  1.67941 -5.26051   26.515 370.457 632.289 42.8524 -0.460996  0.373234   179.472    1.77744  0.0431089 -0.0570651 14.5864 7.09114 2.02224 -0.00103732 0.000644964 -0.00189801    -0.298377    -0.175197 -0.000780084   0.266741 -0.0740828   -9.80509  5802
             161.105   1.6387 -5.12338  26.4772 371.962 633.022 43.0566 -0.460132  0.372699   179.476     1.7775  0.0431178 -0.0570362 14.5865 7.08533 1.95987 -0.00102549 0.000643867 -0.00188167   -0.301107   -0.176249 9.53125e-05   0.266985 -0.0742546   -9.80508  5734
             161.206  1.58776 -5.02644  26.4706 373.454 633.745 43.2551 -0.461725  0.374992   179.477    1.77744  0.0431466 -0.0570383 14.5527 7.07232 1.88126  -0.0010235 0.000576643 -0.00185615   -0.301364     -0.1754 -0.00095279   0.266948 -0.0743384   -9.80509  5722
             161.306  1.54558 -5.09631  26.4956 374.938 634.461 43.4498 -0.465065   0.37891   179.478    1.77738  0.0431617 -0.0570626 14.5425 7.04342 1.88343 -0.00100476 0.000512983 -0.00185315   -0.302005   -0.173625 -0.00296795    0.26687 -0.0745096   -9.80509  5750
             161.406  1.57937 -5.33953  26.4688 376.429 635.178 43.6438 -0.464593  0.378578   179.479   1.77736 0.0431581  -0.05708 14.5561 7.04751 1.94372 -0.000944706  0.000519278  -0.00183068   -0.302676   -0.172754 -0.00258185  0.266843 -0.074612  -9.80509  5767
             161.505  1.62854 -5.48891  26.4943  377.93 635.899 43.8464 -0.462885  0.377986   179.482    1.77727  0.0431439 -0.0571059 14.6017 7.05463 2.02894 -0.000963309  0.000577954  -0.00183923   -0.304498   -0.171656 -0.00131644   0.266868 -0.0748268   -9.80508  5757
             161.606  1.70665 -5.46849  26.5263 379.432  636.62 44.0527 -0.460376  0.377943   179.488   1.77719 0.0430951  -0.05711 14.6131 7.07733 2.05231 -0.000963002  0.000599558  -0.00185289   -0.306685   -0.171096 0.000713881   0.266965 -0.0750607   -9.80508  5763
             161.705  1.69511 -5.41816  26.5562 380.931  637.34 44.2597 -0.457784  0.377214   179.488    1.77714   0.043078 -0.0571085 14.5985 7.07796 2.04174 -0.000930633  0.000595952  -0.00185669 -0.305914 -0.169897 0.0022839   0.266837 -0.0750825   -9.80508  5744
             161.806  1.70542 -5.36666  26.5724 382.423  638.06 44.4666 -0.458348  0.377308   179.491    1.77714  0.0430864 -0.0571088 14.6073 7.10113 2.00723 -0.000961389  0.000582121  -0.00184007  -0.306913  -0.169147 0.00154144   0.266824 -0.0751939   -9.80508  5738
             161.906 1.68454 -5.2914 26.5814 383.912 638.783 44.6709 -0.458268  0.377748   179.493   1.77715 0.0430889 -0.057107 14.6155 7.11051 2.00877 -0.000957485  0.000592531  -0.00181853 -0.307288 -0.168962  0.001786   0.266838 -0.0752424   -9.80508  5804
             162.005  1.60789 -5.25077  26.6466 385.408  639.51 44.8737 -0.457838  0.377417   179.493    1.77712  0.0430835 -0.0571513 14.5766 7.11432  1.9457 -0.000985037  0.000579422  -0.00182669  -0.306669  -0.167763 0.00172936   0.266712 -0.0752566   -9.80508  5813
             162.106   1.5194 -5.26445  26.6687 386.884 640.227 45.0714 -0.457795   0.37571   179.495   1.77709 0.0430308 -0.057193  14.582 7.10718 1.94212 -0.000967002  0.000506204  -0.00182264    -0.30707   -0.166591 0.000570626    0.26661 -0.0753177   -9.80509  5827
             162.205  1.43841 -5.39863  26.6777 388.389 640.957 45.2738 -0.458274  0.374362   179.503    1.77712  0.0429854 -0.0572377 14.6194 7.11822 1.97529 -0.000933972  0.000486363  -0.00182082    -0.309553    -0.165479 -0.000551838   0.266624 -0.0755373   -9.80508  5908
             162.306   1.4424 -5.53058  26.7656 389.874 641.676 45.4743 -0.459344  0.378643   179.505    1.77705  0.0430604 -0.0572512  14.652 7.12083 2.03587 -0.000943554  0.000536271   -0.0018637  -0.309155   -0.16453 0.00127975   0.266617 -0.0756198   -9.80508  5920
             162.406  1.43925 -5.49242   26.726 391.369 642.405 45.6815 -0.460848  0.382599    179.51    1.77702  0.0431159 -0.0572631 14.6823 7.15409 2.06361 -0.000904602  0.000562841  -0.00185305  -0.310308  -0.164858 0.00257553   0.266762 -0.0757416   -9.80508  5876
             162.506  1.45732 -5.38299   26.679 392.873 643.142 45.8905 -0.462593  0.386131   179.514      1.777  0.0431574 -0.0572625 14.6959 7.17497 2.04219 -0.000939336  0.000579887  -0.00183906   -0.3121 -0.166284 0.0035206   0.267002 -0.0758431   -9.80507  5949
             162.606  1.46915 -5.29702  26.6358 394.375 643.877 46.0972 -0.463306  0.386346   179.521      1.777  0.0431941 -0.0572328 14.7024 7.17021 2.00881 -0.000923234  0.000554915  -0.00184325  -0.31525 -0.167162 0.0033728   0.267213 -0.0760223   -9.80506  5952
             162.705  1.42155 -5.28049  26.5905 395.903 644.617 46.3036 -0.463367  0.384797   179.533    1.77704  0.0432427 -0.0571942  14.725 7.15668 1.98988 -0.000894179  0.000516168  -0.00183534   -0.31919  -0.166524 0.00275936   0.267333 -0.0763073   -9.80506  5808
             162.806  1.45549 -5.37569  26.5687 397.408 645.347  46.506 -0.463268  0.382988   179.541    1.77706  0.0432797 -0.0571927  14.756 7.13714 1.98442 -0.000902988  0.000500609  -0.00183042  -0.322523  -0.166369 0.00214779   0.267452 -0.0765178   -9.80505  5806
             162.907  1.50506 -5.45695  26.5766 398.894 646.066 46.7081 -0.463143  0.382557   179.539    1.77707  0.0432717 -0.0571797 14.7484 7.15085 2.02117 -0.000861353  0.000513879  -0.00182717  -0.321634  -0.166132 0.00197985   0.267389 -0.0764637   -9.80506  5770
             162.998   1.5426 -5.47053  26.5735 400.554 646.868 46.9369 -0.462666  0.377854   179.555    1.77712  0.0433498 -0.0572193 14.7967 7.19867 2.05642 -0.000907828  0.000504199  -0.00180843  -0.330373  -0.166154 0.00050002   0.267727 -0.0769783   -9.80504  5748
             163.098  1.53105 -5.43754  26.5988 402.167 647.652 47.1625 -0.462202  0.375827   179.554    1.77712  0.0433527 -0.0572125 14.7864 7.20897 2.06393 -0.000905581  0.000504043  -0.00180894    -0.329805    -0.165498 -0.000303708    0.26763 -0.0769444   -9.80505  5760
             163.197  1.49912 -5.44155  26.6087 403.486 648.292 47.3457 -0.462319  0.377998   179.549    1.77709  0.0433376 -0.0572164 14.7487 7.20306 2.04356 -0.000913919  0.000529458  -0.00180579   -0.326673   -0.163983 0.000356676   0.267426 -0.0768409   -9.80505  5733
             163.298  1.44314 -5.40793  26.6226 404.952 649.007 47.5498 -0.46209 0.377747  179.545    1.77708  0.0433207 -0.0572323 14.7242 7.18974 2.03349 -0.000929482  0.000516948  -0.00179422   -0.324711   -0.163447 9.99269e-05     0.2673 -0.0767362   -9.80506  5639
             163.398 1.41387 -5.4838 26.6608 406.706  649.86 47.7912 -0.462218  0.378929   179.542    1.77706  0.0433189 -0.0572384 14.6949  7.1721  2.0214 -0.000927486  0.000517026  -0.00180344     -0.3231   -0.162623 0.000470875   0.267197 -0.0766866   -9.80506  5527
             163.497  1.42161 -5.53857   26.691  408.02   650.5 47.9729 -0.46244 0.380996  179.535    1.77703  0.0433154 -0.0572191  14.683 7.14306 2.04498 -0.000900127  0.000531088  -0.00180739    -0.3193  -0.161696 0.00114349   0.267007 -0.0765164   -9.80507  5433
             163.598  1.48161 -5.57841  26.7065  409.77 651.349  48.218 -0.46265  0.38262  179.533      1.777  0.0433075 -0.0571963 14.6749 7.14673 2.07206 -0.000905822  0.000580549  -0.00179748  -0.317481  -0.160728 0.00189334   0.266899 -0.0764676   -9.80507  5298
             163.698  1.49134 -5.52873  26.6811  411.36 652.126 48.4407 -0.463578  0.387175   179.525    1.77697  0.0432606 -0.0571949 14.6194 7.15512 2.06945 -0.000917377  0.000632237  -0.00175908  -0.312562  -0.160292 0.00422641   0.266742 -0.0762459   -9.80508  5238
             163.798  1.45324 -5.49079  26.7241 412.947 652.899 48.6628 -0.463796  0.389149   179.521    1.77696  0.0432477 -0.0572121 14.5928 7.12516 2.04628 -0.00094538  0.00064837 -0.00177435  -0.309742   -0.15891 0.00525062    0.26658 -0.0761626   -9.80508  5338
             163.899  1.41106 -5.52048  26.7249 414.507 653.657 48.8803 -0.463815  0.390879    179.51    1.77694  0.0432066 -0.0572442 14.5306 7.09383 2.02903 -0.000939758  0.000684701   -0.0017835   -0.30403  -0.156952 0.00580315   0.266262 -0.0759314   -9.80509  5445
             163.998  1.35242 -5.55796  26.7221 415.782 654.274 49.0595 -0.464023  0.393251   179.498    1.77692  0.0431533 -0.0572811  14.483 7.05368 2.04689 -0.000967685  0.000768452  -0.00178778  -0.297274  -0.154578 0.00684278   0.265896 -0.0756682    -9.8051  5560
             164.099   1.3491 -5.57778  26.7017 417.494   655.1 49.3008 -0.464226  0.394575   179.497    1.77693   0.043151 -0.0572918 14.4783 7.01078 2.04313 -0.000983432  0.000795404  -0.00178784  -0.295681  -0.152834 0.00798489    0.26577 -0.0756663   -9.80511  5745
             164.197   1.3275 -5.59397  26.6763 418.788 655.727 49.4819 -0.464543   0.39614   179.492    1.7769 0.0431484 -0.057286 14.4658 6.99905 2.04401 -0.000954234  0.000829327  -0.00178115  -0.293258  -0.152935 0.00964977    0.26572 -0.0755456   -9.80511  5764
             164.297  1.35653 -5.56756  26.6567 420.239 656.436 49.6853 -0.46464 0.397251  179.491   1.77688 0.0431564 -0.057297 14.4616 6.99875 2.03687 -0.000930112  0.000832365  -0.00176972 -0.293502 -0.154753 0.0112933    0.26586 -0.0755004   -9.80511  5758
             164.398   1.4639 -5.53867  26.6568 421.967 657.275 49.9273 -0.464607  0.397354   179.491    1.77688  0.0431528 -0.0573241 14.4328 7.00761 2.01428 -0.000916025  0.000790045  -0.00174789 -0.294063 -0.155759 0.0114439   0.265935 -0.0754922    -9.8051  5826
             164.497  1.44429 -5.61136  26.7049 423.266 657.907 50.1079 -0.464591  0.397673   179.489    1.77687  0.0431418 -0.0573219  14.398 7.01382 1.99763 -0.000905945  0.000798697   -0.0017462 -0.292327 -0.155779 0.0118375   0.265878 -0.0754036   -9.80511  5896
             164.598  1.45516 -5.71224  26.7707 424.988 658.748 50.3493 -0.464749  0.397636   179.489    1.77689   0.043152 -0.0573242  14.394 7.02144 2.03664 -0.000903072  0.000807567  -0.00176099  -0.29229 -0.155939 0.0112781   0.265875 -0.0753942   -9.80511  5912
             164.697  1.45126 -5.71508  26.7773 426.278 659.376 50.5336 -0.464733  0.397747   179.487   1.77688 0.0431502 -0.057311 14.3687 7.03539 2.06057 -0.000909557  0.000845828  -0.00175639 -0.290561 -0.154789  0.011148   0.265753 -0.0753497   -9.80511  5951
             164.797   1.4233 -5.67325  26.7531 427.723 660.079 50.7402 -0.46464 0.397737  179.488    1.77689  0.0431505 -0.0573174  14.358 7.01835 2.05406 -0.000923209   0.00084803   -0.0017338  -0.29077 -0.154039 0.0112167   0.265726 -0.0753891   -9.80511  5950
             164.899  1.44003 -5.63305  26.7403 429.444 660.917 50.9845 -0.464984  0.397685   179.493    1.77691  0.0431909 -0.0572953 14.3669 7.01957  2.0352 -0.000915655  0.000769431  -0.00173526 -0.294736 -0.154013 0.0104508   0.265856 -0.0755859   -9.80511  5979
             164.997  1.45206 -5.70145  26.7375 430.731 661.548 51.1665 -0.464955  0.397724   179.491     1.7769  0.0431809 -0.0572942  14.339 7.00589 2.01458 -0.000919714  0.000769908  -0.00173285 -0.293543  -0.15439 0.0103992    0.26583 -0.0755138   -9.80511  5957
             165.099 1.47845 -5.8127 26.7319 432.445  662.38 51.4102 -0.465481  0.398261   179.496    1.77694   0.043221 -0.0573181 14.3636 7.01692 2.05579 -0.000914071  0.000730459  -0.00173932  -0.296686  -0.153552 0.00888566    0.26588 -0.0757008    -9.8051  5863
             165.198  1.43903 -5.83365  26.7325 433.738 663.011 51.5981 -0.46568 0.398617  179.496    1.77697    0.04321 -0.0573222  14.374 7.02172 2.09502 -0.000917973  0.000746926  -0.00173824  -0.296418  -0.153038 0.00775118   0.265829 -0.0757106    -9.8051  5817
               165.3   1.4231 -5.76688  26.7255 435.427 663.835 51.8442 -0.465534  0.398518   179.496    1.77698  0.0432086 -0.0573273 14.3745 7.01821 2.09205 -0.000921775  0.000788114   -0.0017367  -0.296155  -0.152635 0.00795575  0.265805 -0.075712  -9.80511  5831
               165.4  1.37686 -5.68117    26.71 436.954 664.578 52.0647 -0.465047  0.398096   179.493    1.77697  0.0431823 -0.0573734 14.3344  6.9901 2.04373 -0.000898778  0.000825336  -0.00172451  -0.293456  -0.151745 0.00852173   0.265681 -0.0756151   -9.80511  5837
             165.499  1.37276 -5.55007   26.726 438.505 665.329 52.2863 -0.465443  0.398462   179.494    1.77687  0.0431526 -0.0573893 14.3125 6.97143 1.99713 -0.000911219  0.000766625  -0.00173122  -0.293294  -0.150425 0.00689607  0.265591 -0.075655  -9.80511  5809
               165.6  1.32252 -5.56266  26.7116 440.016 666.066 52.4991 -0.465725  0.398989   179.489    1.77677  0.0430717 -0.0574392 14.2609 6.94919  1.9828 -0.000888432  0.000754829  -0.00171262  -0.289359  -0.150175 0.00547387   0.265427 -0.0754909   -9.80512  5840
             165.699  1.30784 -5.64969  26.7515 441.538 666.809 52.7128 -0.465824  0.399661   179.482    1.77674  0.0430206 -0.0574492 14.1884 6.91852 1.96742 -0.000869328  0.000735424  -0.00171799  -0.283966   -0.14983 0.00457059   0.265222 -0.0752714   -9.80512  5850
             165.799  1.34475 -5.76835  26.7919 443.064 667.552 52.9283 -0.466053  0.400129    179.48    1.77675  0.0430152 -0.0574252 14.1517 6.91922 1.99921 -0.000857345  0.000723707  -0.00172353  -0.281981   -0.14934 0.00374884   0.265127 -0.0752066   -9.80513  5800
               165.9   1.3687 -5.85283  26.7819 444.563 668.283 53.1439 -0.465856  0.400042   179.476    1.77677  0.0430137 -0.0573719 14.1016 6.91487 2.05807 -0.000846811  0.000712533  -0.00169112  -0.279016  -0.148537 0.00389382   0.265002 -0.0751044   -9.80513  5757
             165.999 1.33159 -5.9269 26.8415 446.081 669.024 53.3664 -0.465618  0.399872   179.474    1.77676  0.0430173 -0.0573504 14.0865 6.90022 2.09583 -0.000839247  0.000715986  -0.00170192 -0.277974 -0.147649 0.0039984   0.264935 -0.0750866   -9.80513  5731
               166.1  1.29637 -5.94961  26.8649  447.58 669.758 53.5905 -0.464912  0.399104   179.469    1.77675  0.0430252 -0.0573177 14.0466 6.89044 2.09963 -0.000819897  0.000721908  -0.00169398  -0.274972  -0.146896 0.00452401   0.264818 -0.0749761   -9.80514  5755
             166.199  1.29888 -5.87175  26.8638 449.093 670.498 53.8169 -0.464434  0.398597   179.467    1.77675   0.043027 -0.0573199 14.0086 6.88097 2.10484 -0.000827452  0.000703598  -0.00168465  -0.273842  -0.146159 0.00500191   0.264761 -0.0749473   -9.80514  5768
             166.301  1.26505 -5.86802  26.8567 450.578 671.226 54.0364 -0.464129  0.397575   179.464    1.77675    0.04303 -0.0573277  13.963  6.8659 2.06464 -0.000824834  0.000691584  -0.00168109  -0.272079  -0.145841 0.00646675   0.264717 -0.0748749   -9.80514  5726
             166.402 1.20322 -5.8387 26.8657 452.032 671.942 54.2519 -0.463847  0.396989   179.459    1.77673  0.0430092 -0.0573447 13.9111 6.82179 2.05616 -0.000788127  0.000614988  -0.00168838  -0.26885 -0.146116 0.0065241    0.26463 -0.0747307   -9.80514  5747
               166.5  1.22796 -5.97749  26.8488 453.528 672.671 54.4715 -0.463804  0.397038    179.46    1.77674  0.0430159 -0.0573481 13.9088 6.80185 2.05935 -0.000747914  0.000637112  -0.00168964  -0.269762  -0.145333 0.00668391   0.264632 -0.0747905   -9.80514  5767
             166.602  1.23334 -6.03424   26.843 455.006 673.392 54.6906 -0.463767  0.396885   179.462    1.77673  0.0430248 -0.0573547 13.8996  6.8057 2.09434 -0.000762868  0.000661117  -0.00168241  -0.271162  -0.144872 0.00740665    0.26467 -0.0748567   -9.80514  5766
             166.701  1.24436 -6.03309  26.8098 456.496 674.118 54.9136 -0.46356 0.396569  179.463   1.77673 0.0430312 -0.057352 13.8953 6.79725 2.11426 -0.000759409  0.000671578  -0.00167004  -0.272264  -0.144152 0.00826004   0.264691 -0.0749172   -9.80514  5772
             166.802  1.16498 -6.02665  26.8061 457.979 674.844 55.1371 -0.463738  0.397186   179.467    1.77674  0.0430672 -0.0573437 13.9055 6.79348 2.10409 -0.000737248  0.000717687  -0.00169077  -0.275467   -0.14455 0.00849046   0.264804 -0.0750316   -9.80514  5763
             166.902  1.19611 -6.01584  26.7684 459.456 675.563 55.3588 -0.463546  0.397255   179.468    1.77676  0.0430871 -0.0573363 13.9097 6.78135 2.09472 -0.000751425  0.000742557  -0.00168189  -0.277378  -0.144178 0.00905573   0.264858 -0.0751143   -9.80514  5769
             167.002  1.20585 -5.99314   26.726 460.945 676.286 55.5811 -0.46359 0.398092  179.471   1.77678 0.0431333 -0.057312 13.9237 6.79099  2.0911 -0.000718681  0.000796118  -0.00167394  -0.281385  -0.144306 0.00899807   0.264978 -0.0752633   -9.80513  5807
             167.102  1.17541 -5.98535   26.734 462.431  677.01 55.8035 -0.464153  0.399287   179.473    1.77677  0.0431627 -0.0572858 13.9302 6.78579  2.0741 -0.000736814  0.000823607  -0.00169301 -0.284899 -0.144774 0.0079613   0.265075 -0.0753837   -9.80513  5816
             167.201  1.22011 -6.04187  26.6867  463.93 677.739 56.0271 -0.464396  0.399825   179.474    1.77678   0.043184 -0.0572812 13.9383 6.77157 2.08694 -0.000740804  0.000846422  -0.00168834  -0.286809   -0.14459 0.00752479   0.265115 -0.0754597   -9.80513  5817
             167.302  1.20862 -6.11229  26.6601   465.4 678.452 56.2475 -0.464391  0.399868   179.474   1.77678 0.0431869  -0.05728 13.9383 6.76654 2.09978 -0.000716246  0.000876176  -0.00168508  -0.287198  -0.144137 0.00752259  0.265111 -0.075486  -9.80513  5805
             167.402   1.2117 -6.07424  26.6389 466.877 679.169 56.4703 -0.464066  0.399978   179.475    1.77679  0.0431998 -0.0572773 13.9533 6.75195 2.11743 -0.000731412  0.000926754  -0.00165859  -0.289172  -0.144686 0.00790743   0.265192 -0.0755406   -9.80512  5746
               167.5  1.26588 -6.01485  26.6614 468.388 679.906 56.6975 -0.46419 0.400638  179.474    1.77682  0.0432067 -0.0572706 13.9578 6.76881 2.09922 -0.00073597 0.000982561 -0.00165497  -0.293177  -0.146283 0.00781275   0.265354 -0.0756385   -9.80512  5759
             167.602  1.27429 -6.02805  26.6451 469.868 680.628  56.919 -0.464195  0.400823   179.474    1.77682  0.0432103 -0.0572687 13.9332 6.80825 2.07479 -0.000750487   0.00101837  -0.00162298  -0.294539  -0.147046 0.00781633   0.265416 -0.0756653   -9.80512  5790
             167.701  1.31374 -6.00832  26.6786 471.372 681.362 57.1441 -0.465176  0.401374   179.475    1.77681  0.0432273 -0.0572527 13.9216 6.82885 2.06974 -0.000767765   0.00104679  -0.00163243 -0.297342 -0.147008 0.0067554   0.265469 -0.0757613   -9.80511  5801
             167.802  1.22978 -6.02256  26.6741 472.848 682.083 57.3651 -0.466363  0.401828   179.475    1.77678  0.0432226 -0.0572577 13.9163 6.81883 2.06456 -0.000750501   0.00103727  -0.00161607  -0.298288  -0.146068 0.00538293   0.265436 -0.0758175   -9.80511  5782
             167.903   1.2291 -6.07604  26.7046 474.306  682.79 57.5817 -0.467014  0.402076   179.476    1.77676  0.0432161 -0.0572754 13.9212 6.78613 2.07466 -0.000727051   0.00104663   -0.0016295  -0.299237  -0.143917 0.00482429   0.265381 -0.0759056   -9.80512  5752
             168.002  1.19881 -6.11257  26.7369 475.782 683.506 57.8041 -0.468143  0.402413   179.478   1.77676 0.0431988  -0.05729  13.924  6.7898 2.09469 -0.000659807     0.001073  -0.00164758  -0.301557  -0.142734 0.00340531   0.265374 -0.0760125   -9.80511  5768
             168.103  1.21873 -6.14169  26.7148 477.261 684.222 58.0267 -0.468675  0.402654   179.481    1.77676  0.0432004 -0.0573082 13.9479 6.81024 2.12641 -0.000656817   0.00118656  -0.00162938  -0.306346  -0.141732 0.00326393    0.26546 -0.0761952   -9.80511  5741
             168.202  1.21745 -6.06498  26.7206 478.753 684.947 58.2548 -0.469576   0.40275   179.483    1.77675  0.0431986 -0.0572959 13.9682 6.81608 2.12842 -0.000640728   0.00124034  -0.00163028 -0.309663 -0.141118  0.001882   0.265495 -0.0763165   -9.80511  5760
             168.303  1.20358 -5.98662  26.7437  480.22 685.664 58.4784 -0.470182  0.402671   179.484    1.77672  0.0431931 -0.0572745 13.9663 6.82154 2.10131 -0.000647673   0.00127488  -0.00163681   -0.311692   -0.141431 0.000798174   0.265532 -0.0763707   -9.80511  5796
             168.403 1.21722 -5.9293 26.7285 481.684 686.382 58.6989 -0.470699  0.402382   179.485    1.77667   0.043194 -0.0572541 13.9523 6.83169 2.05515 -0.000667041   0.00127325  -0.00162102    -0.313512    -0.142205 -0.000666874   0.265571 -0.0764036   -9.80511  5819
             168.502  1.20385 -5.94316  26.7364 483.173 687.106 58.9189 -0.471295  0.402014   179.487    1.77666  0.0431916 -0.0572371 13.9452 6.82727 2.05102 -0.000650585   0.00126544   -0.0016163  -0.316031   -0.14096 -0.0018917   0.265571 -0.0765078   -9.80511  5849
             168.605  1.19956 -6.03143  26.7237 484.624 687.811 59.1346 -0.471915  0.401452    179.49    1.77667  0.0431895 -0.0572386 13.9573 6.82301 2.07717 -0.000609587   0.00129408  -0.00160869   -0.318962   -0.139902 -0.00372009   0.265575 -0.0766178    -9.8051  5860
             168.705  1.20952 -6.11256  26.7339 486.076 688.515 59.3518 -0.47248 0.401085  179.493    1.77669  0.0431943 -0.0572545 13.9775 6.84057 2.10953 -0.000564675   0.00136005  -0.00162191   -0.322536   -0.138278 -0.00455225   0.265596 -0.0767619    -9.8051  5824
             168.805  1.17454 -6.14052  26.7471 487.536 689.223 59.5722 -0.472945  0.401064   179.498    1.77669  0.0432054 -0.0572866 14.0112   6.846 2.13718 -0.000576998   0.00144412  -0.00162726   -0.326522   -0.136994 -0.00457939  0.265648 -0.076912   -9.8051  5818
             168.905  1.17946 -6.08712  26.7723 488.991 689.933 59.7933 -0.473359  0.401427     179.5    1.77668  0.0432119 -0.0572923  14.036 6.85827 2.15918 -0.000592373   0.00151495  -0.00163339   -0.329127   -0.136924 -0.00399578   0.265713 -0.0769948    -9.8051  5784
             169.005 1.14489 -5.9902 26.7425 490.448 690.646 60.0139 -0.473856  0.401609   179.503     1.7767   0.043234 -0.0572672 14.0518  6.8735 2.11601 -0.000576248    0.0015692  -0.00161643   -0.333247   -0.137374 -0.00390466   0.265816 -0.0771079   -9.80509  5725
             169.105  1.13923 -5.93202  26.7335 491.924 691.369 60.2349 -0.474016  0.400554   179.508   1.77669 0.0432545 -0.057212 14.0845  6.8939 2.07251 -0.000597121    0.0016256  -0.00160922   -0.340252   -0.138334 -0.00548126   0.265971 -0.0772789   -9.80509  5754
             169.206  1.14825 -5.94046  26.7576 493.356 692.067  60.447 -0.473869  0.399834    179.51    1.77669  0.0432527 -0.0572071 14.0708 6.88347 2.07378 -0.000564019   0.00158826  -0.00162227   -0.341379   -0.137914 -0.00652167    0.26597 -0.0773132   -9.80509  5768
             169.304   1.1244 -6.03984  26.7436 494.845 692.793 60.6683 -0.473589  0.398065   179.514    1.77672  0.0432551 -0.0572267 14.0982 6.90711 2.09064 -0.000566091   0.00160804  -0.00161361  -0.346859  -0.137546 -0.0088434   0.266045 -0.0774595   -9.80509  5771
             169.405  1.12381 -6.17104  26.7449 496.301 693.503 60.8864 -0.473764  0.397994   179.517    1.77672  0.0432651 -0.0572583 14.1283 6.91426 2.14876 -0.00056072  0.00166706 -0.00162296   -0.349754   -0.136931 -0.00889884  0.266089 -0.077553  -9.80508  5756
             169.504 1.08208 -6.1742  26.726 497.772 694.224 61.1118 -0.473948  0.398404   179.518    1.77669  0.0432782 -0.0572692 14.1473 6.93446 2.20428 -0.000540334   0.00171731  -0.00161498  -0.351045  -0.137182 -0.0084591   0.266128 -0.0775867   -9.80508  5737
             169.605  1.03168 -6.04117  26.7114 499.244 694.945 61.3389 -0.474063  0.398417    179.52    1.77671  0.0433032 -0.0572554 14.1709 6.94105 2.17494 -0.000552062    0.0017412  -0.00160241   -0.355317   -0.137649 -0.00872206   0.266227 -0.0776927   -9.80508  5724
             169.704  1.05837 -5.94811  26.6922 500.725 695.667  61.563 -0.474135  0.399106   179.523    1.77674  0.0433238 -0.0572382 14.1858 6.94046 2.15274 -0.000531015   0.00175377  -0.00160275   -0.357715   -0.137054 -0.00813817   0.266267 -0.0777788   -9.80508  5762
             169.804  1.07702 -5.89213  26.6904 502.219 696.397 61.7866 -0.473944  0.398339   179.525    1.77676  0.0433387 -0.0572035  14.197   6.957 2.10675 -0.000527207   0.00174481  -0.00160471   -0.362311   -0.137334 -0.00896988   0.26636 -0.077886  -9.80507  5797
             169.905  1.11337 -5.95798  26.7084 503.677 697.106  62.002 -0.474039  0.398282   179.527    1.77676  0.0433416 -0.0571867   14.21 6.94484 2.10155 -0.000523337   0.00174621  -0.00161752   -0.363008   -0.136339 -0.00898656   0.266348 -0.0779252   -9.80507  5812
             170.004  1.13648 -6.01824  26.6886 505.194 697.847 62.2262 -0.473484  0.397165   179.529   1.77677 0.0433588 -0.057227 14.2549 6.98194 2.12244 -0.000511731   0.00179765  -0.00161451  -0.370301  -0.137508 -0.0099187   0.266516 -0.0780758   -9.80507  5850
             170.105  1.15305 -6.04981  26.6545 506.679 698.572 62.4474 -0.473346  0.396764    179.53    1.77678  0.0433723 -0.0572414 14.2916 6.99557  2.1523 -0.000552283   0.00181121  -0.00159186  -0.373963  -0.137316 -0.0101937   0.266582 -0.0781689   -9.80507  5885
             170.204  1.17172 -6.06445  26.6384 508.172 699.298 62.6725 -0.473377  0.396728   179.533    1.77678  0.0433778 -0.0572367 14.3185 6.99215 2.16793 -0.000502534    0.0018187  -0.00159739  -0.37559    -0.136 -0.010177   0.266581 -0.0782375   -9.80506  5897
             170.304  1.13047 -6.07208  26.6405 509.663 700.024  62.898 -0.47327 0.397122  179.534    1.77678  0.0433879 -0.0572484 14.3274 7.00236 2.18209 -0.000492127   0.00184565  -0.00161013    -0.37803   -0.135451 -0.00984701   0.266619 -0.0783142   -9.80506  5869
             170.405  1.12371 -6.05836  26.6059 511.172 700.758 63.1276 -0.473147  0.395936   179.536    1.77681  0.0434288 -0.0572624 14.3708 7.00896 2.18901 -0.000510636    0.0018682  -0.00160547  -0.385002  -0.135318 -0.0110546   0.266745 -0.0784736   -9.80506  5870
             170.505  1.05807 -6.11869  26.5803 512.649 701.476 63.3517 -0.473114  0.395746   179.537    1.77682  0.0434361 -0.0572755 14.3815 7.00567 2.20277 -0.000460218   0.00185262  -0.00161428  -0.386289   -0.13496 -0.0112862   0.266759 -0.0785098   -9.80506  5822
             170.605  1.06702 -6.19498  26.5584  514.15   702.2 63.5801 -0.472862  0.395989    179.54    1.77682  0.0434635 -0.0573188 14.4184 6.99585 2.20137 -0.000456797   0.00188111  -0.00161734  -0.389778  -0.133637 -0.0113024   0.266796 -0.0786221   -9.80506  5746
             170.704  1.09222 -6.24042   26.501  515.67 702.936 63.8128 -0.472737  0.396661   179.539     1.7768  0.0434988 -0.0573639 14.4529 7.00886 2.24566 -0.000427609   0.00192031   -0.0015996  -0.394296  -0.134026 -0.0111527  0.266899 -0.078726  -9.80505  5763
             170.805  1.10094 -6.26186  26.4658 517.173 703.663 64.0447 -0.472502  0.397499   179.539     1.7768  0.0435252 -0.0573914 14.4966 7.01778 2.27338 -0.000421767   0.00194963  -0.00158276  -0.397745  -0.134024 -0.0108508   0.266972 -0.0788139   -9.80505  5758
             170.905  1.12471 -6.24652  26.4711 518.686 704.393 64.2796 -0.472105  0.398896   179.539     1.7768  0.0435384 -0.0574037 14.5483 7.03382 2.28293 -0.000412747   0.00203022   -0.0015863  -0.401503    -0.1339 -0.0102598   0.267051 -0.0789161   -9.80505  5741
             171.003   1.1607 -6.13488  26.4868 520.213 705.133 64.5156 -0.471842  0.400352   179.538   1.77684 0.0435257 -0.057385 14.5623 7.06821 2.24618 -0.000422727   0.00206268  -0.00158155   -0.404484   -0.134369 -0.00955739    0.26713 -0.0789897   -9.80504  5707
             171.105  1.1523 -6.0623 26.5108  521.73 705.871 64.7456 -0.471716  0.401226   179.537     1.7769  0.0435105 -0.0573391 14.5764   7.093 2.20341 -0.000453733   0.00207768  -0.00157893   -0.408279   -0.135021 -0.00920047   0.267225 -0.0790729   -9.80504  5741
             171.204  1.11092 -6.01104  26.5342  523.26 706.613 64.9773 -0.472399  0.399028   179.538    1.77686  0.0434951 -0.0573032 14.5948 7.09764 2.18574 -0.000445814   0.00204163  -0.00158029  -0.411782  -0.134151 -0.0109739   0.267252 -0.0791476   -9.80504  5776
             171.305  1.06203 -6.03861  26.5091 524.768 707.345 65.2046 -0.472927  0.397082   179.539    1.77684  0.0434705 -0.0572889 14.6023 7.11341 2.19053 -0.000428769   0.00200834  -0.00155166  -0.414323  -0.133766 -0.0124876  0.267274 -0.079194  -9.80504  5800
             171.405  1.05257 -6.14116  26.5627 526.277 708.076 65.4318 -0.473278  0.396858   179.542    1.77683   0.043463 -0.0572977 14.6218 7.12039 2.22872 -0.000429889   0.00202955  -0.00157973  -0.416365  -0.132639 -0.0126743   0.267282 -0.0792603   -9.80504  5799
             171.504  1.03196 -6.20961  26.5072 527.817  708.82 65.6667 -0.473577  0.396739   179.544    1.77683  0.0434688 -0.0573237 14.6599  7.1326 2.26739 -0.000370922   0.00205153  -0.00154481  -0.419944  -0.131583 -0.0127476   0.267322 -0.0793611   -9.80504  5778
             171.606 0.984499 -6.24904  26.5669 529.309 709.543 65.8973 -0.473654  0.397798   179.545    1.77681  0.0434833 -0.0573415 14.6924 7.15946 2.31569 -0.000367762   0.00209341  -0.00157115  -0.421986  -0.131227 -0.0119452    0.26736 -0.0794232   -9.80503  5782
             171.705 0.999334 -6.15661  26.5838 530.823 710.277 66.1326 -0.473823  0.399251   179.548    1.77682   0.043489 -0.0573364 14.7271  7.1706 2.30972 -0.000375107   0.00211155   -0.0015793  -0.424808  -0.130488 -0.0109336   0.267404 -0.0795144   -9.80503  5801
             171.805 0.953004 -6.09383  26.5695 532.323 711.008 66.3649  -0.4739 0.401237  179.548    1.77684  0.0435159 -0.0573381 14.7349 7.17531 2.28319 -0.000344296   0.00211238  -0.00156982   -0.424079   -0.130684 -0.00946743   0.267413 -0.0795136   -9.80503  5803
             171.906 0.981917 -6.01765   26.558 533.828 711.737 66.5946 -0.474091   0.40189   179.551    1.77687  0.0435217 -0.0573076 14.7536 7.18143 2.24336 -0.000381037   0.00210256  -0.00155902   -0.426618   -0.129736 -0.00900862    0.26744 -0.0795953   -9.80503  5833
             172.006 0.943543 -6.00915  26.5533  535.34 712.469 66.8229 -0.474295  0.401503   179.554    1.77688  0.0435236 -0.0572818 14.7917  7.1875 2.23844 -0.000338242   0.00210234  -0.00156176  -0.429905  -0.128986 -0.0092417   0.267476 -0.0796786   -9.80503  5855
             172.106 0.960849 -6.03837  26.5473 536.848 713.204 67.0494 -0.474276  0.401536   179.554    1.77688  0.0435239 -0.0572803  14.814 7.19442 2.23138 -0.000364007   0.00208601    -0.001555   -0.432445   -0.129732 -0.00911259   0.267536 -0.0797209   -9.80503  5773
             172.205  0.98519 -6.08238  26.5131 538.382 713.947 67.2798 -0.474432  0.401543   179.555    1.77687  0.0435299 -0.0572846 14.8562 7.21288 2.24974 -0.000323052   0.00207691  -0.00154529   -0.435886   -0.129452 -0.00891522   0.267589 -0.0798009   -9.80502  5770
             172.305 1.00499 -6.0953 26.5331 539.906 714.685 67.5118 -0.474511  0.401252   179.557    1.77687  0.0435311 -0.0572832 14.8832  7.2294 2.29232 -0.000303947   0.00205796  -0.00156123   -0.437535   -0.128996 -0.00904304   0.267604 -0.0798415   -9.80502  5785
             172.406  1.08148 -6.08801  26.5113 541.426 715.421 67.7443 -0.474643   0.40205   179.558    1.77687  0.0435078 -0.0572889 14.9076 7.24242 2.32219 -0.000339621   0.00209426  -0.00154503   -0.440745   -0.128805 -0.00831118   0.267658 -0.0799212   -9.80502  5817
             172.505  1.08809 -5.98355  26.5183 542.958 716.168 67.9803 -0.474841  0.403622   179.559    1.77689  0.0434748 -0.0572862 14.8749 7.23305 2.31004 -0.000319641   0.00210134  -0.00155217   -0.442023   -0.129199 -0.00696812   0.267698 -0.0799595   -9.80502  5870
             172.606  1.06611 -5.86527  26.5355 544.477 716.904 68.2111 -0.474899  0.404413    179.56    1.77695  0.0434606 -0.0572514  14.856 7.23203 2.28463 -0.000333083   0.00206053   -0.0015575   -0.444958   -0.128726 -0.00579332   0.267742 -0.0800412   -9.80502  5964
             172.705  1.09964 -5.80791  26.4984 545.996 717.638 68.4424 -0.474834   0.40425   179.561    1.77696  0.0434633 -0.0572377 14.8338  7.1945 2.24071 -0.000348279   0.00202532  -0.00152594   -0.446084   -0.127597 -0.00580969  0.267737 -0.080081  -9.80502  5973
             172.807  1.11742 -5.83165  26.5397 547.494 718.361 68.6667 -0.474826   0.40412   179.561    1.77697  0.0434522 -0.0572284 14.8136  7.1944 2.23768 -0.000291787   0.00200609   -0.0015451   -0.447357   -0.126591 -0.00529235   0.267739 -0.0801234   -9.80502  5932
             172.907 1.13114 -5.8415 26.5467 549.005 719.088 68.8942 -0.474914  0.403672    179.56    1.77695   0.043464 -0.0572198 14.8182 7.18668 2.23547 -0.000333102      0.00198  -0.00152313   -0.450536   -0.124987 -0.00630079   0.267755 -0.0802005   -9.80502  5765
             173.005  1.14879 -5.87503  26.5901 550.522 719.827 69.1221 -0.474754  0.402767   179.563    1.77695  0.0434568 -0.0572271 14.7982 7.20937 2.24355 -0.000315797   0.00197213  -0.00152857   -0.452455   -0.125925 -0.00577847   0.267798 -0.0802206   -9.80502  5746
             173.106  1.11461 -5.88349  26.6378 552.018 720.556 69.3471 -0.474768  0.401518   179.563    1.77694  0.0434485 -0.0572331 14.7769 7.21989 2.24349 -0.000318796   0.00195585  -0.00152753   -0.453546   -0.125591 -0.00467121   0.267805 -0.0802422   -9.80502  5822
             173.198  1.12455 -5.92494  26.6687 553.682 721.366 69.5964 -0.474884  0.398901   179.567     1.7769  0.0434327 -0.0572927 14.8132 7.24231 2.24731 -0.000322818   0.00192245  -0.00151157   -0.462015   -0.125542 -0.00409144   0.267917 -0.0803856   -9.80501  5845
             173.298  1.06971 -5.97663  26.7491 555.298 722.157  69.838 -0.475109  0.396116   179.568    1.77685  0.0434435 -0.0572967 14.8084 7.25342 2.25181 -0.000278184   0.00188279  -0.00151002   -0.463163   -0.125586 -0.00234335   0.267925 -0.0803936   -9.80501  5836
             173.398  1.10533 -6.02607  26.7989   556.9 722.942 70.0815 -0.475205  0.394712   179.565    1.77681  0.0434477 -0.0572743  14.785 7.27697 2.25743 -0.000323806   0.00188188  -0.00147312   -0.461642   -0.124748 -0.00138536   0.267886 -0.0803705   -9.80501  5893
             173.497  1.09788 -5.98651  26.8701 558.217 723.591 70.2806 -0.475904  0.390783   179.561    1.77675  0.0434607 -0.0572539 14.7822 7.31221 2.28324 -0.000322488    0.0019129  -0.00147294  -0.459576  -0.124082 0.00109015    0.26783 -0.0803251   -9.80501  5929
             173.598  1.05464 -5.78629  26.9583 559.964 724.455 70.5458 -0.476907   0.38748   179.558    1.77678  0.0434869 -0.0572765 14.7278 7.30558 2.16671 -0.000330713   0.00194972  -0.00147775  -0.458012  -0.123421 0.00329119   0.267782 -0.0802957   -9.80502  5924
             173.697  1.10855 -5.55994  27.0392 561.564 725.244 70.7798 -0.478015  0.385193   179.554    1.77682  0.0435027 -0.0573554 14.6455 7.27319 2.10597 -0.000346916   0.00196656  -0.00149975  -0.454449   -0.12171 0.00499387   0.267696 -0.0802528   -9.80502  5955
             173.797 0.965155 -5.45656   27.096 563.156 726.033  71.005 -0.478062  0.387002    179.55    1.77674  0.0434837 -0.0574551 14.5502 7.25899 2.03522 -0.000371355   0.00192757  -0.00150983  -0.451071  -0.120481 0.00435576   0.267646 -0.0802204   -9.80502  6049
             173.898 0.974379 -5.53587  27.0329 564.717 726.806 71.2233 -0.479297  0.389372    179.54   1.77677 0.0434193 -0.057513 14.4842 7.20833 1.99262 -0.000461153   0.00192955  -0.00147632  -0.445185  -0.118076 0.00401877   0.267552 -0.0801732   -9.80502  6085
             173.997 0.870326 -5.68007  27.0148 566.019 727.448 71.4061 -0.479048  0.392989   179.537    1.77685  0.0433309 -0.0575296 14.4656 7.17202 2.03923 -0.00041008  0.00189814 -0.00148629  -0.442834  -0.116769 0.00250588   0.267529 -0.0801696   -9.80502  6070
             174.098 0.872218 -5.94048  26.9718 567.754   728.3 71.6566 -0.478802  0.395191   179.536      1.777   0.043301 -0.0575451 14.5147 7.14699 2.13716 -0.000445253   0.00189039  -0.00148343  -0.443053  -0.115366 0.00134879   0.267531 -0.0801982   -9.80502  6136
             174.197 0.854384 -6.05386  26.9264 569.044 728.937  71.848 -0.480135  0.392321   179.532    1.77688  0.0432795 -0.0574458 14.4982 7.12868 2.20894 -0.000403774   0.00193467  -0.00146786  -0.440403  -0.114988 0.00294407   0.267474 -0.0801572   -9.80502  6172
             174.298 0.849076 -6.01524  26.9436 570.751 729.779 72.1103 -0.481086   0.39009   179.529    1.77681  0.0432497 -0.0573802 14.4715 7.10357 2.23646 -0.000379213   0.00196561  -0.00148164  -0.437342  -0.115449 0.00409303   0.267426 -0.0801077   -9.80503  6177
             174.398 0.957708 -6.02146  26.9328 572.297 730.539 72.3464 -0.481689  0.386053   179.526    1.77674  0.0431857 -0.0572803 14.4343 7.06741 2.20576 -0.00038644  0.00203113 -0.00148098  -0.433017  -0.114718 0.00580389   0.267344 -0.0800509   -9.80503  6283
             174.498 0.946815 -5.92204  26.9132 573.859 731.305 72.5839 -0.48184 0.383188  179.526    1.77671  0.0431445 -0.0572635 14.4071 7.08164 2.18906 -0.000399631    0.0020938  -0.00147172 -0.430494 -0.114047 0.0072085  0.267289 -0.080023  -9.80503  6370
             174.598  0.95392 -5.77706  26.9317 575.396 732.063 72.8136 -0.482457  0.381316   179.525    1.77667  0.0431085 -0.0573184 14.3149 7.04758 2.08146 -0.000451668   0.00210587  -0.00148265  -0.425875  -0.114068 0.00777374   0.267226 -0.0799669   -9.80503  6431
             174.697  0.88026 -5.81813  26.9508 576.948 732.828 73.0394 -0.483313  0.382279   179.526    1.77662  0.0430894 -0.0573431 14.2581  7.0019 2.03488 -0.000432901   0.00205717  -0.00150307   -0.42266  -0.113674 0.00630306   0.267192 -0.0799318   -9.80503  6507
             174.797 0.863942  -5.9774  26.8746 578.223 733.458  73.225 -0.483789  0.383313   179.526    1.77664  0.0430729 -0.0573272 14.2296 6.99963 2.06952 -0.000394358   0.00203519  -0.00145399  -0.421262  -0.114532 0.00500421  0.267191 -0.079906  -9.80503  6539
             174.898 0.892921  -6.2002  26.9422 579.913 734.288 73.4771 -0.48396 0.383381  179.526    1.77665  0.0430735 -0.0573177 14.2298 6.99075 2.17893 -0.000385545   0.00204548  -0.00147204 -0.420871 -0.114342 0.0048271   0.267185 -0.0799039   -9.80503  6639
             174.997 0.902303 -6.27298  26.9483  581.48 735.058 73.7176 -0.482778  0.382303   179.526    1.77655  0.0430601 -0.0573175 14.2426 7.03108 2.24788 -0.000370681   0.00206922  -0.00145051  -0.421345  -0.114358 0.00655022   0.267189 -0.0799098   -9.80503  6598
             175.098  0.93856 -6.15596  26.9988 583.012 735.813 73.9586 -0.481016  0.379879   179.528    1.7765 0.0430411 -0.057299 14.2253 7.02141 2.25891 -0.00039337  0.00214029 -0.00146219  -0.418451  -0.113956 0.00896648   0.267151 -0.0798871   -9.80504  6417
             175.197 0.949962 -6.02061  27.0216 584.278 736.439 74.1553 -0.479915  0.378534   179.529    1.77652  0.0430274 -0.0573282 14.1707 7.00891 2.16962 -0.000407298   0.00215534  -0.00146683 -0.416178 -0.113889 0.0106086   0.267126 -0.0798701   -9.80504  6327
             175.297  0.88707 -5.94236  27.0502 585.973  737.28 74.4116 -0.480376  0.378576   179.529    1.77649   0.043026 -0.0573195 14.1362 7.02796 2.09267 -0.000378022   0.00209659  -0.00147096  -0.416373  -0.114165 0.00993151   0.267128 -0.0798651   -9.80504  6293
             175.398 0.964509 -5.97568  27.0328 587.511 738.045 74.6392 -0.480539  0.378402   179.528    1.77647  0.0430335 -0.0573296 14.1027 7.02045 2.09576 -0.000423037   0.00206764  -0.00145668  -0.415722   -0.11433 0.00955658   0.267121 -0.0798547   -9.80504  6340
             175.497 0.930447 -6.12224  27.0296 589.051 738.806 74.8707 -0.481893  0.378013   179.527    1.77649   0.043032 -0.0573306 14.0409 6.99742 2.05829 -0.00044855  0.00203514 -0.00145495  -0.413363  -0.112148 0.00727815   0.267059 -0.0798448   -9.80504  6448
             175.598 0.794123 -6.23906  27.0779 590.568 739.556 75.1002 -0.481741  0.378009   179.526    1.77648  0.0430329 -0.0573498 14.0464 6.95589 2.19819 -0.000415227   0.00205334  -0.00148133   -0.40996  -0.110641 0.00810236    0.26702 -0.0798324   -9.80504  6577
             175.697 0.840696 -6.30648  27.0926 591.829  740.18 75.2948 -0.480853  0.378386   179.526    1.77642  0.0430516 -0.0573353 14.0387 6.94413 2.21065 -0.000431743   0.00210847  -0.00149686 -0.408606 -0.110473 0.0105799   0.267031 -0.0798299   -9.80504  6750
             175.797 0.839818 -6.23317  27.0704 593.248 740.882 75.5169 -0.480613  0.379156   179.526   1.77643 0.0430671 -0.057334 14.0387 6.94036 2.20694 -0.000406189    0.0020694  -0.00147917 -0.410257 -0.110347 0.0116609   0.267058 -0.0798512   -9.80504  6668
             175.898 0.779144 -6.17553  27.1263 594.936  741.72 75.7811 -0.481179  0.379496   179.526    1.77643  0.0430593 -0.0573069 14.0387 6.96183 2.19695 -0.000404079   0.00201998  -0.00149991 -0.412743 -0.110892 0.0111884   0.267077 -0.0798677   -9.80504  6494
             175.997 0.862893 -6.16598  27.0815 596.218 742.357 75.9801 -0.481623  0.379781   179.526    1.77641  0.0430635 -0.0573061 14.0371 6.98101 2.15875 -0.000477562   0.00202441  -0.00146409 -0.414689 -0.111577 0.0108104   0.267094 -0.0798782   -9.80504  6413
             176.098 0.870872 -6.04397  27.0758 597.913 743.198  76.241 -0.482311  0.379256   179.526    1.77634  0.0430827 -0.0572565 14.0372 6.97263 2.12377 -0.000430941   0.00196195  -0.00146237  -0.417762  -0.111346 0.00913407   0.267095 -0.0798971   -9.80504  6430
             176.197 0.866829 -6.02293   27.059 599.174 743.823 76.4344 -0.483288  0.378371   179.525    1.77622  0.0430864 -0.0572665 13.9929  6.9662 2.08671 -0.000428573   0.00192784  -0.00145228  -0.416793  -0.110298 0.00680548   0.267045 -0.0798902   -9.80504  6500
             176.297  0.81863 -6.08572  27.0977  600.61 744.535 76.6518 -0.484351  0.376898   179.525    1.77612   0.043081 -0.0572234 14.0221 6.98374  2.1097 -0.00042094  0.00183486  -0.0014695  -0.423172  -0.110289 0.00373035   0.267046 -0.0799262   -9.80504  6714
             176.398 0.798712 -6.20177  27.1052 602.311 745.383  76.912 -0.484919  0.375729   179.525     1.7761   0.043077 -0.0572536 14.0523 7.03037 2.17736 -0.000425058   0.00177346  -0.00146406  -0.429919  -0.111272 0.00147943   0.267066 -0.0799605   -9.80504  6884
             176.497 0.777281  -6.2632  27.0668  603.61 746.025 77.1136 -0.485557  0.375318   179.524    1.77609  0.0430907 -0.0573135 14.1117  7.0224 2.19175 -0.000416612   0.00172246  -0.00144042   -0.435739   -0.109746 0.000143259   0.267077 -0.0800111   -9.80504  7028
             176.597 0.752856 -6.29441  27.0866 605.053 746.743 77.3392 -0.485986  0.375315   179.524    1.77607  0.0431012 -0.0573649 14.1735 7.06866 2.25972  -0.0003955  0.00168633 -0.00145285    -0.441782    -0.109923 -0.000421685   0.267111 -0.0800519   -9.80504  6873
             176.697 0.754261 -6.23068  27.0521 606.503 747.464 77.5667 -0.486307  0.375612   179.523    1.77606  0.0431286 -0.0573685 14.2216 7.10243   2.216 -0.000418892   0.00162779  -0.00142395   -0.448061   -0.109705 -0.00071537   0.267147 -0.0800985   -9.80503  6582
             176.798 0.666604 -6.18244  27.0537 608.226 748.326 77.8359 -0.487061  0.375224   179.522    1.77603  0.0431179 -0.0573268 14.2659 7.12837 2.19779 -0.00039826  0.00154898 -0.00141819   -0.454144   -0.110027 -0.00233559   0.267162 -0.0801358   -9.80503  6439
             176.898 0.626249 -6.18858  27.0602 609.795 749.104 78.0771 -0.487142  0.375141   179.524    1.77602  0.0431191 -0.0573418 14.2883 7.12913  2.2019 -0.000420515   0.00151606  -0.00142184   -0.456153    -0.10824 -0.00277609   0.267155 -0.0801624   -9.80503  6447
             176.997 0.642477 -6.19421   27.019 611.094 749.748 78.2776 -0.487338  0.374792   179.525    1.77602    0.04312 -0.0573353 14.3103 7.13444 2.20359 -0.000459863   0.00149943  -0.00140567   -0.458341   -0.107306 -0.00343671   0.267151 -0.0801826   -9.80503  6550
             177.097 0.615208 -6.13464  26.9776 612.833 750.609 78.5471 -0.487682  0.373946   179.526      1.776  0.0431252 -0.0573091 14.3483 7.14091 2.20552 -0.000437872   0.00147183  -0.00140802  -0.462588  -0.106204 -0.0046616    0.26715 -0.0802141   -9.80503  6801
             177.197 0.556053 -6.13898  26.9725 614.409 751.391 78.7885 -0.488003  0.373298   179.527    1.77599  0.0431101 -0.0573121 14.3528 7.11218 2.19172 -0.000436883   0.00145391  -0.00141553   -0.462382   -0.105718 -0.00538634  0.267132 -0.080212  -9.80503  7093
             177.297  0.60899 -6.17672  26.9708 615.694 752.023 78.9838 -0.488038  0.373931    179.53      1.776   0.043116 -0.0572885 14.3549 7.08881  2.1849 -0.000444488   0.00146189  -0.00142002   -0.460138   -0.104578 -0.00472533   0.267119 -0.0802118   -9.80503  7144
             177.398 0.579991 -6.20803   26.943 617.401 752.864 79.2459 -0.488517  0.373091    179.53      1.776  0.0431133 -0.0572853 14.3635 7.07434 2.20939 -0.000410716   0.00143032  -0.00139175    -0.46068   -0.104098 -0.00550739   0.267104 -0.0802131   -9.80503  6969
             177.497 0.709963 -6.24709  26.9578 618.693   753.5 79.4454 -0.48873 0.372733  179.531    1.77601  0.0431243 -0.0572671 14.3682 7.08078 2.23222 -0.000475472    0.0014311    -0.001394  -0.460457  -0.103703 -0.0057819   0.267095 -0.0802124   -9.80503  6711
             177.598 0.745729  -6.1806  26.9561 620.402 754.345 79.7129 -0.48898 0.372305  179.531      1.776  0.0431383 -0.0572692 14.3394 7.10308 2.24667 -0.000428385    0.0014285  -0.00138929   -0.460154   -0.103706 -0.00613648   0.267087 -0.0802069   -9.80504  6542
             177.697 0.697769 -6.13649  26.9397 621.977 755.123 79.9591 -0.488928  0.372231   179.532      1.776  0.0431415 -0.0572719 14.2978 7.10591 2.23981  -0.0004606  0.00142671 -0.00137038   -0.460109   -0.102689 -0.00620624   0.267078 -0.0802137   -9.80504  6566
             177.797  0.74479 -6.09458  26.9615 623.261 755.759 80.1599 -0.488833  0.372297   179.533      1.776  0.0431471 -0.0572757 14.2632 7.06693 2.21843 -0.00051711  0.00140038 -0.00138527   -0.459065   -0.102117 -0.00615828   0.267068 -0.0802113   -9.80504  6671
             177.898  0.68441 -6.12849  26.9544  624.96 756.601 80.4232 -0.488261  0.373236   179.533      1.776  0.0431389 -0.0572707 14.2208 7.04958 2.22377 -0.000458895   0.00137721  -0.00138347   -0.460095   -0.102239 -0.00499208   0.267092 -0.0802285   -9.80503  6990
             177.997 0.707908 -6.16431  26.9254 626.243 757.234 80.6232 -0.487737  0.373712   179.533      1.776    0.04313 -0.0572766 14.1946 7.02555 2.23787 -0.000466723   0.00137081  -0.00137225   -0.459905   -0.101311 -0.00425267  0.267095 -0.080239  -9.80503  7188
             178.098 0.746413 -6.14696  26.9349 627.943 758.071 80.8899 -0.487089  0.373836   179.531      1.776  0.0431121 -0.0572739 14.1974  6.9995 2.24956 -0.000448814   0.00137585  -0.00138137   -0.461597   -0.100614 -0.00328499   0.267114 -0.0802594   -9.80503  7177
             178.197 0.719116 -6.05691  26.8949 629.506 758.839 81.1346 -0.485998  0.373646    179.53    1.77604  0.0431077 -0.0572769 14.1686 7.00586 2.23341 -0.000432781   0.00137778  -0.00135897   -0.462223   -0.100022 -0.00169113   0.267133 -0.0802743   -9.80503  6922
             178.298 0.760256 -5.94712  26.8754 631.044 759.598 81.3738 -0.485332  0.373474   179.529   1.77607 0.0430893   -0.0573 14.1169 6.98862 2.19015 -0.000502937    0.0013803  -0.00134977     -0.46044    -0.099224 -0.000699334   0.267128 -0.0802718   -9.80503  6618
             178.398 0.711107   -5.872  26.8815 632.562 760.346 81.6062 -0.485263  0.374044   179.529    1.77607   0.043075 -0.0573626 14.0571 6.94138 2.12933 -0.000489729   0.00136305   -0.0013594    -0.456987   -0.0983011 -0.000340477   0.267105 -0.0802593   -9.80503  6478
             178.497 0.677058 -5.88087   26.893 633.825 760.966  81.796 -0.485391  0.373919   179.526    1.77607  0.0430714 -0.0573874 14.0261 6.91427 2.10103 -0.000491576   0.00135187  -0.00136482   -0.456516  -0.0969287 8.11644e-05   0.267097 -0.0802663   -9.80503  6490
             178.598 0.664778 -5.91904  26.9036 635.508 761.796 82.0477 -0.484963  0.372824   179.527    1.77607  0.0430769 -0.0573885 14.0116  6.9116 2.11523 -0.000464071   0.00130317  -0.00137403   -0.460118  -0.0978494 0.000118544   0.267125 -0.0802784   -9.80503  6656
             178.697 0.659593 -5.97995  26.8628 636.777 762.421 82.2405 -0.485401  0.373924   179.526    1.77608  0.0430687 -0.0573996 14.0023 6.89483 2.13432 -0.000458618   0.00129043  -0.00134866    -0.460993   -0.0975861 -0.000674741   0.267126 -0.0802872   -9.80503  6958
             178.798 0.707135 -6.00675  26.9033 638.475 763.254 82.5008 -0.485551  0.373733   179.524    1.77607  0.0430443 -0.0574758 14.0403 6.91361 2.17672 -0.000456784   0.00129553  -0.00137416    -0.467166   -0.0971316 -0.000924701   0.267162 -0.0803265   -9.80503  7154
             178.898 0.654088 -5.87933  26.8683 640.016 764.013  82.741 -0.485702  0.374318   179.523   1.77607 0.0430408 -0.057472 14.0183 6.90816  2.1807 -0.000439409   0.00128899  -0.00135014   -0.468856  -0.0967782 -0.00125108   0.267172 -0.0803402   -9.80503  7115
             178.997 0.668668 -5.82192  26.8976 641.283 764.635 82.9346 -0.484996  0.371892   179.521    1.77608  0.0430462 -0.0574694 13.9804 6.89333 2.13035 -0.000474245   0.00128363  -0.00136484    -0.469623   -0.0961941 -0.000129821   0.267173 -0.0803427   -9.80503  6839
             179.098 0.623108   -5.802   26.891 642.963 765.463 83.1885  -0.4851 0.372348  179.521   1.77608 0.0430391 -0.057455 13.9663 6.88337 2.09712 -0.000458562     0.001234  -0.00135346    -0.472588   -0.0965445 -0.000301718   0.267196 -0.0803606   -9.80503  6603
             179.197 0.636203 -5.81832   26.868 644.231 766.089 83.3783 -0.484952  0.371951   179.521    1.77608  0.0430432 -0.0574591 13.9552 6.88119 2.09476 -0.000461968   0.00121902  -0.00133424     -0.47437   -0.0969989 -0.000110097    0.26721 -0.0803683   -9.80503  6538
             179.298 0.642067 -5.81351  26.8677 645.917 766.921   83.63 -0.48456  0.37101   179.52    1.77608  0.0430448 -0.0574805 13.9526 6.90632 2.09721 -0.00043163  0.00120561 -0.00132969   -0.479119  -0.0976786 0.000371239   0.267246 -0.0803915   -9.80503  6620
             179.398 0.654605 -5.79524  26.8919 647.436 767.669 83.8587 -0.484765  0.371561   179.518    1.77607  0.0430433 -0.0574686 13.9247 6.85638 2.08397 -0.000456676   0.00118851  -0.00133662   -0.478262  -0.0965592 0.000113304   0.267236 -0.0803932   -9.80503  6716
             179.497 0.715027 -5.83379  26.8973 648.697 768.288  84.047 -0.484803  0.371572   179.516    1.77607   0.043038 -0.0574589 13.8888 6.84454 2.07767 -0.000461936   0.00116299  -0.00134505   -0.478892  -0.0958206 0.000105534   0.267236 -0.0804007   -9.80503  7018
             179.598 0.696705 -5.92798  26.8818 650.371 769.112 84.2982 -0.484888  0.372781   179.514    1.77608  0.0430331 -0.0575402 13.8885 6.86448 2.10361 -0.000433969   0.00112295  -0.00133717    -0.483385   -0.0956473 -9.98975e-05   0.267271 -0.0804323   -9.80503  7203
             179.697 0.709198 -6.00189  26.8475 651.636 769.732   84.49 -0.48463 0.372374  179.511   1.77607 0.0430305 -0.057573 13.8953 6.85618   2.144 -0.000461178   0.00112108  -0.00131694   -0.485406  -0.0942813 0.000198195   0.267277 -0.0804505   -9.80503  7096
             179.798 0.641182 -6.00843  26.8346 653.325 770.562 84.7493 -0.484508  0.372831   179.507    1.77605  0.0430588 -0.0576642 13.9472 6.89182 2.16912 -0.000432282   0.00114393  -0.00132946   -0.492388  -0.0938587 0.000922101    0.26732 -0.0805003   -9.80503  6779
             179.898 0.656838 -5.88364   26.822 654.845 771.308 84.9836 -0.483793   0.37076   179.505    1.77605  0.0430649 -0.0576716 13.9346 6.85778 2.14081 -0.000482378   0.00113809   -0.0013363  -0.493328 -0.0927506 0.00196112   0.267312 -0.0805084   -9.80503  6567
             179.997 0.578676 -5.77537   26.798 656.373 772.058 85.2156 -0.483522  0.369557   179.505    1.77607  0.0430715 -0.0577036 13.9016 6.82979 2.10259 -0.00045131  0.00112087 -0.00132648  -0.492476 -0.0923154 0.00247931  0.267298 -0.080504  -9.80503  6483
             180.099 0.564944 -5.73086   26.792 657.856 772.787 85.4383 -0.483325  0.367377   179.507    1.77608  0.0430782 -0.0577846 13.8537 6.78566 2.06477 -0.000464067   0.00114012  -0.00132783  -0.488145 -0.0920857 0.00332785   0.267255 -0.0804769   -9.80503  6542
             180.197 0.634873 -5.68683  26.7434 659.369 773.526 85.6606 -0.483284  0.366097   179.507    1.77611  0.0430668 -0.0577925 13.8012 6.74661 2.00897 -0.000468182   0.00110346  -0.00130877  -0.486797 -0.0912801 0.00409208   0.267231 -0.0804744   -9.80503  6641
             180.297 0.617402 -5.78615  26.7669 660.593 774.124 85.8375 -0.48322 0.364176  179.509    1.77609   0.043073 -0.0577604 13.7335  6.7202 1.99397 -0.000475394   0.00110281  -0.00132827  -0.482779 -0.0907194 0.00540365   0.267184 -0.0804556   -9.80503  6899
             180.398 0.588465 -5.81884  26.7332 662.243 774.929   86.08 -0.48345 0.365183  179.507   1.77611 0.0430671 -0.057792 13.7422  6.7216  2.0513 -0.000451737    0.0010658  -0.00131096  -0.486006 -0.0904365 0.00456002   0.267215 -0.0804744   -9.80503  7062
             180.497 0.620424 -5.87895  26.7391 663.489 775.538  86.266 -0.483469  0.365366   179.506   1.77611 0.0430644 -0.057812 13.7212 6.70836 2.05166 -0.00047989   0.0010708 -0.00131709  -0.487236 -0.0903632 0.00443708   0.267225 -0.0804819   -9.80503  7000
             180.598 0.534842 -5.85975  26.7071 665.149 776.348 86.5167 -0.484064  0.367271   179.502    1.77613  0.0430353 -0.0578518 13.7529  6.7545 2.10833 -0.000451774   0.00102154  -0.00129652  -0.492843 -0.0900006 0.00293093   0.267277 -0.0805157   -9.80503  6811
             180.696 0.532477 -5.86385  26.7197 666.406 776.962  86.707 -0.483782  0.367126   179.499    1.77613   0.043033 -0.0578666 13.7835 6.73653 2.11012 -0.000461588   0.00105431  -0.00130555  -0.495716 -0.0897035 0.00361375   0.267291 -0.0805384   -9.80503  6600
             180.797  0.58332 -5.74041  26.7368 668.078 777.779 86.9604 -0.484165  0.368293   179.495    1.77612  0.0429945 -0.0577883 13.8163 6.74041 2.06127 -0.00044756  0.00105441 -0.00130469   -0.50215 -0.0899251 0.00319145   0.267343 -0.0805788   -9.80503  6583
             180.898 0.589589 -5.65653  26.7284 669.581 778.514 87.1842 -0.484327  0.368447   179.496     1.7761  0.0430009 -0.0577993 13.7495  6.7533 2.02599 -0.00043381  0.00102109  -0.0012908  -0.501403 -0.0896787 0.00269889   0.267339 -0.0805722   -9.80503  6584
             180.998 0.539271 -5.70882  26.7448 671.074 779.246 87.4014 -0.484216  0.368328   179.496    1.77611  0.0430131 -0.0578093 13.7058 6.73954 2.00908 -0.000458079  0.000995336  -0.00127943  -0.499664 -0.0892592 0.00330845    0.26732 -0.0805684   -9.80503  6687
             181.098 0.532897 -5.79677  26.7563 672.555  779.97 87.6214 -0.484564  0.368561   179.496     1.7761  0.0430303 -0.0577663 13.6607  6.6852 2.02179 -0.000424269   0.00100031  -0.00129135  -0.495772 -0.0880248 0.00261692    0.26729 -0.0805468   -9.80503  6969
             181.197 0.504238 -5.83706  26.7929 673.775 780.566 87.8019 -0.484428  0.368405   179.495    1.77607  0.0430589 -0.0577326 13.6126 6.67738 2.04103 -0.000415088  0.000991635  -0.00130849  -0.493062 -0.0870429 0.00372267    0.26726 -0.0805431   -9.80503  7110
             181.298 0.505537  -5.8161  26.7734 675.411 781.367 88.0487 -0.484602  0.368765   179.494    1.77608  0.0430458 -0.0577653 13.6528 6.67955 2.07187 -0.000424195  0.000967665  -0.00128808  -0.497913 -0.0872741 0.00268889   0.267299 -0.0805644   -9.80503  7041
             181.399 0.490172 -5.80813  26.7912 676.887  782.09 88.2704 -0.484461  0.368924   179.494    1.77607  0.0430488 -0.0577654 13.6338 6.68191 2.06191 -0.000381021  0.000998868  -0.00129177  -0.498231  -0.087595 0.00430476   0.267295 -0.0805797   -9.80503  6898
             181.497  0.52063 -5.72116  26.7981 678.396 782.828 88.4953 -0.484316  0.369235   179.493    1.77608  0.0430383 -0.0577364 13.6267 6.69086 2.03175 -0.000412119  0.000992316  -0.00128384  -0.500859 -0.0870883 0.00502446   0.267306 -0.0806055   -9.80503  6706
             181.599 0.554126 -5.70863   26.807 679.858 783.545   88.71 -0.484298  0.369593   179.494     1.7761  0.0430116 -0.0577544 13.5751 6.66881 2.00261 -0.00041395 0.000988916 -0.00128974  -0.497754 -0.0866914 0.00665983   0.267277 -0.0806083   -9.80503  6616
             181.697 0.543487 -5.68071  26.7876 681.338 784.266 88.9265 -0.484562  0.369968   179.494    1.77613  0.0429895 -0.0577681 13.5291 6.64973 1.97351 -0.000407346  0.000960789   -0.0012789  -0.495162 -0.0846807 0.00716557   0.267246 -0.0806124   -9.80503  6614
             181.797 0.544106 -5.70502  26.8059 682.546  784.86 89.1018 -0.484795  0.370577   179.495    1.77613  0.0429728 -0.0577685 13.4854 6.62574 1.96639 -0.000430175   0.00095047  -0.00128819  -0.492267 -0.0845691 0.00828986  0.267224 -0.080612  -9.80503  6741
             181.899 0.507978 -5.72689  26.7879 684.159 785.649 89.3376 -0.484317   0.36944   179.493    1.77614  0.0429972 -0.0577947 13.5063 6.61817 1.98703 -0.000391295  0.000911501  -0.00128216  -0.498118 -0.0845966 0.00653584   0.267265 -0.0806191   -9.80503  7008
             181.997 0.529153 -5.76435  26.7882 685.656 786.381 89.5609 -0.483978  0.368755   179.492    1.77618  0.0430216 -0.0578318  13.508 6.62066 2.00439 -0.000394632  0.000888739  -0.00128082  -0.501762 -0.0839601 0.00445511    0.26729 -0.0806179   -9.80503  7215
             182.099 0.548578 -5.84915  26.7969 687.108  787.09  89.777 -0.484086   0.36884   179.492    1.77614  0.0430048 -0.0577747 13.4717  6.5904 2.03642 -0.000378903  0.000900009   -0.0012816  -0.498891 -0.0832805 0.00547915   0.267267 -0.0806156   -9.80503  7171
             182.197 0.568787 -5.86002   26.801  688.59 787.812 90.0002 -0.483964  0.369074   179.491    1.77611  0.0429894 -0.0577631 13.4448 6.58649 2.06754 -0.000385695  0.000904913  -0.00127772   -0.49864 -0.0821319 0.00659825   0.267258 -0.0806288   -9.80503  7017
             182.299  0.62771 -5.84892  26.8189 690.031 788.519 90.2188 -0.484122  0.368859   179.493   1.77609 0.0429431 -0.057745 13.4027 6.57005 2.04443   -0.000399 0.000917753 -0.00129318  -0.495155 -0.0819823 0.00863223   0.267232 -0.0806272   -9.80503  6814
             182.399 0.516237 -5.74642  26.8181 691.461 789.222 90.4364 -0.484239  0.368566   179.494    1.77611  0.0429585 -0.0578279 13.3479 6.55952 2.03076 -0.000389348  0.000904673   -0.0012811  -0.490667 -0.0819898 0.00991298   0.267206 -0.0806153   -9.80503  6707
             182.499 0.521116 -5.66867  26.8137  692.89 789.923 90.6489 -0.484495    0.3691   179.494    1.77616  0.0429668 -0.0578842 13.3097  6.5392 1.97809 -0.00041975 0.000896345 -0.00127055  -0.488528 -0.0815174  0.0115463   0.267189 -0.0806237   -9.80503  6737
             182.599 0.461847 -5.57301  26.8134 694.325 790.623 90.8607 -0.48452 0.369117  179.494    1.77614  0.0429537 -0.0579324 13.2752 6.52036  1.9297 -0.000366794  0.000833548   -0.0012612 -0.487914 -0.080103 0.0109886    0.26718 -0.0806228   -9.80503  6833
             182.697 0.407349 -5.62122  26.8335  695.79 791.344 91.0741 -0.48393 0.368046  179.494    1.77611  0.0429115 -0.0578973 13.2726 6.52779 1.91453 -0.00035788 0.000821522 -0.00125881  -0.491088 -0.0809671 0.00959322   0.267202 -0.0806167   -9.80503  7113
             182.799 0.492164 -5.71863  26.8488 697.223 792.044  91.282 -0.484218  0.368006   179.494    1.77611  0.0429083 -0.0578746 13.2648 6.52035 1.95128 -0.000344216  0.000807807  -0.00126617  -0.491053 -0.0796904 0.00931463   0.267196 -0.0806208   -9.80503  7325
             182.899 0.510766 -5.79939  26.8489 698.648 792.745 91.4916 -0.484468  0.368434   179.494    1.77608  0.0429023 -0.0578621   13.25 6.51753 1.96981 -0.000335495  0.000801706  -0.00126015  -0.490462 -0.0796854  0.0104158   0.267191 -0.0806265   -9.80503  7365
             182.999 0.58235 -5.8322 26.8566 700.083 793.448 91.7042 -0.484851  0.369082   179.494    1.77604  0.0428677 -0.0578549 13.2561 6.51391 1.99559 -0.000339947  0.000797967  -0.00125609  -0.490973 -0.0788833  0.0119588  0.267186 -0.080643  -9.80503  7226
             183.098 0.551735  -5.8587  26.8767 701.547 794.168 91.9218 -0.485369  0.370588   179.493   1.77599 0.0428426 -0.057912 13.3054 6.54754 2.01862 -0.000303705  0.000863643  -0.00125385  -0.494744 -0.0786854  0.0136339   0.267198 -0.0806745   -9.80503  7057
             183.197 0.575995 -5.75263  26.9056 703.018  794.89 92.1418 -0.485827  0.372277   179.494      1.776  0.0428157 -0.0578866 13.3328 6.56986 2.00506 -0.00032249 0.000912568 -0.00124782  -0.496465 -0.0778738  0.0153627   0.267198 -0.0807024   -9.80503  6971
             183.298 0.570175 -5.59916  26.9552  704.47 795.605 92.3555 -0.486294  0.373869   179.495    1.77605  0.0428183 -0.0579498 13.3126 6.56608  1.9465 -0.000336548  0.000895781  -0.00125196  -0.494367 -0.0771841  0.0167928   0.267182 -0.0807142   -9.80503  6992
             183.399 0.588061 -5.55796  26.9816 705.901 796.303 92.5612 -0.486848  0.374455   179.499   1.77603 0.0428354 -0.058024 13.2814 6.54382 1.87015 -0.000347831  0.000880119  -0.00124649  -0.491538 -0.0745526  0.0167973   0.267156 -0.0807199   -9.80503  7095
             183.497 0.485381 -5.53968  27.0296 707.369 797.025 92.7684 -0.485975  0.371195     179.5    1.77598  0.0427906 -0.0579858 13.2802 6.55603 1.86217 -0.00029629 0.000837583 -0.00124555  -0.494608 -0.0744583  0.0150328   0.267172 -0.0807049   -9.80503  7299
             183.599 0.507652 -5.60878  27.0766 708.794  797.73 92.9721 -0.485084   0.36895   179.499    1.77598   0.042794 -0.0579635  13.255 6.54251 1.87686 -0.000324405  0.000784445  -0.00124251  -0.491989 -0.0743787  0.0127808    0.26717 -0.0806765   -9.80503  7552
             183.697  0.52933 -5.72699   27.097 709.996 798.326 93.1434 -0.484433  0.367363     179.5     1.776 0.0427866 -0.058031 13.2609 6.57409 1.90441 -0.000323526  0.000790612  -0.00124175 -0.494534 -0.074834 0.0121653   0.267184 -0.0806716   -9.80503  7634
             183.797 0.468341 -5.82585  27.1312 711.627 799.136 93.3785 -0.483763  0.364784   179.505    1.77601  0.0427657 -0.0584456  13.374  6.6503 1.96989 -0.000308103  0.000826207  -0.00123681  -0.507788 -0.0757867  0.0114845   0.267228 -0.0806859   -9.80503  7596
             183.899 0.482459 -5.79213  27.1397 713.083 799.858 93.5956 -0.48309 0.363179  179.507    1.77604  0.0427675 -0.0584771 13.3997 6.64839  2.0042 -0.000338834  0.000827269   -0.0012347  -0.510155 -0.0749799  0.0106117   0.267236 -0.0806833   -9.80503  7506
             183.997 0.474596 -5.77391   27.142  714.57 800.598 93.8149 -0.483702  0.364734   179.507    1.77603  0.0427983 -0.0584897 13.4356  6.6845 1.99175 -0.000320846  0.000829981  -0.00124527  -0.51427 -0.075199 0.0110892   0.267244 -0.0806989   -9.80503  7391
             184.099 0.478319  -5.7356  27.1198 716.016 801.317 94.0298 -0.483421  0.363947   179.508    1.77604  0.0427735 -0.0585059 13.4357 6.67357 1.96787 -0.000359064  0.000820127  -0.00124537  -0.512234 -0.0748261  0.0108762  0.267239 -0.080693  -9.80503  7416
             184.197 0.414489 -5.67081  27.1039 717.489 802.045  94.247 -0.482801  0.362048    179.51    1.77605  0.0427584 -0.0585226 13.4549 6.65814 1.95748 -0.000353488  0.000817263   -0.0012465  -0.512427 -0.0741237   0.010024   0.267242 -0.0806838   -9.80503  7593
             184.299 0.481367 -5.64891  27.0908  718.93 802.757 94.4542 -0.483164  0.362423   179.513    1.77605  0.0427332 -0.0585579 13.4435 6.63727 1.91374 -0.000346063  0.000813129  -0.00125057 -0.509541 -0.073656 0.0101341    0.26723 -0.0806866   -9.80503  7850
             184.397 0.454196 -5.64061  27.1043 720.409 803.487 94.6648 -0.482786  0.360671   179.512    1.77605  0.0427353 -0.0585487 13.4449 6.64463 1.88974 -0.000329491  0.000790388   -0.0012556  -0.511009 -0.0738774 0.00944885   0.267238 -0.0806764   -9.80503  8176
             184.497 0.531527 -5.68976  27.1168  721.88 804.215 94.8737 -0.482675  0.358717   179.511    1.77605  0.0427479 -0.0585504 13.4424  6.6437 1.91789 -0.00032776 0.000766688 -0.00125317  -0.510731 -0.0741096 0.00851469   0.267239 -0.0806657   -9.80503  8310
             184.599 0.581168 -5.74916  27.1363  723.32 804.926  95.081 -0.483239  0.358257   179.516    1.77606  0.0427748 -0.0584762 13.4057 6.64956 1.92515 -0.000342436  0.000745664  -0.00125668  -0.506818  -0.073282 0.00798806   0.267225 -0.0806668   -9.80503  8421
             184.698 0.606558 -5.81302  27.1419 724.776 805.652 95.2922 -0.483162  0.358333   179.515    1.77606  0.0427718 -0.0584912 13.4011 6.67293 1.95722 -0.000369528  0.000748449  -0.00124872  -0.507068 -0.0739466 0.00803501   0.267227 -0.0806652   -9.80503  8490
               184.8 0.551467 -5.80427  27.1633 726.199 806.363 95.5011 -0.483227  0.359638   179.515    1.77604  0.0427749 -0.0584769 13.3928 6.69367 1.98397 -0.000350374  0.000726342  -0.00125966  -0.504484 -0.0741182  0.0086067   0.267221 -0.0806702   -9.80503  8606
               184.9 0.569459 -5.80613  27.1617 727.628 807.077 95.7118 -0.483244  0.360278   179.516    1.77604  0.0427744 -0.0584795 13.3873  6.7015 1.97287 -0.00038864 0.000739984  -0.0012656  -0.504818 -0.0738753  0.0089033    0.26722 -0.0806737   -9.80503  8785
             184.999 0.578149 -5.86169  27.0991 729.094 807.809 95.9279 -0.482891  0.357627   179.518    1.77609  0.0428325 -0.0585224 13.4042 6.76049 1.93885 -0.000455722  0.000741689   -0.0012774  -0.510472 -0.0727697 0.00743499   0.267232 -0.0806681   -9.80503  9034
               185.1 0.249528 -5.92485   27.103 730.523 808.524   96.14 -0.482574  0.354605   179.519    1.77614  0.0427336 -0.0585434 13.4712 6.69565 2.05801 -0.000374999  0.000739775  -0.00128411  -0.510882 -0.0725766 0.00588534    0.26723 -0.0806552   -9.80503  9233
             185.199  0.12767 -5.96222  27.0545  731.99 809.252 96.3598 -0.482635  0.355512   179.518    1.77613  0.0427813 -0.0585432 13.5185 6.71585 2.02548 -0.000176807   0.00085196  -0.00127074  -0.512615  -0.072646 0.00620667   0.267236 -0.0806595   -9.80503  9477
               185.3 0.272674 -5.75117  27.0148 733.428 809.967 96.5737 -0.482684  0.355517   179.517    1.77612  0.0427799 -0.0585461 13.5344 6.69794 2.00774 -0.000213978  0.000809598   -0.0012622  -0.512653 -0.0729119 0.00619618   0.267236 -0.0806587   -9.80503  9830
             185.401 0.522319 -5.77845  26.9986 734.866 810.676 96.7839 -0.482936  0.351284   179.517     1.7761  0.0428365 -0.0584752 13.5088  6.7215 1.92576 -0.000325539  0.000793659  -0.00125316  -0.514307 -0.0720684 0.00405382   0.267233 -0.0806441   -9.80503  10286
             185.499 0.615709 -5.79695  26.9849 736.341 811.406 96.9989 -0.483139  0.347109   179.514    1.77609  0.0429091 -0.0584133 13.5205 6.77283 1.93538 -0.000302914  0.000830588  -0.00127847  -0.519045 -0.0712862  0.0018968   0.267238 -0.0806305   -9.80503  10582
               185.6 0.481809 -5.82697  26.9624 737.788 812.124 97.2114 -0.483941  0.342567   179.515    1.77608    0.04293 -0.0583997 13.5317 6.76735 1.99248 -0.000277503  0.000825914  -0.00128069    -0.521592   -0.0694624 -0.000797941   0.267226 -0.0806187   -9.80503  10689
             185.699 0.433647 -5.87483  26.9073 739.269 812.856 97.4338 -0.484645  0.337839   179.515     1.7761  0.0429418 -0.0584188  13.582 6.73921 2.01881 -0.000211271  0.000903848  -0.00126254   -0.525783  -0.0674812 -0.00381682   0.267214 -0.0806086   -9.80503  10492
             185.799  0.39787 -5.83701  26.9313 740.749 813.587 97.6551 -0.484839  0.336538   179.514    1.7761 0.0429337 -0.058415 13.5853 6.71298 2.01796 -0.000154642  0.000937649  -0.00126461   -0.528467  -0.0669429 -0.00469326   0.267214 -0.0806073   -9.80503  10016
               185.9 0.518555  -5.8287  26.9273 742.192 814.297 97.8706 -0.484978   0.33581   179.515    1.77608  0.0429524 -0.0583989 13.5532 6.69248 2.01171 -0.000153215  0.000898943   -0.0012432   -0.527428  -0.0657509 -0.00537295   0.267205 -0.0806053   -9.80503  9417
             185.998 0.499838 -5.84142  26.9953 743.676 815.026  98.095 -0.485736  0.333796   179.513    1.77603  0.0429479 -0.0583862  13.538  6.7333 2.02153 -8.77889e-05   0.00091705  -0.00126476   -0.530431  -0.0638101 -0.00781104   0.267191 -0.0806047   -9.80503  9025
               186.1 0.500679 -5.84137   27.014 745.124 815.741 98.3169 -0.486484  0.332423   179.512   1.77598 0.0429672 -0.058383 13.5264 6.72588 2.03916 -6.26538e-05  0.000900347  -0.00126585  -0.531025 -0.0622443 -0.0106081   0.267171 -0.0806028   -9.80503  8762
             186.199 0.499359  -5.8391  27.0563 746.613 816.476 98.5433 -0.48696 0.332148  179.511    1.77594  0.0429193 -0.0583792 13.5473 6.73019  2.0386 -3.20418e-05  0.000979073  -0.00128578  -0.536195 -0.0604541  -0.012382   0.267165 -0.0806148   -9.80503  8503
               186.3 0.424616 -5.79901  27.0862 748.058 817.193 98.7618 -0.487138  0.332216   179.511    1.77593  0.0429079 -0.0583772 13.5335 6.73102 2.03469  -4.165e-05 0.000952419 -0.00128188   -0.53668 -0.0603041 -0.0130917   0.267161 -0.0806163   -9.80503  8322
             186.401 0.410312 -5.78927  27.0723 749.499 817.906 98.9803 -0.487226  0.332714   179.511    1.77592  0.0428929 -0.0583945  13.528 6.72076 2.04627 -2.12752e-05  0.000949706  -0.00127012  -0.537147 -0.0589757 -0.0141415   0.267153 -0.0806215   -9.80503  8168
             186.499 0.343774 -5.80849  27.0903 750.979 818.643 99.2042 -0.487638  0.333836   179.513     1.7759  0.0428663 -0.0583855  13.535 6.74729 2.03123 -8.54934e-06   0.00101899  -0.00128862  -0.542232 -0.0593793 -0.0150867   0.267152 -0.0806364   -9.80503  8121
             186.601 0.291714 -5.83159  27.0755 752.409 819.358 99.4178 -0.48748 0.332252  179.512    1.77589  0.0429011 -0.0583628 13.5073 6.75326 2.05235 -1.34892e-05  0.000982729  -0.00127851  -0.540943 -0.0603384 -0.0135998   0.267162 -0.0806256   -9.80503  7940
             186.699 0.319327   -5.823  27.0452 753.884 820.094 99.6404 -0.487515  0.332426   179.512    1.77589   0.042932 -0.0583759 13.5427 6.74893 2.06287 -1.83965e-05   0.00104458  -0.00126908  -0.544662 -0.0601064 -0.0130406   0.267171 -0.0806333   -9.80503  7703
               186.8 0.344651 -5.80756  27.0429 755.315 820.804 99.8563 -0.487207  0.330355   179.512    1.77592  0.0429179 -0.0583503 13.4973  6.7286 2.04531 9.19319e-06 0.000988265 -0.00127443  -0.542291 -0.0590368 -0.0118817   0.267175 -0.0806234   -9.80503  7465
               186.9 0.367208 -5.80727  27.0189 756.753 821.517 100.072  -0.4869 0.328429  179.512    1.77594  0.0429076 -0.0583356  13.492 6.71401 2.05172 2.44579e-05  0.00099009 -0.00127208  -0.543208  -0.058274 -0.0103694   0.267186 -0.0806192   -9.80503  7272
             186.999 0.378672 -5.78493  27.0226  758.23  822.25 100.295 -0.486953  0.330227    179.51    1.77593  0.0429287 -0.0583205 13.5184  6.7237 2.05695 4.24152e-05  0.00103522  -0.0012875  -0.547576 -0.0579091 -0.0109315   0.26719 -0.080631  -9.80503  7172
               187.1 0.334725 -5.82284  27.0259 759.669 822.964 100.512 -0.486606   0.32853    179.51    1.77593  0.0429281 -0.0583217 13.4961 6.69839 2.04363 6.48016e-05  0.00100656 -0.00129478   -0.547689  -0.0572722 -0.00983336   0.267197 -0.0806262   -9.80503  7292
             187.199 0.334063 -5.88817  26.9842 761.133 823.689 100.733 -0.486234  0.327806   179.508   1.77592 0.0429398  -0.05835 13.4992 6.69529 2.06233 6.46368e-05  0.00101128 -0.00127652   -0.550251  -0.0568066 -0.00893439   0.267209 -0.0806269   -9.80503  7403
             187.301 0.286946 -5.97786  26.9795 762.557 824.394  100.95 -0.48546 0.324881  179.508    1.77588  0.0429487 -0.0583335 13.4783 6.67323 2.09924 0.000104269 0.000973416 -0.00128553   -0.549549   -0.056105 -0.00738749    0.26722 -0.0806157   -9.80503  7496
             187.401 0.316595 -6.08023  26.9368 763.991 825.103 101.171 -0.484496  0.322518   179.506     1.7758  0.0429519 -0.0583684 13.4782   6.669  2.1177 0.000100361 0.000995767 -0.00126668   -0.551669  -0.0559628 -0.00545003    0.26724 -0.0806078   -9.80503  7520
             187.499 0.368226 -6.11249  26.8953 765.469 825.834   101.4 -0.483513  0.321551   179.501     1.7757  0.0429508 -0.0584512 13.5165 6.70217 2.15012 7.67689e-05  0.00109032 -0.00123997   -0.557009   -0.056491 -0.00302015   0.267275 -0.0806084   -9.80503  7321
               187.6 0.307908 -6.05205    26.92 766.905 826.544 101.626 -0.481416  0.316745   179.502    1.77568  0.0429625 -0.0584593 13.5063 6.70075 2.17238  0.00011822  0.00108526 -0.00124942    -0.556633   -0.0563223 -0.000139664   0.267302 -0.0805895   -9.80503  7087
             187.698 0.336468 -5.94153  26.9094 768.373 827.268 101.855 -0.479323   0.31397   179.502    1.77573  0.0429559 -0.0584352 13.4999 6.70353 2.11896 0.000124224  0.00110596 -0.00124183  -0.558073 -0.0551744 0.00230073   0.267328 -0.0805841   -9.80503  6939
               187.8 0.320869 -5.83414   26.911 769.804 827.974 102.076 -0.477947  0.311032   179.504    1.77581  0.0429658 -0.0585394 13.4484 6.67158 2.05752 0.000158496  0.00102025 -0.00124677  -0.555917 -0.0539206  0.0041027   0.267339 -0.0805744   -9.80503  6945
               187.9 0.30222 -5.8779 26.8979 771.238  828.68 102.291 -0.477249  0.309197   179.504    1.77586  0.0429683 -0.0585536 13.4178 6.64433 2.03206 0.000177976 0.000965453 -0.00123783  -0.555891 -0.0524546 0.00577798   0.267352 -0.0805735   -9.80502  7000
                 188  0.26776 -6.00876  26.9013 772.678 829.391 102.507 -0.477067  0.309125   179.503    1.77585  0.0429564 -0.0585888  13.439 6.63472  2.0512 0.000213801   0.0010083 -0.00123816  -0.559517 -0.0519902  0.0063363   0.267364 -0.0805819   -9.80502  7100
             188.101 0.283235 -6.09679  26.9028 774.118 830.097 102.726 -0.476764  0.308278   179.501    1.77582  0.0429355 -0.0586401 13.4716 6.63871 2.08471 0.000218608  0.00106445 -0.00123429  -0.563061 -0.0502194 0.00773951   0.267382 -0.0805905   -9.80502  7264
             188.199 0.264848 -6.07779  26.9193 775.594 830.824 102.952 -0.476434   0.30821   179.499    1.77581   0.042902 -0.0586893 13.5225 6.66812  2.1334 0.000227907  0.00116094 -0.00124456     -0.569 -0.0504677 0.00890478   0.267407 -0.0806036   -9.80502  7242
             188.299 0.219849  -6.0264  26.9309 777.049 831.539 103.177 -0.475588  0.307111   179.498    1.77582    0.04292 -0.0586987 13.5138 6.66614 2.09593 0.000227186  0.00117944 -0.00124615  -0.569973 -0.0492599  0.0107335   0.267427 -0.0806061   -9.80502  6980
               188.4  0.21227 -5.97623  26.9421 778.488 832.247 103.396 -0.474562  0.305795   179.498    1.77588    0.04294 -0.0586959 13.4995 6.64298 2.07798 0.000243389  0.00117923 -0.00125487  -0.570655 -0.0491847  0.0133056   0.267459 -0.0806073   -9.80502  6732
               188.5 0.174204 -5.98712  26.9334 779.929 832.955 103.614 -0.474297  0.305637   179.497    1.77589  0.0429434 -0.0586908 13.4887  6.6389 2.05904 0.000252752  0.00117015 -0.00124928  -0.572159 -0.0484827  0.0139977   0.267469 -0.0806128   -9.80502  6539
               188.6 0.189897 -6.03719   26.906 781.364 833.663 103.833 -0.474262  0.305615   179.497    1.77588  0.0429447 -0.0586933 13.4533 6.62046 2.05071 0.000232236  0.00113938 -0.00124495  -0.572049 -0.0490311  0.0140324    0.26747 -0.0806112   -9.80502  6573
             188.699 0.164642 -6.08888  26.9227 782.805 834.376 104.054 -0.474037  0.305368   179.498    1.77588  0.0429506 -0.0586946 13.3998 6.58949 2.08465 0.000234613  0.00112015 -0.00126353  -0.571998 -0.0498908  0.0145168  0.267478 -0.080609  -9.80502  6671
               188.8 0.171702 -6.12725  26.8916 784.221 835.069 104.275 -0.473336  0.304405   179.498    1.77589  0.0429484 -0.0586686 13.3291 6.53703 2.11707 0.000232591  0.00110526 -0.00124826  -0.570003 -0.0488529  0.0154737   0.267487 -0.0806036   -9.80502  6870
             188.899 0.183572 -6.07886  26.8729 785.662 835.777 104.505 -0.473101  0.304103   179.498    1.77589  0.0429497 -0.0586704  13.245 6.52241 2.11101  0.00024336  0.00115674 -0.00124394  -0.571207 -0.0491778  0.0160179   0.267497 -0.0806055   -9.80502  7023
                 189 0.134772 -5.96943  26.8814 787.058 836.465 104.726 -0.472731  0.303423   179.498     1.7759  0.0429501 -0.0586986 13.1632 6.49314 2.05738 0.000223258  0.00107853 -0.00125146  -0.569335 -0.0489677   0.016353   0.267499 -0.0805991   -9.80502  7040
             189.102 0.0837182  -6.03578   26.8794 788.437 837.146  104.94 -0.47347 0.304919    179.5    1.77588  0.0429411 -0.0586921 13.1353 6.46877 2.01316 0.000246245  0.00101576 -0.00124872  -0.569577 -0.0493278  0.0154705   0.267485 -0.0806044   -9.80502  6846
               189.2 0.123754 -6.20482   26.867 789.846 837.841 105.157 -0.474357  0.307484     179.5     1.7759  0.0429457 -0.0587485 13.1689 6.49336 2.01516 0.000209716  0.00107481  -0.0012181 -0.572232 -0.049939 0.0142374    0.26747 -0.0806187   -9.80502  6658
             189.302  0.14321 -6.24866  26.8893  791.24 838.526 105.371 -0.47357 0.305989  179.497    1.77587  0.0429256 -0.0587851 13.2059 6.51509 2.06308 0.000263866  0.00116217 -0.00120468  -0.575481 -0.0496447  0.0151647   0.267493 -0.0806193   -9.80502  6493
             189.402  0.14552 -6.16674  26.9484 792.618 839.208 105.583 -0.47311 0.304977  179.497    1.77588  0.0429157 -0.0587882 13.1944 6.54114 2.03508 0.000243699  0.00118856 -0.00120585  -0.576165 -0.0501493  0.0157598   0.267504 -0.0806172   -9.80502  6525
             189.502 0.206694 -6.03225  26.9984 794.014 839.896 105.799 -0.47387 0.306663  179.494    1.77582  0.0429216 -0.0587448 13.1759 6.54165 2.00409  0.00018916  0.00121915 -0.00120271  -0.577606 -0.0487168  0.0146636  0.267488 -0.080625  -9.80502  6656
             189.602 0.158471 -5.98106  27.0494 795.408 840.584  106.01 -0.474855  0.308744   179.493    1.77573  0.0429191 -0.0587208 13.1502 6.53105 1.94751 0.000233214  0.00120188 -0.00121867 -0.578846 -0.047079  0.013145   0.267464 -0.0806321   -9.80502  6850
               189.7 0.093712 -6.02681  27.0395 796.836 841.292 106.225 -0.475578  0.311245   179.491    1.77566  0.0428828 -0.0586726 13.1643 6.56156 1.96165 0.000216309  0.00124753 -0.00119868  -0.584224 -0.0463486  0.0106665   0.267435 -0.0806415   -9.80502  7058
             189.801 0.0628451  -6.16305   27.0425 798.235 841.986 106.437 -0.47584  0.31244   179.49    1.77567   0.042868 -0.0586952 13.1635 6.56274 1.99357 0.000227965  0.00127785 -0.00119846  -0.586673 -0.0458674  0.0094162   0.267419 -0.0806463   -9.80502  7111
             189.902 0.00264007   -6.28981    27.0276 799.621 842.676 106.651  -0.4759 0.314244   179.49    1.77574  0.0428349 -0.0587246 13.1765 6.56767 2.05281 0.000261384  0.00128593  -0.0011913  -0.587914 -0.0456557 0.00729685    0.26739 -0.0806478   -9.80502  6935
                 190 0.0117679  -6.35491   27.0621 801.045 843.384 106.876 -0.476115  0.315371   179.489    1.77576  0.0428252 -0.0588064 13.2282 6.59149 2.09455 0.000242777  0.00140929 -0.00120774  -0.592387 -0.0456381  0.0064351   0.267381 -0.0806553   -9.80502  6720
             190.102 -0.0311871   -6.30809    27.0578 802.428  844.07 107.096 -0.475867  0.315219    179.49    1.77576  0.0428277 -0.0588139 13.2213  6.5866 2.08293 0.000304107  0.00142471 -0.00120399    -0.5921 -0.0445952 0.00648107  0.267381 -0.080656  -9.80502  6592
               190.2 -0.0326455   -6.22275    27.0635 803.846 844.772 107.319 -0.475547  0.315426   179.491    1.77577  0.0428288 -0.0588066 13.2095 6.57619 2.06136 0.000265841  0.00143443 -0.00120211  -0.594047 -0.0432718 0.00569807   0.267371 -0.0806564   -9.80502  6540
             190.302 -0.029171   -6.1758   27.0466 805.231  845.46 107.536 -0.474931   0.31435   179.492    1.77572  0.0428268 -0.0588094 13.1961 6.57877 2.02713 0.000264474  0.00138997 -0.00120566  -0.593966 -0.0428783 0.00331944    0.26734 -0.0806368   -9.80502  6614
             190.402 -0.120953  -6.16989    27.034 806.615 846.148 107.752 -0.474439  0.312979   179.493    1.77569  0.0427892 -0.0588055 13.1962 6.57445 2.02974 0.000304894  0.00139362   -0.001224   -0.595469  -0.0423817 0.000986526   0.267308 -0.0806174   -9.80503  6767
             190.502 -0.0808478   -6.19766    26.9541 808.008 846.835 107.966 -0.474294  0.312013   179.493     1.7757  0.0428015 -0.0587906  13.212 6.53978 2.01189 0.000296889  0.00139856 -0.00120026    -0.597494   -0.0410663 -0.000361003   0.267289 -0.0806096   -9.80503  7000
             190.602 -0.0364748   -6.22268    26.9302 809.412  847.53 108.185 -0.473559  0.309065   179.489    1.77568  0.0428647 -0.0588074 13.2332 6.55582 2.04481  0.00030622  0.00144371 -0.00120703   -0.602043   -0.041759 -0.00349039   0.267252 -0.0805769   -9.80503  7151
               190.7 -0.0595152   -6.26842    26.8955 810.839 848.232 108.407 -0.473373  0.307129   179.486    1.77569  0.0429027 -0.0588154 13.2422  6.5509 2.05132 0.000319412  0.00148752 -0.00120733   -0.606231  -0.0410491 -0.00534426   0.267229 -0.0805605   -9.80503  7053
             190.802 -0.00909827    -6.36809     26.8329 812.229 848.916 108.624 -0.473565  0.306116   179.487    1.77573  0.0429141 -0.0587937 13.2421 6.53705 2.06612  0.00033235  0.00148748 -0.00119853   -0.606302  -0.0399499 -0.00610845   0.267214 -0.0805558   -9.80503  6803
               190.9 -0.0546043    -6.3514    26.8308  813.65 849.615  108.85 -0.473872  0.303535   179.483    1.77576  0.0429372 -0.0588066  13.257 6.54085 2.11342 0.000341323  0.00150345 -0.00122132   -0.609612   -0.039453 -0.00813996   0.267186 -0.0805368   -9.80503  6623
                 191 -0.0170101   -6.35899    26.7938 815.067 850.308 109.076 -0.474103   0.30175   179.482   1.77577 0.0429621 -0.058803 13.2805 6.51767  2.1065 0.000335322  0.00152226 -0.00122098   -0.611574  -0.0381846 -0.00944484   0.267164 -0.0805264   -9.80503  6537
             191.102 -0.0492657   -6.30869    26.7636 816.458 850.987 109.299 -0.47412 0.301316  179.485    1.77577  0.0429638 -0.0588153 13.2803 6.49577 2.12208 0.000388103  0.00150623 -0.00122834   -0.610695  -0.0372518 -0.00965822   0.267156 -0.0805251   -9.80503  6629
               191.2 -0.0471554   -6.24041    26.7367 817.872 851.677 109.523 -0.473639  0.302387   179.485    1.77578   0.042965 -0.0588141 13.2796 6.46885 2.10332 0.000389395  0.00150252   -0.001235   -0.610677  -0.0371503 -0.00903211   0.267167 -0.0805325   -9.80503  6732
             191.302 0.0355637  -6.19654   26.6878 819.266 852.353 109.742 -0.473945  0.301555   179.485    1.77577  0.0429762 -0.0587968 13.2702 6.43908 2.05771 0.000381643  0.00145891  -0.0012215   -0.611266  -0.0361724 -0.00953299   0.267156 -0.0805302   -9.80503  6924
             191.402 0.0343855  -6.25863   26.6787 820.671 853.032  109.96 -0.474683  0.299829    179.48    1.77576  0.0429827 -0.0587821 13.2758 6.44198 2.06819 0.000414927  0.00146671 -0.00122297  -0.614615 -0.0352791  -0.010625   0.267141 -0.0805257   -9.80503  7160
               191.5 0.0544061   -6.3557   26.6879 822.088 853.718 110.183 -0.475551  0.298391   179.478    1.77576  0.0429869 -0.0587867 13.2899 6.45468 2.11441 0.000403915  0.00150451 -0.00122944  -0.615889 -0.0347786  -0.011555   0.267125 -0.0805213   -9.80503  7091
             191.602 0.0676577   -6.3077   26.6576 823.468 854.392 110.404 -0.475231   0.29905   179.482    1.77577  0.0429936 -0.0587886 13.2589 6.45884 2.12308 0.000392248  0.00146702 -0.00121103   -0.61346 -0.0351423 -0.0111101   0.267128 -0.0805196   -9.80503  6952
               191.7 -0.00508566      -6.286     26.6599 824.877 855.081 110.628 -0.474282  0.300591   179.481    1.77578  0.0430055 -0.0587809 13.2426 6.46147 2.11179 0.000380344  0.00145632 -0.00119933  -0.613296 -0.0357146 -0.0100903   0.267148 -0.0805259   -9.80503  6779
             191.802 -0.00244809    -6.27333     26.6936 826.259 855.755 110.847 -0.473654  0.301636   179.483    1.77578  0.0430265 -0.0587896 13.2114 6.45771 2.09889 0.000387679  0.00141336 -0.00121042   -0.611791  -0.0355977 -0.00940187   0.267156 -0.0805277   -9.80503  6652
               191.9 -0.0167853   -6.26791    26.6677 827.666 856.443 111.071 -0.473401  0.302176   179.482    1.77578  0.0430279 -0.0587817 13.2013 6.47054 2.11758 0.000391921  0.00141545 -0.00118096   -0.612605  -0.0359415 -0.00901138   0.267166 -0.0805321   -9.80503  6652
                 192 -0.00996056    -6.26221     26.6732 829.074 857.129 111.294 -0.472817  0.303451   179.483   1.77578 0.0430398 -0.058784  13.193 6.46708 2.10847 0.000384716  0.00140468 -0.00117848   -0.612426  -0.0350248 -0.00810314   0.267174 -0.0805411   -9.80503  6738
             192.102 -0.0504517   -6.25757    26.7008 830.455 857.804 111.514 -0.472501  0.304134   179.484    1.77578  0.0430601 -0.0587933  13.166 6.45508 2.09693 0.000411513  0.00134831  -0.0011969   -0.611224  -0.0342938 -0.00760947   0.267175 -0.0805425   -9.80503  6904
               192.2 -0.0681691   -6.31549    26.6998  831.86 858.489 111.737 -0.472266  0.305038   179.484    1.77576  0.0430762 -0.0587991 13.1575 6.43768 2.11159 0.000440145  0.00132435 -0.00119996   -0.611086  -0.0332223 -0.00687435   0.267178 -0.0805501   -9.80503  7172
               192.3 -0.101837  -6.39667   26.6915 833.265 859.172 111.961 -0.472062  0.306529   179.484    1.77572  0.0431023 -0.0588172 13.1786 6.43859 2.13543 0.000444972   0.0013606 -0.00119163   -0.612002  -0.0320951 -0.00558594  0.267189 -0.080565  -9.80503  7242
               192.4 -0.119844  -6.34157   26.7135 834.667 859.853 112.188 -0.471642  0.308338   179.485     1.7757  0.0431506 -0.0588199 13.1806  6.4218 2.16843 0.000488727  0.00136305 -0.00121415   -0.610803  -0.0309239 -0.00379477     0.2672 -0.0805743   -9.80503  7122
               192.5 -0.136734  -6.25824   26.6892 836.052 860.531 112.409 -0.471415  0.311616   179.486   1.77573 0.0432311  -0.05884 13.1386  6.4149 2.11837 0.000450038  0.00131667 -0.00120003    -0.607089   -0.0312047 -0.000323732   0.267226 -0.0805817   -9.80503  6947
             192.601 -0.148646  -6.21181   26.7068 837.424 861.201 112.626 -0.471446  0.314206   179.486    1.77577  0.0432876 -0.0588554 13.0926 6.40276 2.08035  0.00045494  0.00127425 -0.00122142     -0.605 -0.0312441 0.00256207   0.267247 -0.0805938   -9.80503  6810
               192.7 -0.207486  -6.24045   26.6775 838.817 861.879 112.846 -0.47152  0.31439  179.486    1.77578  0.0432913 -0.0588609  13.074 6.38477 2.06493 0.000461708  0.00123666 -0.00120602  -0.605616 -0.0302909 0.00271528   0.267245 -0.0806009   -9.80503  6748
               192.8 -0.163002  -6.31919   26.6584 840.205 862.557 113.063 -0.471677  0.315314   179.486    1.77575  0.0433022 -0.0588606 13.0608 6.38194 2.08668 0.000439906  0.00124082 -0.00120368  -0.605344 -0.0303236 0.00432079   0.267257 -0.0806086   -9.80503  6844
             192.901 -0.257722  -6.29611   26.6748 841.592 863.232 113.283 -0.471851  0.316292   179.485    1.77573  0.0433551 -0.0588664 13.0336 6.36909 2.12072 0.000475673  0.00127908 -0.00121712  -0.605047 -0.0297376 0.00652162  0.267271 -0.080622  -9.80503  7016
             193.001 -0.302754  -6.20839   26.6338 842.974 863.904 113.505 -0.471829  0.316465   179.484    1.77575  0.0433747 -0.0588726 12.9787  6.3328 2.09358 0.000487432  0.00127588  -0.0011977   -0.60593 -0.0287041 0.00722379   0.267275 -0.0806327   -9.80503  7238
             193.102 -0.279749  -6.15486    26.644  844.32 864.561  113.72 -0.471877   0.31606   179.485    1.77578  0.0433898 -0.0588866 12.8789 6.28342 2.06595 0.000469687  0.00122144  -0.0012033  -0.604706 -0.0290333 0.00871929   0.267283 -0.0806345   -9.80503  7558
               193.2 -0.270395  -6.20246   26.6232 845.689  865.23 113.938 -0.471812  0.315673   179.485    1.77578  0.0433915 -0.0588911 12.8022 6.25549 2.06629 0.000498447  0.00120064 -0.00119764  -0.606023 -0.0293507 0.00919853 0.267291 -0.08064 -9.80503  7559
             193.302 -0.240814   -6.2769   26.6485 847.034 865.888 114.155 -0.471785  0.314945   179.487   1.77578 0.0433838 -0.058917 12.7443 6.23462 2.07308 0.000451516  0.00120397 -0.00121273  -0.607447 -0.0300115 0.00979033   0.267299 -0.0806453   -9.80503  7492
             193.402 -0.206455  -6.29868   26.6147 848.378  866.54 114.374 -0.471228  0.313697   179.481    1.77577   0.043362 -0.0589007 12.7034 6.19724 2.10317 0.000497151  0.00124306  -0.0011892   -0.60909 -0.0287702  0.0104398   0.267308 -0.0806492   -9.80503  7584
               193.5 -0.162031  -6.25631     26.61 849.749 867.203 114.597 -0.470187  0.310719   179.472    1.77577  0.0433092 -0.0588856 12.6541   6.198 2.07234 0.000526485  0.00133729 -0.00117566  -0.614342 -0.0275078   0.011883   0.267334 -0.0806632   -9.80502  7877
             193.602 -0.159061  -6.13642   26.6354 851.068 867.848 114.812 -0.469915  0.308574   179.472    1.77578  0.0432938 -0.0588954 12.5566 6.15916 2.03323  0.00049279  0.00129202 -0.00116198  -0.613493 -0.0273954  0.0125337   0.267335 -0.0806554   -9.80502  8146
             193.702 -0.162014  -6.08347    26.701 852.384 868.486 115.024 -0.46976 0.311509  179.458     1.7757   0.043295 -0.0588888 12.4553 6.11766  1.9968 0.000535852  0.00126712 -0.00116655 -0.613089 -0.024717 0.0117163   0.267333 -0.0806571   -9.80502  8244
             193.802 -0.184896  -6.06953    26.751   853.7 869.128 115.235 -0.469967  0.315488   179.452    1.77565  0.0432826 -0.0588715 12.3801 6.07524 1.96926 0.000528448  0.00126124  -0.0011583  -0.614842 -0.0236219   0.010791   0.267334 -0.0806721   -9.80502  8332
             193.902 -0.230309  -6.15527   26.8159 855.006 869.769 115.445 -0.470454  0.323522   179.453    1.77564  0.0432752 -0.0588754  12.317  6.0698 1.94501 0.000598966  0.00127005   -0.001184  -0.616025 -0.0235686 0.00903282   0.267328 -0.0806976   -9.80502  8163
             194.001 -0.204464  -6.23723   26.8133 856.321 870.409 115.655 -0.470463  0.324134   179.442    1.77561   0.043232 -0.0589146 12.2953  6.0463 2.01255 0.000591294  0.00132954 -0.00114738  -0.619678  -0.021762 0.00904608  0.267339 -0.080711  -9.80502  8013
             194.103 -0.182168  -6.22243   26.8752 857.591  871.03  115.86 -0.470059  0.317646   179.435     1.7756   0.043187 -0.0589143 12.2317 6.04086 2.00286 0.000617749  0.00136842 -0.00116931  -0.621577 -0.0204919  0.0103945    0.26735 -0.0806975   -9.80502  7893
             194.202 -0.234908   -6.1259   26.9068 858.883 871.661 116.068 -0.469954  0.318826   179.426    1.77558  0.0431575 -0.0589255 12.2183 6.02085 1.95409 0.000598134  0.00133117 -0.00116243 -0.623695 -0.018597  0.010275   0.267357 -0.0807057   -9.80502  7427
             194.303 -0.242315  -6.21045    26.893 860.159 872.291 116.272 -0.47007 0.329482  179.426    1.77557  0.0431737 -0.0589488 12.1889 6.02031 1.90666 0.000611617  0.00134288  -0.0011653  -0.626043 -0.0186172 0.00834235   0.267357 -0.0807409   -9.80502  6951
             194.403 -0.360923  -6.38857   26.9468 861.442 872.923 116.474 -0.470021  0.326273   179.426    1.77554  0.0431773 -0.0590441  12.222 6.00515 1.96478 0.000639978  0.00141779 -0.00118652   -0.63154  -0.018509 0.00923318   0.267369 -0.0807462   -9.80502  6533
             194.503 -0.317421  -6.46422   26.9395  862.73 873.554 116.678 -0.469957  0.318324   179.423    1.77546  0.0431783 -0.0591363 12.2717 6.03893 1.99219 0.000653072  0.00147808 -0.00117826  -0.637451 -0.0177929  0.0112686   0.267385 -0.0807385   -9.80502  6294
             194.603 -0.268464   -6.4896   26.9291 864.023  874.19 116.886 -0.469949  0.314212   179.421   1.77541 0.0431759 -0.059203 12.2966 6.07383 1.99234 0.000635218  0.00151843 -0.00116612  -0.642303 -0.0178104  0.0126552   0.267396 -0.0807381   -9.80502  6166
             194.701 -0.252688  -6.52612   26.9676 865.326 874.829 117.098 -0.46988 0.315763   179.42    1.77541  0.0431812 -0.0592226 12.3048 6.07177 2.00574 0.000648512  0.00151773 -0.00118245 -0.644298  -0.01705 0.0124657   0.267399 -0.0807455   -9.80502  6157
             194.803 -0.219744  -6.55245   26.9658 866.598 875.456 117.304 -0.469882  0.312248    179.42    1.77539  0.0431545 -0.0592165 12.2943 6.08262 2.02297 0.000616311   0.0015134 -0.00117696  -0.645112 -0.0167022  0.0138118   0.267404 -0.0807413   -9.80502  6113
             194.903 -0.239012  -6.55546   27.0053  867.88 876.087 117.515  -0.4698 0.312858   179.42    1.77539  0.0431589 -0.0592175 12.2837 6.08191 2.01255 0.000640704  0.00151353 -0.00120743  -0.646072 -0.0160929  0.0137657   0.267405 -0.0807445   -9.80502  6097
             195.002 -0.255156  -6.56388   26.9705 869.175 876.726 117.726 -0.469758  0.313594    179.42     1.7754  0.0431709 -0.0592179 12.2882 6.08226 2.02669  0.00061019  0.00152273 -0.00118146 -0.647534 -0.015346 0.0138966   0.267407 -0.0807496   -9.80502  6081
             195.105 -0.299144  -6.56347    26.971 870.424  877.34 117.931 -0.469741  0.313473   179.423    1.77542  0.0431769 -0.0592336 12.2816 6.07487 2.00592 0.000656685   0.0015136 -0.00118842  -0.647392 -0.0142782  0.0141349   0.267406 -0.0807525   -9.80502  6069
             195.204 -0.325343  -6.58333   26.9981 871.693 877.967 118.138 -0.469692  0.314042   179.423    1.77542  0.0431808 -0.0592301 12.2805 6.08026 2.00717 0.000632422  0.00150591 -0.00120053  -0.648436 -0.0140869  0.0138943   0.267405 -0.0807535   -9.80502  5985
             195.305 -0.313908  -6.64794   26.9764 872.955 878.591 118.343 -0.46964 0.315316  179.421    1.77542  0.0431956 -0.0592281 12.2833 6.08402 2.00112 0.000616468  0.00151359 -0.00118757  -0.650656 -0.0139701  0.0137151   0.267407 -0.0807565   -9.80502  5972
             195.404 -0.350124  -6.71754   26.9568 874.231  879.22 118.552 -0.46946  0.31669   179.42    1.77543  0.0432212 -0.0592404 12.3053 6.11138 2.03622 0.000616553  0.00153411 -0.00116944  -0.654565 -0.0135083  0.0130555  0.267404 -0.080758  -9.80502  5956
             195.503 -0.37198 -6.76772  26.9776 875.512 879.852 118.765 -0.469314   0.31667    179.42    1.77544  0.0432256 -0.0592505 12.3313 6.10401 2.06888 0.000622509  0.00155514 -0.00118551   -0.65668 -0.0128473  0.0124878   0.267399 -0.0807565   -9.80502  5941
             195.605 -0.371125  -6.74215   26.9782 876.774 880.473 118.975 -0.469656  0.321282   179.422    1.77544  0.0432535 -0.0592477 12.3405 6.11885 2.08836 0.000630265  0.00161931 -0.00118897  -0.656629 -0.0117171  0.0139094   0.267416 -0.0807766   -9.80502  5936
             195.703 -0.388141  -6.56106   26.9632 878.055 881.107  119.19 -0.469727  0.323656   179.422    1.77548  0.0432691 -0.0592069 12.3273 6.11019 2.06151 0.000592733  0.00165157 -0.00119342  -0.658174 -0.0113109  0.0142937   0.267422 -0.0807858   -9.80502  5940
             195.805 -0.45335 -6.38411  26.9556 879.303  881.72 119.396 -0.469703  0.323353   179.425    1.77547  0.0432711 -0.0592354 12.2649 6.07416 1.99176   0.0005951  0.00160158 -0.00120873  -0.657957 -0.0100215  0.0142001   0.267418 -0.0807866   -9.80502  5939
             195.904 -0.487742  -6.33063   26.8983 880.571 882.341 119.601 -0.46958 0.319498  179.425     1.7754  0.0432534 -0.0591827 12.2216 6.01004 1.94303  0.00059019  0.00156993 -0.00119938   -0.661102 -0.00856655   0.0128343   0.267397 -0.0807699   -9.80502  5960
             196.004 -0.51512 -6.37959  26.8791 881.835 882.961 119.803 -0.469559  0.313971   179.424    1.77531   0.043216 -0.0591465 12.1605 5.96835 1.93407 0.000614998  0.00153341 -0.00121183   -0.664364 -0.00796761   0.0109459   0.267368 -0.0807456   -9.80502  5970
             196.105 -0.524943  -6.48264   26.8601  883.08 883.568 120.003 -0.469721  0.310065   179.422   1.77528 0.0431932 -0.059137 12.1218 5.91359 1.95733 0.000600799  0.00152481 -0.00120473    -0.66751 -0.00751139  0.00946026   0.267344 -0.0807291   -9.80502  5940
             196.204 -0.462129  -6.52048   26.8322 884.336 884.183 120.209 -0.469331  0.308674   179.421    1.77526  0.0431974 -0.0591627  12.081 5.90075 2.00379 0.000625854  0.00157978 -0.00121183   -0.670657 -0.00826559   0.0090611   0.267341 -0.0807207   -9.80502  5975
             196.305 -0.432919   -6.3824   26.7978 885.561 884.782 120.414 -0.46916 0.309004  179.421    1.77526  0.0431955 -0.0591641 11.9887 5.85991 2.00782 0.000575277  0.00157761 -0.00119605   -0.670572 -0.00833563    0.009305  0.267345 -0.080722  -9.80502  5966
             196.405 -0.420309  -6.30022   26.8018 886.781 885.375 120.615 -0.468709   0.30867   179.415    1.77527  0.0431851 -0.0591337 11.8824 5.79308 1.93653 0.000571325  0.00157079 -0.00120933   -0.672086 -0.00733114  0.00939258   0.267352 -0.0807183   -9.80502  5981
             196.504 -0.417988  -6.25763   26.7613 888.003 885.968 120.816 -0.470735  0.308609    179.41    1.77516  0.0431995 -0.0591089 11.7668  5.7342 1.90191 0.000559805  0.00152141 -0.00118158   -0.673983 -0.00637494  0.00722435   0.267315 -0.0807155   -9.80502  6055
             196.605 -0.403337  -6.32509   26.7864 889.215 886.558 121.012 -0.471337  0.307838   179.407    1.77513   0.043195 -0.0591122 11.6638 5.68669 1.88481 0.000550583  0.00150728  -0.0011821   -0.678018 -0.00636729  0.00625293   0.267301 -0.0807123   -9.80503  6117
             196.704 -0.411717  -6.40387   26.7897 890.417 887.149 121.208 -0.472791  0.308879   179.414    1.77514  0.0432094 -0.0591431 11.5389 5.65383 1.87641 0.000576519  0.00150125 -0.00118413   -0.680796 -0.00753033  0.00500885   0.267274 -0.0807216   -9.80503  6112
             196.805 -0.384241  -6.44136   26.7713 891.581 887.724   121.4 -0.473519  0.309847   179.425    1.77516  0.0432337 -0.0591507 11.4285 5.60762 1.90398 0.000547991  0.00151704 -0.00117328   -0.680332 -0.00882155   0.0046951    0.26726 -0.0807306   -9.80503  6061
             196.904 -0.344681  -6.38913   26.7782 892.758 888.296 121.595 -0.472055  0.306809   179.409    1.77513  0.0431873 -0.0591498 11.3062 5.56261 1.89414  0.00055801  0.00154389 -0.00116873   -0.683408 -0.00736469  0.00523766   0.267283 -0.0807129   -9.80503  6126
             197.005 -0.408304  -6.30041   26.8498  893.91 888.858 121.787 -0.471492  0.306084   179.399    1.77511  0.0431611 -0.0591552 11.1702 5.49046 1.85412 0.000525726  0.00152182 -0.00120368     -0.6847 -0.00635878  0.00535238   0.267294 -0.0807057   -9.80503  6085
             197.106 -0.418355  -6.29165    26.846 895.039 889.405 121.973  -0.4717 0.308313  179.383    1.77507   0.043119 -0.0591632 11.0574  5.3904 1.79481 0.000529361  0.00146616 -0.00119686    -0.68675 -0.00474506  0.00492622   0.267301 -0.0807088   -9.80503  5963
             197.205 -0.400772  -6.36913   26.8317 896.173 889.954 122.157 -0.471782  0.309477   179.371    1.77505  0.0430886 -0.0591825 10.9538 5.33207 1.78711 0.000531092  0.00144163 -0.00119398   -0.689263 -0.00366449  0.00473596   0.267308 -0.0807113   -9.80502  5936
             197.306  -0.4066 -6.46252  26.8292 897.281 890.496 122.341 -0.473265  0.314765   179.377    1.77506  0.0430922 -0.0592124  10.845 5.28591 1.79769 0.000529316  0.00147062 -0.00121247    -0.69056 -0.00417476  0.00399586   0.267294 -0.0807381   -9.80503  5914
             197.405 -0.36639 -6.43435  26.7736  898.37 891.029 122.521 -0.471623  0.306361   179.383    1.77506  0.0430957 -0.0592184 10.6971 5.23175 1.79173  0.00049094  0.00144471 -0.00121382   -0.692379 -0.00509695   0.0051004   0.267305 -0.0807084   -9.80503  5890
             197.505 -0.40895 -6.44928  26.6783  899.47  891.57 122.706 -0.471787  0.304834   179.393    1.77502  0.0431648 -0.0592351 10.5932  5.1549 1.77348  0.00050464   0.0014047 -0.00120798   -0.697031 -0.00666694  0.00543582   0.267305 -0.0807142   -9.80502  5858
             197.606 -0.418808  -6.48097   26.6099 900.531 892.083 122.884 -0.472012    0.3074   179.385    1.77503  0.0431541 -0.0592451 10.4756 5.06193 1.76591 0.000537971  0.00137442 -0.00122164   -0.697235 -0.00581594  0.00516868   0.267309 -0.0807218   -9.80502  5855
             197.705 -0.382973  -6.53992   26.5219   901.6 892.599 123.064 -0.471501  0.305374   179.384    1.77502   0.043193 -0.0592715 10.3745 4.98805 1.74974 0.000520642  0.00135474 -0.00121052     -0.7002 -0.00612895  0.00555056   0.267318 -0.0807173   -9.80502  5844
             197.805 -0.368845  -6.57361   26.4701 902.641 893.101 123.241 -0.472745  0.310763   179.384    1.77502   0.043194 -0.0592731 10.2501 4.91169 1.74159 0.000514576   0.0013413 -0.00122056   -0.699367 -0.00601915  0.00494636    0.26731 -0.0807405   -9.80502  5840
             197.906 -0.313245  -6.61195   26.4067 903.667 893.592 123.415 -0.472166   0.30774   179.387    1.77502  0.0431892 -0.0592702 10.1467 4.84844 1.73566 0.000535393  0.00132825 -0.00122228   -0.699308 -0.00633887  0.00525087   0.267311 -0.0807275   -9.80502  5788
             198.005 -0.25051 -6.62075  26.3195 904.695 894.083 123.591 -0.471498  0.305898   179.383    1.77502  0.0431894 -0.0592694 10.0801 4.83585 1.71934 0.000475331  0.00132096 -0.00120551   -0.700438 -0.00607984   0.0055197   0.267319 -0.0807195   -9.80502  5798
             198.106 -0.282184  -6.59552   26.2462 905.714 894.568 123.763 -0.469318  0.299013   179.374    1.77505  0.0431973 -0.0592681  10.059 4.78717 1.71013 0.000453319  0.00130885 -0.00119958   -0.703329 -0.00566905  0.00649009   0.267341 -0.0806905   -9.80502  5757
             198.205 -0.291132  -6.58572   26.1513 906.738 895.057 123.933 -0.466342  0.288476   179.373    1.77509  0.0432336 -0.0592577 10.0155 4.76435 1.66903 0.000445179  0.00125831 -0.00118856   -0.707106 -0.00660342  0.00807829    0.26737 -0.0806477   -9.80502  5753
             198.306 -0.36672 -6.61529  26.0793 907.746 895.534 124.099 -0.465245  0.285433   179.367     1.7751  0.0432521 -0.0592671 9.97826 4.72312 1.64871 0.000476137  0.00120919  -0.0011907   -0.708675 -0.00613058   0.0086277   0.267382 -0.0806365   -9.80502  5770
             198.406 -0.347907  -6.69384   26.0362 908.751 896.008 124.263 -0.462412  0.277299   179.367    1.77512  0.0432956 -0.0592645 9.93545 4.67669  1.6476 0.000478012  0.00118266 -0.00119734   -0.710991 -0.00708167   0.0101993   0.267409 -0.0805974   -9.80502  5697
             198.505 -0.308026  -6.73696   25.9632  909.76 896.484 124.431 -0.46196 0.276815  179.365    1.77512  0.0433028 -0.0592701 9.88165 4.63827 1.66603 0.000491346  0.00115397 -0.00118759   -0.712285 -0.00757797   0.0104649   0.267422 -0.0805979   -9.80502  5668
             198.606 -0.243769  -6.74547   25.8838 910.748 896.943 124.597 -0.460146  0.272722   179.363   1.77512 0.0433029 -0.059257 9.81455 4.59893 1.68585 0.000472704  0.00115342 -0.00116473   -0.713035 -0.00683913   0.0115634   0.267429 -0.0805771   -9.80502  5628
             198.705 -0.219255   -6.7122   25.8803 911.745 897.405 124.766 -0.457834  0.269227   179.359    1.77514  0.0432942 -0.0592393 9.72048 4.54119 1.68492  0.00044955  0.00116214 -0.00116851   -0.714752 -0.00613818   0.0130704   0.267446 -0.0805621   -9.80502  5614
             198.806 -0.22634 -6.59792  25.9029 912.715  897.86 124.934 -0.457926  0.269258   179.359    1.77515  0.0432949 -0.0592416 9.58391 4.48455 1.65281 0.000432775   0.0011158  -0.0011854   -0.714682 -0.00652351    0.013059  0.267448 -0.080561  -9.80502  5614
             198.905 -0.263422  -6.60887   25.9054 913.677 898.312 125.098 -0.457398  0.268406    179.36   1.77517 0.0433051 -0.059242 9.45229 4.42707 1.60798 0.000443165  0.00109384  -0.0011884   -0.714627 -0.00690199   0.0135631   0.267455 -0.0805524   -9.80502  5522
             199.005 -0.288181  -6.65228   25.8888 914.626 898.757 125.258 -0.456263  0.266669   179.362    1.77521  0.0433377 -0.0592422 9.32837 4.36106 1.58256 0.000452498  0.00112402 -0.00118316    -0.71421 -0.00747106   0.0147321   0.267468 -0.0805311   -9.80502  5555
             199.106 -0.241986  -6.58265   25.8758 915.567 899.194 125.416 -0.455693  0.267413   179.358    1.77525  0.0433062 -0.0592132 9.21314 4.30354 1.57733 0.000454936  0.00110657 -0.00117759   -0.716361 -0.00708115   0.0156782   0.267487 -0.0805503   -9.80502  5580
             199.205 -0.19034 -6.51053   25.904 916.492  899.62 125.572 -0.454492  0.265982   179.352    1.77528  0.0433046 -0.0592092 9.06352 4.21253 1.53285 0.000415735  0.00109921 -0.00119209   -0.715774 -0.00602625   0.0169985  0.267488 -0.080531  -9.80502  5598
             199.305 -0.157623  -6.48379   25.9369 917.406 900.039 125.723 -0.453615  0.265222   179.344   1.77531  0.043267 -0.059184 8.91812 4.12555 1.49079 0.000381427  0.00106221 -0.00119415     -0.7163 -0.00477819   0.0183875   0.267495 -0.0805263   -9.80502  5618
             199.405 -0.178926  -6.52261   25.9042 918.302 900.459 125.875 -0.45413 0.266018  179.352    1.77531  0.0432764 -0.0591854 8.78438 4.05591 1.46825 0.000409284  0.00102801 -0.00117859   -0.716737 -0.00591023   0.0176306   0.267497 -0.0805383   -9.80502  5647
             199.505 -0.130555  -6.60253   25.8957 919.171 900.863  126.02 -0.453858  0.264957   179.355    1.77531  0.0433101 -0.0591708 8.62255 4.00026 1.43655 0.000418092  0.00103157 -0.00117151   -0.714382 -0.00629634   0.0175925   0.267485 -0.0805066   -9.80502  5598
             199.606 -0.138822  -6.67458   25.9537 920.023 901.263 126.163 -0.453733   0.26403   179.361    1.77532  0.0433329 -0.0591589 8.45481 3.92894 1.42934 0.000378294  0.00105597 -0.00119614   -0.713427 -0.00695786   0.0179184   0.267484 -0.0804887   -9.80502  5492
             199.706 -0.309864  -6.70337   25.9636 921.019 901.734 126.331 -0.453786  0.261488   179.374   1.77533 0.0434067 -0.059103 8.26103  3.8914 1.43095 0.000473656  0.00101827 -0.00119308   -0.712826 -0.00861048   0.0191039   0.267493 -0.0804611   -9.80502  5382
             199.806 -0.220845  -6.75773   25.9236 921.742 902.078 126.456 -0.453401  0.259978   179.378    1.77533  0.0434288 -0.0590504 8.10777 3.84819 1.39637 0.000274111  0.00103349 -0.00114812   -0.709354 -0.00910165     0.01916   0.267476 -0.0804133   -9.80502  5229
             199.905 -0.368493  -6.75849   25.9704 922.544 902.464 126.595 -0.453187  0.260051   179.388    1.77535  0.0434399 -0.0589998  8.0051 3.78097 1.43488 0.000305631  0.00104508 -0.00117101  -0.707064 -0.0104127   0.018534   0.267465 -0.0803914   -9.80502  5113
             200.006 -0.423045  -6.70483   25.9492  923.34 902.841 126.734 -0.453706  0.257469   179.391    1.77536  0.0434927 -0.0589883 7.87181 3.76197  1.4184 0.000422861  0.00108095  -0.0011518  -0.706691 -0.0107702  0.0197581   0.267468 -0.0803683   -9.80502  5028
             200.106 -0.441842  -6.58048   26.0308 924.124 903.207 126.869 -0.453983  0.254934   179.384    1.77539  0.0435231 -0.0590051 7.72834 3.66597 1.33878 0.000358757    0.001033 -0.00117065   -0.706736 -0.00970726    0.021133   0.267471 -0.0803509   -9.80502  5006
             200.205 -0.361157  -6.60327    26.026 924.897 903.571     127 -0.454272  0.253451   179.385    1.77541  0.0435296 -0.0590126 7.62523  3.5941 1.28639 0.000323705  0.00100031 -0.00115532    -0.70607 -0.00983526   0.0217732   0.267469 -0.0803345   -9.80502  4987
             200.306 -0.319874  -6.70372   26.0137 925.653 903.924 127.125 -0.454007  0.253096    179.38    1.77541  0.0435215 -0.0589822 7.56201 3.55672  1.2387 0.000358603 0.000994048  -0.0011445   -0.704486 -0.00889921   0.0217181   0.267458 -0.0803175   -9.80502  4963
             200.398 -0.298989  -6.83852   26.0732 926.491 904.315 127.263 -0.454219    0.2544   179.376    1.77541  0.0435012 -0.0590392 7.57505 3.54699 1.24555 0.000321138 0.000947884 -0.00115777   -0.708579 -0.00828547   0.0215681   0.267474 -0.0803655   -9.80502  5095
             200.499 -0.155643  -6.95143   26.0627 927.289 904.688 127.393 -0.455516  0.251932   179.377    1.77533   0.043417 -0.0589628 7.55084 3.51184 1.29059 0.000305022 0.000983504 -0.00113343   -0.706251 -0.00759087   0.0234692  0.267463 -0.080328  -9.80502  5174
             200.598 -0.137687  -6.98755    26.091  928.08  905.06 127.527 -0.456031   0.25052    179.38     1.7753  0.0433862 -0.0589005 7.48117 3.52186 1.29027 0.000346464  0.00100017 -0.00113778   -0.70223 -0.0075779  0.0244432   0.267447 -0.0802829   -9.80502  5309
             200.697 -0.098227  -7.00723   26.1269 928.867 905.435 127.661 -0.457641  0.250099   179.383    1.77523  0.0433183 -0.0588567 7.40524 3.52391 1.28833 0.000268529    0.001026 -0.00114187   -0.696868 -0.00730669   0.0265296   0.267428 -0.0802322   -9.80503  5439
             200.798 -0.136317  -7.00383   26.1411 929.628 905.797 127.791 -0.459148  0.250124   179.387    1.77518  0.0432816 -0.0588561 7.28738 3.47035 1.25845 0.000263584  0.00103697 -0.00114723   -0.689357 -0.00625828   0.0284579   0.267397 -0.0801717   -9.80503  5538
             200.898 -0.260519   -7.0301   26.1752 930.404 906.164 127.923 -0.460631  0.252187   179.389    1.77515  0.0432928 -0.0588827 7.20978 3.43307 1.24906 0.000262107  0.00102125 -0.00114738   -0.686041 -0.00528447   0.0298553   0.267384 -0.0801585   -9.80503  5555
             200.997 -0.254665  -7.06647    26.197 931.158 906.527 128.051 -0.462383  0.255017   179.387     1.7751  0.0432933 -0.0588839 7.09916 3.37552 1.21783 0.000245973 0.000990378  -0.0011461   -0.679504 -0.00583629   0.0316771   0.267378 -0.0801156   -9.80503  5504
             201.098 -0.349481  -7.10962   26.2172 931.885 906.875 128.177 -0.463699  0.256567   179.386    1.77506  0.0433019 -0.0588987 6.96989 3.31426 1.21126 0.000304075  0.00098784 -0.00114695   -0.671314 -0.00576678   0.0333126   0.267362 -0.0800591   -9.80503  5445
             201.197 -0.268996  -7.09692   26.2799  932.62 907.222 128.301 -0.467781  0.267097   179.389    1.77499  0.0433188 -0.0589353 6.85471 3.25033 1.21399 0.000250441 0.000990162  -0.0011717   -0.663976 -0.00398112   0.0365341   0.267349 -0.0800601   -9.80503  5398
             201.298 -0.262504  -7.05292   26.2398 933.342 907.567 128.428 -0.470007  0.273342   179.388   1.77498 0.0433013 -0.058972 6.73887 3.21457 1.19822 0.000246736 0.000992581 -0.00114285   -0.659791 -0.00366299   0.0382868   0.267348 -0.0800595   -9.80503  5324
             201.397  -0.2954 -6.97886   26.274 934.052 907.902 128.554 -0.471049  0.275674   179.389    1.77498  0.0432923 -0.0590712 6.60725 3.12765 1.17656 0.000234411 0.000994396 -0.00114588   -0.654593 -0.00281045   0.0394272   0.267337 -0.0800382   -9.80503  5310
             201.498 -0.311488  -6.87538   26.3141  934.74 908.225 128.676 -0.471799  0.277556    179.39    1.77498  0.0432937 -0.0591827 6.45095 3.04222 1.13698 0.000241138 0.000976151 -0.00115863  -0.650151 -0.0016431  0.0403195   0.267328 -0.0800219   -9.80503  5383
             201.599 -0.34059 -6.80735  26.3209 935.405 908.542 128.792 -0.472715  0.280099   179.389    1.77499  0.0432901 -0.0592796 6.27922 2.96452  1.0861 0.000214363 0.000969228 -0.00114967   -0.645795 -0.00169022   0.0413098  0.267327 -0.080007  -9.80503  5603
             201.698 -0.375446  -6.72353   26.3215 936.061 908.853 128.907 -0.472142  0.277196   179.389    1.77495  0.0432622 -0.0593736 6.09965 2.89162 1.03316 0.000211642 0.000927452 -0.00114062   -0.642757 -0.00153575   0.0409234   0.267316 -0.0799788   -9.80503  5790
             201.799 -0.430993  -6.67947   26.3729 936.706 909.159 129.016 -0.471822  0.276003   179.389    1.77494  0.0432564 -0.0593741  5.94837  2.81617 0.991416 0.000197974  0.00089695  -0.0011587   -0.642919 -0.00173282    0.040598   0.267313 -0.0799747   -9.80503  5923
             201.898 -0.414819  -6.71619   26.3622 937.352 909.468 129.125 -0.470373  0.271187   179.393    1.77489  0.0432541 -0.0593715  5.81023  2.75024 0.971998 0.000189765 0.000873829 -0.00114773   -0.645791 -0.00283686    0.038826   0.267302 -0.0799707   -9.80503  6035
             201.998 -0.469883  -6.81275   26.4167 937.978 909.766  129.23 -0.470149  0.270638   179.396    1.7749 0.0432587 -0.059377  5.67018  2.69377 0.946404 0.000222793 0.000878255 -0.00117285   -0.646314 -0.00360025   0.0386311     0.2673 -0.0799714   -9.80503  6073
             202.099 -0.386022  -6.85627   26.3907 938.593 910.055 129.333 -0.47017  0.27081  179.391     1.7749  0.0432617 -0.0594169 5.55886  2.6357 0.92227 0.000190547 0.000888941 -0.00114705   -0.649245 -0.00287458   0.0384875   0.267306 -0.0799823   -9.80503  6078
             202.197 -0.382693  -6.84304    26.436 939.204 910.347 129.438 -0.469735  0.269965   179.394    1.77492  0.0432902 -0.0594645  5.43819  2.58874 0.930023 0.000194335   0.0008751 -0.00116487 -0.652296 -0.003644 0.0363964   0.267289 -0.0799971   -9.80503  6093
             202.299 -0.420419  -6.84195   26.4349 939.785 910.627  129.54  -0.4697 0.270294  179.397    1.77494  0.0433012 -0.0594776  5.29732  2.55411 0.924296 0.000170688 0.000908285 -0.00115205   -0.653451 -0.00408369   0.0353488   0.267279 -0.0800059   -9.80503  6103
             202.399 -0.445292   -6.7602   26.4433  940.36 910.902  129.64 -0.469806  0.270904   179.394    1.77494  0.0433047 -0.0594746  5.17397   2.4872 0.898823 0.000175321 0.000927797 -0.00115155   -0.656274 -0.00374604   0.0352843   0.267283 -0.0800157   -9.80503  6082
             202.499 -0.507737  -6.69837   26.4635 940.933 911.185 129.742 -0.470574  0.273089   179.405    1.77494   0.043328 -0.0594086  5.07389  2.45281 0.876724 0.000161615 0.000957641 -0.00114869   -0.662266 -0.00550504   0.0345515  0.267276 -0.080046  -9.80503  6000
             202.601 -0.525568  -6.64132   26.4696 941.477 911.449 129.837 -0.471251  0.277189   179.405     1.7749  0.0433276 -0.0593716  4.96453  2.40525 0.839377 0.000165192 0.000952971 -0.00113099   -0.665338 -0.00564868   0.0330948   0.267265 -0.0800702   -9.80503  5916
             202.699 -0.491809  -6.66207   26.5126 942.028 911.716  129.93 -0.471823  0.279713   179.406     1.7749  0.0433266 -0.0593699 4.87841 2.37934 0.80677 0.000133598 0.000983198 -0.00113512   -0.670684 -0.00594664   0.0327522   0.267266 -0.0800919   -9.80503  5865
             202.801 -0.504647  -6.76182   26.5816 942.558 911.971 130.019 -0.472682  0.284871   179.398    1.77491  0.0432944 -0.0594287  4.80209  2.35694 0.767365 0.000141976  0.00103369 -0.00115153   -0.674622 -0.00464298   0.0315786   0.267264 -0.0801155   -9.80503  5750
             202.899 -0.566359  -6.80916   26.5649 943.096 912.231 130.111 -0.474418  0.297147   179.393    1.77499  0.0432733 -0.0595198  4.76563  2.34332 0.769172 0.000152292  0.00105016   -0.001118   -0.677914 -0.00345562     0.02827   0.267246 -0.0801622   -9.80503  5604
             203.001 -0.570426  -6.94493   26.6036 943.604  912.48 130.196 -0.474913  0.300894   179.392    1.77505  0.0432712 -0.0595702  4.72693  2.32093 0.786146 0.000137845  0.00108012 -0.00112709   -0.679088 -0.00323645     0.02726    0.26724 -0.0801763   -9.80503  5598
               203.1 -0.62551 -7.04441   26.656 944.119 912.729 130.283 -0.475383  0.303141   179.389   1.77507 0.0432488  -0.05968   4.7208  2.28898 0.808175 0.000164512  0.00114797 -0.00113442   -0.682504 -0.00261608   0.0268874    0.26724 -0.0801869   -9.80503  5548
             203.199 -0.569766  -7.05715   26.6874  944.64  912.98 130.373 -0.475658   0.30405   179.387    1.77506  0.0432268 -0.0597558  4.70653  2.28378 0.824179   0.0001651   0.0012037 -0.00112832   -0.686664 -0.00226208   0.0271064   0.267243 -0.0801936   -9.80503  5695
             203.301 -0.588476  -7.02865   26.7551 945.151 913.226 130.464 -0.476113  0.306417   179.385    1.77507  0.0432069 -0.0597689  4.67821  2.28237 0.835742 0.000183922  0.00125653 -0.00115411   -0.689973 -0.00112484   0.0264409   0.267239 -0.0801999   -9.80503  5855
               203.4 -0.536662  -6.96436   26.7318 945.655 913.471 130.554 -0.476344   0.30774   179.383    1.77508  0.0432206 -0.0597475  4.62431  2.26029 0.818711 0.000153143  0.00127873 -0.00112745    -0.691806 -0.000793976    0.0259399   0.267237 -0.0802019   -9.80503  5895
             203.501 -0.600355  -6.92248   26.7832 946.147 913.715 130.641 -0.47658 0.308798  179.381   1.77508 0.0432136 -0.059709  4.56491  2.23687 0.799611 0.000135764  0.00130505 -0.00113019   -0.693847 -0.00164514   0.0261547   0.267238 -0.0802068   -9.80503  5992
             203.601 -0.620917  -6.91075   26.8095  946.64 913.952 130.728 -0.476974  0.309918   179.381    1.77507  0.0432215 -0.0596654  4.50736  2.20939 0.785383 0.000164266  0.00134822 -0.00112779    -0.697007 -0.000378232    0.0245891   0.267226 -0.0801977   -9.80503  6093
             203.699 -0.619566  -6.91029   26.7994 947.126 914.189 130.814 -0.47716   0.3102  179.381    1.77507  0.0432318 -0.0596467  4.43328  2.16581 0.770847 0.000190047  0.00135972 -0.00111502   -0.698695 7.25721e-05   0.0237966    0.26722 -0.0801913   -9.80503  6114
             203.801 -0.61081 -6.91549  26.8636 947.598 914.415 130.895 -0.477279  0.310624   179.382    1.77507  0.0432353 -0.0596281  4.36062   2.1312 0.754136 0.000175123  0.00137167 -0.00113639  -0.700343 0.00136058  0.0235618   0.267218 -0.0801894   -9.80503  6089
               203.9 -0.611754  -6.98789   26.8634 948.062 914.644 130.974 -0.477382  0.312781   179.381    1.77506  0.0432357 -0.0596346   4.2807  2.11358 0.740732 0.000171155   0.0014243 -0.00112202   -0.702004 0.000898027   0.0242578    0.26722 -0.0801992   -9.80503  6086
             203.999 -0.675221  -6.94122   26.8709 948.519 914.869 131.055 -0.477468   0.31071   179.381    1.77506  0.0432254 -0.0596383  4.18878  2.07404 0.728428 0.000184388    0.001367  -0.0011154  -0.703048 0.00148653  0.0228272   0.26721 -0.080179  -9.80503  6059
             204.099 -0.677034  -7.02481   26.9226 948.965 915.087 131.132 -0.477503  0.312773   179.381    1.77504  0.0432281 -0.0596405   4.1022  2.01537 0.721606 0.000192193  0.00141269 -0.00113933  -0.703102 0.00165411  0.0238223   0.267217 -0.0801927   -9.80503  6086
               204.2 -0.675467  -6.99055   26.9031 949.392 915.299 131.208 -0.477503  0.312063   179.381    1.77504  0.0432266 -0.0596414 3.98383 1.96235 0.71555 0.000180334  0.00138624 -0.00111288  -0.702959 0.00120838  0.0235211   0.267214 -0.0801889   -9.80503  6073
             204.301 -0.658548  -6.96337   26.8884 949.807 915.508 131.283 -0.477594  0.312499   179.381    1.77503  0.0432352 -0.0596407  3.87006  1.92382 0.690801 0.000145306  0.00138143 -0.00108495   -0.703804 0.000216061    0.023545   0.267209 -0.0801894   -9.80503  6010
               204.4 -0.673766  -6.94775   26.9358 950.217 915.707 131.357 -0.477647  0.310765   179.379    1.77502  0.0432361 -0.0596355  3.77266  1.87418 0.671125 0.000163893   0.0013628 -0.00110956  -0.704828 0.00149117  0.0223945   0.267204 -0.0801708   -9.80503  5993
             204.502 -0.730906  -6.94015   26.9374  950.61   915.9 131.427 -0.477727   0.31016   179.378    1.77502  0.0432305 -0.0596363  3.67863  1.81808 0.652204 0.000188582  0.00136997 -0.00110295  -0.706085 0.00236899  0.0217471    0.2672 -0.080159  -9.80503  5923
             204.602 -0.735461  -6.91616   26.9299 950.992 916.087 131.496 -0.477875  0.309099   179.376      1.775  0.0432245 -0.0596334 3.58576 1.77015 0.62915  0.00017946  0.00135405 -0.00108464  -0.707273 0.00298731  0.0207946   0.267193 -0.0801446   -9.80503  5921
               204.7 -0.750669  -6.94439   26.9802 951.376 916.278 131.563 -0.477918  0.310126   179.376    1.77501  0.0432246 -0.0596325  3.51671  1.73999 0.619136 0.000172973  0.00138414 -0.00110032  -0.709797 0.00266749  0.0210815   0.267189 -0.0801412   -9.80503  5879
             204.802 -0.76703 -6.98752  26.9896 951.749 916.458 131.626 -0.477627  0.312481   179.373      1.775  0.0432331 -0.0596463  3.45106  1.69573 0.610411 0.000193634  0.00143873  -0.0010945  -0.711766 0.00346191  0.0225334   0.267204 -0.0801459   -9.80503  5857
             204.901 -0.730031  -6.92293   26.9868 952.112 916.635 131.688 -0.477206  0.314257   179.371   1.77502 0.0432272 -0.059636  3.3559 1.66194 0.59232  0.00018319   0.0014038 -0.00108828  -0.712289 0.00409176  0.0240797   0.267222 -0.0801555   -9.80503  5804
             205.002 -0.784821  -6.94796   26.9973 952.463 916.812  131.75 -0.477179  0.314908   179.372    1.77502  0.0432339 -0.0596356  3.28906  1.63767 0.582835 0.000174565  0.00142722 -0.00109162  -0.713887 0.00314398  0.0243856   0.267218 -0.0801549   -9.80503  5700
             205.102 -0.780533  -6.95823   27.0114 952.812 916.983 131.811 -0.477242  0.315568   179.369    1.77502  0.0432327 -0.0596406  3.23681  1.60993 0.566528 0.000173891  0.00145062 -0.00110262  -0.716231 0.00354657  0.0243987   0.267215 -0.0801465   -9.80503  5618
             205.202 -0.814143  -6.92912   26.9974 953.151 917.152 131.871 -0.477486  0.315342   179.369    1.77501  0.0432295 -0.0596381  3.17376  1.58111 0.555256 0.000168346  0.00143279  -0.0010967  -0.717521 0.00359909  0.0237803   0.267207 -0.0801374   -9.80503  5558
             205.301 -0.811667  -6.96206   26.9658 953.487 917.316 131.927 -0.476943  0.317189   179.367    1.77501  0.0432496 -0.0596408  3.11021  1.55006 0.541996 0.000177626  0.00146238 -0.00108269 -0.718568 0.0041042   0.02542   0.267224 -0.0801455   -9.80503  5460
             205.402 -0.83873 -6.97439  27.0118 953.807 917.475 131.982 -0.476893  0.317368   179.367    1.77501  0.0432513 -0.0596414  3.04628  1.50995 0.526402 0.000171094  0.00144866  -0.0011111  -0.718619 0.00431704  0.0255824   0.267227 -0.0801463   -9.80503  5420
             205.503 -0.829114   -6.9801   26.9893 954.122 917.632 132.039 -0.477651  0.315535   179.366   1.77503  0.043244 -0.059649  3.00778  1.49889 0.511367 0.000145627   0.0014331 -0.00109606   -0.72044 0.00429499  0.0234865   0.267203 -0.0801224   -9.80503  5486
             205.603 -0.832759  -7.01513   26.9765 954.431  917.79 132.095 -0.478162  0.313724   179.365    1.77505  0.0432395 -0.0596582  2.97525  1.49316 0.514347 0.000122935  0.00141098 -0.00109118  -0.721592 0.00365064   0.021847   0.267183 -0.0801041   -9.80503  5533
             205.702 -0.853545  -7.07636   27.0037 954.743 917.939 132.147 -0.478006  0.315036   179.367    1.77502  0.0432491 -0.0596521  2.95483  1.47058 0.522774 0.000141678  0.00141007 -0.00111044  -0.721063 0.00530493  0.0228055   0.267196 -0.0801145   -9.80503  5664
             205.803 -0.926012  -7.07801   27.0036 955.049 918.087 132.202 -0.478232  0.314381    179.37    1.77503  0.0432457 -0.0596672  2.92758  1.45326 0.528855 0.000178834  0.00139231 -0.00110519  -0.721503 0.00663543  0.0224232   0.267194 -0.0801084   -9.80503  5737
             205.904 -0.905513  -7.10196   26.9711 955.353 918.239 132.256 -0.478057  0.316905   179.367    1.77501   0.043256 -0.0596729  2.91271  1.44115 0.521229 0.000162533  0.00141349  -0.0010794  -0.722464 0.00624961  0.0232805    0.2672 -0.080117  -9.80503  5795
             206.004 -0.936572  -7.08801   27.0301 955.652 918.386  132.31 -0.47827  0.31493  179.367    1.77502  0.0432439 -0.0596734  2.88319  1.43508 0.511959 0.000177937  0.00139043 -0.00110507  -0.723392 0.00641618  0.0224631   0.267191 -0.0801019   -9.80503  5805
             206.105 -0.922234  -7.11197   27.0409 955.953  918.53 132.362 -0.478534  0.315114   179.371   1.77502 0.0432405 -0.059669  2.87434  1.42025 0.501562 0.000173317  0.00140384 -0.00110088   -0.72544 0.00797487  0.0222989   0.267185 -0.0800942   -9.80503  5801
             206.203 -0.931558  -7.12326   27.0845 956.246  918.68 132.413 -0.478417  0.315654   179.367    1.77502  0.0432295 -0.0596721  2.84039  1.42085 0.497747 0.000159909  0.00138459 -0.00111159  -0.725686 0.00695203  0.0223921   0.267186 -0.0800945   -9.80503  5776
             206.305 -0.948918  -7.13771   27.0772 956.527  918.82 132.464 -0.478434  0.312385   179.369    1.77504  0.0432348 -0.0596748  2.79533  1.40083 0.498468 0.000155506  0.00135474 -0.00109322  -0.724991 0.00718838  0.0216668   0.267181 -0.0800823   -9.80503  5793
             206.404 -0.935082  -7.13631   27.1028 956.812 918.964 132.516 -0.478427  0.312078   179.368    1.77504  0.0432319 -0.0596747   2.7532  1.38754 0.502022 0.000115936  0.00131413 -0.00109539 -0.725349 0.0070237 0.0215611    0.26718 -0.0800789   -9.80503  5705
             206.505 -0.957727  -7.18702    27.118 957.084 919.102 132.564 -0.478384  0.317201   179.368    1.77501  0.0432392 -0.0596707  2.69775  1.35151 0.500977 0.000123083  0.00133158 -0.00109335  -0.723065 0.00685818  0.0228819   0.267196 -0.0801139   -9.80503  5634
             206.605 -0.955407    -7.124   27.1316  957.35 919.236 132.613 -0.478348  0.318926   179.369      1.775  0.0432414 -0.0596796  2.6008 1.31505 0.48845 0.000115769  0.00130358 -0.00108872   -0.72181 0.00670545  0.0233558   0.267202 -0.0801282   -9.80503  5629
             206.703 -0.973073   -7.1089   27.1369 957.621  919.37 132.661 -0.478429  0.325014   179.369      1.775  0.0432446 -0.0596612  2.51706  1.27123 0.466783 0.000123242  0.00131517 -0.00108121  -0.722362 0.00719835  0.0246743   0.267213 -0.0801549   -9.80503  5607
             206.805 -0.973928  -7.10583   27.1731 957.877 919.494 132.705 -0.478437  0.332125   179.372      1.775  0.0432474 -0.0596512  2.43346  1.21399 0.435391 0.000115947  0.00131945 -0.00109203   -0.72184 0.00835314   0.026429   0.267232 -0.0801916   -9.80503  5603
             206.904 -0.998915  -7.08409   27.1883 958.126 919.615 132.749 -0.478494  0.331902   179.373      1.775  0.0432473 -0.0596463  2.33754  1.16167 0.408737 0.000123443  0.00127778 -0.00108713  -0.722662 0.00927399  0.0263043   0.267231 -0.0801853   -9.80503  5625
             207.005 -1.01411 -7.10611  27.1896 958.353 919.732 132.788 -0.478343  0.333836   179.373      1.775  0.0432509 -0.0596467   2.2215  1.11505 0.396718 0.000128165  0.00126886 -0.00108007  -0.721346 0.00819521  0.0270407   0.267239 -0.0802039   -9.80503  5622
             207.105 -1.00811 -7.11015  27.1975  958.57 919.844 132.827 -0.478313  0.333877   179.374   1.77499 0.0432513 -0.059648  2.11157  1.06607 0.377882 0.000119898  0.00124994 -0.00107296  -0.720816 0.00742783  0.0271164   0.267237 -0.0802087   -9.80503  5674
             207.204 -0.989562  -7.11648    27.225 958.786  919.95 132.865 -0.478262   0.33441   179.372   1.77499  0.043247 -0.059644  2.01097  1.01721 0.360519 0.000103043     0.00124 -0.00108147 -0.721845 0.0083201 0.0273164   0.267242 -0.0802036   -9.80503  5552
             207.305 -1.00598 -7.10977  27.2248 958.982 920.047   132.9 -0.47821 0.334516  179.371      1.775  0.0432438 -0.0596428  1.90051 0.955417 0.338113 0.000100325  0.00121266  -0.0010692  -0.720989 0.00890821  0.0274398    0.26725 -0.0802074   -9.80503  5583
             207.403 -1.02462 -7.13015   27.251 959.176 920.143 132.935 -0.478184  0.334724    179.37    1.77499  0.0432417 -0.0596463  1.80817 0.911762 0.336477 9.82779e-05  0.00120232 -0.00107802  -0.721987 0.00932566  0.0274903   0.267251 -0.0802014   -9.80503  5569
             207.503 -1.04644 -7.12686  27.2696 959.357  920.23 132.968 -0.478159  0.334726   179.368    1.77499  0.0432381 -0.0596484  1.71781 0.845272 0.318139 0.000104402  0.00119959 -0.00107901 -0.721253 0.0102624 0.0273883   0.267258 -0.0802014   -9.80503  5543
             207.606 -1.02746 -7.08357  27.2864 959.525 920.314 132.998 -0.477935  0.334358   179.368      1.775  0.0432378 -0.0596487  1.62675 0.797518 0.289545 0.000109907  0.00117706 -0.00108347  -0.721472 0.00998264  0.0278219   0.267262 -0.0802019   -9.80503  5548
             207.703 -0.983267   -7.0971   27.3176 959.689 920.396 133.026 -0.477258  0.332912   179.369    1.77502  0.0432208 -0.0596525  1.52118 0.764165 0.262034 9.32977e-05  0.00116901 -0.00109537  -0.722369 0.00951484  0.0289796  0.267274 -0.080198  -9.80503  5577
             207.804 -0.990062  -7.13469   27.3158 959.839 920.473 133.051 -0.476897  0.331863   179.369   1.77502  0.043216 -0.059653  1.43064 0.734202  0.24968 8.23338e-05  0.00116147 -0.00108705  -0.722521 0.00937987  0.0295643   0.267282 -0.0801962   -9.80503  5490
             207.904 -0.999158  -7.12356   27.3386 959.984 920.542 133.076 -0.476872  0.331929   179.367    1.77502  0.0432113 -0.0596513  1.35546 0.685344 0.244648  6.9653e-05  0.00113663 -0.00108981 -0.722579 0.0105286 0.0295699    0.26729 -0.0801918   -9.80503  5475
             208.005 -1.02115 -7.11774  27.3268 960.117 920.606 133.099 -0.476529  0.330696   179.366   1.77503 0.0432082 -0.059655  1.27413 0.635353 0.234525 7.85956e-05  0.00112612 -0.00107642 -0.722355 0.0112305   0.03007   0.267304 -0.0801885   -9.80503  5458
             208.105 -0.99915  -7.1147  27.3075 960.237  920.67 133.121 -0.476148  0.328718   179.368    1.77503  0.0432026 -0.0596564  1.18324 0.594134 0.221139 6.01312e-05   0.0011199 -0.00106287 -0.721552 0.0101378 0.0307365   0.267308 -0.0801931   -9.80503  5450
             208.203 -0.988573  -7.07632   27.3523 960.359 920.727 133.141 -0.475423  0.326284   179.367    1.77505  0.0431943 -0.0596498  1.11009 0.558456 0.197916 6.23131e-05  0.00109073 -0.00108278 -0.722823 0.0110609 0.0318606   0.267327 -0.0801776   -9.80503  5440
             208.305 -0.988205  -7.08553   27.3379 960.464 920.783 133.159 -0.475275  0.325368   179.368    1.77506  0.0431923 -0.0596523  1.03487 0.535359 0.177256 4.12703e-05  0.00107812 -0.00107197  -0.72203 0.0103907 0.0321161   0.267328 -0.0801827   -9.80503  5455
             208.404 -1.02581 -7.06174  27.3591 960.561 920.833 133.177 -0.475539  0.326073   179.369    1.77505  0.0431874 -0.0596599 0.967916 0.494729 0.165844 5.15124e-05  0.00104239 -0.00108083 -0.720254 0.0103539 0.0315531  0.267326 -0.080195  -9.80503  5374
             208.505 -1.03681 -7.08866  27.3587 960.651 920.879 133.193 -0.475716  0.326292   179.371    1.77505   0.043181 -0.0596587 0.898269 0.460559 0.154191  4.9127e-05  0.00103978 -0.00107352 -0.718531 0.0106765 0.0311431   0.267329 -0.0802053   -9.80503  5360
             208.605 -1.04085 -7.09993  27.3679 960.736 920.922 133.207 -0.475425  0.324912   179.372    1.77505   0.043187 -0.0596555 0.832764 0.429768 0.146072 4.08717e-05  0.00102851  -0.0010787 -0.717835 0.0106989 0.0317668   0.267338 -0.0802071   -9.80503  5398
             208.704 -1.04085 -7.09423  27.3663 960.815 920.965 133.221  -0.4754 0.324782  179.372    1.77505  0.0431854 -0.0596529  0.77138 0.398213 0.135657 4.47571e-05  0.00101565 -0.00107554 -0.717194 0.0101557 0.0317173   0.267337 -0.0802119   -9.80503  5343
             208.805 -1.03943 -7.09045  27.3655 960.893 921.008 133.235 -0.475439  0.325332    179.37    1.77505  0.0431838 -0.0596539 0.716178  0.38276 0.124496 3.91769e-05  0.00100727 -0.00106666 -0.718041 0.0095623  0.031552    0.26733 -0.0802085   -9.80503  5392
             208.903 -1.03038 -7.08167  27.3637 960.961 921.048 133.247 -0.475398  0.325321   179.369    1.77504  0.0431817 -0.0596553 0.650356 0.364118  0.11251 2.85815e-05 0.000990115 -0.00106079  -0.717782 0.00886109   0.031517   0.267328 -0.0802112   -9.80503  5392
             209.005 -1.04449 -7.07478  27.3748 961.024 921.083 133.257 -0.475338  0.325242   179.369    1.77504  0.0431836 -0.0596553  0.591727  0.330046 0.0984528 2.51416e-05 0.000976253 -0.00106489  -0.717764 0.00883523  0.0317849   0.267329 -0.0802118   -9.80503  5336
             209.105 -1.04807 -7.09362  27.3746 961.082 921.114 133.266 -0.475304  0.325264    179.37    1.77504  0.0431868 -0.0596554  0.535489   0.29999 0.0848871 2.94203e-05 0.000972991 -0.00106275  -0.717804 0.00912826  0.0321361   0.267331 -0.0802118   -9.80503  5366
             209.203 -1.04689 -7.08136  27.3828 961.129 921.138 133.273 -0.475322  0.324697   179.373    1.77504  0.0431945 -0.0596548  0.464851  0.261131 0.0713649 2.96512e-05 0.000951302 -0.00106912 -0.715998 0.0100638 0.0323938   0.267341 -0.0802212   -9.80503  5372
             209.305 -1.04248 -7.06462  27.3786 961.173  921.16 133.281 -0.475461  0.324074   179.375    1.77505  0.0431951 -0.0596549  0.405457  0.228519 0.0641736 2.91832e-05 0.000927098 -0.00106357 -0.715689 0.0109863  0.031742   0.267344 -0.0802187   -9.80503  5398
             209.403 -1.05146 -7.07801  27.3754 961.209 921.176 133.287 -0.475576  0.323002   179.379    1.77506  0.0431952 -0.0596547  0.338712   0.18947 0.0531827 2.46808e-05 0.000916659 -0.00106078 -0.714484 0.0122886 0.0311223   0.267352 -0.0802202   -9.80503  5360
             209.504 -1.04471  -7.0758  27.3682 961.238 921.191 133.291  -0.4756 0.322703   179.38    1.77506   0.043196 -0.0596537  0.275405  0.151466 0.0384811 1.68957e-05 0.000899153  -0.0010588 -0.713389 0.0127726 0.0311734   0.267357 -0.0802257   -9.80503  5388
             209.605 -1.05623 -7.06072  27.3572 961.256 921.199 133.295 -0.475611  0.321296   179.383    1.77507  0.0431912 -0.0596558  0.205918  0.108102 0.0283025 2.12049e-05 0.000866251 -0.00105341 -0.711527 0.0133812 0.0305797  0.267365 -0.080231  -9.80503  5368
             209.706 -1.04808 -7.09291  27.3719 961.277 921.211 133.297 -0.475618  0.322148   179.382    1.77506  0.0431905 -0.0596584  0.153252 0.0860369 0.0171406 1.39277e-05 0.000873771  -0.0010628 -0.712076 0.0131034 0.0310112   0.267362 -0.0802314   -9.80503  5391
             209.805 -1.05763 -7.07054  27.3783 961.289 921.217 133.299 -0.475587  0.320903   179.382    1.77507  0.0431886 -0.0596588  0.0920185  0.0588903 0.00681476 1.47649e-05 0.000845775 -0.00106945 -0.712176 0.0133115  0.030267  0.267363 -0.080225  -9.80503  5391
             209.903 -1.04023 -7.09031  27.3605 961.299 921.223   133.3 -0.475543  0.320012   179.382    1.77508  0.0431887 -0.0596605   0.0393588   0.0325627 -0.00292483 1.60929e-06 0.000839905 -0.00105651 -0.713221 0.0133784 0.0296253   0.267362 -0.0802144   -9.80503  5393
             210.005 -1.05402 -7.07816  27.3733 961.301 921.223 133.301 -0.475539  0.318674   179.383    1.77509  0.0431882 -0.0596619 -0.00491422  0.00323617 -0.00986104 5.05261e-06 0.000814641 -0.00106621 -0.713312 0.0140799 0.0288938   0.267365 -0.0802071   -9.80503  5391
             210.105  -1.0596 -7.08092  27.3623 961.301 921.221 133.301 -0.475514  0.316915   179.385     1.7751  0.0431856 -0.0596637  0.00806787   0.0051637 -0.00427498 8.54587e-06  0.00078997 -0.00106217 -0.713641 0.0147881 0.0279848   0.267368 -0.0801968   -9.80503  5395
             210.203 -1.06122 -7.10458  27.3609 961.298 921.221 133.302 -0.475367  0.314401   179.386    1.77512  0.0431815 -0.0596598   0.0164317   0.0160538 -0.00251838 8.41564e-06 0.000763066  -0.0010614 -0.712767 0.0146655 0.0270208   0.267372 -0.0801922   -9.80503  5396
             210.304 -1.04842 -7.13791  27.3566 961.302 921.221 133.303 -0.475282  0.312247   179.388    1.77514  0.0431844 -0.0596617   0.0202099   0.0176763 -0.00381234 -6.06214e-06  0.000757768   -0.0010607  -0.71356 0.0152682 0.0262032   0.267374 -0.0801795   -9.80503  5401
             210.403 -1.05137 -7.15454  27.3721 961.302 921.223 133.302 -0.475187  0.311081   179.388   1.77515 0.0431854 -0.059659   0.0190198   0.0182065 -0.00349769 -1.12171e-05  0.000753287  -0.00107273 -0.713291 0.0152464 0.0258801   0.267376 -0.0801767   -9.80503  5393
             210.505 -1.04495 -7.16888  27.3506 961.301  921.22 133.302 -0.475311  0.310673   179.393    1.77516  0.0431914 -0.0596523   0.0189721   0.0114005 0.000641934 -2.32223e-05   0.00073641  -0.00106551 -0.711963 0.0159537 0.0258993  0.267378 -0.080184  -9.80503  5411
             210.606 -1.06524 -7.15079  27.3814 961.299 921.219 133.303 -0.475011   0.30686   179.395    1.77518  0.0431928 -0.0596556  0.0117546 0.00905946 0.00382456 -1.34107e-05  0.000705431  -0.00108437 -0.711641 0.0160896 0.0250574   0.267382 -0.0801723   -9.80503  5409
             210.705  -1.0557 -7.14867  27.3677   961.3 921.219 133.303 -0.475054  0.306291   179.398    1.77518  0.0431978 -0.0596568   0.0108787  0.00886302 0.000270771 -2.1903e-05 0.000693435 -0.00107914 -0.711456 0.0165346 0.0249627   0.267382 -0.0801722   -9.80503  5408
             210.808 -1.05327 -7.16173  27.3684 961.303 921.219 133.303 -0.475179  0.306962     179.4    1.77518  0.0432011 -0.0596568  0.0167509  0.0101759 0.00258814  -2.359e-05 0.000685758  -0.0010817 -0.711454 0.0168221 0.0250935   0.267381 -0.0801752   -9.80503  5395
             210.898 -1.06035 -7.15158  27.3562 961.298 921.217 133.303 -0.475129  0.305641   179.403    1.77518  0.0432021 -0.0596648 0.00381526 0.00771503  0.0032331 -2.26212e-05  0.000668591  -0.00107624 -0.709927 0.0170132 0.0249512   0.267384 -0.0801794   -9.80503  5396
             210.999 -1.05051 -7.16553  27.3637 961.292 921.216 133.302 -0.475311  0.307861   179.402    1.77517  0.0432018 -0.0596667 -0.00619805  0.00389315 0.000926849 -3.41711e-05  0.000665599  -0.00107968 -0.707879 0.0166725 0.0254238  0.267387 -0.080197  -9.80503  5401
             211.099 -1.06207 -7.14782  27.3605 961.291 921.217 133.303 -0.474888  0.303832   179.401    1.77518  0.0431973 -0.0596672 -0.00488681  0.00763152  0.00394247 -2.8657e-05 0.000636064 -0.00107417 -0.708654 0.0166051 0.0247318   0.267389 -0.0801789   -9.80503  5401
             211.198 -1.06997  -7.1569   27.368  961.29 921.217 133.304 -0.474726  0.302054   179.402    1.77519  0.0431965 -0.0596681 -0.00537539   0.0106116  0.00404913 -3.02391e-05  0.000627246  -0.00108013 -0.708829 0.0166849 0.0244403    0.26739 -0.0801721   -9.80503  5377
             211.299 -1.05752 -7.15565  27.3626 961.292 921.216 133.304 -0.475099  0.303992   179.408    1.77519  0.0432065 -0.0596677 0.00241662 0.00731669 0.00484956 -3.51726e-05  0.000614738  -0.00108041 -0.708558 0.0175004 0.0247695   0.267386 -0.0801821   -9.80503  5393
             211.398 -1.05515 -7.14851  27.3559 961.292 921.216 133.304 -0.475298  0.305486   179.409    1.77518  0.0432095 -0.0596676 0.00149811 0.00721918 0.00501092 -3.70385e-05  0.000604146  -0.00107733 -0.708244 0.0177129 0.0250228   0.267385 -0.0801893   -9.80503  5379
             211.497 -1.05534 -7.14325  27.3675  961.29 921.218 133.304 -0.47543 0.307473  179.406    1.77518  0.0432061 -0.0596688 0.00317902  0.0122231 0.00424787 -3.98209e-05  0.000585034  -0.00108305 -0.707386 0.0173027  0.025367   0.267387 -0.0801992   -9.80503  5402
             211.598 -1.05811 -7.15186  27.3588 961.293 921.219 133.305 -0.475525   0.30774   179.409    1.77518  0.0432099 -0.0596691 0.00648725  0.0149058 0.00501065 -4.04139e-05  0.000580675  -0.00108109 -0.707749 0.0176874 0.0254103   0.267385 -0.0801993   -9.80503  5406
             211.697 -1.05141  -7.1555  27.3427 961.292 921.219 133.305 -0.475856  0.309913   179.412    1.77517  0.0432152 -0.0596687 0.00568296   0.015407 0.00500507 -4.37745e-05  0.000570896  -0.00107302 -0.706818 0.0181743 0.0258147   0.267384 -0.0802121   -9.80503  5401
             211.797  -1.0592 -7.15639  27.3522 961.292 921.217 133.304 -0.476155  0.311681   179.415    1.77517  0.0432232 -0.0596695 0.00776577  0.0071901 0.00391896 -4.68154e-05  0.000555588  -0.00108101 -0.705756 0.0187063 0.0261601  0.267383 -0.080224  -9.80503  5389
             211.897 -1.04805  -7.1463  27.3416 961.292 921.216 133.303 -0.476774  0.316882   179.418   1.77516 0.0432289  -0.05967   0.0063082 0.000380504  0.00249207 -4.42767e-05  0.000544244  -0.00107687 -0.704225 0.0191405 0.0272058   0.267382 -0.0802493   -9.80503  5389
             211.998 -1.05156 -7.14693  27.3586 961.295 921.216 133.303 -0.476864  0.317094    179.42    1.77516  0.0432322 -0.0596702   0.0120174  0.00646809 0.000813804 -4.25275e-05  0.000533417  -0.00108552 -0.704643 0.0195787 0.0272507    0.26738 -0.0802491   -9.80503  5356
             212.099 -1.04935 -7.14659  27.3399  961.29 921.215 133.303 -0.476859  0.317112    179.42   1.77516 0.0432312 -0.059671 -1.51793e-05   0.00738183    0.0029028 -4.95925e-05  0.000519011  -0.00107411 -0.703164 0.0193465 0.0272676  0.267383 -0.080255  -9.80503  5374
             212.198 -1.05933  -7.1484  27.3568 961.292 921.217 133.304 -0.476815  0.316873   179.419    1.77516  0.0432292 -0.0596711 0.00606459  0.0081858 0.00204003 -5.42661e-05  0.000511567  -0.00108692 -0.703711 0.0192895 0.0272011   0.267383 -0.0802518   -9.80503  5365
             212.298 -1.05422 -7.14436  27.3396 961.286 921.212 133.302 -0.477283  0.320279   179.423    1.77515  0.0432364 -0.0596719 -0.00516291 -0.00301787 -0.00178826 -5.24086e-05  0.000493666  -0.00108119 -0.700984 0.0197879 0.0281524   0.267384 -0.0802753   -9.80503  5418
             212.397 -1.04758 -7.14644  27.3499 961.282 921.212 133.301 -0.477231  0.320087   179.422    1.77515   0.043235 -0.0596718  -0.0127284  0.00126585 -0.00140391 -6.00029e-05  0.000478758  -0.00108517 -0.700563 0.0195405 0.0281056   0.267386 -0.0802759   -9.80503  5407
               212.5 -1.05323 -7.15346  27.3363 961.277 921.212 133.301 -0.477179  0.319933   179.421    1.77515  0.0432317 -0.0596702  -0.0188863  0.00300302 -0.00302596 -6.33202e-05  0.000465686  -0.00107634 -0.699747 0.0192077 0.0280851  0.267388 -0.080278  -9.80503  5388
             212.598 -1.05453 -7.14318  27.3438 961.273 921.211   133.3 -0.477188  0.319852   179.421    1.77515  0.0432328 -0.0596704  -0.0209455  0.00174053 -0.00335257 -6.75216e-05  0.000444925  -0.00108408 -0.699214 0.0192307  0.028085   0.267389 -0.0802798   -9.80503  5383
             212.698 -1.04715 -7.13463  27.3234 961.275 921.214 133.301 -0.477105  0.319577   179.419    1.77515  0.0432323 -0.0596684  -0.0148589  0.00864449 -0.00188801 -7.42096e-05  0.000435758  -0.00107039 -0.700421 0.0190553 0.0278957  0.267387 -0.080274  -9.80503  5389
             212.798 -1.05341 -7.14431  27.3438 961.278 921.216 133.301 -0.477153  0.319333   179.421    1.77515   0.043234 -0.0596699 -0.00190298   0.0134676 -0.00191983 -7.10978e-05  0.000439001  -0.00108569 -0.701556 0.0195699 0.0277009   0.267385 -0.0802701   -9.80503  5413
             212.897 -1.05135 -7.15454  27.3356 961.282 921.218 133.301 -0.477138  0.318819   179.422    1.77515  0.0432342 -0.0596719   0.00660487    0.0156782 -0.000452272 -7.44755e-05  0.000439769   -0.0010796 -0.702522 0.0198153 0.0273456   0.267383 -0.0802655   -9.80503  5395
             212.997 -1.05315 -7.15157  27.3333  961.28 921.217 133.301 -0.477189  0.318953   179.424    1.77515  0.0432371 -0.0596714 0.000448604   0.0114202 -0.00261458 -7.33444e-05  0.000422507  -0.00108244  -0.70158 0.0199783 0.0275594   0.267384 -0.0802695   -9.80503  5413
             213.098  -1.0514 -7.15184  27.3407 961.279 921.213   133.3 -0.477392  0.318739    179.43   1.77516 0.0432493 -0.059672 5.97331e-05   0.0011273 -0.00333751 -6.79832e-05  0.000405439  -0.00109252 -0.700905   0.02124 0.0275856   0.267382 -0.0802735   -9.80503  5457
             213.198 -1.04526 -7.15903  27.3287 961.28 921.21  133.3 -0.477509  0.318365   179.435    1.77516  0.0432564 -0.0596722   0.00338092  -0.00277331 -0.000780373 -7.21099e-05  0.000396957  -0.00108914 -0.700852 0.0221129 0.0273552    0.26738 -0.0802742   -9.80503  5401
             213.298 -1.05244 -7.14544  27.3312 961.281  921.21   133.3 -0.477509  0.318266   179.435    1.77516  0.0432565 -0.0596723  0.00476948 -0.00429494 -0.00217929 -7.31908e-05  0.000379022  -0.00109096 -0.700886 0.0221562 0.0272609    0.26738 -0.0802739   -9.80503  5426
             213.397 -1.04997 -7.14663  27.3246 961.286 921.209 133.301 -0.47759 0.318228  179.437    1.77517  0.0432604 -0.0596721   0.0139684 -0.00627248 -0.00140943 -6.85372e-05    0.0003734  -0.00108942 -0.701671 0.0227102 0.0269758   0.267378 -0.0802724   -9.80503  5391
             213.499 -1.04597 -7.14874  27.3367 961.282 921.208   133.3 -0.477502  0.317765   179.436   1.77517 0.0432594 -0.059672  0.00520196 -0.00174408 -0.00157829 -7.4026e-05  0.00035726 -0.00109301 -0.700686 0.0222679 0.0268125   0.267381 -0.0802734   -9.80503  5435
               213.6 -1.05679 -7.14284  27.3414 961.282 921.207 133.301 -0.477515  0.317274   179.437    1.77517  0.0432589 -0.0596727   0.00545859  -0.00524274 -0.000766501 -7.51971e-05  0.000339534   -0.0010978 -0.700582 0.0224092 0.0261457    0.26738 -0.0802727   -9.80503  5455
             213.697 -1.04664  -7.1341  27.3283 961.281 921.208 133.301 -0.477451  0.317047   179.435    1.77517  0.0432558 -0.0596731  0.00112046 -0.00205516  0.00114892 -8.56023e-05  0.000319664  -0.00108659 -0.700356  0.021988 0.0258434   0.267382 -0.0802721   -9.80503  5452
             213.799 -1.05449 -7.14398  27.3319 961.279 921.209 133.302 -0.477389  0.316775   179.433    1.77517  0.0432509 -0.0596723 -0.0047382 0.00279592  0.0010325 -8.77333e-05  0.000310645   -0.0010878 -0.700198 0.0214823 0.0252981   0.267383 -0.0802712   -9.80503  5467
             213.898 -1.05523 -7.13669  27.3401 961.283 921.213 133.303 -0.477409  0.317145   179.431   1.77517  0.043246 -0.059671 0.0105156 0.0177873 0.0024035 -9.96128e-05    0.0003049  -0.00109182 -0.701492 0.0213241 0.0247868   0.267381 -0.0802686   -9.80503  5460
             213.997 -1.05437 -7.13319  27.3286  961.28 921.209 133.303 -0.477495  0.316559   179.436    1.77517  0.0432527 -0.0596734  0.00203085 -0.00196756  0.00284482 -9.03907e-05  0.000281187  -0.00109154 -0.700078 0.0222012 0.0250072   0.267382 -0.0802723   -9.80503  5481
             214.099 -1.05269 -7.14378  27.3345 961.284 921.211 133.303 -0.477461     0.317   179.434    1.77517  0.0432495 -0.0596744 0.00865633 0.00188051   0.003397 -8.99466e-05  0.000283785  -0.00108609 -0.700968 0.0218971  0.025197   0.267381 -0.0802704   -9.80503  5516
             214.199 -1.04382 -7.15096  27.3394 961.285 921.214 133.303 -0.477417  0.317178   179.432    1.77517  0.0432456 -0.0596758  0.0116359  0.0182446 0.00436688 -0.000102274  0.000282372  -0.00108931 -0.701316 0.0214615 0.0251641   0.267381 -0.0802693   -9.80503  5500
             214.298 -1.04814  -7.1469  27.3368 961.285 921.213 133.303 -0.47743 0.316909  179.434   1.77517 0.0432491 -0.059676 0.00741266  0.0139777 0.00271009 -0.000107943  0.000268396  -0.00108728 -0.700681 0.0218816 0.0255504   0.267381 -0.0802707   -9.80503  5511
             214.398 -1.05624 -7.14276  27.3383 961.284 921.213 133.303 -0.477461  0.316691   179.436    1.77517  0.0432512 -0.0596767 0.00367552 0.00621045  0.0021628 -0.000106183  0.000252328  -0.00108868 -0.700234 0.0221857 0.0254528   0.267381 -0.0802718   -9.80503  5543
             214.499 -1.06522 -7.13786  27.3424 961.287 921.215 133.304 -0.477482   0.31691   179.435    1.77517  0.0432474 -0.0596756   0.0171247   0.0095216 -0.00197344 -0.000105483  0.000240173  -0.00109158 -0.700746 0.0219845 0.0249739  0.267381 -0.080271  -9.80503  5537
             214.599  -1.0451 -7.15054  27.3274 961.283 921.217 133.303 -0.477387  0.316357   179.432    1.77517  0.0432423 -0.0596745  0.0367621  0.0314899 -0.0220311 -0.000116934  0.000191078  -0.00107803 -0.699403 0.0212469 0.0243404  0.267384 -0.080272  -9.80503  5546
             214.699 -1.03293 -7.22047  27.3192  961.29 921.214 133.302 -0.477817  0.315859   179.441     1.7752  0.0432575 -0.0596637   0.0821746   0.0433971 -0.00935155 -0.000111536  0.000163468  -0.00108273 -0.698921 0.0231682 0.0235924   0.26738 -0.080277  -9.80503  5542
             214.799 -1.07769   -7.246  27.3257 961.303 921.216 133.306 -0.478126  0.314708   179.448    1.77526  0.0432458 -0.0596747  0.139046 0.0588926 0.0271579 -8.00826e-05  0.000137997  -0.00109277 -0.699231 0.0243724 0.0211321   0.267375 -0.0802778   -9.80503  5575
             214.898 -1.09391 -7.23948  27.3212 961.312 921.217 133.313 -0.478158  0.312206   179.454    1.7753 0.0432326 -0.059675   0.17088 0.0697586 0.0618527 -6.78455e-05  9.52686e-05  -0.00108959 -0.697229 0.0250995 0.0194202  0.267375 -0.080278  -9.80503  5610
             214.999 -1.08564 -7.23356  27.3256 961.336 921.225  133.32 -0.478293   0.31308   179.456    1.77529  0.0432397 -0.0596754  0.224191 0.0931418 0.0748873 -7.24783e-05  0.000112395  -0.00109468 -0.697683 0.0255617 0.0199524   0.267372 -0.0802809   -9.80503  5634
               215.1 -1.07845 -7.19399  27.3185 961.356  921.24 133.326 -0.478204  0.314411   179.445   1.77529 0.0432228 -0.059678  0.256154  0.124564 0.0751082 -0.000100675  9.61142e-05  -0.00107656 -0.696791 0.0239673 0.0209027    0.26738 -0.0802827   -9.80503  5713
             215.199 -1.07963 -7.18084  27.3152  961.38 921.248 133.331 -0.478505  0.316057   179.453    1.77529  0.0432397 -0.0596936  0.287833  0.134469 0.0673136 -8.67611e-05  6.46893e-05  -0.00107898 -0.694518 0.0249404 0.0223319   0.267377 -0.0802977   -9.80503  5680
             215.299 -1.07911 -7.18011  27.3308 961.408 921.264 133.336 -0.478691  0.318715    179.45    1.77529  0.0432367 -0.0596995   0.32181  0.158832 0.0666657 -0.000105955  4.82356e-05  -0.00108319 -0.693046 0.0244489 0.0237066    0.26738 -0.0803093   -9.80503  5711
             215.399 -1.10285 -7.18766  27.3365 961.443  921.28 133.342 -0.478853  0.319901   179.451    1.77529  0.0432444 -0.0597025  0.363415  0.175349 0.0746016 -9.41721e-05  3.05893e-05  -0.00108607 -0.692058 0.0246225 0.0243119    0.26738 -0.0803167   -9.80503  5697
             215.499 -1.07826 -7.17976  27.3365 961.479 921.298 133.349 -0.479117  0.322475   179.451    1.77529  0.0432442 -0.0597064 0.402239 0.195486 0.084832 -0.000116753  4.84178e-06  -0.00108158 -0.690432 0.0245488 0.0253971   0.267381 -0.0803299   -9.80503  5739
             215.602 -1.08986 -7.16702  27.3242 961.518 921.316 133.358 -0.479274  0.323232   179.453   1.77529 0.0432478 -0.059712  0.434394  0.212436 0.0963366 -9.81176e-05 -2.24694e-05  -0.00107355 -0.688824 0.0247761 0.0258219   0.267381 -0.0803376   -9.80503  5737
             215.699 -1.08916 -7.16154  27.3526 961.558 921.341 133.366 -0.479483  0.327358   179.446    1.77529  0.0432401 -0.0597178   0.45674  0.239655 0.0997361 -0.000125054  -4.0717e-05  -0.00107234 -0.686203 0.0236564 0.0272785   0.267388 -0.0803555   -9.80503  5752
             215.801 -1.08317 -7.17045  27.3652 961.601 921.365 133.373 -0.480074  0.333151   179.445    1.77527  0.0432404 -0.0597177  0.483422  0.259769 0.0964209 -0.000136668 -4.89406e-05  -0.00107739 -0.683333 0.0235019 0.0292065    0.26739 -0.0803838   -9.80503  5766
             215.899 -1.11026 -7.17074  27.3483 961.652 921.394 133.382 -0.480327  0.336108   179.442    1.77526  0.0432416 -0.0597165 0.518868  0.28174 0.098966 -0.000132289 -5.46355e-05    -0.001059 -0.682115 0.0232099   0.03014   0.267392 -0.0803971   -9.80503  5794
             216.001 -1.12477 -7.19505  27.3604 961.714 921.423 133.391  -0.4809 0.339755  179.448    1.77524  0.0432608 -0.0597245 0.571956 0.299426 0.100621 -0.000110238  -2.9211e-05  -0.00107042 -0.682199 0.0242116 0.0312337   0.267386 -0.0804144   -9.80503  5772
             216.101 -1.08483 -7.16575  27.3602 961.777 921.457   133.4 -0.481164  0.342941   179.446    1.77523  0.0432518 -0.0597259  0.621481  0.325225 0.0992392 -0.000141503 -5.07146e-05  -0.00106343 -0.681708 0.0239204 0.0322021   0.267386 -0.0804271   -9.80503  5791
             216.199 -1.08503 -7.19139  27.3801 961.847 921.492  133.41 -0.481214   0.34244   179.449    1.77524   0.043257 -0.0597246 0.684147 0.358683 0.102126 -0.000138881 -6.52407e-05  -0.00106756 -0.681756 0.0243133 0.0320569   0.267385 -0.0804264   -9.80503  5801
             216.301 -1.08058 -7.23386  27.3704 961.917 921.523  133.42 -0.481892  0.344034    179.46    1.77524  0.0432708 -0.0597052 0.750127  0.38315 0.103315 -0.000114892 -0.000105045  -0.00107462 -0.679381 0.0258919 0.0326122   0.267378 -0.0804449   -9.80503  5813
             216.399 -1.06145 -7.30849  27.3738 962.009 921.565 133.432 -0.482178  0.344123   179.467    1.77524  0.0432815 -0.0597214 0.855647  0.42052 0.123341 -0.000109427 -8.63066e-05  -0.00108037 -0.680764 0.0268847 0.0326391   0.267371 -0.0804456   -9.80503  5786
             216.501 -1.05175  -7.3896  27.3672   962.1 921.606 133.444 -0.482901  0.347498   179.474    1.77519   0.043282 -0.0596905 0.940888 0.455225 0.150311 -9.13846e-05 -7.42472e-05  -0.00108072 -0.678753 0.0278555 0.0336485   0.267365 -0.0804671   -9.80503  5749
               216.6 -1.03688 -7.35993   27.367 962.193  921.65 133.461 -0.483014  0.346844   179.479     1.7752  0.0432836 -0.0596756   1.0074 0.496148 0.176165 -8.91714e-05 -0.000131542  -0.00108577 -0.675958 0.0282064  0.033548  0.267366 -0.080474  -9.80503  5724
             216.699 -1.01776 -7.34201  27.3695 962.309 921.708 133.481 -0.483015  0.347389   179.477     1.7752  0.0432819 -0.0596717  1.10092 0.540938 0.183058 -0.000106574 -0.000114723  -0.00108123 -0.677084 0.0280976 0.0336561   0.267365 -0.0804725   -9.80503  5744
             216.801 -1.03539 -7.32893  27.4111 962.428 921.768 133.501 -0.482541   0.34468   179.473   1.77521 0.0432756  -0.05967  1.17705 0.584183 0.191028 -0.000105213 -0.000129588  -0.00108974 -0.677811 0.0275577 0.0329936   0.267369 -0.0804583   -9.80503  5782
               216.9 -1.05715 -7.36856  27.4047 962.558 921.832 133.521 -0.482695  0.345299   179.475    1.77521  0.0432804 -0.0596715  1.26355 0.631456  0.19323 -9.39347e-05 -0.000114599   -0.0010881 -0.677872 0.0278394 0.0331391   0.267367 -0.0804617   -9.80503  5786
             217.001 -1.03471 -7.39639   27.384 962.689 921.903 133.542 -0.482488  0.346379   179.465    1.77519  0.0432608 -0.0596674  1.34222 0.685916 0.201957 -0.000116511 -0.000123908  -0.00105924  -0.67664 0.0267555 0.0333581   0.267377 -0.0804624   -9.80503  5767
             217.101 -1.0452 -7.4211 27.3986 962.823 921.974 133.563 -0.482699  0.348243   179.463    1.77517  0.0432558 -0.0596634  1.41137 0.735809 0.215881  -0.00012807 -0.000165718  -0.00105955 -0.673439 0.0264699 0.0337466  0.267383 -0.080475  -9.80502  5754
             217.199 -1.05173 -7.41898  27.4221 962.971 922.048 133.588 -0.482648   0.34512   179.471    1.77518  0.0432694 -0.0596756  1.50502  0.76464 0.235766  -0.00012768 -0.000235063  -0.00107795 -0.671536 0.0271687 0.0330951   0.267379 -0.0804741   -9.80502  5752
               217.3 -1.04717 -7.46137  27.4106 963.125 922.126 133.613 -0.482876  0.345854   179.473    1.77518  0.0432706 -0.0596718  1.59047 0.810297 0.259639 -0.000122383 -0.000266894  -0.00106881 -0.668743 0.0272976 0.0332211   0.267382 -0.0804841   -9.80502  5766
             217.399 -1.05047 -7.46384  27.4227 963.294 922.216 133.643 -0.482094  0.341477   179.468   1.77519 0.0432558 -0.059672  1.68879 0.870313 0.287243 -0.000141201 -0.000300107  -0.00105919 -0.668627 0.0266377 0.0323611   0.267387 -0.0804678   -9.80502  5756
             217.502 -1.04281 -7.49879  27.4444 963.481  922.31 133.675 -0.481741  0.338037   179.472    1.77521  0.0432551 -0.0596756  1.80534 0.934802 0.308124 -0.000138248 -0.000259673  -0.00107553  -0.67097 0.0269892 0.0317484   0.267379 -0.0804546   -9.80503  5758
             217.603 -1.06281 -7.47899  27.4299 963.666 922.406 133.707 -0.481735  0.337379   179.473    1.77521  0.0432548 -0.0596828  1.89846 0.977705 0.321411 -0.000125939 -0.000297181   -0.0010637 -0.669693 0.0270813 0.0316144    0.26738 -0.0804564   -9.80503  5780
             217.701 -1.00523 -7.50073  27.4576 963.871 922.513 133.742 -0.481682   0.33792    179.47    1.77521  0.0432469 -0.0596843  2.00272  1.04521 0.334132 -0.000159162 -0.000287526   -0.0010713 -0.669917   0.02677 0.0317057   0.267382 -0.0804554   -9.80502  5763
             217.802 -1.0618 -7.4766 27.4375 964.081 922.618  133.78 -0.480932   0.32951   179.482    1.77523  0.0432432 -0.0596982  2.10436  1.08939 0.350586 -0.000115994 -0.000345397   -0.0010691 -0.670655 0.0275941 0.0302345   0.267369 -0.0804363   -9.80503  5773
             217.901 -1.04127 -7.51899  27.4431 964.304 922.733 133.819 -0.480033   0.32259   179.484    1.77526  0.0432395 -0.0596977  2.20723  1.13659 0.368101 -0.000127012 -0.000360134  -0.00107193 -0.671313 0.0276275 0.0290199   0.267363 -0.0804173   -9.80503  5770
             218.004  -1.0512 -7.53598  27.4679 964.529 922.847 133.858 -0.480263   0.32245    179.49    1.77526  0.0432517 -0.0596983  2.31267  1.18151 0.390389 -0.000103255 -0.000390494  -0.00108591 -0.669779 0.0281168 0.0289623   0.267361 -0.0804237   -9.80503  5780
             218.104 -1.02898 -7.52992   27.482 964.769 922.966   133.9 -0.479994  0.317737     179.5    1.77528  0.0432692 -0.0596971  2.41319  1.23585 0.416397 -0.000104232 -0.000419108  -0.00110254 -0.670184 0.0289218 0.0281452    0.26735 -0.0804162   -9.80503  5771
             218.204 -1.02602 -7.56021  27.4656 965.024  923.09 133.944 -0.480338  0.316632   179.514     1.7753  0.0432924 -0.0596968  2.53218  1.28225 0.439877 -9.04813e-05 -0.000403665  -0.00110036 -0.670922 0.0302027 0.0279979   0.267336 -0.0804199   -9.80503  5788
             218.304 -1.01854 -7.58209  27.4896  965.29 923.226  133.99 -0.479938  0.314854   179.511     1.7753  0.0432845 -0.0596999  2.64403  1.33983 0.453758 -0.000104236 -0.000402251  -0.00110161 -0.672561 0.0298778 0.0277093   0.267334 -0.0804101   -9.80503  5754
             218.403 -0.992107  -7.59924   27.5143 965.572 923.363 134.039 -0.479775  0.310705   179.524    1.77532  0.0433072 -0.0596956  2.77027  1.38878 0.478986 -8.38538e-05 -0.000410607  -0.00112491 -0.674147 0.0309657 0.0270046   0.267317 -0.0804038   -9.80503  5758
             218.505 -0.965639  -7.62904   27.4954 965.859 923.502 134.089 -0.479656  0.307268   179.535    1.77535  0.0433316 -0.0596911  2.87896  1.43859 0.492585 -8.95788e-05 -0.000403113  -0.00112165 -0.675291 0.0319409  0.026402   0.267303 -0.0803998   -9.80503  5717
             218.605 -0.972894  -7.61154   27.5224 966.148 923.658 134.141 -0.478061  0.301804   179.511    1.77535  0.0432969 -0.0596902  2.97019  1.52487 0.518215  -8.9395e-05 -0.000427629  -0.00111865 -0.676739 0.0296247 0.0252897   0.267312 -0.0803727   -9.80503  5714
             218.704 -1.00111 -7.62739  27.5168 966.453 923.818 134.196 -0.477475  0.299148   179.506    1.77535  0.0432831 -0.0596858  3.06819  1.59202 0.535708 -0.000104057 -0.000416483  -0.00112146 -0.677203 0.0290442  0.024739   0.267312 -0.0803633   -9.80503  5684
             218.805 -1.00998 -7.64582  27.4815  966.77 923.983  134.25 -0.477582  0.300291   179.505    1.77534  0.0432963 -0.0596837  3.18022  1.63866 0.553892  -0.00012496 -0.000404483  -0.00111938 -0.678425 0.0290132 0.0250126   0.267311 -0.0803626   -9.80503  5705
             218.904 -1.04189 -7.63717  27.4422 967.102 924.156  134.31 -0.476225  0.293427   179.499    1.77534  0.0432814 -0.0596652  3.29394  1.69425 0.579773 -0.000107588 -0.000436623  -0.00112315 -0.681775 0.0282274 0.0234929   0.267297 -0.0803395   -9.80503  5628
             219.005 -1.05356 -7.65109  27.4054 967.438 924.323 134.369 -0.476513  0.292911    179.51    1.77537  0.0432926 -0.0596792  3.39561  1.73157 0.597152  -0.00010299 -0.000430459  -0.00114079  -0.68156 0.0292763 0.0233933   0.267289 -0.0803449   -9.80503  5646
             219.105 -1.03631 -7.65623  27.3292 967.785 924.495 134.429 -0.476983  0.293788   179.521    1.7754 0.0433118 -0.059687 3.49848 1.76928 0.61979 -0.000125386 -0.000419014  -0.00113308 -0.681283 0.0304527 0.0236637  0.267283 -0.080353  -9.80503  5680
             219.205 -1.02294 -7.61838  27.2724 968.151 924.679 134.494 -0.476346  0.290222   179.519    1.77539  0.0433466 -0.0596656  3.60975  1.82459 0.636309 -0.000135287 -0.000471182  -0.00112703 -0.684671 0.0302855 0.0226242   0.267268 -0.0803423   -9.80503  5660
             219.305 -1.04686   -7.608  27.2127 968.518 924.865 134.561 -0.476011  0.286554    179.52    1.77538  0.0433383 -0.0596616  3.70704  1.86651 0.650513 -0.000123655 -0.000481784   -0.0011199 -0.685655 0.0303239 0.0214554   0.267255 -0.0803373   -9.80503  5705
             219.405 -1.02293 -7.63087  27.1574 968.905 925.053 134.628 -0.476129  0.285335    179.53     1.7754  0.0433782 -0.0596555  3.81947  1.90771 0.659966 -0.000152307 -0.000506117  -0.00112993 -0.688049 0.0315266 0.0210027   0.267237 -0.0803406   -9.80503  5673
             219.506  -1.0209 -7.64833  27.0532  969.37 925.283 134.707 -0.476255  0.285339   179.534    1.77541   0.043388 -0.0596557  3.92864  1.94982 0.677356 -0.000150695 -0.000527711   -0.0011263 -0.688278 0.0320158 0.0210194   0.267233 -0.0803432   -9.80503  5740
             219.605 -0.989902  -7.69188   26.9907 969.719 925.454 134.768 -0.47645  0.28579  179.539   1.77542 0.0433598 -0.059632  4.00069  1.97582 0.697108  -0.00017275 -0.000481485  -0.00113459 -0.685218 0.0323914  0.021561   0.267238 -0.0803427   -9.80503  5713
             219.705 -0.948495  -7.73545   26.9188 970.123 925.654 134.839 -0.476428  0.285821   179.539    1.77542  0.0433482 -0.0596214  4.09009  2.01526 0.719166 -0.000199021 -0.000456916  -0.00114045  -0.68418 0.0322999 0.0217261   0.267242 -0.0803403   -9.80503  5733
             219.805 -0.994465  -7.73325   26.8604 970.537 925.859 134.912 -0.47627 0.286435  179.537    1.77541  0.0433421 -0.0596182  4.19436  2.05562 0.753889 -0.000164772 -0.000463303  -0.00115572 -0.683657   0.03197 0.0221909    0.26725 -0.0803363   -9.80503  5804
             219.904 -0.962076  -7.72515   26.7681 970.981 926.077 134.989 -0.476186  0.288715   179.532     1.7754  0.0433586 -0.0596156  4.30603  2.11594 0.771594 -0.000190182 -0.000501022  -0.00115208 -0.687014 0.0317575 0.0228194    0.26726 -0.0803465   -9.80503  5825
             220.005 -0.971293  -7.71672   26.6535 971.419 926.293 135.068 -0.476368  0.288215   179.529     1.7754  0.0433565 -0.0596123  4.39701   2.1474 0.780316 -0.000171166 -0.000505099  -0.00113422 -0.687472 0.0314348 0.0221173   0.267256 -0.0803492   -9.80503  5902
             220.105 -0.935715  -7.70434   26.5729 971.864  926.51 135.146 -0.476231  0.288669   179.528    1.7754 0.0433555  -0.05961   4.4916  2.16725 0.803078 -0.000175728 -0.000512135  -0.00113388 -0.687795 0.0313334 0.0224532  0.267261 -0.080349  -9.80503  5959
             220.204 -0.891786  -7.64863      26.5 972.334 926.736  135.23 -0.476792  0.289397   179.526    1.77538  0.0433689 -0.0595818  4.58869  2.20259 0.808102 -0.000166747 -0.000542277  -0.00113229  -0.68987 0.0314572 0.0216622  0.267256 -0.080369  -9.80503  5949
             220.305 -0.891016  -7.65096   26.4479 972.788 926.959 135.313 -0.477077  0.288346   179.523    1.77537  0.0433737 -0.0595993  4.61644  2.26186 0.808011  -0.00017728 -0.000528517  -0.00113716 -0.688147 0.0308207 0.0207444   0.267252 -0.0803578   -9.80503  6009
             220.404 -0.867386  -7.65787   26.3892 973.265 927.187 135.397 -0.477332  0.288672   179.525    1.77536  0.0433767 -0.0595958  4.70917   2.2355 0.835818 -0.000161144 -0.000536285  -0.00113567 -0.688762 0.0313661 0.0205934   0.267245 -0.0803685   -9.80503  6073
             220.505 -0.792038  -7.66878   26.3462 973.743 927.412 135.483  -0.4781 0.289523  179.526    1.77535  0.0433891 -0.0595915  4.73401  2.23958 0.853609 -0.000156464 -0.000551124  -0.00112342 -0.689366 0.0317429  0.019721  0.267235 -0.080388  -9.80503  6087
             220.605 -0.751343  -7.73293     26.33 974.229 927.644  135.57 -0.478822   0.29187   179.521    1.77535  0.0433522 -0.0596299  4.81662  2.28005 0.872874  -0.00014421 -0.000544868  -0.00110372 -0.691739 0.0313992 0.0192778   0.267244 -0.0804221   -9.80503  6161
             220.705 -0.683172  -7.69924   26.3625 974.714  927.88  135.66 -0.480217   0.29463   179.517   1.77536 0.0433776 -0.059645  4.85066  2.35309 0.871077 -0.000189157 -0.000538518  -0.00111224 -0.691884 0.0308441 0.0174783   0.267241 -0.0804541   -9.80503  6176
             220.805 -0.767034  -7.64044   26.3683 975.209 928.114  135.75 -0.481631  0.297581   179.523    1.77528  0.0433631 -0.0596516  4.89916  2.39079 0.883716 -0.000229465 -0.000531757  -0.00110692 -0.692248  0.032688 0.0158914   0.267209 -0.0805011   -9.80503  6174
             220.904 -0.839451  -7.57939   26.3812 975.718 928.361  135.84 -0.482369  0.299981   179.523    1.77526  0.0433047 -0.0596128  4.98719  2.39143 0.882626 -0.000251315 -0.000551946  -0.00110112 -0.693962 0.0328223 0.0153812   0.267211 -0.0805391   -9.80503  6282
             221.005 -0.889323  -7.48107   26.4246 976.226 928.601  135.93 -0.481501  0.296961   179.523    1.77535  0.0433446 -0.0595851  5.07428  2.39602 0.960371 -0.000183078  -0.00055704  -0.00110501 -0.695856    0.0327 0.0173561   0.267227 -0.0805228   -9.80503  6302
             221.106 -0.819092  -7.22663   26.4749 976.838 928.888 136.044 -0.481498  0.296959   179.524    1.77536  0.0433352 -0.0595638  5.10864  2.43145 0.923728 -0.000166779 -0.000637115  -0.00112396 -0.696381 0.0330844 0.0175287   0.267225 -0.0805292   -9.80503  6388
             221.205 -0.796058  -7.23356   26.4527 977.291 929.102 136.126 -0.481221  0.295411   179.527    1.77535  0.0433819 -0.0596298  5.11036  2.45577 0.880195 -0.000167978 -0.000625098  -0.00111081 -0.693588 0.0340662 0.0170883     0.2672 -0.0804995   -9.80503  6452
             221.305 -0.844689   -7.2967   26.4638   977.8 929.346 136.216 -0.481576  0.298737   179.526    1.77532  0.0433593 -0.0596052  5.14775  2.46756 0.880094 -0.000197616 -0.000627679  -0.00110218 -0.691097 0.0340897 0.0152353  0.267191 -0.080509  -9.80503  6420
             221.405 -0.858205  -7.47924   26.5072 978.314 929.598 136.303 -0.481131  0.296828   179.524    1.77533  0.0433766 -0.0595711  5.19131  2.49218 0.886505 -0.000171388 -0.000586003   -0.0011315 -0.690718    0.0331 0.0156844     0.2672 -0.0804838   -9.80503  6470
             221.505 -0.832813  -7.54935   26.5034 978.836 929.852 136.392 -0.48069 0.293961  179.522     1.7753  0.0433895 -0.0595653  5.25078  2.50852 0.913754 -0.000163185 -0.000589638  -0.00111985 -0.691025 0.0320005 0.0166138   0.267209 -0.0804551   -9.80503  6496
             221.605 -0.779844  -7.59812    26.514  979.37  930.11 136.483  -0.4804 0.289856   179.52     1.7752  0.0433825 -0.0596402  5.31284  2.54363 0.954782 -0.000164868 -0.000604232  -0.00111141 -0.693365 0.0309674 0.0185454   0.267221 -0.0804308   -9.80503  6544
             221.705 -0.738945  -7.62242   26.5274 979.893  930.37 136.577 -0.479896  0.283019   179.517    1.77514  0.0433684 -0.0595799 5.33486 2.58891  0.9788 -0.000133484 -0.000577774  -0.00112549 -0.692243   0.02933 0.0200693    0.26722 -0.0803606   -9.80503  6470
             221.805 -0.741778    -7.575   26.5361 980.439 930.639 136.677 -0.48017 0.287528  179.515    1.77514  0.0433749 -0.0596066  5.40754  2.62952 0.997425 -0.000129706 -0.000617925  -0.00112336 -0.694507  0.028266 0.0196331   0.267247 -0.0804032   -9.80503  6554
             221.904 -0.71189 -7.57096  26.5504 981.002 930.911 136.776 -0.480499  0.286492   179.516    1.77513   0.043367 -0.0595928  5.48236  2.66596 0.991121  -0.00014376 -0.000633182  -0.00112071 -0.697871 0.0287158 0.0211342   0.267247 -0.0804189   -9.80503  6464
             222.005 -0.67779 -7.55159  26.5726 981.563 931.183 136.876 -0.480635  0.287782   179.515    1.77513  0.0433657 -0.0595784  5.54988  2.67705 0.981263 -0.000157712 -0.000645925  -0.00112742 -0.699357 0.0285082 0.0212972  0.267255 -0.080436  -9.80503  6522
             222.105 -0.627766  -7.56528   26.5717 982.121 931.453 136.973 -0.480747  0.285484   179.515    1.77513  0.0433466 -0.0595718  5.60625  2.70449 0.993052 -0.000122808 -0.000638183  -0.00112398 -0.700084 0.0286263 0.0222535   0.267248 -0.0804243   -9.80503  6629
             222.205 -0.567637   -7.5775   26.6043 982.697 931.721 137.072 -0.480991  0.284715   179.521   1.77513 0.0433313 -0.059532  5.6741  2.7423 1.00906 -0.000193506 -0.000628044  -0.00112659 -0.702086 0.0311611 0.0231895   0.267226 -0.0804411   -9.80503  6689
             222.305 -0.529533  -7.49182   26.6189 983.372 932.057 137.194 -0.480859  0.283969   179.516    1.77512  0.0433225 -0.0595725 5.69784 2.79557 1.01384 -0.000185317 -0.000629946   -0.0011278 -0.700701 0.0289904 0.0229728    0.26724 -0.0804188   -9.80503  6706
             222.404 -0.626868  -7.47395   26.6388 983.879 932.301 137.287 -0.480702  0.280175   179.518     1.7751  0.0433016 -0.0597193 5.69973 2.78299  1.0211 -0.000196994 -0.000588104  -0.00112398 -0.695892 0.0308981 0.0226781   0.267205 -0.0803758   -9.80503  6724
             222.505 -0.682934  -7.44805    26.663 984.431 932.571 137.388 -0.480694  0.274243   179.514     1.7751  0.0432813 -0.0598207 5.70427 2.75339 1.01211 -0.000195166 -0.000566087  -0.00110814 -0.690156 0.0306801 0.0229638   0.267178 -0.0803059   -9.80503  6753
             222.605 -0.666032  -7.47857   26.7166 985.003 932.852 137.489 -0.480666  0.273439   179.511    1.77511  0.0432801 -0.0598064 5.73886  2.7892 1.00092 -0.000131433 -0.000567586  -0.00111339 -0.690009 0.0295493 0.0232289   0.267183 -0.0802951   -9.80503  6776
             222.705 -0.621033  -7.52427   26.7831 985.585 933.131 137.589 -0.481098  0.272961   179.514     1.7751  0.0432778 -0.0598143 5.78559 2.83159 1.00683 -0.000209119 -0.000582982  -0.00111312 -0.690756 0.0308525 0.0237226   0.267172 -0.0802985   -9.80503  6755
             222.805 -0.662439  -7.58505   26.8372 986.178  933.42 137.691 -0.481299  0.274682   179.517    1.77508  0.0432477 -0.0598808 5.85736 2.87576 1.02679 -0.000213162 -0.000591912  -0.00110601 -0.693484 0.0311777 0.0239084   0.267176 -0.0803215   -9.80503  6842
             222.904 -0.76628 -7.56404  26.9194 986.788 933.719 137.799 -0.48051 0.279421  179.521     1.7751  0.0431472 -0.0599097 5.93212 2.91421 1.05411 -0.000188852 -0.000629933  -0.00112079 -0.696514 0.0307717 0.0225172     0.2672 -0.0803667   -9.80503  6771
             223.005 -0.73949 -7.55438  26.9727 987.386 934.014 137.907 -0.480411  0.279474    179.52     1.7751  0.0431448 -0.0599054 5.98254 2.93783 1.07727 -0.000208012 -0.000617604  -0.00111115 -0.696434 0.0301687   0.02245   0.267203 -0.0803653   -9.80503  6705
             223.105 -0.786147  -7.51811   27.0346 987.995 934.315 138.016 -0.479989   0.28187   179.521     1.7751  0.0431053 -0.0598816 6.03609 2.97842 1.07801 -0.000159257 -0.000632107  -0.00111278 -0.698484 0.0293852 0.0218325   0.267217 -0.0803854   -9.80503  6693
             223.204 -0.770224  -7.52536   27.1075 988.617 934.627 138.126 -0.480215  0.283609   179.522    1.77511  0.0430742 -0.0598756 6.09241 3.03127 1.07251  -0.00020637 -0.000637299   -0.0011147 -0.701593 0.0283259 0.0221678   0.267223 -0.0803995   -9.80503  6829
             223.305 -0.79063  -7.5167  27.1905 989.237 934.938 138.236 -0.479418  0.285929   179.523    1.7751 0.0430444  -0.05987 6.13192 3.07568 1.07748 -0.000197047 -0.000643356  -0.00113568 -0.703118 0.0276246 0.0211284   0.267235 -0.0804158   -9.80503  6856
             223.404 -0.882115  -7.51301   27.2278 989.867 935.257 138.349 -0.477683  0.289306   179.524    1.77508  0.0429843 -0.0598499 6.17842 3.10786 1.09326 -0.000190866 -0.000652125  -0.00111272 -0.704394 0.0262031 0.0189002   0.267256 -0.0804357   -9.80503  6885
             223.506 -0.907282  -7.47957   27.2932 990.606 935.626 138.483 -0.476699  0.290058   179.525    1.77506  0.0429582 -0.0598646 6.19753   3.123 1.11157 -0.000190318 -0.000628108  -0.00112534 -0.702857 0.0270098 0.0174595   0.267265 -0.0804404   -9.80503  6997
             223.603 -0.964212  -7.43244   27.3187 991.155 935.904 138.584 -0.477639  0.285812    179.52    1.77511  0.0429276 -0.0599599 6.13484  3.1057 1.11512 -0.000200609 -0.000637954  -0.00112385 -0.696785 0.0274076 0.0183251   0.267259 -0.0804254   -9.80503  6975
             223.703 -0.96518 -7.42951  27.3396 991.773 936.218 138.692 -0.479638   0.28096   179.518    1.77517  0.0429325 -0.0599768  6.1315 3.03474  1.1138 -0.000111802 -0.000683177  -0.00112909 -0.695635 0.0267952 0.0214775   0.267243 -0.0804118   -9.80503  7016
             223.805 -0.766789  -7.48821   27.3449 992.375 936.519 138.802 -0.480309  0.277218   179.519    1.77518  0.0428171 -0.0599391 6.07842 2.98987 1.08008  -0.00011102 -0.000691402  -0.00113912 -0.692209 0.0262015 0.0224408   0.267236 -0.0804076   -9.80503  7039
             223.904 -0.435488  -7.60789   27.2952 992.987  936.83 138.909 -0.480894  0.274365   179.523    1.77511  0.0426079 -0.0600442 6.04938 3.04456 1.10527 -0.000164885 -0.000672513  -0.00115214 -0.691503 0.0244509 0.0238786   0.267222 -0.0804005   -9.80503  7048
             224.005 -0.381871  -7.59797   27.2443 993.593 937.131 139.023 -0.480006  0.279998   179.518    1.77521   0.042921 -0.0599202 6.03702 3.10396 1.09292 -0.000208342 -0.000648358  -0.00116888 -0.689289 0.0262339 0.0205483   0.267242 -0.0804236   -9.80503  7006
             224.105  -0.5043 -7.41384  27.1638 994.209 937.444 139.141 -0.479704   0.28323   179.517    1.77517  0.0430786 -0.0598313  6.0764 3.08313  1.1671 -0.000187864 -0.000582812  -0.00115333 -0.691123 0.0264523 0.0196738   0.267244 -0.0804261   -9.80503  7088
             224.205 -0.557495   -7.1142   27.1143 994.832 937.754 139.259 -0.47958 0.286185  179.516     1.7751  0.0432355 -0.0595072 6.10543 3.03734 1.18022 -0.000200025 -0.000640334  -0.00113949 -0.694511 0.0266536 0.0193014   0.267244 -0.0804225   -9.80503  7091
             224.305 -0.498404  -6.98401   27.0735 995.452 938.063  139.37 -0.479255  0.281368   179.518    1.77534  0.0432538 -0.0592911   6.102 3.02675 1.06503 -0.000149297 -0.000675709  -0.00115974 -0.698582 0.0259941 0.0217811   0.267235 -0.0804018   -9.80503  7188
             224.404 -0.429755  -7.05367   26.9925 996.087 938.373 139.479 -0.479198  0.284425   179.514    1.77531    0.04338 -0.0592357  6.1135  3.0378 1.01531 -0.000171454 -0.000722023  -0.00115901 -0.702476 0.0271339 0.0216218   0.267242 -0.0803974   -9.80503  7256
             224.504 -0.433578  -7.23798   26.9186 996.716 938.683 139.586 -0.480346  0.295443    179.51   1.77532 0.0434857 -0.059361 6.12498 3.05194 1.02907 -0.000202639 -0.000752751  -0.00115385 -0.703131 0.0281291 0.0187228    0.26725 -0.0804398   -9.80503  7258
             224.605 -0.503047  -7.46334   26.8526 997.329 938.988  139.69 -0.480271  0.294408    179.51    1.77531  0.0434724 -0.0592816 6.13193 3.03414  1.0492 -0.000213923 -0.000712573  -0.00115628 -0.702369 0.0281927  0.018844    0.26725 -0.0804363   -9.80503  7263
             224.705 -0.542116  -7.56076    26.783  997.95 939.296 139.799 -0.480523   0.29686   179.512   1.77535 0.0434783 -0.059392 6.18913 3.03732 1.10845 -0.000195728  -0.00070804  -0.00115715 -0.703539 0.0276976 0.0184566    0.26725 -0.0804483   -9.80503  7253
             224.804 -0.528688   -7.5733    26.724 998.586 939.607  139.91 -0.478464   0.28664   179.511    1.77515  0.0435726 -0.0594739 6.21897 2.99559 1.15353 -0.000176476 -0.000679794  -0.00115076 -0.707912  0.027189 0.0219281   0.267244 -0.0803854   -9.80503  7340
             224.904 -0.385782  -7.53614   26.6468 999.219 939.916 140.023 -0.47633 0.276762  179.513    1.77506  0.0435401 -0.0594558 6.25363 3.04765 1.14942 -0.000207785 -0.000615375   -0.0011571 -0.708968 0.0264946 0.0246897    0.26723 -0.0803261   -9.80503  7467
             225.005 -0.329693  -7.26458   26.5758 999.854 940.217 140.136 -0.475008  0.273249   179.511    1.77513  0.0435207 -0.0594536 6.30831 3.03797 1.13659 -0.000206726 -0.000645382  -0.00116569 -0.709429 0.0283191 0.0257705   0.267225 -0.0803035   -9.80503  7517
             225.105 -0.336867  -7.02668   26.5049 1000.48 940.519  140.25 -0.475352  0.274097   179.511   1.77506 0.0435254 -0.059644   6.315  3.0458 1.07216  -0.00022222 -0.000647443  -0.00115655 -0.707124 0.0290499 0.0250451   0.267223 -0.0803047   -9.80503  7565
             225.205 -0.360624  -6.90119    26.424 1001.13 940.828 140.362 -0.475497  0.274901   179.511    1.77504  0.0435248 -0.0595342 6.38374 3.06139 1.15018  -0.00020502 -0.000643545  -0.00114976 -0.708408 0.0292213 0.0250038   0.267228 -0.0803131   -9.80503  7622
             225.305 -0.356788  -6.85962   26.4039 1001.77 941.141 140.468 -0.476019  0.276885    179.51    1.77499  0.0434911 -0.0594482 6.46028  3.0538  1.0267  -0.00024292 -0.000717293  -0.00114777 -0.709824 0.0279503 0.0243536   0.267247 -0.0803299   -9.80503  7714
             225.404 -0.211022  -6.98016   26.3717 1002.43 941.454 140.572 -0.476233  0.278587   179.509   1.77499 0.0434936 -0.059516  6.53158  3.05672 0.984413 -0.000121567 -0.000717874  -0.00114006 -0.710484 0.0261051 0.0235579   0.267273 -0.0803433   -9.80503  7727
             225.505 0.00761832   -7.08737    26.3722 1003.09 941.761 140.676 -0.477752  0.279915   179.508      1.775  0.0435741 -0.0594321 6.54929 3.14664 1.06033 -0.000170063 -0.000721734    -0.001139 -0.709905  0.027473  0.022374   0.26728 -0.080365  -9.80503  7708
             225.605 0.0331105   -7.1894   26.3673 1003.75 942.078 140.788 -0.479861    0.2825   179.506    1.77516  0.0436898 -0.0594634 6.59396 3.18751   1.105 -0.000236499 -0.000704736  -0.00112957 -0.710083 0.0283239 0.0194808  0.267329 -0.080418  -9.80503  7669
             225.703 -0.0418278   -7.21859    26.3711 1004.42 942.409 140.907 -0.480496  0.283287   179.505    1.77539   0.043684 -0.0594656  6.6354 3.24055 1.14077 -0.000222385 -0.000688312  -0.00113638 -0.709916 0.0271377 0.0165577   0.267397 -0.0804523   -9.80502  7670
             225.806 -0.157333  -7.24442   26.4053 1005.21  942.79 141.042 -0.480124   0.28244   179.502     1.7754  0.0437257 -0.0594111 6.70617 3.17855 1.12711 -0.000212072 -0.000700467  -0.00112677 -0.708104 0.0269582 0.0164595   0.267392 -0.0804335   -9.80502  7657
             225.905 -0.0770356   -7.27972    26.4279  1005.8  943.07 141.142 -0.478707  0.280161   179.495    1.77527  0.0439531 -0.0592236 6.69862 3.15984 1.15505 -0.000189065 -0.000703155  -0.00112684 -0.700384 0.0263131  0.018308 0.267317 -0.08033 -9.80503  7720
             226.005 0.0618157  -7.28388   26.4452 1006.46  943.38 141.255 -0.478132  0.279969   179.494    1.77512  0.0440307 -0.0591514 6.7092 3.1648 1.1517 -0.000169989 -0.000697155  -0.00113473 -0.695168  0.027071 0.0203734   0.267231 -0.0802578   -9.80503  7767
             226.105 0.191995 -7.32779  26.4304 1007.26 943.758 141.394 -0.477798   0.27904   179.495    1.77511  0.0440461 -0.0591109 6.70771 3.22614 1.16818 -0.000231412 -0.000703209  -0.00113546 -0.693434  0.028244 0.0202607   0.267216 -0.0802442   -9.80503  7779
             226.206 0.0339629  -7.40654    26.448 1007.97 944.098 141.519 -0.477423  0.277747   179.486    1.77502   0.044085 -0.0590628 6.66942 3.20855 1.16235  -0.00020125 -0.000700603  -0.00113852 -0.685594 0.0289894 0.0210529   0.267152 -0.0801572   -9.80503  7803
             226.307 -0.0468955   -7.53276    26.4652 1008.66 944.434 141.641 -0.47931 0.279797  179.468    1.77471  0.0442877 -0.0588261 6.64788 3.17692 1.17369 -0.000214995 -0.000673626  -0.00112621 -0.675032  0.029472 0.0240321   0.267031 -0.0800215   -9.80504  7786
             226.405 -0.0432347   -7.57933    26.5116 1009.25 944.711 141.743 -0.48186 0.283515   179.46    1.77445  0.0444944 -0.0587493  6.6702 3.14864 1.19686 -0.000189423 -0.000660524  -0.00113901  -0.66902 0.0309224 0.0268144   0.266931 -0.0799399   -9.80504  7817
             226.507 -0.0535046   -7.57396    26.5495 1010.04 945.093 141.883 -0.485947  0.290038   179.453    1.77432  0.0446671 -0.0586947 6.70478 3.19783 1.22553 -0.000186639 -0.000640572  -0.00113425 -0.667108 0.0298945 0.0302474   0.266853 -0.0798886   -9.80504  7821
             226.606 0.074233 -7.50876  26.5504 1010.76 945.442 142.014 -0.488699  0.293552   179.448    1.77432  0.0446677 -0.0587982 6.70294 3.21996 1.24307   -0.0002292 -0.000631273  -0.00112634 -0.663086 0.0298064 0.0322928   0.266792 -0.0798345   -9.80505  7854
             226.705 0.0296305  -7.48436   26.5644 1011.36 945.732 142.123 -0.491975  0.298116   179.445    1.77437  0.0447087 -0.0588564 6.70301 3.24309 1.22181 -0.000216474 -0.000627022  -0.00112652 -0.660376  0.030666 0.0347549   0.266729 -0.0797917   -9.80505  7926
             226.806 -0.00467757    -7.48038     26.5966 1012.18 946.123 142.268 -0.492302  0.299114   179.449    1.77439  0.0447213 -0.0587872 6.77383 3.27164 1.20364 -0.000247765 -0.000656314  -0.00113661 -0.663179  0.031334 0.0351293   0.266729 -0.0798124   -9.80505  7923
             226.905 -0.0795289   -7.54643     26.618 1012.79 946.422 142.376 -0.49348 0.300594  179.449     1.7744  0.0447596 -0.0587721 6.81964 3.28416 1.20402 -0.000208589 -0.000632703  -0.00113448 -0.663383 0.0307784 0.0359778   0.266721 -0.0798032   -9.80505  7889
             227.005 -0.0768089   -7.52862    26.6551 1013.48 946.763 142.496 -0.495057  0.302947    179.45    1.77443  0.0447847 -0.0587343 6.87815 3.33541 1.21545 -0.00021534 -0.00065253 -0.00114136 -0.666692 0.0290314 0.0374361   0.266721 -0.0798051   -9.80505  7916
             227.106 -0.0443841   -7.51901    26.6801 1014.33 947.174 142.644 -0.493121  0.301798   179.458   1.77438 0.0447685 -0.058683  6.9655 3.39302 1.23598 -0.000218715 -0.000686357  -0.00113841  -0.67455 0.0278798 0.0365275    0.26675 -0.0798638   -9.80505  7895
             227.205 -0.0889046   -7.53128     26.728 1014.97 947.487 142.758 -0.491623  0.300591    179.46    1.77435  0.0447447 -0.0586717 7.00906  3.4427 1.24159 -0.000214038 -0.000682971   -0.0011383 -0.676938 0.0269697 0.0355344   0.266764 -0.0798886   -9.80505  7946
             227.298 -0.227369  -7.51981   26.7541 1015.75 947.872 142.897 -0.48502 0.295886  179.478   1.77417 0.0445264 -0.058574 7.10259 3.52016 1.23652 -0.000220732 -0.000734391  -0.00112765 -0.688576   0.02516 0.0311188   0.266796 -0.0800008   -9.80504  7922
             227.397 -0.26408 -7.60482  26.7845 1016.54  948.26 143.035 -0.481582  0.294168   179.488    1.77415  0.0444497 -0.0586382 7.15641  3.5491  1.2563   -0.0002366 -0.000748088  -0.00113602 -0.693898 0.0240191  0.028885   0.266804 -0.0800532   -9.80504  7944
             227.498 -0.374025  -7.74929   26.8366 1017.29 948.633  143.17 -0.479724  0.292508   179.484    1.77423  0.0443906 -0.0585274 7.17395 3.53575  1.2572 -0.000223109 -0.000778344  -0.00113083  -0.69088 0.0244989 0.0274034   0.266803 -0.0800534   -9.80504  7971
             227.598 -0.367003  -7.92218   26.8809 1018.05 949.006 143.304 -0.480174  0.291506   179.479    1.77422  0.0444192 -0.0582799 7.18155 3.53893 1.27489 -0.000214596 -0.000803853  -0.00112465 -0.686487 0.0248785 0.0276546   0.266808 -0.0800282   -9.80504  7959
             227.697 -0.458327  -8.02523   26.9457 1018.82 949.384 143.442 -0.481974  0.291135   179.474   1.77409 0.0444804  -0.05812 7.19316 3.55565 1.33689 -0.000184912  -0.00083169  -0.00113334 -0.682593 0.0257525 0.0291963   0.266825 -0.0799954   -9.80504  7990
             227.798 -0.439502  -8.04398   26.9988 1019.57  949.75 143.586 -0.481728  0.289045    179.47    1.77404  0.0445273 -0.0580373 7.19644 3.53338 1.37972 -0.000186066 -0.000886186  -0.00113888 -0.677533 0.0281836  0.029412   0.266839 -0.0799699   -9.80504  7986
             227.898 -0.565486  -7.98391   27.0593 1020.35 950.125 143.735 -0.480832  0.287753    179.47     1.774 0.0445436 -0.058141  7.2039 3.54635 1.38906 -0.000151309 -0.000936874  -0.00114501  -0.67496 0.0297982 0.0290348   0.266843 -0.0799595   -9.80504  7984
             227.997 -0.65123 -7.96906   27.109 1021.11 950.505 143.883 -0.481491  0.286368   179.465    1.77399  0.0445513 -0.0582962 7.18174 3.54727 1.37016 -0.000186737  -0.00100503   -0.0011346  -0.67058 0.0295136 0.0297116    0.26687 -0.0799456   -9.80504  8057
             228.098 -0.808232  -7.98657   27.1842 1021.86 950.881 144.026 -0.483624  0.285926   179.459    1.77411  0.0446783 -0.0584206 7.17992 3.53028 1.36232 -0.00017005 -0.00107665 -0.00113108 -0.665703 0.0293608 0.0329956   0.266968 -0.0799424   -9.80504  8086
             228.197 -0.758605  -8.00666   27.2329 1022.64 951.265 144.168 -0.485018  0.286777   179.458    1.77427  0.0445886 -0.0584523 7.21292 3.55267 1.35183 -0.000195532  -0.00107314  -0.00112421 -0.664757 0.0289415 0.0369166   0.267078 -0.0799522   -9.80504  8079
             228.297 -0.76297 -8.00556   27.283 1023.41 951.649 144.313 -0.485321  0.286597   179.458    1.77435  0.0445207 -0.0584996  7.2391 3.58465 1.36164 -0.000205518  -0.00108763  -0.00112269  -0.66233 0.0286956 0.0384628   0.267137 -0.0799621   -9.80504  8071
             228.397 -0.848817  -7.93497   27.3548 1024.19 952.038  144.46 -0.485295  0.286732   179.459    1.77443    0.04449 -0.0585217  7.2618 3.61806 1.36241 -0.000186384  -0.00106966  -0.00113077 -0.661643 0.0288702 0.0394447   0.267175 -0.0799716   -9.80503  8069
             228.497  -0.9023 -7.86717   27.427 1024.98 952.429 144.606 -0.485135  0.286853   179.459    1.77452  0.0444617 -0.0585564 7.27673 3.63042 1.36111 -0.000231214  -0.00104881  -0.00111972 -0.660735 0.0286298 0.0403064   0.267212 -0.0799843   -9.80503  8048
             228.598 -0.918635  -7.75702   27.4796 1025.75 952.822 144.751 -0.485001  0.286871   179.458    1.77452   0.044462 -0.0585753 7.29544 3.66349  1.3385 -0.000256979   -0.0010559  -0.00111664 -0.660583 0.0272943 0.0403076   0.267208 -0.0799853   -9.80503  8021
             228.698 -1.01481 -7.65759  27.5176 1026.54 953.222 144.893 -0.484695  0.286846   179.456    1.77451  0.0444638 -0.0585653 7.31206 3.71885 1.32979 -0.000248996  -0.00103768  -0.00110701 -0.660693 0.0257183 0.0403772   0.267205 -0.0799857   -9.80503  8081
             228.798 -1.04307 -7.55299  27.5342 1027.32 953.622 145.035 -0.484789  0.286767   179.455    1.77443  0.0444834 -0.0585615 7.33551  3.7397 1.30824 -0.000266004  -0.00103903  -0.00110838 -0.660614 0.0250952 0.0397649   0.267179 -0.0799738   -9.80503  8168
             228.898 -1.04094 -7.53375  27.5336 1028.11 954.025 145.177 -0.485652  0.286684   179.454    1.77426  0.0445861 -0.0585355 7.36273 3.74755 1.28528 -0.000296934  -0.00102545  -0.00112076 -0.661256 0.0252101 0.0378919   0.267104 -0.0799282   -9.80504  8280
             228.997 -1.06215  -7.5755  27.5026 1028.91 954.435 145.317 -0.48652 0.286853  179.451   1.77412 0.0447425 -0.058565 7.39506 3.74767 1.26225 -0.000284261  -0.00102738  -0.00111761 -0.663297 0.0243119 0.0359595   0.267012 -0.0798673   -9.80504  8366
             229.098 -0.976548  -7.70686   27.4741  1029.7 954.833 145.455 -0.488558  0.287346   179.449    1.77423  0.0448805 -0.0584986 7.41498 3.75791 1.27858 -0.000261559  -0.00105616  -0.00111923 -0.662843 0.0260566 0.0340229   0.266953 -0.0798313   -9.80504  8445
             229.197 -0.999467  -7.86513    27.456 1030.51 955.242 145.599 -0.49258 0.289417  179.443    1.77457   0.045222 -0.0586593 7.44296 3.77989 1.32166 -0.000276176  -0.00103273  -0.00111839  -0.66487  0.026999 0.0297885   0.266791 -0.0797255   -9.80505  8486
             229.299 -0.930153  -8.00766   27.4444 1031.31 955.644 145.747 -0.495461  0.291304   179.439    1.77487  0.0454682 -0.0587801 7.47488 3.76458 1.38314 -0.000278408 -0.000982336  -0.00112821 -0.666383 0.0284667 0.0272326   0.2667 -0.07966 -9.80505  8565
             229.397 -0.978494  -8.04719   27.4337 1032.13 956.053   145.9 -0.497863  0.293532   179.435    1.77505  0.0456046 -0.0588942 7.48104 3.77832 1.40817 -0.000243354 -0.000931645  -0.00113041 -0.668659 0.0296529 0.0255368   0.266632 -0.0796053   -9.80505  8679
             229.497 -0.960044  -8.04377   27.4173 1032.93 956.458 146.055 -0.499478  0.295153   179.432    1.77516  0.0456753 -0.0589165 7.47176 3.76409 1.43563 -0.000260855 -0.000899294   -0.0011348 -0.669106  0.030813 0.0242023   0.266592 -0.0795732   -9.80505  8704
             229.598 -0.91867 -7.97676  27.3811 1033.73 956.862  146.21 -0.501248  0.296658   179.432   1.77519 0.0457282 -0.058921 7.45253 3.74793  1.4322 -0.000269738 -0.000893709   -0.0011265 -0.669131 0.0305734  0.023181   0.266554 -0.0795576   -9.80505  8739
             229.697 -0.929989  -7.92044   27.3739 1034.55  957.27 146.367 -0.504399  0.301261   179.427    1.77524  0.0458126 -0.0588093 7.45552 3.74511  1.4219 -0.000260115 -0.000838164   -0.0011289 -0.672153 0.0320087 0.0214198   0.266484 -0.0795036   -9.80506  8754
             229.798 -0.873812  -7.90612   27.3367 1035.35 957.672  146.52 -0.505777  0.303404   179.425    1.77525  0.0458515 -0.0587598 7.44714 3.72033 1.40254 -0.000292506 -0.000809625  -0.00111643 -0.673641 0.0323747 0.0207619   0.266455 -0.0794842   -9.80506  8802
             229.897 -0.868328  -7.92289   27.3375 1036.16 958.078 146.672 -0.506886  0.305292   179.424    1.77526  0.0458655 -0.0587196 7.43406 3.73273 1.39245 -0.000275521 -0.000773651  -0.00112943 -0.675662 0.0324903  0.020389    0.26643 -0.0794675   -9.80506  8831
             229.998 -0.825514  -7.93973    27.295 1036.96 958.479 146.822 -0.507898  0.306701   179.426    1.77525   0.045881 -0.0587248 7.41793 3.73099 1.39758 -0.000316102 -0.000758662  -0.00111082 -0.675722 0.0316629 0.0199159   0.266408 -0.0794684   -9.80506  8859
             230.098 -0.787068  -7.90437    27.298 1037.75 958.871 146.971 -0.507206  0.306094   179.418    1.77525   0.045864 -0.0586968 7.42888 3.70136 1.41109 -0.000255776 -0.000738495   -0.0011279 -0.676537 0.0340683 0.0202074    0.26643 -0.0794545   -9.80506  8901
             230.197 -0.75712 -7.81623  27.3029 1038.57 959.275 147.127 -0.509736  0.311328   179.413    1.77519  0.0458455 -0.0585838 7.44676 3.68512 1.41484 -0.000253661 -0.000658504  -0.00113299 -0.680191 0.0355001 0.0191212   0.266388 -0.0794318   -9.80506  8910
             230.298 -0.637431  -7.75038   27.3004 1039.37 959.667 147.278 -0.509393  0.310812   179.411    1.7752 0.0458347 -0.058563 7.42736 3.67257 1.39892 -0.000239858 -0.000655139  -0.00113789 -0.680499 0.0362124 0.0193007   0.266396 -0.0794269   -9.80506  9027
             230.397 -0.676842  -7.72473   27.2933 1040.18 960.071 147.429 -0.510231  0.312377   179.414    1.77519  0.0458327 -0.0585165  7.3954 3.66323 1.37458 -0.000249655 -0.000647312  -0.00113407 -0.682677 0.0349912 0.0191583   0.266373 -0.0794238   -9.80506  9017
             230.498  -0.5157 -7.84684  27.2453 1040.96 960.465 147.572 -0.508947  0.309219   179.421    1.77519  0.0458269 -0.0585507 7.35924 3.66292 1.35274 -0.000285048 -0.000662612  -0.00112637 -0.682506  0.032784 0.0200163  0.266378 -0.079421  -9.80506  9075
             230.598 -0.482623  -7.91665   27.2415 1041.75 960.862  147.72 -0.512157   0.31823   179.424    1.77523  0.0458586 -0.0586023 7.36428 3.66396 1.35342 -0.000319625 -0.000654146  -0.00113938 -0.681978 0.0320859  0.017532    0.26633 -0.0794619   -9.80506  9122
             230.697 -0.448862  -7.98798   27.1977 1042.55 961.265 147.871 -0.512715  0.319619   179.428    1.77522  0.0458809 -0.0586546 7.36678 3.66457 1.39858 -0.000315902 -0.000592833  -0.00113554 -0.683469 0.0305982 0.0174031   0.266313 -0.0794655   -9.80506  9193
             230.798 -0.323984  -7.93387   27.1718 1043.36 961.656 148.024 -0.512952  0.321221    179.42    1.77521  0.0458767 -0.0586533 7.39932 3.66439 1.43244 -0.000282468 -0.000524419  -0.00115109 -0.686663 0.0331893 0.0175014   0.266318 -0.0794517   -9.80506  9158
             230.897 -0.299797  -7.85116   27.0988 1044.16 962.054 148.179 -0.513336  0.322716   179.419    1.77521  0.0458873 -0.0586398  7.4077 3.65586 1.43346 -0.000283237   -0.0004932  -0.00114113 -0.687602 0.0335836 0.0172326   0.266314 -0.0794561   -9.80506  9162
             230.998 -0.229419  -7.75248    27.064 1044.95 962.446 148.332 -0.513723  0.324496   179.418    1.77518  0.0458833 -0.0586307 7.39525 3.66087 1.38247   -0.0003307 -0.000490749   -0.0011471 -0.687627 0.0338664 0.0166451   0.266313 -0.0794681   -9.80506  9171
             231.097 -0.392191  -7.64397   27.0227 1045.75 962.849 148.486 -0.515811  0.335326   179.423    1.77487  0.0455299 -0.0585354  7.3693 3.67605 1.36213 -0.000318107 -0.000500679  -0.00115649 -0.686394 0.0331997 0.0123351   0.266303 -0.0795605   -9.80506  9178
             231.197 -0.597593  -7.63713   27.0227 1046.56 963.247 148.635 -0.516604  0.339456   179.425    1.77479  0.0453171 -0.0585241   7.373 3.61515 1.35396 -0.000365391 -0.000493559  -0.00115242 -0.687339  0.033676 0.0108233     0.2663 -0.0795949   -9.80506  9283
             231.299 -0.547281  -7.70564   26.9756 1047.33 963.632 148.777 -0.516192  0.338255   179.428    1.77481  0.0453363 -0.0584698 7.34773 3.55713 1.35136 -0.000395235 -0.000522089  -0.00114016 -0.685372 0.0322418 0.0109307   0.266299 -0.0795912   -9.80506  9376
             231.397 -0.506215  -7.82064   26.9025 1048.14 964.032 148.924 -0.516349  0.340366   179.432    1.77478  0.0453071 -0.0585863 7.33514 3.63995 1.34187 -0.00034214 -0.00049081  -0.0011377 -0.688536 0.0305498 0.0105344   0.266295 -0.0796076   -9.80506  9475
             231.498 -0.735813  -7.86531   26.9327 1048.93 964.422 149.072 -0.516643  0.342038   179.435    1.77482   0.045177 -0.0585802 7.35964 3.63194  1.3731 -0.000350198 -0.000494481  -0.00114062  -0.688445  0.0301899 0.00960176   0.266298 -0.0796319   -9.80506  9584
             231.598 -0.561724  -7.85264   26.9302 1049.72  964.81 149.216 -0.515295  0.336911   179.435    1.77474   0.045381 -0.0586427 7.37867 3.53225  1.4099 -0.000346064 -0.000433868  -0.00112846 -0.689919 0.0282651 0.0132438   0.266271 -0.0795464   -9.80506  9755
             231.697 -0.199494   -7.7667   26.9123 1050.52 965.197 149.369 -0.515528  0.338383   179.433    1.77474  0.0453175 -0.0586104 7.37138 3.61155 1.43065 -0.000382899 -0.000406315  -0.00113606 -0.692361 0.0288091 0.0128762   0.266278 -0.0795619   -9.80506  9893
             231.798  -0.3591 -7.66328  26.9202 1051.31 965.588 149.522 -0.515962  0.339593   179.434    1.77471  0.0453115 -0.0586126 7.31909 3.67941 1.37326 -0.000360991 -0.000364058  -0.00115138 -0.692062 0.0284842 0.0117103   0.266289 -0.0795855   -9.80506  9982
             231.897 -0.462184  -7.51426   26.8819  1052.1 965.982 149.674 -0.516269  0.341963   179.435    1.77454  0.0452051 -0.0585983 7.28755 3.60968    1.36 -0.000411631 -0.000405057  -0.00112182  -0.691582  0.0283312 0.00895903   0.266319 -0.0796304   -9.80506  10105
             231.998 -0.485809  -7.48637   26.8881 1052.89 966.369 149.819 -0.516337  0.342248   179.436    1.77454   0.045192 -0.0585658 7.27782 3.58491 1.32447 -0.000407101 -0.000431975  -0.00113529  -0.692481  0.0280704 0.00880703   0.266321 -0.0796361   -9.80506  10267
             232.098 -0.560086  -7.63165   26.8507 1053.66 966.758 149.959 -0.515974  0.342454   179.442    1.77455  0.0451824 -0.0585149 7.24385 3.59214 1.29612 -0.000367722 -0.000476238  -0.00114211  -0.692352  0.0258573 0.00823092   0.266327 -0.0796436   -9.80506  10307
             232.197 -0.589097   -7.8943   26.8336 1054.45 967.151   150.1 -0.515894  0.342847   179.444   1.77455 0.0451849 -0.058607 7.26503 3.58051 1.31738 -0.000414877 -0.000469173   -0.0011366  -0.694067  0.0250916 0.00814928    0.26633 -0.0796506   -9.80506  10378
             232.296 -0.58651 -8.00928   26.806 1055.24 967.541 150.248 -0.515327  0.343651   179.446    1.77477  0.0451381 -0.0585604 7.26781 3.59536 1.38604  -0.00040544 -0.000487415  -0.00113885  -0.692838  0.0245014 0.00626698    0.26635 -0.0796741   -9.80506  10391
             232.396 -0.660182  -8.02083   26.7678 1056.03 967.934 150.401 -0.515614  0.343465   179.445    1.77469  0.0451732 -0.0585688 7.28694  3.6122 1.46324 -0.000407557 -0.000434117  -0.00112417  -0.693273  0.0247656 0.00723968    0.26634 -0.0796651   -9.80506  10373
             232.498 -0.646667  -7.90083    26.744 1056.82 968.319 150.556 -0.515836   0.34325   179.444    1.77466  0.0451953 -0.0585664 7.29386 3.59376 1.47022 -0.000411951 -0.000415661  -0.00112116 -0.693145 0.0256173 0.0089887   0.266321 -0.0796523   -9.80506  10425
             232.598 -0.673605  -7.80863   26.7348  1057.6 968.703 150.709 -0.516332   0.34385   179.443    1.77471  0.0452091 -0.0585431 7.28258 3.58783 1.41071 -0.000407136 -0.000415889  -0.00112739 -0.693962 0.0264523 0.0111084 0.266302 -0.07965 -9.80506  10515
             232.697 -0.675687  -7.82088   26.7223 1058.39 969.086 150.857 -0.516686  0.344201   179.442    1.77473  0.0452006 -0.0585397 7.27405 3.54243 1.36526 -0.000384965  -0.00045611  -0.00112766 -0.693702 0.0272382 0.0127891  0.266288 -0.079647  -9.80506  10577
             232.798 -0.598854   -7.9432   26.7171 1059.17  969.47 151.002 -0.516974  0.344868   179.443    1.77472  0.0451682 -0.0585911 7.27523 3.55105 1.36043  -0.00038369 -0.000474071  -0.00112175 -0.694941 0.0262913  0.013582   0.266287 -0.0796505   -9.80506  10651
             232.897 -0.582497  -8.11284   26.7378 1059.97 969.865  151.15 -0.517135  0.346612   179.444   1.77468 0.0450781  -0.05878 7.31536 3.60216 1.38193  -0.00038661 -0.000416198  -0.00112109 -0.700003 0.0253386 0.0145924   0.266297 -0.0796684   -9.80506  10659
             232.998 -0.531961  -8.18635    26.739 1060.76 970.252 151.301 -0.517301  0.347081   179.444    1.77465   0.045042 -0.0587947 7.32992 3.61286 1.45057  -0.00039121 -0.000397352  -0.00110931 -0.700672 0.0254033 0.0151217   0.266297 -0.0796713   -9.80506  10703
             233.098 -0.520147  -8.16981   26.7605 1061.55 970.639 151.456 -0.517705  0.348237   179.444    1.77459  0.0449517 -0.0587832 7.33768 3.60449 1.48218 -0.000368222 -0.000388505  -0.00110914 -0.700378 0.0261167 0.0168404   0.266296 -0.0796741   -9.80506  10762
             233.198 -0.48836 -8.12203  26.7969 1062.34 971.026 151.612 -0.518565  0.350567   179.446     1.7746  0.0447985 -0.0587798 7.33837 3.58646 1.48326 -0.000356088 -0.000370132  -0.00111505 -0.699648 0.0267166  0.019703   0.266298 -0.0796824   -9.80506  10788
             233.298 -0.394144  -8.07575   26.8263 1063.13 971.411 151.768 -0.518836  0.352246   179.447    1.77464  0.0446697 -0.0587392 7.34621 3.58323 1.45175 -0.000343182 -0.000379782   -0.0011032 -0.700025 0.0280648 0.0213941   0.266302 -0.0796914   -9.80506  10816
             233.398 -0.372541  -8.08038   26.8785 1063.92 971.797 151.923 -0.519188  0.353402   179.447    1.77466  0.0446021 -0.0587278 7.34782 3.60059 1.43644 -0.000346493 -0.000378528  -0.00110813 -0.700205 0.0292544 0.0224436   0.266305 -0.0796971   -9.80506  10859
             233.498 -0.307437  -8.08728      26.9 1064.72 972.186 152.076 -0.519678  0.354377   179.448    1.77468  0.0445547 -0.0587014 7.36982 3.60206  1.4374 -0.000347139 -0.000375135   -0.0011012 -0.701814 0.0295115 0.0230869   0.266308 -0.0797057   -9.80506  10897
             233.597 -0.302631  -8.12494   26.9332 1065.52  972.58  152.23 -0.520389  0.355697    179.45     1.7747  0.0445115 -0.0586852 7.38391 3.63359 1.44774 -0.000346252 -0.000342899  -0.00110059 -0.703369 0.0289095 0.0240515   0.266314 -0.0797129   -9.80506  10977
             233.697 -0.32498 -8.12182  26.9657 1066.33 972.977 152.387 -0.521048  0.356729   179.451    1.77471  0.0445027 -0.0586892  7.3964  3.6472 1.44774  -0.00035866 -0.000329302  -0.00110334 -0.704705 0.0296321 0.0247309   0.266317 -0.0797192   -9.80506  10941
             233.798 -0.301434  -8.11289   26.9862 1067.12  973.37 152.541 -0.522517  0.358861   179.451    1.77475  0.0444724 -0.0586887 7.40431 3.66051 1.46428 -0.000353452  -0.00031629  -0.00110334 -0.704044 0.0294704 0.0263487   0.266327 -0.0797202   -9.80506  10939
             233.897 -0.342398  -8.04885   26.9938 1067.93 973.772   152.7 -0.522959   0.35949   179.452    1.77476  0.0445008 -0.0586311 7.42648 3.67714 1.47065 -0.000342785 -0.000284887  -0.00109675 -0.706545 0.0289953 0.0267496   0.266327 -0.0797255   -9.80506  10983
             233.998 -0.252309  -7.98168    26.998 1068.72 974.164 152.856 -0.524039  0.360936   179.451   1.77482 0.0444724 -0.058658 7.41037 3.67527 1.45984 -0.000342137 -0.000295032  -0.00110259 -0.704951 0.0291498 0.0277864   0.266334 -0.0797232   -9.80506  11023
             234.097 -0.289655  -7.94984   26.9846 1069.53 974.563 153.013 -0.524359  0.361329   179.451   1.77484 0.0444738 -0.058668 7.39206 3.69399 1.42811 -0.000331699 -0.000310277  -0.00111096 -0.704829 0.0298595 0.0280622   0.266336 -0.0797231   -9.80506  11054
             234.198 -0.331456  -7.95796   26.9848 1070.32 974.954 153.164 -0.525988  0.363109   179.448     1.7749  0.0444722 -0.0587059 7.39911 3.66139 1.41762 -0.000362848   -0.0003422  -0.00111738 -0.702096 0.0311912 0.0292674   0.266344 -0.0797183   -9.80506  11043
             234.298 -0.346163  -8.01688   26.9577 1071.12  975.35 153.314 -0.527383  0.364708   179.449    1.77489  0.0445393 -0.0587286 7.42411 3.65122 1.41348 -0.000332339 -0.000307385  -0.00110392 -0.703626 0.0313012 0.0305879  0.266346 -0.079714  -9.80506  11033
             234.397 -0.345478  -8.02059   26.9754 1071.93 975.747 153.467 -0.528629  0.366176    179.45    1.77487  0.0445916 -0.0587623 7.45866 3.67468 1.43348  -0.00033275 -0.000283199  -0.00110194 -0.706103 0.0316755 0.0319143   0.266346 -0.0797085   -9.80506  11079
             234.498 -0.308213   -7.9807   26.9955 1072.73 976.145 153.621 -0.529354   0.36708    179.45    1.77487  0.0446002 -0.0587725 7.48635 3.69234  1.4483 -0.000361725 -0.000246937  -0.00108918 -0.707716 0.0316932 0.0327388   0.266344 -0.0797051   -9.80506  11156
             234.598 -0.271533  -7.91148   27.0075 1073.54 976.546 153.776 -0.529027  0.366707   179.452    1.77487  0.0445921 -0.0587617 7.48768 3.70981 1.44489 -0.000307174 -0.000212354  -0.00109288  -0.7105 0.031289  0.03247   0.266341 -0.0797094   -9.80506  11124
             234.699 -0.307388  -7.86266   27.0416 1074.35 976.946  153.93 -0.528801  0.366413   179.454    1.77486  0.0445701 -0.0587334 7.52038 3.72539 1.43316 -0.000335448 -0.000175073  -0.00108669 -0.713731 0.0319714 0.0323196   0.266337 -0.0797129   -9.80506  11114
             234.798 -0.265985  -7.82121   27.0605 1075.15 977.346 154.085 -0.526699  0.364271   179.455    1.77481  0.0445659 -0.0587241 7.52482 3.71127 1.37242 -0.000395714 -0.000179555   -0.0010778 -0.714844 0.0316283 0.0301174   0.266345 -0.0797255   -9.80506  11090
             234.897 -0.289592  -7.78542   27.0655 1075.98 977.754 154.239 -0.524857  0.362287   179.457    1.77478  0.0445376 -0.0587065 7.53391  3.7046  1.4046 -0.000281324 -0.000204933  -0.00108896 -0.717466  0.031524 0.0280389   0.266353 -0.0797378   -9.80506  11127
             234.997 -0.37338 -7.87714   27.106 1076.79 978.155  154.39 -0.523781  0.361226   179.458    1.77483  0.0444851 -0.0586963 7.53708 3.73579 1.37974 -0.000333603 -0.000212744  -0.00107927 -0.718007 0.0308039 0.0266038   0.266358 -0.0797476   -9.80506  11107
             235.098 -0.301265  -7.96127   27.1103  1077.6 978.561 154.542 -0.522881  0.360549    179.46    1.77489  0.0444745 -0.0587772 7.58431  3.7838 1.40571  -0.00039181 -0.000204631  -0.00108941 -0.720426 0.0296845 0.0255395   0.266362 -0.0797559   -9.80506  11109
             235.197 -0.389498  -8.06859   27.0996 1078.42 978.971 154.695 -0.522339  0.360042   179.461    1.77495  0.0444521 -0.0587974 7.61092 3.81037 1.43868 -0.000340877  -0.00017681  -0.00109974 -0.721557  0.028599 0.0247408   0.266365 -0.0797612   -9.80506  11138
             235.298 -0.446615  -8.05338   27.0997 1079.24 979.377 154.852 -0.522337  0.360114   179.461    1.77494  0.0444575 -0.0588048  7.6256 3.80488 1.47724 -0.000354276 -0.000149068  -0.00111883 -0.721211 0.0291139 0.0248599   0.266365 -0.0797605   -9.80506  11156
             235.398 -0.384905  -7.95211   27.0149 1080.07 979.785 155.011 -0.522134  0.360531   179.463      1.775  0.0444837 -0.0587743 7.65772 3.80177 1.49393 -0.000351199 -0.000104826  -0.00112398 -0.722979 0.0304832    0.0253   0.266364 -0.0797604   -9.80506  11241
             235.498 -0.517466  -7.82364   26.9734 1080.89 980.196 155.171 -0.522225  0.359842   179.462    1.77495  0.0444501 -0.0587038 7.66297 3.80052 1.46008 -0.000323734 -0.000123676   -0.0011289 -0.724216 0.0295606 0.0243325   0.266368 -0.0797606   -9.80506  11232
             235.597 -0.535592  -7.79987    26.927 1081.71 980.605 155.329 -0.522187  0.358548   179.462    1.77489  0.0443717 -0.0587305 7.64409  3.8073 1.42429 -0.000398681 -0.000169861  -0.00112069 -0.722837 0.0286633 0.0227329   0.266376 -0.0797595   -9.80506  11228
             235.696 -0.619036  -7.86817   26.8733 1082.55 981.025 155.486 -0.522124  0.357057   179.464   1.77492 0.0443084 -0.058714 7.67027  3.8215 1.41228 -0.000357215 -0.000179091  -0.00112475 -0.727307 0.0276573 0.0202194   0.266389 -0.0797568   -9.80506  11195
             235.797 -0.713682  -7.99366   26.8575 1083.37 981.435 155.641 -0.522238  0.356202   179.464    1.77499  0.0442353 -0.0586737 7.68425 3.84368 1.43822 -0.000372146 -0.000201043  -0.00112335 -0.725869 0.0271161  0.018972   0.266391 -0.0797558   -9.80506  11257
             235.896 -0.689747  -8.05617   26.8105 1084.22 981.853   155.8 -0.522504  0.355935   179.465    1.77503  0.0442221 -0.0587104 7.72227 3.84508 1.47803   -0.0003944 -0.000171592  -0.00111543 -0.727701 0.0276701 0.0183374   0.266393 -0.0797559   -9.80506  11238
             235.997 -0.792896   -8.0713   26.8113 1085.05 982.266 155.961 -0.521927  0.356602   179.465   1.77496 0.0442661 -0.058703 7.75074 3.82704 1.52004  -0.00030892 -0.000167938  -0.00111983 -0.727151 0.0284311 0.0195066   0.266392 -0.0797606   -9.80506  11233
             236.098 -0.732102  -8.08652   26.8211 1085.88 982.672  156.12 -0.521017  0.356874   179.466   1.77489 0.0442872 -0.058654 7.75525  3.8173 1.49116 -0.00032871  -0.0002016 -0.00109973 -0.724902 0.0287529 0.0206574   0.266391 -0.0797639   -9.80506  11283
             236.198 -0.614322  -8.16518   26.8588 1086.71 983.082  156.28 -0.520648  0.357247   179.467    1.77485  0.0442438 -0.0586191 7.79333  3.8421 1.50777 -0.000278955 -0.000194973  -0.00110051 -0.725092 0.0291315 0.0212524   0.266392 -0.0797678   -9.80506  11319
             236.298 -0.589592   -8.1597   26.9217 1087.56 983.495  156.44 -0.519284  0.358902    179.47   1.77476 0.0441157 -0.058565 7.84873 3.87406 1.53251 -0.000268992 -0.000158979  -0.00108882  -0.72461 0.0297537 0.0233589   0.266396 -0.0797862   -9.80506  11334
             236.397 -0.413799  -8.02514   26.9653 1088.41 983.917 156.605 -0.518469  0.360978   179.475    1.77481  0.0438769 -0.0584765 7.88912 3.93492 1.54816  -0.00030386 -0.000100752  -0.00109293 -0.724989  0.030387 0.0253114   0.266397 -0.0798124   -9.80506  11325
             236.498 -0.447232  -7.78206   27.0261 1089.26 984.332 156.771 -0.518148  0.360789    179.48    1.77478   0.043935 -0.0585966 7.89711  3.9446 1.52361 -0.000256577  -0.00012494  -0.00110563  -0.72341 0.0326257 0.0251529   0.266391 -0.0798129   -9.80506  11337
             236.598 -0.486461   -7.6579   27.0847  1090.1 984.751 156.932 -0.51833 0.360597  179.482    1.77474  0.0439704 -0.0587023 7.90558 3.93118 1.46688 -0.000291617 -0.000175753  -0.00110258 -0.722553 0.0339522  0.024856  0.266387 -0.079811  -9.80506  11383
             236.698 -0.467687  -7.74247   27.1228 1090.95 985.171 157.089 -0.518286  0.357465   179.482    1.77463  0.0440689 -0.0586969 7.90117 3.95577 1.41137 -0.000262243  -0.00023474  -0.00111221 -0.723584 0.0347878 0.0226886    0.26638 -0.0797736   -9.80506  11414
             236.798 -0.602562  -7.99649    27.176  1091.8 985.597 157.244 -0.517823  0.355196   179.483    1.77469  0.0440625 -0.0587334 7.94293 3.97426 1.44033 -0.000225261 -0.000264624   -0.0011159 -0.725029 0.0347707 0.0212009   0.266374 -0.0797488   -9.80506  11445
             236.898 -0.545812  -8.22709   27.1992 1092.65 986.025 157.402 -0.517164  0.354736   179.482    1.77474  0.0440662 -0.0587148 7.98456 4.00904 1.51683 -0.000274796 -0.000260619   -0.0011001 -0.724875 0.0337626 0.0209005   0.266376 -0.0797432   -9.80506  11526
             236.998 -0.613915  -8.34284   27.2391 1093.52  986.46 157.568 -0.518432  0.357137   179.485    1.77455   0.044105 -0.0588556 8.05118 4.07005 1.60504 -0.000219962 -0.000188483  -0.00111211 -0.726612 0.0348371  0.022281   0.266374 -0.0797609   -9.80506  11558
             237.098 -0.590915   -8.2902   27.2527 1094.39 986.894  157.74 -0.519284   0.36009   179.487   1.77446 0.0441007 -0.058827 8.06592  4.0794 1.63624 -0.000266166 -0.000171071  -0.00110481 -0.724919 0.0362998 0.0241164   0.266381 -0.0797901   -9.80506  11684
             237.198 -0.613001  -8.21993   27.2869 1095.26 987.331 157.914 -0.520695  0.363524   179.488    1.77443  0.0441168 -0.0588205 8.10332 4.08835 1.63847 -0.000223174 -0.000167146  -0.00111746 -0.724488 0.0370217  0.025974  0.266384 -0.079821  -9.80506  11810
             237.298 -0.584119  -8.19385   27.3056 1096.13 987.767 158.086 -0.520654  0.364627   179.492    1.77447  0.0441217 -0.0587958 8.12356 4.11247 1.58405 -0.000236842 -0.000166049   -0.0011147 -0.724484 0.0385595 0.0266437   0.266389 -0.0798291   -9.80506  11856
             237.397 -0.605374  -8.16788   27.3245 1097.01 988.211 158.257 -0.520993  0.365309   179.493    1.77448  0.0441211 -0.0588032  8.1556 4.14544 1.60092 -0.000214831 -0.000191708  -0.00111744 -0.723998 0.0392109 0.0270378   0.266392 -0.0798361   -9.80506  11921
             237.497 -0.534435  -8.18993   27.3138  1097.9 988.659  158.43 -0.520391  0.364289   179.495     1.7745  0.0441486 -0.0587611 8.18019 4.17032 1.58828 -0.000250587 -0.000186192  -0.00110205 -0.725709 0.0398484 0.0265123   0.266388 -0.0798232   -9.80506  11849
             237.597 -0.605759   -8.2463   27.3421 1098.79 989.111 158.602 -0.520589  0.364516   179.498     1.7745   0.044165 -0.0587631 8.21563 4.21018  1.6056 -0.000160317 -0.000197121  -0.00112419 -0.727183 0.0405389 0.0266579   0.266385 -0.0798196   -9.80506  11807
             237.697 -0.573389  -8.35662   27.3645 1099.68 989.558 158.776 -0.520617  0.363742   179.501    1.77449  0.0441686 -0.0587291 8.23742 4.19587 1.60839 -0.000203563 -0.000204953  -0.00112592 -0.726786 0.0433738 0.0262805   0.266391 -0.0798147   -9.80506  11825
             237.798 -0.621858  -8.42725   27.3727 1100.56 990.001 158.949 -0.522085  0.365292   179.502    1.77445  0.0441749 -0.0587323 8.26662 4.20243 1.65677 -0.000154643  -0.00021556   -0.0011367 -0.724697 0.0459037 0.0272751   0.266411 -0.0798285   -9.80506  11781
             237.897 -0.698649  -8.46279   27.3708 1101.46 990.455  159.13 -0.522219  0.365716   179.505    1.77445  0.0441994 -0.0587867  8.2912 4.21247 1.68237 -0.000174638  -0.00021173  -0.00113258 -0.725152 0.0474231 0.0275226  0.266416 -0.079827  -9.80506  11762
             237.998 -0.687018  -8.48724   27.3339 1102.36 990.906 159.311 -0.522975  0.367132   179.507    1.77446    0.04423 -0.0587949 8.36654  4.2409 1.70159 -0.000173214 -0.000209951  -0.00114676 -0.725636 0.0487858 0.0285274   0.266428 -0.0798299   -9.80506  11731
             238.098 -0.798826  -8.47568   27.2921 1103.25 991.357 159.493 -0.523189  0.367821   179.509     1.7745  0.0442553 -0.0588398 8.39584 4.22131 1.68835 -0.000154802 -0.000200551  -0.00115647 -0.724928 0.0498503 0.0290484   0.266441 -0.0798341   -9.80506  11702
             238.197 -0.838014  -8.41067   27.2475 1104.17 991.817 159.677 -0.523987  0.369827   179.508   1.77455 0.0443306 -0.058814 8.45833 4.22046 1.73176 -0.000171756 -0.000186576  -0.00115094 -0.725678 0.0499316 0.0304667   0.266459 -0.0798391   -9.80506  11745
             238.298 -0.91959 -8.38827  27.2384 1105.07  992.27 159.857 -0.524546  0.371341   179.504    1.77458  0.0443778 -0.0588087 8.46281 4.21966 1.67518 -0.000151634 -0.000197339   -0.0011569 -0.724505 0.0485858 0.0316792   0.266481 -0.0798483   -9.80505  11625
             238.397 -0.899807   -8.3669   27.1975 1105.99  992.73 160.039 -0.524263  0.373215   179.502    1.77466  0.0444236 -0.0588107 8.50923 4.23752 1.68177 -0.000182153  -0.00020933  -0.00114307 -0.724714 0.0481553 0.0332788  0.266513 -0.079851  -9.80505  11541
             238.498 -0.846778  -8.43608   27.1763  1106.9 993.187 160.217 -0.524039  0.373379     179.5    1.77466    0.04443 -0.0588668 8.53192 4.24931 1.68628 -0.000179619 -0.000221553  -0.00113771 -0.725095 0.0470599 0.0332768   0.266512 -0.0798497   -9.80505  11488
             238.597 -0.841363  -8.49233   27.1869 1107.82 993.653 160.402 -0.523698  0.373784   179.497     1.7747  0.0444364 -0.0589474 8.54804 4.29137 1.71197 -0.000229152 -0.000206855  -0.00111768 -0.724839 0.0448863 0.0334264   0.266515 -0.0798509   -9.80505  11472
             238.697 -0.857124  -8.50198   27.2039 1108.74 994.116 160.586 -0.522717   0.37461   179.499     1.7747  0.0444456 -0.0589325 8.57347 4.32365 1.75201 -0.000213559 -0.000223033  -0.00112284 -0.723324 0.0453242 0.0345216   0.266549 -0.0798534   -9.80505  11482
             238.798 -0.869114  -8.56559   27.2088 1109.66 994.577 160.771 -0.522046  0.375013   179.501   1.77469 0.0444533 -0.058922  8.6001 4.34859 1.72721 -0.000236207 -0.000228787  -0.00113069 -0.722378 0.0457073 0.0351333   0.266569 -0.0798545   -9.80505  11534
             238.897 -0.923727  -8.57719   27.2006 1110.59 995.046 160.958 -0.52128 0.375608  179.502    1.77469  0.0444628 -0.0589358 8.65461 4.35305 1.76087 -0.000202039 -0.000229617  -0.00113302 -0.722251  0.046171 0.0358347   0.266589 -0.0798555   -9.80505  11539
             238.997 -0.906477  -8.55642    27.176 1111.53 995.518 161.148 -0.520657  0.376324   179.502    1.7747 0.0444555 -0.058931 8.70539 4.37293 1.78388 -0.000185629 -0.000226029  -0.00113033 -0.723479 0.0461598 0.0365201   0.266604 -0.0798551   -9.80505  11612
             239.098 -0.918969  -8.58583   27.1765 1112.46 995.986 161.336 -0.519505  0.377011   179.502     1.7747  0.0444541 -0.0589319  8.7182  4.3915 1.76516 -0.000178527 -0.000242159  -0.00113435 -0.722856 0.0455996 0.0373837   0.266632 -0.0798566   -9.80505  11540
             239.197 -0.941118  -8.65559   27.1634 1113.41 996.461 161.526 -0.518239  0.377839   179.503     1.7747  0.0444571 -0.0589327 8.75727   4.428 1.77671 -0.000160184 -0.000223093  -0.00113083 -0.722597 0.0456145 0.0383975   0.266663 -0.0798584   -9.80505  11549
             239.298 -0.940894  -8.63619   27.1455 1114.35  996.93 161.716 -0.516974  0.378528    179.51    1.77472  0.0444627 -0.0589359 8.79727 4.43199 1.79303 -0.000185903 -0.000220829  -0.00112783 -0.721507 0.0475976 0.0394185   0.266696 -0.0798646   -9.80505  11614
             239.396 -1.01933 -8.57715  27.1463 1115.31 997.409 161.909 -0.51593 0.379527  179.512    1.77476  0.0444873 -0.0589548 8.87937 4.43442 1.78198 -0.000121206 -0.000211396  -0.00114493 -0.721602 0.0482912 0.0404635   0.266725 -0.0798708   -9.80505  11662
             239.497 -0.952863  -8.55902   27.1187 1116.27 997.887 162.101 -0.515778  0.379823   179.516    1.77478  0.0444835 -0.0589321 8.92192 4.45592 1.76064 -0.000170889 -0.000217789  -0.00114243 -0.721328  0.049681 0.0408755   0.266734 -0.0798762   -9.80505  11706
             239.597  -1.0414 -8.51801  27.1257 1117.23 998.367 162.292 -0.51668 0.378942  179.516    1.77476  0.0444682 -0.0589213 8.97451 4.46965 1.77604 -0.000164844 -0.000233139  -0.00114989 -0.721871 0.0497463 0.0400284 0.266707 -0.07987 -9.80505  11741
             239.696 -1.02937   -8.528  27.1148 1118.21 998.854 162.487 -0.517927  0.377434   179.513    1.77472  0.0444579 -0.0589215 9.00956  4.4886 1.79108  -0.00018905 -0.000242927  -0.00114048 -0.722095 0.0493941 0.0385768   0.266668 -0.0798585   -9.80505  11776
             239.797 -1.14204  -8.5712  27.1301 1119.17 999.336 162.679 -0.518047  0.377143   179.513    1.77472  0.0444494 -0.0589148 9.01174 4.51363 1.76274 -0.000144185 -0.000240336  -0.00114013 -0.721156 0.0492331 0.0382737   0.266664 -0.0798571   -9.80505  11746
             239.896 -1.12548 -8.61249   27.129 1120.15 999.829 162.875 -0.519304  0.375774   179.512    1.77474  0.0444235 -0.0589231 9.06846 4.53438 1.80487 -0.000196644 -0.000270753  -0.00112194 -0.722053 0.0489643 0.0369294   0.266625 -0.0798458   -9.80505  11720
             239.997 -1.12417 -8.66974  27.1526 1121.13 1000.32  163.07 -0.519913  0.375153   179.511    1.77475  0.0444164 -0.0589304 9.11317 4.55112 1.82035 -0.000160172 -0.000254537  -0.00112353 -0.722495 0.0489772 0.0363022   0.266607 -0.0798408   -9.80505  11736
             240.098 -1.12226 -8.65622  27.1764  1122.1 1000.81 163.268 -0.520297  0.374549   179.513    1.77475   0.044425 -0.0589126 9.12328 4.58376  1.8666 -0.000180672 -0.000242973  -0.00112369  -0.72196 0.0498069  0.035764   0.266594 -0.0798376   -9.80505  11694
             240.197 -1.12691 -8.62792   27.167  1123.1  1001.3 163.471 -0.52087 0.374123  179.514    1.77476  0.0444158 -0.0589001 9.15263 4.57371  1.8549   -0.0001829 -0.000243798  -0.00110937 -0.724085 0.0507994 0.0353416   0.266576 -0.0798327   -9.80505  11747
             240.298 -1.06926 -8.65784   27.186 1124.08  1001.8  163.67 -0.521483  0.373497   179.513   1.77476 0.0444388 -0.058913 9.16047 4.59571 1.83917 -0.000165237 -0.000282172  -0.00111601 -0.723907 0.0505304 0.0344469   0.266556 -0.0798252   -9.80505  11634
             240.396 -1.13121 -8.76625  27.2147 1125.08 1002.29 163.872 -0.522706  0.372604   179.513    1.77481  0.0444386 -0.0589457 9.20233 4.59587 1.85746 -0.000169442 -0.000299402  -0.00112257 -0.725456 0.0521168 0.0329275   0.266515 -0.0798125   -9.80505  11583
             240.498 -1.05784 -8.88718   27.199 1126.07 1002.79 164.074 -0.523083  0.372407   179.512    1.77484  0.0444522 -0.0589571 9.22519 4.61259 1.88303 -0.000156067  -0.00030761  -0.00110681 -0.725341 0.0515422 0.0323598   0.266502 -0.0798092   -9.80505  11512
             240.598 -1.06996 -9.04134  27.2154 1127.06 1003.29 164.281 -0.524387   0.37226    179.51    1.77496   0.044476 -0.0590426 9.25346 4.67081 1.93092  -0.00022078 -0.000296373  -0.00110784 -0.727733 0.0513207 0.0306625   0.266455 -0.0797987   -9.80506  11414
             240.697 -1.11779 -9.13592  27.2181 1128.07 1003.79 164.493 -0.524056  0.372629   179.511   1.77493 0.0444869 -0.059091 9.30613 4.67559 1.98291 -0.000167579 -0.000275877  -0.00111738 -0.729004 0.0523251 0.0310939   0.266463 -0.0797989   -9.80506  11484
             240.798 -1.13658 -9.14625  27.2213 1129.07  1004.3 164.706 -0.523637    0.3729    179.51    1.77489  0.0444925 -0.0590848 9.33965 4.71744 2.01795 -0.000164823 -0.000265366  -0.00111827 -0.729259 0.0521035 0.0320324   0.266485 -0.0798028   -9.80505  11497
             240.897 -1.19521 -9.10011   27.234 1130.09 1004.81 164.925 -0.523747  0.373786   179.509    1.77491  0.0445093 -0.0590571 9.38941 4.75214 2.03509 -0.000140172 -0.000235516  -0.00112509 -0.731887 0.0520494 0.0324481   0.266487 -0.0798039   -9.80505  11626
             240.997 -1.15101 -9.08324  27.2207 1131.12 1005.33 165.143 -0.523737  0.374593   179.507    1.77494  0.0445159 -0.0590225  9.4349 4.76996 2.02189 -0.000164149 -0.000205095  -0.00111121 -0.734039 0.0518651  0.033124   0.266498 -0.0798062   -9.80505  11732
             241.098 -1.07722 -9.05101   27.226 1132.14 1005.84  165.36 -0.524193  0.375403   179.505    1.77496  0.0445235 -0.0589639 9.50665 4.79814 2.02242 -0.000141343 -0.000202884  -0.00111571 -0.737233 0.0519834 0.0325342   0.266472 -0.0798022   -9.80506  11702
             241.197 -1.05937 -9.06458   27.232 1133.18 1006.36  165.58 -0.524299   0.37572   179.505    1.77497  0.0445264 -0.0589344 9.55098  4.8347 2.02875 -0.000139825 -0.000165344  -0.00111534 -0.738624 0.0523615 0.0324187  0.266464 -0.079801  -9.80506  11697
             241.298 -1.05631 -9.00741  27.2476  1134.2 1006.87 165.796 -0.524194  0.375443    179.51    1.77498   0.044527 -0.0589463 9.56741 4.83207 2.03686 -0.000119987 -0.000190872  -0.00113009 -0.737293 0.0543898 0.0329984   0.266482 -0.0798054   -9.80505  11518
             241.397 -1.08498  -9.0296    27.26 1135.24  1007.4 166.016 -0.52437 0.375759  179.511    1.77498   0.044529 -0.0589213 9.58507 4.86341 2.01736 -0.000124931 -0.000177448  -0.00113424 -0.738992 0.0549987 0.0329659   0.266475 -0.0798045   -9.80505  11398
             241.497 -1.19074 -9.07676  27.2743 1136.29 1007.93 166.234 -0.524526  0.376163   179.511    1.77499  0.0445447 -0.0589198 9.62849 4.87523 2.03873 -9.51745e-05 -0.000171245  -0.00113268 -0.740942  0.055596 0.0334078   0.266479 -0.0798038   -9.80505  11297
             241.598 -1.14065  -9.1636  27.2869 1137.32 1008.45 166.454 -0.524749  0.376091   179.513   1.77499 0.0445407 -0.058919 9.65289 4.85998 2.06417 -0.000135272 -0.000197101  -0.00112956 -0.741029 0.0565719 0.0326091   0.266456 -0.0798052   -9.80506  11184
             241.696 -1.18003 -9.29621  27.2775 1138.37 1008.97 166.676 -0.524742   0.37616   179.513    1.77497  0.0445523 -0.0589224  9.6662 4.90084 2.08291  -6.6505e-05 -0.000201852  -0.00111473  -0.74112 0.0567505 0.0334006   0.266478 -0.0798034   -9.80505  11239
             241.798 -1.17868 -9.39906  27.2977 1139.41  1009.5   166.9 -0.524763  0.376206   179.514    1.77495   0.044559 -0.0589253 9.69557 4.87927 2.13333  -0.00010524 -0.000200897  -0.00111507 -0.741303 0.0573238 0.0339357   0.266492 -0.0798015   -9.80505  11177
             241.897 -0.984577  -9.51908   27.3373 1140.46 1010.03 167.129 -0.52473 0.376269  179.515    1.77487  0.0444758 -0.0589196   9.746 4.86849 2.14572 -7.48515e-05 -0.000199653  -0.00112464  -0.74177 0.0576466  0.036059   0.266549 -0.0797888   -9.80505  11069
             241.998 -1.04941 -9.48583  27.3771 1141.51 1010.55 167.361 -0.524219  0.375877   179.518   1.77484 0.0444861 -0.058903  9.7771 4.97335 2.21439 -6.20561e-05  -0.00017539  -0.00113662 -0.740712 0.0592638 0.0367939   0.266577 -0.0797825   -9.80505  11035
             242.097 -1.12007 -9.29985  27.3654 1142.56 1011.08 167.596 -0.524522   0.37624   179.516    1.77494  0.0445066 -0.0588991 9.84496 4.94598 2.22628   -9.215e-05 -0.000116536   -0.0011178  -0.74042 0.0588741 0.0392016   0.266646 -0.0797738   -9.80505  11104
             242.197 -1.08947 -8.97676  27.3729 1143.61 1011.61  167.83 -0.524425  0.376267   179.518    1.77502   0.044513 -0.0589578 9.84448 4.95426 2.12292 -7.80994e-05 -0.000164392  -0.00115485 -0.739577 0.0593565 0.0399819   0.266672 -0.0797716   -9.80505  11312
             242.298 -1.11592  -8.9294  27.3242 1144.67 1012.14 168.054 -0.524535  0.376429    179.52    1.77507  0.0445255 -0.0589323 9.85648 4.94394 2.05608 -7.64497e-05 -0.000165001  -0.00117867 -0.740579 0.0604437 0.0402508   0.266674 -0.0797713   -9.80505  11412
             242.397 -1.21962 -9.04971  27.2655 1145.74 1012.68 168.273 -0.523984  0.376412   179.518    1.77507  0.0445568 -0.0589016 9.87334 4.91164 2.00196 -7.95174e-05 -0.000219635  -0.00116104 -0.741426 0.0597071 0.0407415   0.266686 -0.0797646   -9.80505  11615
             242.496 -1.08971 -9.31201  27.2353 1146.83 1013.22 168.496 -0.522755  0.376368   179.514   1.77499 0.0445923 -0.059004 9.92434 4.92156 2.05968 -0.000101327 -0.000211923  -0.00116258 -0.744614  0.058239 0.0406673   0.266676 -0.0797552   -9.80505  11685
             242.597 -1.15742 -9.52135  27.1857 1147.88 1013.75  168.72 -0.522444  0.376279   179.516    1.77498  0.0445816 -0.0589302 9.91782 4.98466 2.17015 -6.84917e-05 -0.000232038  -0.00117207 -0.742806  0.057437 0.0410681   0.266693 -0.0797516   -9.80505  11647
             242.697 -1.27177 -9.67085  27.1336 1148.96 1014.29 168.958 -0.522121  0.376443   179.513    1.77493   0.044615 -0.0589735 9.98413 4.91474 2.21298 -9.25343e-05  -0.00018666  -0.00116433 -0.744385 0.0566002 0.0413717   0.266697 -0.0797461   -9.80505  11479
             242.798 -1.02342 -9.67348  27.0831 1150.02 1014.81 169.193 -0.521061   0.37609   179.515    1.77483  0.0445714 -0.0589816 10.0228 4.90187  2.2762 -0.000103747 -0.000201798  -0.00115868 -0.742996 0.0554723 0.0433799 0.266755 -0.07972 -9.80505  11545
             242.897 -0.922896  -9.63458   27.1276 1151.11 1015.35 169.438 -0.520736  0.376868   179.509    1.77483     0.0445 -0.0590931 10.0633 4.94581 2.27286 -8.30767e-06 -0.000168085  -0.00116323 -0.744757 0.0535461 0.0444891   0.266779 -0.0797097   -9.80505  11555
             242.997 -0.891453  -9.53219   27.1666 1152.21  1015.9 169.685 -0.521458  0.377611   179.504    1.77486  0.0444687 -0.0590754  10.096 4.98299 2.24427 -7.01469e-05 -0.000132091  -0.00110902 -0.746984 0.0530242 0.0440952   0.266761 -0.0797191   -9.80505  11571
             243.099 -0.781116  -9.46285     27.25 1153.27 1016.43  169.92 -0.520194  0.377424   179.505    1.77494  0.0444343 -0.0591399  10.053 5.02434 2.21734 -5.13625e-05 -0.000162373  -0.00112164 -0.745867 0.0517055 0.0454208     0.2668 -0.0797006   -9.80505  11362
             243.199 -0.834197  -9.51486   27.3072 1154.34 1016.96 170.155 -0.521262  0.377649   179.504    1.77491  0.0444353 -0.0591312 10.0252 5.05573 2.19578 -6.89236e-05 -0.000177475  -0.00112116 -0.746572 0.0522963 0.0443262   0.266768 -0.0797181   -9.80505  11012
             243.299 -0.822286  -9.59229   27.3362 1155.42 1017.51 170.391 -0.52176 0.378047  179.504    1.77489  0.0443886 -0.0591351 10.0816 5.04971 2.23514   -0.0001062 -0.000142867  -0.00110588 -0.749894 0.0531751  0.044401   0.266756 -0.0797234   -9.80505  10882
             243.397 -0.700705  -9.46768   27.3845 1156.51 1018.05 170.638 -0.523043  0.378827   179.504     1.7748  0.0443903 -0.0590497 10.0708 5.04993 2.27081 -6.18275e-05 -0.000103159  -0.00112033 -0.752774  0.055776 0.0428113   0.266708 -0.0797544   -9.80505  10863
             243.499 -0.649962  -9.42168   27.4411 1157.58 1018.58 170.877 -0.52303 0.378859  179.503    1.77478  0.0443942 -0.0590503 10.0138 5.00226 2.26088 -4.07288e-05 -0.000126267  -0.00113624 -0.752516 0.0571442  0.042686   0.266709 -0.0797545   -9.80505  10920
             243.598 -0.569951  -9.55332   27.4973 1158.65 1019.11 171.112 -0.52303  0.37832  179.505    1.77479  0.0443477 -0.0590832  9.9911 4.98026  2.1573  4.59211e-05 -0.000126114  -0.00111887 -0.755459 0.0559888  0.043681   0.266714 -0.0797398   -9.80505  10971
             243.697 -0.39053 -9.63857  27.5587 1159.74 1019.66 171.354 -0.523529   0.38071   179.506    1.77479  0.0444024 -0.0591657 10.0348 5.05092 2.28907 -6.34503e-05 -4.13907e-05  -0.00112548 -0.759446  0.056103 0.0421258   0.266666 -0.0797851   -9.80505  10895
             243.798 -0.340047  -9.63373   27.5893  1160.8  1020.2 171.595 -0.523763  0.379145   179.508   1.77479 0.0443651 -0.059166 10.0049 5.05914 2.27294 -3.28344e-05  5.50433e-06  -0.00114132 -0.758291  0.054568 0.0431382   0.26668 -0.079761  -9.80505  10807
             243.897 -0.340745  -9.54383   27.5861 1161.89 1020.76 171.844 -0.522681  0.383905   179.512    1.77471  0.0444505 -0.0591049 9.95851 5.05453 2.19239 -0.000113635 -3.73636e-06  -0.00110764  -0.76088 0.0538957 0.0404113   0.266628 -0.0798395   -9.80505  10677
             243.999 -0.277518  -9.65017   27.5956 1162.94 1021.29 172.077 -0.520646  0.388668   179.515     1.7747   0.044487 -0.0590721 9.94622 5.02332 2.19657 -1.79212e-05  -8.9203e-05  -0.00110895 -0.759363 0.0514304 0.0375577   0.266589 -0.0799286   -9.80505  10485
             244.098 -0.0832693   -9.78198    27.6326 1163.99 1021.83 172.314 -0.519964  0.389707   179.519    1.77471  0.0445152 -0.0591169 9.96233 5.02122 2.24198  1.21214e-05 -7.38368e-05  -0.00111766 -0.758312 0.0487438 0.0369754   0.266572 -0.0799555   -9.80505  10263
             244.199 0.269693 -9.85038    27.62 1165.05 1022.37 172.556 -0.519393  0.390773   179.518    1.77475  0.0445854 -0.0590208 9.96414 5.06693 2.30023 -8.28147e-05 -3.87338e-05  -0.00111238 -0.759658   0.05025 0.0364708   0.266576 -0.0799698   -9.80505  10000
             244.298  0.38085 -9.82061  27.5951 1166.12 1022.91 172.802 -0.519003  0.391182   179.518    1.77479   0.044628 -0.0589671  9.9792 5.12506 2.34839 -7.76685e-05  3.00902e-05  -0.00112554 -0.761256 0.0518294 0.0364685   0.266581 -0.0799662   -9.80505  9823
             244.396 0.242197 -9.64438  27.5294 1167.21 1023.47 173.061 -0.512736  0.398471   179.528    1.77473  0.0447701 -0.0589721 9.97225 5.21954 2.29954 -0.000126196  0.000104071  -0.00115058  -0.76407 0.0530909 0.0328058   0.266586 -0.0801059   -9.80505  9659
             244.498 -0.0899265    -9.4767    27.4742 1168.26 1024.01 173.312 -0.502474  0.407916   179.533    1.77436  0.0439413 -0.0598759 9.96161 5.13099 2.26762 -0.000242049  9.52917e-08  -0.00116819  -0.75869 0.0550026  0.026687   0.266637 -0.0803193   -9.80505  9497
               244.6 -0.305304   -9.3854   27.4091  1169.3 1024.54 173.541 -0.509366   0.40212   179.519    1.77465  0.0445781 -0.0596846 10.0559 4.97479 2.24257 -1.97078e-05 -1.15014e-05   -0.0011699 -0.758126 0.0546282 0.0308513   0.266621 -0.0801555   -9.80505  9320
             244.698 -0.152333   -9.2976   27.3525 1170.39 1025.08 173.777 -0.510944  0.399656   179.518    1.7748 0.0448617 -0.059489 10.0598 5.04495 2.22192 -5.14027e-05  4.94697e-05  -0.00115243 -0.763783 0.0538513  0.033143   0.266594 -0.0800653   -9.80505  9265
               244.8 -0.0798526   -9.29062    27.3083 1171.44 1025.61 174.008 -0.509572  0.400137   179.519    1.77477  0.0448325 -0.0594971 10.0094 5.05542 2.14652 -0.000132682  1.59502e-05  -0.00111615 -0.765083 0.0527316 0.0326525   0.266595 -0.0800892   -9.80505  9149
             244.898 -0.360635  -9.66543   27.3037 1172.52 1026.16  174.25 -0.497664  0.410187   179.545    1.77553  0.0433773 -0.0603029 9.97016 5.19884 2.15955 -0.000209524 -2.93081e-06  -0.00111293 -0.771629 0.0519071 0.0231654  0.266656 -0.080557  -9.80504  8859
                 245 -0.998795  -10.1144   27.3007 1173.55  1026.7 174.494 -0.486296  0.418943   179.575    1.77746  0.0407078 -0.0605519 9.95372 5.20971 2.30033 -0.000270236 -7.53187e-05  -0.00112106 -0.768253 0.0512538 0.0141996   0.266685 -0.0809701   -9.80504  8524
               245.1 -1.57532 -10.3479  27.2979 1174.62 1027.25 174.746 -0.489904  0.420499   179.579    1.77691  0.0414868 -0.0612567 10.0913  5.1718 2.52713 -0.000183054  8.15303e-05  -0.00111888 -0.774952 0.0514509 0.0165571  0.266666 -0.080915  -9.80504  8341
               245.2 -1.80853 -10.2655  27.3406  1175.7  1027.8 174.998 -0.509298  0.419017   179.535    1.77552  0.0449902 -0.0609338 10.1864 5.20071 2.52103 -0.000165421  0.000267859  -0.00111426 -0.778787 0.0537773 0.0283899  0.266662 -0.080573  -9.80504  8301
               245.3 -1.73927 -9.96802  27.3215 1176.77 1028.35 175.248 -0.520022  0.421325   179.516    1.77602  0.0460746 -0.0607924 10.2615 5.15927 2.48261 -0.000193956  0.000397198  -0.00111274 -0.780149 0.0555663 0.0375372   0.266668 -0.0804005   -9.80504  8261
             245.398 -1.43188 -9.56588  27.3163 1177.88 1028.91 175.492 -0.520586  0.430617   179.511    1.77888  0.0443307 -0.0603896 10.3949 5.13375 2.41311 -8.72924e-05  0.000588633  -0.00107805 -0.785013 0.0536125 0.0502041   0.266713 -0.0802863   -9.80504  8341
             245.498 -1.02734  -9.2959   27.363 1178.99 1029.46 175.736 -0.518598  0.431748   179.513    1.77945  0.0436021 -0.0601892 10.3111 5.19318 2.19615 -0.000131608  0.000597422  -0.00109135 -0.786497 0.0531477 0.0523186  0.266728 -0.080277  -9.80504  8394
               245.6 -0.817045  -9.41803   27.4028 1180.05 1029.99 175.964 -0.523587  0.431901   179.515    1.77909  0.0448653 -0.0599818 10.1825  5.1783  2.1112 -0.00015767 0.000364113 -0.00111466 -0.780608  0.055671 0.0491376    0.26668 -0.0802951   -9.80505  8371
             245.698 -0.895526  -9.97659   27.4691 1181.13 1030.53 176.203 -0.53566 0.429942  179.472    1.78073  0.0480449 -0.0594407 10.1238  5.2321 2.17334 -0.000180011  0.000228669  -0.00112523 -0.783337 0.0650538 0.0357098   0.266428 -0.0803619   -9.80505  8295
               245.8 -1.26657 -10.5443  27.5208 1182.18 1031.07 176.448 -0.53926 0.429831  179.463    1.78305  0.0484375 -0.0588453 10.1477 5.20389 2.42471 -0.000130622  0.000186283  -0.00112823 -0.779725  0.069274 0.0283439   0.266239 -0.0803784   -9.80506  8122
             245.898  -1.4639 -10.7455   27.512 1183.27 1031.62 176.717 -0.539488  0.430464   179.463    1.78325  0.0484915 -0.0591712 10.1744 5.25235 2.59248 -0.000126329  0.000283243  -0.00109989 -0.781169 0.0706783 0.0275543  0.266212 -0.080377  -9.80506  8107
                 246 -1.8797 -10.624 27.5787 1184.32 1032.16 176.988 -0.537517  0.429264   179.459    1.78307  0.0485184 -0.0593867 10.1397 5.26206  2.6094 -8.58063e-05  0.000246164  -0.00112578 -0.777138 0.0718865 0.0283806  0.266273 -0.080381  -9.80506  8115
               246.1 -2.19681 -10.4576  27.6246 1185.38 1032.71 177.255 -0.537637  0.430986    179.45    1.78314  0.0491203 -0.0594014 10.1478 5.20442 2.56595 -0.000170939  0.000230122  -0.00111045 -0.775094 0.0712069  0.031995   0.266431 -0.0804759   -9.80505  8132
             246.198 -2.31979 -10.2628  27.5962 1186.46 1033.27 177.522 -0.536646  0.434809   179.447    1.78374  0.0496034 -0.0592535 10.1808 5.20821 2.53654 -0.000144081  0.000272298  -0.00112263 -0.775837 0.0712316 0.0359693   0.266604 -0.0806017   -9.80504  8137
               246.3 -2.45423 -10.0726  27.5822 1187.52 1033.81 177.775 -0.531719  0.442763   179.443    1.78544  0.0502511 -0.0597025 10.2129 5.16968 2.47996 -5.54923e-05  0.000304729  -0.00115804 -0.771094 0.0695216 0.0443473    0.26705 -0.0809289   -9.80503  8195
               246.4 -2.37947 -9.75735  27.4973  1188.6 1034.35 178.028 -0.527621  0.446283   179.441    1.78646  0.0501424 -0.0597115 10.2504 5.17311  2.4085 -0.000150201  0.000333799  -0.00112577 -0.771315 0.0673949 0.0479493   0.267236 -0.0810722   -9.80502  8217
               246.5 -2.23391 -9.51231   27.464 1189.67  1034.9 178.269 -0.513876  0.452294   179.441    1.78833  0.0493077 -0.0601084 10.2859 5.14687 2.30985 -0.000104472  0.000373474  -0.00112061 -0.771907 0.0607291 0.0544131   0.267594 -0.0813263   -9.80501  8278
               246.6  -1.9662 -9.36934  27.4069 1190.75 1035.45 178.504 -0.500377  0.456806   179.453    1.78957  0.0481551 -0.0605652    10.3 5.15877 2.21425 -0.000136801  0.000382135  -0.00110658  -0.77088 0.0556014  0.059335   0.267872 -0.0815314     -9.805  8377
               246.7 -1.70716 -9.34771  27.3909 1191.84 1035.99 178.734 -0.49872 0.454885  179.447    1.78961  0.0479385 -0.0604456 10.3016 5.14277 2.16967 -0.000122514  0.000358969  -0.00109598 -0.773829  0.056081 0.0600903     0.2679 -0.0815285     -9.805  8434
               246.8 -1.48781 -9.57754  27.3977 1192.93 1036.53 178.962 -0.504499  0.451715   179.428    1.78947  0.0483909 -0.0604917 10.3081  5.1627 2.15202 -9.88816e-05  0.000369076  -0.00107721 -0.777918 0.0591557 0.0586507   0.267807 -0.0814357   -9.80501  8395
             246.898 -1.41481 -9.77008  27.4662 1194.04 1037.08 179.206 -0.521395  0.448917   179.399    1.78998  0.0498225 -0.0607266 10.3307 5.22539  2.2736 -0.000158468  0.000401444  -0.00107555  -0.78192 0.0645115 0.0528088   0.267507 -0.0811956   -9.80502  8376
                 247 -1.32844  -9.9017  27.5154 1195.11 1037.62 179.449 -0.530185  0.448978   179.393    1.79055  0.0504871 -0.0604016 10.3311 5.20783 2.37791 -0.000167201  0.000377639  -0.00109909 -0.779017  0.068023 0.0491616   0.267366 -0.0811005   -9.80502  8586
             247.099  -1.3641 -9.90758  27.5439  1196.2 1038.17 179.701 -0.535012   0.44854   179.392    1.79082   0.050682 -0.0603947 10.3533 5.19197  2.3335 -0.000113927   0.00040462  -0.00110494 -0.777234  0.071314  0.046823   0.267288 -0.0810343   -9.80502  8821
               247.2 -1.29566  -9.7175  27.5676 1197.28 1038.71 179.951 -0.537135  0.448014   179.392    1.79086  0.0507436 -0.0604124  10.372 5.17252 2.39192 -0.00013811 0.000377637 -0.00111077 -0.775784 0.0713754 0.0454738   0.267254 -0.0809966   -9.80502  9007
               247.3 -1.12406 -9.63625  27.5614 1198.37 1039.25 180.194 -0.536816  0.448068   179.392    1.79086  0.0507313 -0.0604188 10.3893 5.19926 2.28075 -8.40547e-05  0.000349464  -0.00110705 -0.775564 0.0714973 0.0456082   0.267259 -0.0810023   -9.80502  9012
             247.399 -1.03973 -9.55325  27.6028 1199.48 1039.81 180.441 -0.544366  0.445985   179.381    1.79092  0.0509107 -0.0602999 10.4261 5.21253 2.27722 -0.000153227  0.000381895  -0.00109351 -0.780376 0.0715999 0.0414975    0.26716 -0.0808553   -9.80503  9298
               247.5 -0.72684 -9.60923  27.6012 1200.57 1040.35 180.679 -0.545221  0.445871   179.383    1.79093  0.0509608 -0.0602714 10.3932 5.20974 2.26672 -0.000131392  0.000325482  -0.00109424 -0.778179 0.0726529 0.0407048    0.26716 -0.0808567   -9.80503  9439
             247.601 -0.675584  -9.86169   27.5996 1201.64 1040.89  180.92 -0.552461  0.442839   179.377    1.79217  0.0511956 -0.0604967 10.3299 5.26428 2.25359 -0.000159697  0.000216522  -0.00110044 -0.779029 0.0747251 0.0318951   0.267106 -0.0807451   -9.80503  9472
             247.701 -0.756898   -10.224   27.6051 1202.72 1041.44 181.163 -0.554092  0.441582    179.38    1.79322  0.0509351 -0.0608825 10.3702 5.23335 2.33499 -0.000167127  0.000216556  -0.00110702  -0.78156 0.0750031 0.0276224   0.267085 -0.0807145   -9.80503  9571
             247.801 -0.735831  -10.4661   27.5946  1203.8 1041.99 181.418 -0.554262  0.441439   179.385    1.79396  0.0507069 -0.0612943 10.3978 5.29787 2.51662 -0.000159874  0.000287059  -0.00111937 -0.784669  0.075011 0.0249568   0.267079 -0.0807119   -9.80503  9639
             247.899 -0.825319  -10.4804   27.5635  1204.9 1042.55  181.69 -0.552348  0.440792   179.397    1.79488  0.0500053 -0.0615907 10.4301  5.3612 2.56716 -0.000217225  0.000342376  -0.00112453 -0.789203 0.0739213 0.0203319   0.267085 -0.0807319   -9.80503  9768
             248.001 -1.00541 -10.3893  27.5507 1205.99  1043.1  181.96 -0.551808  0.441236     179.4    1.79494  0.0499509 -0.0616229  10.467 5.34144 2.56172 -0.000170936  0.000362545  -0.00112762 -0.790208 0.0742714 0.0200559   0.267087 -0.0807329   -9.80503  9996
             248.101 -1.12029 -10.3425  27.5157 1207.09 1043.67 182.228 -0.549832  0.442104   179.411    1.79508  0.0495634 -0.0614501  10.483 5.41399 2.57575 -0.000219832  0.000372682  -0.00112886 -0.794819 0.0741069 0.0185915   0.267089 -0.0807521   -9.80503  10178
             248.201 -1.20388 -10.3299  27.5111 1208.19 1044.22 182.489 -0.554795   0.44677   179.402     1.7953   0.050539 -0.0613464 10.5529 5.38208  2.5626 -0.000116085  0.000469857  -0.00115079 -0.795747 0.0765687 0.0227812    0.26707 -0.0806952   -9.80503  10233
             248.301 -1.31865 -10.1615  27.5103 1209.28 1044.78 182.755 -0.552464  0.445589   179.409    1.79516  0.0501775 -0.0612417 10.5447 5.45087 2.59725 -0.00018683  0.00050042  -0.0011613 -0.797689 0.0764638  0.021497   0.267076 -0.0807146   -9.80503  10135
               248.4 -1.49673  -9.9104  27.5055 1210.41 1045.35 183.024 -0.552094  0.446232   179.415    1.79539   0.050161 -0.0606823 10.6402 5.38735 2.53891 -0.000200873  0.000558591  -0.00117368 -0.803423  0.077428 0.0223604   0.267074 -0.0807117   -9.80503  10284
             248.501 -1.54632   -9.836  27.4935 1211.51 1045.91 183.281 -0.551511  0.445746   179.417    1.79537  0.0500779 -0.0605712 10.6086 5.36497  2.4081  -0.0001598 0.000519696 -0.00120109 -0.805232 0.0774722 0.0223163   0.267074 -0.0807137   -9.80503  10310
               248.6 -1.66989 -9.98126  27.4511 1212.64 1046.48 183.535 -0.55178 0.445746  179.412    1.79544  0.0502867 -0.0606804 10.6848 5.33833 2.46424 -0.000119641  0.000478878  -0.00121187 -0.810054 0.0770484 0.0245036   0.267088 -0.0806748   -9.80503  10234
             248.702 -1.45428 -10.2991  27.3742 1213.72 1047.01 183.783 -0.555998  0.447178   179.413    1.79531  0.0503542 -0.0602233 10.6894 5.28944 2.50457 -0.000207804  0.000474817  -0.00119448  -0.80668 0.0794757 0.0279502   0.267097 -0.0805918   -9.80503  9988
             248.801 -1.22584 -10.4235   27.312 1214.85 1047.57 184.046 -0.556086  0.449632   179.409    1.79473  0.0497298 -0.0606346 10.7801 5.31742 2.65328 -0.000185403  0.000579294   -0.0011977 -0.810458 0.0795537 0.0334951   0.267137 -0.0804617   -9.80503  10099
             248.899 -1.16048  -10.354  27.2905    1216 1048.14 184.323 -0.554323  0.452294   179.397    1.79461   0.049377 -0.0608544 10.8323 5.38596 2.65468 -0.000196864   0.00067057  -0.00119483 -0.816298 0.0788142 0.0361079    0.26717 -0.0804246   -9.80503  10157
             249.001  -1.1538 -10.1852  27.2423 1217.11 1048.69 184.593 -0.55355 0.452612  179.409    1.79479  0.0491165 -0.0610758 10.8271 5.37622  2.6045 -0.000227016  0.000634266  -0.00121128 -0.811494 0.0777246 0.0387617    0.26719 -0.0803664   -9.80503  10178
               249.1 -1.13497 -10.0249   27.198 1218.24 1049.25 184.862 -0.552437  0.453149    179.41    1.79494  0.0490223 -0.0610646 10.8428 5.34926 2.56077 -0.000214851  0.000594303  -0.00120617 -0.811655 0.0779136 0.0399326   0.267204 -0.0803529   -9.80503  10257
             249.202 -1.06406 -10.0317  27.1702 1219.33  1049.8 185.117 -0.550619  0.454314   179.418    1.79514  0.0488121 -0.0612579 10.7879 5.33593  2.5116 -0.000256948  0.000527545  -0.00118376 -0.807036 0.0756356 0.0419603  0.267228 -0.080312  -9.80503  10316
             249.302 -1.07288 -10.0659  27.1973 1220.43 1050.35 185.373 -0.550007  0.454243   179.417   1.79516 0.0487805 -0.061248 10.7523 5.32965 2.50457 -0.000243611  0.000494617  -0.00116621 -0.807846 0.0750565 0.0424566   0.267237 -0.0803061   -9.80503  10273
             249.401 -1.04323 -10.1304   27.268 1221.57 1050.91 185.634 -0.549412  0.453214   179.412   1.79516 0.0485466 -0.061392  10.814 5.37607 2.54958 -0.000274233  0.000550768  -0.00115501 -0.816637 0.0746608 0.0437674    0.26725 -0.0803099   -9.80503  10311
             249.503 -1.00863 -10.2107    27.33 1222.66 1051.46 185.893 -0.548317  0.452811   179.413    1.79512  0.0484886 -0.0613854 10.7725 5.39455  2.5828 -0.00025589 0.000576467 -0.00116518 -0.816518 0.0742104 0.0450015   0.267267 -0.0802903   -9.80503  10210
             249.602 -1.06101 -10.1292  27.3934 1223.79 1052.01  186.16 -0.548774  0.452845   179.414    1.79512  0.0483651 -0.0613871  10.782 5.40647  2.6008 -0.000251468  0.000628215  -0.00116738 -0.821657 0.0746849  0.045845   0.267266 -0.0802993   -9.80503  10055
             249.702 -1.07026 -10.0194  27.4352 1224.89 1052.57 186.426 -0.549431  0.454307   179.414   1.79505 0.0483515 -0.061378  10.747 5.40645 2.58332 -0.000295963  0.000602475  -0.00116699 -0.822174 0.0751111 0.0440787   0.267248 -0.0803223   -9.80503  10110
             249.803 -1.16542 -10.0182   27.468 1225.98 1053.12 186.686 -0.54981 0.454583  179.417    1.79505  0.0483339 -0.0613222 10.7467 5.38893 2.51725 -0.000270142  0.000608446  -0.00116611 -0.824674 0.0747506 0.0440145   0.267241 -0.0803317   -9.80503  10141
             249.901 -1.17209 -9.97012  27.4819 1227.11 1053.68  186.95 -0.549864   0.45713   179.422    1.79498  0.0482934 -0.0612506  10.755 5.42304 2.54987 -0.00027706 0.000624004 -0.00117524 -0.828709 0.0742464 0.0422349   0.267223 -0.0803626   -9.80503  10138
             250.003 -1.18279 -9.92463  27.4829  1228.2 1054.23 187.207 -0.549988  0.456501    179.42      1.795  0.0482856 -0.0612748  10.703 5.38617 2.50201 -0.000298427  0.000606382  -0.00118025 -0.827237 0.0747168 0.0425906  0.267227 -0.080356  -9.80503  10120
             250.101 -1.20173  -9.9599  27.4662 1229.31  1054.8 187.466 -0.549786  0.456394   179.423    1.79499  0.0483492 -0.0613027 10.6848 5.38078 2.48745 -0.000272324  0.000566765  -0.00118213 -0.830858 0.0740664 0.0428781   0.267225 -0.0803571   -9.80503  10120
             250.202 -1.19365  -10.129  27.4597 1230.39 1055.34 187.719 -0.550312  0.454015   179.422    1.79492  0.0483405 -0.0612168 10.6554 5.35074 2.51261 -0.000296634  0.000562082  -0.00118698 -0.829757  0.074107 0.0439441   0.267227 -0.0803408   -9.80503  10186
             250.302 -1.20904 -10.2071  27.4567 1231.48 1055.89 187.975 -0.550817   0.45129   179.421    1.79484  0.0483293 -0.0611264 10.6129 5.33723 2.54774 -0.000277397  0.000555759  -0.00119316 -0.828669 0.0746252 0.0450326   0.267229 -0.0803237   -9.80503  10151
             250.401 -1.22635 -10.2855  27.4323 1232.58 1056.44  188.24 -0.550923  0.451894   179.423    1.79482  0.0483754 -0.0612234   10.57   5.336 2.54066 -0.00030406 0.000513226 -0.00118977 -0.830943 0.0732674 0.0452068   0.267224 -0.0803263   -9.80503  10131
             250.502  -1.2706 -10.4924  27.4053 1233.64 1056.98 188.495 -0.551864   0.44439   179.425    1.79451   0.048363 -0.0609212 10.5308 5.28922 2.56373 -0.000278356  0.000475225   -0.0011802 -0.827908 0.0731306 0.0474815   0.267228 -0.0802838   -9.80503  10181
             250.602 -1.24769 -10.6353  27.3987 1234.73 1057.53 188.759 -0.552359   0.44227   179.424    1.79433  0.0483886 -0.0610259 10.5654 5.31029  2.6308 -0.000265724  0.000542712  -0.00118511 -0.830812 0.0724056  0.049125    0.26723 -0.0802654   -9.80503  10094
             250.702 -1.20971 -10.5118  27.3993 1235.82 1058.08 189.029 -0.552556  0.439281   179.424    1.79427  0.0483644 -0.0609984 10.5966 5.33567 2.63309 -0.000269618  0.000580048  -0.00120065 -0.832399 0.0723009  0.050913   0.267236 -0.0802455   -9.80503  10026
             250.803 -1.21327 -10.2817  27.3709 1236.89 1058.62 189.295 -0.552506  0.438536   179.425    1.79426  0.0483602 -0.0611086 10.5707 5.33594 2.58424 -0.000310374  0.000546313  -0.00119273 -0.830842 0.0726443 0.0509444   0.267237 -0.0802422   -9.80503  9766
             250.901 -1.25973 -10.2082  27.3344 1237.99 1059.17 189.559 -0.552131  0.438759   179.423     1.7943  0.0483687 -0.0609398 10.5713 5.31603 2.51161 -0.000284353   0.00051701  -0.00118005 -0.833471 0.0732703 0.0512727   0.267241 -0.0802422   -9.80503  9784
             251.002 -1.24995 -10.2812  27.3154 1239.06 1059.71 189.811 -0.552526   0.43755   179.425    1.79433  0.0483552 -0.0610434 10.5145 5.33981 2.48087 -0.000364168  0.000470007  -0.00117083 -0.830541 0.0733925 0.0519219   0.267245 -0.0802362   -9.80503  9626
             251.102 -1.38839 -10.3927   27.302 1240.13 1060.25 190.068 -0.552885  0.439197   179.426     1.7943  0.0483143 -0.0610529 10.5474 5.26117 2.51819 -0.000265892  0.000418821  -0.00115811 -0.828011 0.0735218 0.0501993   0.267227 -0.0802478   -9.80503  9337
             251.201 -1.26602 -10.4586  27.3528 1241.23  1060.8 190.331 -0.553058  0.439597   179.426    1.79429  0.0482912 -0.0610577 10.5865 5.30578 2.57911 -0.000294169  0.000476592  -0.00116764 -0.830124 0.0746498 0.0498868  0.267222 -0.080253  -9.80503  9290
             251.303 -1.25847 -10.3116  27.3681 1242.31 1061.34 190.599 -0.553107  0.439454   179.427     1.7943  0.0482968 -0.0610788 10.6108  5.3181  2.6478 -0.000258467  0.000541585  -0.00117411 -0.829117 0.0750176 0.0502053   0.267226 -0.0802516   -9.80503  9270
             251.401 -1.24058 -9.99035  27.4143  1243.4 1061.89 190.869 -0.553196   0.43946   179.427   1.79417 0.0483031  -0.06102 10.5854 5.33315 2.55562 -0.000298741  0.000485251  -0.00118402 -0.829736 0.0754629 0.0492114   0.267216 -0.0802519   -9.80503  9313
             251.502 -1.27146 -9.88484  27.4018 1244.48 1062.42 191.126 -0.553954   0.44033    179.43   1.79411 0.0483366 -0.061226 10.5418 5.30766 2.46279 -0.000297745  0.000419327  -0.00117531 -0.825978 0.0780143 0.0484361   0.267205 -0.0802586   -9.80503  9365
             251.602 -1.27084 -9.96357  27.4006 1245.56 1062.95 191.378 -0.555442  0.440275   179.433    1.79409  0.0483137 -0.0612117 10.5729 5.27572 2.45298 -0.00031753 0.000367423 -0.00116672 -0.826667 0.0817797 0.0483797   0.267195 -0.0802686   -9.80503  9704
             251.701 -1.31011  -10.133   27.453 1246.66 1063.51 191.628 -0.554493  0.440674   179.432    1.79414  0.0482959 -0.0613282  10.598 5.30926 2.47443 -0.000247836  0.000368944  -0.00119265 -0.828876 0.0796002 0.0504214   0.267217 -0.0802644   -9.80503  9976
             251.802 -1.27767 -10.2668  27.4655 1247.74 1064.05 191.881 -0.554324  0.442497   179.431    1.79404  0.0482836 -0.0612109 10.5947 5.32547 2.51101 -0.000285298  0.000367043  -0.00118348 -0.826755  0.078129 0.0522469   0.267235 -0.0802657   -9.80503  10089
             251.902 -1.24111 -10.3643  27.4657 1248.82  1064.6 192.136 -0.554347   0.44539   179.428    1.79385  0.0482302 -0.0612089 10.6132 5.37554 2.55996 -0.000287095   0.00038165  -0.00117924 -0.825714 0.0748604 0.0546087   0.267254 -0.0802691   -9.80503  10221
             252.002 -1.24677 -10.3863  27.4909  1249.9 1065.16 192.396 -0.555323  0.449296   179.427    1.79369  0.0481772 -0.0612416 10.6343 5.39667 2.59642 -0.000307156  0.000419823  -0.00118073 -0.826532 0.0739521 0.0571658   0.267264 -0.0802848   -9.80503  10338
             252.103 -1.20352 -10.3579  27.4867 1250.99 1065.71 192.657  -0.5564 0.453537  179.427     1.7936  0.0481146 -0.0612228 10.6523  5.4213 2.58983 -0.000346563  0.000438911  -0.00116646 -0.827577 0.0738291 0.0594863   0.267269 -0.0803051   -9.80503  10520
             252.203 -1.24531 -10.3535  27.5057 1252.07 1066.26 192.919 -0.556395  0.453771   179.427    1.79361  0.0481221 -0.0611844 10.6857 5.43813 2.56996 -0.000321692   0.00040189  -0.00117682 -0.830571 0.0738449 0.0596071   0.267266 -0.0803047   -9.80503  10523
             252.303 -1.26568 -10.4252   27.517 1253.17 1066.82  193.18 -0.556092  0.453157   179.428    1.79364  0.0481301 -0.0611973 10.7357  5.4656 2.56955 -0.000321117  0.000387612  -0.00117578 -0.834488 0.0739248 0.0593855   0.267262 -0.0802993   -9.80503  10339
             252.402 -1.28451 -10.4818  27.5213 1254.28 1067.39 193.446 -0.555643  0.452257   179.428    1.79367  0.0481449 -0.0612151 10.7897 5.53273 2.60526 -0.000304772  0.000382457  -0.00117513 -0.839715 0.0735884 0.0591901   0.267256 -0.0802907   -9.80503  10210
             252.502  -1.3235 -10.5122  27.5329 1255.38 1067.95 193.714 -0.55465 0.448315  179.432    1.79376  0.0481133 -0.0612666 10.7997 5.55034 2.61525 -0.000380801  0.000385071  -0.00117407 -0.839174 0.0751023 0.0574836   0.267251 -0.0802755   -9.80503  10074
             252.602 -1.40892 -10.4882  27.5205 1256.48 1068.51 193.984 -0.553671  0.444379   179.433    1.79378  0.0480263 -0.0613276 10.8112 5.54588 2.63903 -0.000340442  0.000381595  -0.00117354 -0.837918 0.0751044  0.055806  0.267246 -0.080258  -9.80503  10015
             252.702  -1.5001 -10.4332  27.5465 1257.59 1069.07 194.253 -0.554661  0.448611   179.435    1.79381  0.0481295 -0.0613377 10.8521 5.52054  2.6406 -0.000328456  0.000410268  -0.00118092 -0.837659 0.0762466 0.0573792   0.267253 -0.0802803   -9.80503  10036
             252.803 -1.47034 -10.3236  27.5348 1258.69 1069.63 194.519 -0.556127  0.454808   179.437    1.79394  0.0481932 -0.0614614 10.8705 5.50149 2.63603 -0.000337683  0.000398725  -0.00117504 -0.834128 0.0775547 0.0593567   0.267266 -0.0803182   -9.80503  10114
             252.901 -1.38851 -10.2647  27.5314 1259.82  1070.2 194.788 -0.556685  0.457828    179.44    1.79404  0.0481675 -0.0613742 10.8926 5.50444 2.58132 -0.000283543  0.000385723  -0.00118555 -0.834863 0.0789043 0.0607421   0.267271 -0.0803343   -9.80503  10101
             253.003 -1.35862 -10.2996  27.5463 1260.92 1070.75 195.049 -0.558093  0.462076   179.446    1.79409  0.0481458 -0.0613272 10.8648 5.48807 2.58054 -0.000327132  0.000361809  -0.00119119 -0.828681 0.0805625  0.061626   0.267279 -0.0803671   -9.80503  10105
             253.103 -1.30921 -10.3559   27.538 1262.02 1071.31 195.311 -0.558261   0.46383   179.447    1.79409  0.0481145 -0.0613013 10.8824 5.47615 2.58017 -0.000321909   0.00034572  -0.00117596 -0.826786 0.0803558 0.0621291   0.267284 -0.0803772   -9.80503  10185
             253.201 -1.23847 -10.3751  27.5516 1263.16 1071.88 195.582 -0.557851  0.459109   179.444    1.79411  0.0482343 -0.0613924 10.9249 5.53627 2.63749 -0.000295395  0.000383374  -0.00119058 -0.832153  0.080608  0.060566   0.267268 -0.0803501   -9.80503  10008
             253.303 -1.25586 -10.3134  27.5601 1264.25 1072.44 195.848 -0.558033  0.460465   179.445    1.79411  0.0482268 -0.0614179 10.8894 5.52376 2.61215 -0.000321355  0.000367557  -0.00118915 -0.826737 0.0805727 0.0604931   0.267274 -0.0803641   -9.80503  9945
             253.401 -1.19994 -10.2855  27.5651 1265.39 1073.01 196.118 -0.557813   0.45851   179.443     1.7941  0.0482643 -0.0613729 10.9309 5.52632 2.60252 -0.000303627  0.000335779  -0.00119371 -0.832748 0.0803178 0.0602024   0.267265 -0.0803463   -9.80503  10012
             253.503 -1.15719 -10.4235  27.5592 1266.49 1073.57  196.38 -0.557827  0.459723   179.445    1.79406  0.0482141 -0.0612149 10.9125 5.50454 2.58533 -0.000299532  0.000297641  -0.00117466  -0.82875 0.0802077 0.0607343   0.267274 -0.0803556   -9.80503  10100
             253.601 -1.02576 -10.5649  27.5873 1267.62 1074.14 196.648 -0.557746  0.460655   179.445    1.79398  0.0481489 -0.0612911 10.9563 5.50279 2.62982 -0.000267943  0.000304712  -0.00117872 -0.830044 0.0804251 0.0616456   0.267278 -0.0803528   -9.80503  10155
             253.703 -0.851372   -10.661   27.6165 1268.73 1074.69 196.915 -0.557234  0.461405   179.451   1.79376 0.0479506 -0.061027 10.9271 5.54284 2.67536 -0.000245284  0.000299349  -0.00119451 -0.826184 0.0813187 0.0633087   0.267293 -0.0803457   -9.80503  10177
             253.803 -0.774763  -10.7269   27.6319 1269.84 1075.25 197.189 -0.557172  0.459273   179.449    1.79397  0.0481543 -0.0610088 10.9282 5.52798 2.68177 -0.000329807  0.000296493  -0.00117672 -0.825255 0.0819774 0.0609359  0.267287 -0.080359  -9.80503  10157
             253.901 -0.694653  -10.7037   27.6587 1270.98 1075.83 197.471 -0.55757 0.459378  179.448    1.79411   0.048308 -0.0609266 11.0137 5.60391 2.74738 -0.000267879  0.000314194  -0.00118151 -0.831637 0.0812008 0.0592955   0.267264 -0.0803767   -9.80503  10213
             254.003 -0.685058  -10.6307   27.7029 1272.09  1076.4 197.749 -0.557019  0.458541   179.446    1.79408   0.048341 -0.0611682 11.0117  5.6273 2.72423 -0.000308942  0.000352842  -0.00119802 -0.827962 0.0820742 0.0588024   0.267278 -0.0803765   -9.80503  10085
             254.102 -0.680725  -10.4142   27.6836 1273.22 1076.97 198.027 -0.556814  0.458508   179.451    1.79408  0.0483561 -0.0611392 11.0441 5.63735 2.71162 -0.000306114  0.000358135   -0.0012196 -0.828768  0.083224 0.0587391   0.267277 -0.0803765   -9.80503  9986
             254.201 -0.720663  -10.2705   27.6277 1274.36 1077.55 198.305 -0.554105  0.454508   179.455    1.79365  0.0483151 -0.0606964 11.0632 5.65462  2.6282 -0.000328978  0.000311586  -0.00123743 -0.833474 0.0821741 0.0557489   0.267273 -0.0803956   -9.80503  9981
             254.303 -0.778331  -10.3169   27.5425 1275.47 1078.12 198.568 -0.555194  0.456392   179.453     1.7937  0.0481858 -0.0608202 11.0475  5.5974 2.58609 -0.000303105  0.000262022  -0.00123211 -0.828289 0.0825726 0.0558652   0.267275 -0.0803985   -9.80503  10014
             254.401 -0.766633  -10.4585   27.4558 1276.63  1078.7 198.838 -0.553357  0.454489   179.451    1.79366  0.0483152 -0.0610398 11.1113 5.59564 2.63884 -0.000308911  0.000230234  -0.00122701 -0.833795 0.0813172 0.0555629   0.267279 -0.0803992   -9.80503  9981
             254.502 -0.737105  -10.6092   27.3762 1277.76 1079.27 199.109 -0.553702  0.454456   179.453    1.79369  0.0482236 -0.0608154 11.1361 5.60301 2.70736 -0.000322759   0.00023615  -0.00123345 -0.831081 0.0814998 0.0551208   0.267277 -0.0804075   -9.80503  9934
             254.602 -0.763481  -10.6448   27.3041  1278.9 1079.84  199.39 -0.553697  0.454456   179.454    1.79372  0.0482229 -0.0608913 11.1806 5.59848 2.74274 -0.000307674  0.000277683  -0.00125035 -0.832257 0.0821544 0.0549719   0.267279 -0.0804152   -9.80503  9911
             254.702 -0.787724  -10.5781   27.2078 1280.04 1080.41  199.67 -0.553865  0.454111   179.455    1.79371  0.0482107 -0.0608903 11.1848 5.60592  2.7814 -0.000351776  0.000264245  -0.00124004 -0.829611 0.0820269  0.055006  0.267275 -0.080405  -9.80503  9964
             254.802 -0.88638 -10.5333  27.1236 1281.18 1080.98  199.95 -0.554038   0.45381   179.453    1.79369  0.0481629 -0.0608455 11.2047 5.58618 2.72328 -0.000347414  0.000232361   -0.0012318  -0.82971  0.080856 0.0546639   0.267276 -0.0804127   -9.80503  10133
             254.903 -0.919998  -10.5478   27.0548 1282.33 1081.55 200.226 -0.552993  0.455363   179.448     1.7937  0.0483173 -0.0607951 11.2819 5.57162 2.73742 -0.000329975  0.000244927   -0.0012275  -0.83253  0.080768 0.0565401  0.267284 -0.080377  -9.80503  10059
             255.002 -0.867468  -10.5576   27.0098 1283.49 1082.12 200.503 -0.551683   0.45664   179.443    1.79371  0.0483266 -0.0607726 11.3436 5.58033 2.74438 -0.000315303  0.000264695  -0.00122466 -0.835567 0.0807215 0.0582012   0.267292 -0.0803483   -9.80503  9983
             255.102 -0.801744  -10.5181   26.9896 1284.65  1082.7 200.782 -0.551272  0.457061   179.438    1.79374  0.0482166 -0.0607392 11.3879 5.59531 2.73947 -0.000323338  0.000259601   -0.0012133 -0.838681 0.0802697 0.0587635   0.267303 -0.0803517   -9.80503  9801
             255.201 -0.784611  -10.5068   26.9966 1285.83 1083.28 201.067 -0.554797  0.455343   179.435    1.79365  0.0480583 -0.0606691 11.4119 5.63355 2.72191 -0.000321253  0.000242552    -0.001216  -0.84228 0.0816213 0.0560019   0.267308 -0.0804505   -9.80503  9986
             255.303 -0.886271  -10.5669   27.0219 1286.99 1083.85 201.346 -0.557072   0.45418   179.437    1.79365  0.0480252 -0.0606548 11.4245 5.63679 2.73636 -0.000339319  0.000236355  -0.00121455 -0.840772 0.0825156 0.0535483   0.267299 -0.0805006   -9.80503  10217
             255.401 -0.931178  -10.5595   27.0374 1288.17 1084.43 201.632 -0.559218  0.453118   179.439    1.79364  0.0478515 -0.0606715  11.476 5.65065 2.77687 -0.000344367  0.000247785  -0.00120998 -0.843317 0.0835832 0.0517474   0.267295 -0.0805623   -9.80503  10125
             255.503 -0.993358  -10.5504   27.0667 1289.32    1085 201.913 -0.559078  0.452633   179.436    1.79364  0.0479306 -0.0606802 11.4356 5.68447 2.76126 -0.000305079  0.000248792  -0.00122862 -0.839532 0.0835846 0.0507131    0.26729 -0.0805495   -9.80503  10252
             255.604 -1.12522 -10.5324  27.0823 1290.47 1085.56 202.191 -0.559241  0.452227   179.436    1.79362   0.047906 -0.0607233 11.4465 5.64946 2.75748 -0.000364891  0.000210368  -0.00121566 -0.836821 0.0841613 0.0495232   0.267282 -0.0805475   -9.80503  10501
             255.704 -1.13419 -10.5771  27.0893 1291.62 1086.13 202.468 -0.559422  0.452276   179.436    1.79362  0.0478674 -0.0607555 11.4919 5.65575 2.76659 -0.000311202  0.000188836  -0.00122154 -0.840273  0.083625 0.0497565   0.267291 -0.0805674   -9.80503  10485
             255.804 -1.09791 -10.6357  27.1028 1292.78 1086.71 202.747 -0.559377  0.452525   179.433    1.79365  0.0478248 -0.0609208 11.5464 5.70261 2.79223 -0.00027094 0.000163349 -0.00122979 -0.845268 0.0812864 0.0496303   0.267315 -0.0805939   -9.80503  10310
             255.903  -1.0539 -10.6051  27.1031 1293.98  1087.3 203.035 -0.559633  0.452977   179.431   1.79367 0.0478455 -0.060928 11.6527 5.73009 2.82545 -0.000278271  9.03921e-05  -0.00122109 -0.853685 0.0813738 0.0493844   0.267333 -0.0806463   -9.80502  10399
             256.004 -0.909397  -10.5953   27.1205 1295.15 1087.87 203.317 -0.559562   0.45356    179.43    1.79366  0.0477752 -0.0609265 11.6812 5.74818 2.82468 -0.00023946 0.000102642 -0.00123669 -0.855116 0.0812588 0.0503107   0.267338 -0.0806482   -9.80502  10408
             256.104 -0.826356    -10.58   27.1261 1296.33 1088.45 203.602 -0.559496  0.452896   179.427    1.79366  0.0480131 -0.0608924 11.6882 5.78175 2.81067 -0.000304859  5.53349e-05   -0.0012238 -0.857612 0.0815202 0.0482389   0.267341 -0.0806681   -9.80502  10749
             256.204 -0.857852  -10.6403   27.1593 1297.51 1089.04  203.89 -0.558537   0.45179   179.421    1.79375  0.0483871 -0.0609729 11.7293 5.81822 2.82968 -0.000287246 -1.12699e-05  -0.00123208 -0.862236 0.0798187 0.0441166   0.26735 -0.080693  -9.80502  10822
             256.304 -0.877212  -10.7491   27.1859 1298.69 1089.62  204.18 -0.556934  0.450378   179.423      1.794  0.0487146 -0.0610844 11.7597 5.85016  2.8599 -0.000365414 -3.00191e-05  -0.00122405 -0.864869 0.0818259 0.0392393    0.26733 -0.0807185   -9.80502  10675
             256.403   -1.068 -10.7053   27.199  1299.9 1090.23 204.479 -0.554261  0.448917   179.429    1.79412  0.0487363 -0.0610811 11.8219  5.9213 2.91387   -0.0003431 -8.34133e-05  -0.00122435 -0.870616 0.0811987 0.0345691  0.267311 -0.080731  -9.80502  10575
             256.504 -1.25463 -10.5256  27.2394 1301.08 1090.82 204.775 -0.553433  0.448362   179.431    1.79407  0.0486774 -0.0611328 11.8734 5.92749 2.94679 -0.000342714  -8.3865e-05  -0.00122822 -0.870557  0.081433 0.0333216   0.267304 -0.0807243   -9.80502  10481
             256.603 -1.30938 -10.4049  27.2588 1302.29 1091.42  205.07 -0.553721  0.448606   179.431     1.7941  0.0486927 -0.0610253 11.8871 5.92489 2.85721  -0.00032974 -9.15853e-05  -0.00122777 -0.872016 0.0812346 0.0338541   0.267306 -0.0807309   -9.80502  10527
             256.703 -1.38269 -10.4016  27.2888 1303.49 1092.02 205.361 -0.552273  0.447778   179.428    1.79403  0.0486353 -0.0609896 11.8761 5.93669 2.83735 -0.000335387 -0.000136881  -0.00122578 -0.871186  0.079336 0.0323352   0.267308 -0.0807104   -9.80502  10571
             256.804 -1.41277 -10.5949  27.3419 1304.67 1092.62 205.643 -0.552902  0.448064   179.425   1.79401 0.0486837 -0.060768  11.863  5.9084 2.83675 -0.000327789 -0.000132772  -0.00123808 -0.866666 0.0791476 0.0326391   0.267313 -0.0807097   -9.80502  10624
             256.903  -1.4271 -10.8275  27.3552 1305.88 1093.22 205.934  -0.5539 0.448765  179.423    1.79386  0.0486961 -0.0608345 11.8886 5.95394 2.93086  -0.00030897 -0.000121945   -0.0012371  -0.86695 0.0784079 0.0343309   0.267328 -0.0807197   -9.80502  10779
             257.003 -1.42184 -10.9417  27.3795 1307.08 1093.82 206.233 -0.554972  0.448278   179.423    1.79371  0.0486749 -0.0605883 11.9008 5.97546 3.02541 -0.000319551 -6.00004e-05  -0.00124425 -0.863962 0.0786739  0.035564   0.267339 -0.0807269   -9.80502  11204
             257.102 -1.43861  -10.855   27.391 1308.29 1094.43  206.54 -0.556571  0.448582   179.423     1.7936  0.0486172 -0.0605631 11.8966 5.99892 3.05051 -0.000299891 -1.96642e-05  -0.00125006 -0.862101 0.0788668 0.0378687   0.267359 -0.0807538   -9.80502  11424
             257.203 -1.49799   -10.68  27.3991 1309.48 1095.03 206.845 -0.557518  0.448015   179.426    1.79367  0.0485647 -0.0608096 11.8527 5.96633 3.04333 -0.000339056  -4.6035e-06  -0.00126044 -0.857749 0.0800352 0.0402529   0.267386 -0.0807911   -9.80502  11309
             257.304 -1.54158 -10.5423    27.38 1310.67 1095.62 207.145 -0.558279  0.447825   179.427    1.79379  0.0485171 -0.0609828 11.7901 5.92631 2.96583 -0.000324553 -3.12533e-05  -0.00127834 -0.855576 0.0803594 0.0418123   0.267406 -0.0808213   -9.80502  11328
             257.402 -1.64082 -10.5186   27.336 1311.86 1096.23 207.442  -0.5591 0.447412  179.426    1.79385  0.0485645 -0.0608639 11.7623 5.91299 2.92287 -0.000342165 -9.09246e-05  -0.00126534 -0.856758 0.0776667  0.043904  0.267435 -0.080853  -9.80502  11451
             257.504 -1.63751 -10.6305  27.3134 1313.04 1096.82 207.731 -0.559451  0.445403   179.428    1.79391  0.0484789 -0.0608586 11.7501 5.85675 2.92646 -0.000319496 -8.51831e-05  -0.00127172 -0.854165  0.077384 0.0465964   0.267482 -0.0808993   -9.80502  11784
             257.603 -1.60687 -10.6841  27.2668 1314.22 1097.42 208.023 -0.558171  0.441164   179.431     1.7939   0.048345 -0.0608824 11.7149 5.86723 2.96625 -0.000282355  -7.9291e-05  -0.00126579 -0.854386 0.0761793 0.0509827  0.267561 -0.080956  -9.80502  11813
             257.703 -1.57433 -10.6945  27.2303 1315.42 1098.02 208.321 -0.556805  0.438472   179.432   1.79389 0.0482831 -0.060972 11.7038 5.85706  2.9593 -0.000343581 -8.22574e-05  -0.00125002 -0.857236  0.074665 0.0536452   0.267609 -0.0809827   -9.80501  11893
             257.804 -1.53077 -10.7206  27.2248 1316.59  1098.6 208.612 -0.554053  0.432033   179.438   1.79388 0.0480735 -0.060987 11.6698 5.83024 2.94603 -0.000310215 -7.64963e-05  -0.00125328 -0.857338 0.0730444 0.0573912   0.267686 -0.0810224   -9.80501  12152
             257.903 -1.48445 -10.7541  27.2428 1317.79  1099.2 208.908 -0.550654   0.42698   179.432    1.79389   0.047809 -0.0610842 11.6912 5.84519 2.94185 -0.000315984 -9.67228e-05  -0.00124712 -0.865052 0.0729298 0.0614602   0.267764 -0.0810503   -9.80501  12146
             258.004 -1.42718 -10.7738  27.2678 1318.96 1099.79 209.201 -0.549704  0.424864   179.433    1.79389  0.0477561 -0.0610807 11.6612  5.8299 2.93918 -0.000358633 -9.23746e-05  -0.00123021  -0.86493  0.072626 0.0623139   0.267784 -0.0810566   -9.80501  12026
             258.102   -1.409 -10.7498  27.3076 1320.15 1100.38 209.496 -0.546789  0.418597   179.437    1.79395  0.0475638 -0.0610811 11.6614 5.83679 2.92012 -0.000280429 -0.000132144  -0.00123546 -0.867947 0.0710011 0.0652039   0.267842 -0.0810745   -9.80501  12138
             258.202 -1.35066 -10.7793  27.3646 1321.34 1100.98 209.792 -0.544961   0.41462   179.435   1.79393  0.047457 -0.061061 11.6345 5.83515 2.89693 -0.000320418 -0.000106457  -0.00123367 -0.868735 0.0719121 0.0667644   0.267878 -0.0810807   -9.80501  12113
             258.304  -1.3441 -10.7741  27.4115  1322.5 1101.56 210.079 -0.542854  0.409581   179.434    1.79391  0.0474468 -0.0611014 11.5789  5.8174 2.88817 -0.000316246 -0.000105698  -0.00123715 -0.865208 0.0731435 0.0680473   0.267922 -0.0810853   -9.80501  12109
             258.404 -1.39227 -10.7847  27.4684 1323.66 1102.14 210.368  -0.5431 0.410338  179.431    1.79387  0.0474553 -0.0611526 11.5244 5.81575 2.85947 -0.000333415 -0.000124434  -0.00123949 -0.863718 0.0747871 0.0676471    0.26792 -0.0810846   -9.80501  12128
             258.504 -1.43708 -10.8273  27.5381 1325.03 1102.83 210.713 -0.543338  0.411515   179.429    1.79385  0.0474623 -0.0611753 11.5162  5.7628 2.88156 -0.000367093 -0.000127423  -0.00124324 -0.862084 0.0756319 0.0670483   0.267914 -0.0810835   -9.80501  12113
             258.605 -1.42943 -10.9492  27.5959 1326.25 1103.44 211.019 -0.539729  0.399271   179.422    1.79381  0.0475815 -0.0607593 11.3722  5.6948 2.86247 -0.000327035 -1.19179e-05  -0.00126124 -0.848394 0.0752214 0.0691567  0.268022 -0.081084    -9.805  12142
             258.704 -1.43307 -11.0078  27.6708 1327.22 1103.94 211.269 -0.536338  0.386922   179.421    1.79377  0.0478145 -0.0603476 11.2045 5.64907 2.87297 -0.000345438  0.000113638  -0.00127639 -0.834366 0.0723346 0.0712341   0.268128 -0.0810892     -9.805  12139
             258.805 -1.39665 -10.9814   27.669 1328.54  1104.6 211.601 -0.533836  0.373739   179.424    1.79376  0.0477811 -0.0603525 11.1496 5.61468 2.85973 -0.000296527  0.000135559  -0.00126122  -0.83107 0.0705564 0.0758675 0.268232 -0.08109   -9.805  12095
             258.904 -1.42706 -11.0168  27.7336 1329.52 1105.09 211.847 -0.530528  0.357614   179.425    1.79374  0.0478499 -0.0603567 11.0471 5.54774 2.80118 -0.000264836  0.000190901  -0.00126934  -0.82533 0.0706249 0.0816098    0.26838 -0.0810902   -9.80499  12084
             259.005 -1.39913 -11.0538  27.7744 1330.83 1105.76 212.177 -0.529251  0.350908   179.427    1.79373  0.0478853 -0.0603597 10.9958 5.58175 2.79329 -0.00022678 0.000152792 -0.00126642  -0.82644 0.0686822 0.0848609   0.268435 -0.0810798   -9.80499  12014
             259.105 -1.35908 -11.1834  27.7899 1332.01 1106.37 212.477 -0.528506  0.344574    179.43    1.79365  0.0478469 -0.0602794 10.9284 5.56616 2.80362 -0.000275952  0.000204372  -0.00124929 -0.822654 0.0668588 0.0873356   0.268496 -0.0810791   -9.80499  12063
             259.204 -1.35832 -11.2101  27.8382 1332.98 1106.86 212.723 -0.527878  0.336697   179.428    1.79359  0.0478323 -0.0602199 10.8731 5.53292 2.79495 -0.000233164  0.000231386   -0.0012676 -0.818824 0.0682868 0.0908707   0.268596 -0.0810679   -9.80499  12117
             259.305 -1.29583  -11.197  27.8412 1334.28 1107.52 213.052 -0.527858  0.332096   179.429    1.7936 0.0478291  -0.06022 10.8618 5.53566 2.80555 -0.000218118   0.00021855  -0.00125165 -0.820411 0.0669464 0.0940354   0.268641 -0.0810456   -9.80499  12110
             259.404  -1.1293 -11.1975  27.8561 1335.26 1108.02 213.304 -0.527954  0.331336   179.429     1.7936  0.0477982 -0.0602659 10.8329 5.52053 2.78594 -0.000288166  0.000267996   -0.0012502 -0.819197 0.0663809 0.0943884   0.268651 -0.0810482   -9.80499  12060
             259.504 -1.08133 -11.0493  27.8833 1336.57  1108.7 213.639 -0.527766  0.332172    179.43     1.7936  0.0478592 -0.0599693  10.855 5.54799 2.76383 -0.000216068  0.000204027  -0.00124604 -0.825512 0.0648654  0.094413   0.268608 -0.0810274   -9.80499  12131
             259.604 -0.954725  -10.9867   27.8868 1337.55  1109.2  213.89 -0.527104  0.334483   179.428   1.79341 0.0479752 -0.059922 10.8023 5.58838 2.71321 -0.000306213  0.000217689  -0.00123635  -0.82541 0.0655323 0.0920288  0.268576 -0.081047  -9.80499  12180
             259.704 -1.05414  -10.902  27.8897 1338.65 1109.77  214.17 -0.524063  0.338418   179.432    1.79291   0.048074 -0.0596218 10.8175 5.60896  2.7089 -0.000296432  0.000140005  -0.00123813   -0.8302 0.0648127 0.0866964   0.268468 -0.0810745   -9.80499  12299
             259.805 -1.16076  -10.906  27.9142 1339.98 1110.46 214.501 -0.520136  0.339512   179.446    1.79254  0.0479949 -0.0593557 10.9039  5.6538 2.71756 -0.000328646  2.77214e-05  -0.00124393 -0.842013 0.0640481 0.0820232   0.268332 -0.0810717   -9.80499  12363
             259.904 -1.27505 -10.9157  27.8983 1340.97 1110.97 214.751 -0.517781  0.341139   179.451    1.79236  0.0477628 -0.0593876 10.8966 5.64195 2.69823 -0.000300649  1.62377e-05  -0.00123568 -0.843863 0.0642412  0.078568   0.268277 -0.0811033     -9.805  12332
             260.005 -1.39788 -10.9947  27.9323 1342.29 1111.65 215.078 -0.516525  0.341009   179.458    1.79231  0.0476013 -0.0596025 10.9719 5.63527 2.71667 -0.000317559 -4.31518e-05  -0.00122916 -0.850964 0.0648796 0.0770256   0.268222 -0.0810929     -9.805  12409
             260.104 -1.27541  -11.042  27.9425 1343.27 1112.15 215.325 -0.51547 0.341298  179.459    1.79232  0.0475412 -0.0595643 10.9669 5.61869  2.7302 -0.000324123 -2.12614e-05  -0.00123172 -0.850221 0.0648138 0.0755069  0.268212 -0.081118    -9.805  12312
             260.204 -1.19916 -11.0299  27.9696 1344.39 1112.73 215.606 -0.512919  0.341266   179.462    1.79232  0.0474386 -0.0597912 10.9959 5.65982 2.74361 -0.000294043 -6.92152e-05  -0.00123591 -0.857897 0.0631482 0.0729288  0.268147 -0.081128    -9.805  12303
             260.305 -1.10199  -11.028  27.9918 1345.73 1113.41 215.939 -0.510285  0.340465   179.462    1.79233  0.0474243 -0.0598154 11.0428 5.66691 2.76054 -0.000303951 -0.000157974  -0.00123228 -0.865572   0.06397  0.069808   0.268104 -0.0811398     -9.805  12251
             260.404 -1.05616 -11.1358  28.0185 1346.72 1113.92 216.189 -0.509552  0.340063   179.463    1.79237  0.0474605 -0.0597818  11.004 5.67256 2.74616 -0.000285267 -0.000131621  -0.00123874 -0.864158 0.0634685 0.0685255   0.268102 -0.0811672     -9.805  12268
             260.505 -0.897772  -11.2047   28.0148 1348.04  1114.6 216.522 -0.507852  0.339352   179.462    1.79248  0.0475716 -0.0598747 11.0474 5.68258 2.79211 -0.000294606 -0.000152077   -0.0012348 -0.868438 0.0636092 0.0663907   0.268082 -0.0811852     -9.805  12252
             260.604 -0.830045  -11.2282    28.049 1349.23 1115.21  216.83 -0.506701  0.337422   179.463    1.79254  0.0476688 -0.0597571 10.9948 5.65257 2.79929 -0.000301403 -7.36198e-05  -0.00125078   -0.8625 0.0656306  0.064521   0.268123 -0.0812296     -9.805  12318
             260.704 -0.796186  -11.2116   28.0526  1350.2  1115.7 217.078 -0.507398  0.337297   179.463    1.79249  0.0476097 -0.0598276 10.9006 5.61682 2.77992 -0.000298465  6.46688e-07  -0.00125984 -0.852911 0.0661807 0.0649505   0.268169 -0.0812565     -9.805  12335
             260.805 -0.718039  -11.1636   28.0273 1351.49 1116.38 217.413 -0.505527   0.33466   179.462     1.7925  0.0477353 -0.0597963 10.9198 5.60706  2.7813 -0.000315249 -2.34822e-05  -0.00126123 -0.854747 0.0645504 0.0620247   0.268156 -0.0813016     -9.805  12362
             260.904 -0.676857  -11.1511   27.9916 1352.47 1116.88 217.663 -0.505252  0.333999   179.461    1.79248  0.0476946 -0.0598803 10.8637  5.6175 2.76716 -0.000295875   5.0929e-06  -0.00126956 -0.851511 0.0642514 0.0610915  0.268169 -0.081331    -9.805  12364
             261.005 -0.787725  -11.1483   27.9329 1353.77 1117.56 217.999 -0.502604  0.329534   179.464    1.79249  0.0476943 -0.0598007 10.8815 5.60955 2.74509 -0.000329666 -6.59135e-05  -0.00125695 -0.856624 0.0636505 0.0575236  0.268156 -0.081375    -9.805  12361
             261.106 -0.760752   -11.251   27.8891 1354.93 1118.16 218.294 -0.503656  0.331354   179.461    1.79244  0.0476025 -0.0597306 10.8413 5.56952 2.76016 -0.000339327 -2.40967e-05  -0.00125737 -0.850289 0.0633533 0.0584872  0.268173 -0.081379    -9.805  12354
             261.204 -0.777223  -11.2925   27.8519  1355.9 1118.65 218.542 -0.504272  0.332248   179.461    1.79243  0.0475461 -0.0596928  10.811 5.54348 2.77735 -0.000308114  1.18349e-05  -0.00126515 -0.845862 0.0639709 0.0588049   0.26819 -0.081386    -9.805  12280
             261.305 -0.783146  -11.2166   27.7816 1357.19 1119.32 218.876 -0.503694  0.330639   179.461   1.79242 0.0475117 -0.059661  10.818 5.54476 2.78933 -0.000329047 -3.10472e-07  -0.00125543 -0.847597 0.0630779  0.057651  0.268184 -0.081408    -9.805  12356
             261.403 -0.770164  -11.1896   27.7313 1358.17 1119.82 219.129 -0.503664  0.330525   179.461    1.79243  0.0475134 -0.0596588 10.8072 5.52544 2.77205 -0.000337492 -2.19631e-06  -0.00125492 -0.847981 0.0635516 0.0575949   0.268185 -0.0814074     -9.805  12318
             261.505 -0.761801  -11.1926   27.6787 1359.48 1120.48 219.463 -0.503093  0.327582   179.461    1.79242  0.0474521 -0.0596145 10.8568 5.53025  2.7495 -0.000335464 -5.08393e-05  -0.00125049 -0.855012 0.0633393 0.0558004   0.268173 -0.0814377     -9.805  12318
             261.604 -0.774397  -11.2177   27.6368 1360.46 1120.98 219.713 -0.503151  0.327873   179.461    1.79242  0.0474648 -0.0596158 10.8588 5.53963 2.76677 -0.000315341 -3.45933e-05  -0.00125288 -0.855511 0.0639579 0.0561287   0.268174 -0.0814281     -9.805  12287
             261.705 -0.736574  -11.1558   27.5691 1361.78 1121.65 220.047 -0.503017  0.325463   179.459     1.7924  0.0474102 -0.0595553 10.9107 5.53675 2.77392 -0.000323613 -7.91206e-05  -0.00124388 -0.862444 0.0634565 0.0548727   0.268165 -0.0814546     -9.805  12236
             261.805 -0.716606  -11.1789   27.5439 1362.96 1122.25 220.346 -0.502697  0.327462   179.461    1.79241   0.047485 -0.0595541 10.8599 5.49865 2.74605 -0.000296159 -7.28498e-05    -0.001248  -0.85736 0.0632722 0.0562176   0.268169 -0.0814212     -9.805  12116
             261.904 -0.655944  -11.2481   27.5316 1363.93 1122.74 220.591 -0.502241  0.328885   179.462    1.79239  0.0475364 -0.0594948  10.809  5.4736 2.73596 -0.000300556 -8.74427e-05  -0.00124718 -0.853602 0.0629658 0.0573889   0.268171 -0.0813886     -9.805  11984
             262.005 -0.682045  -11.4348   27.5352 1365.24  1123.4 220.922 -0.503143  0.328164   179.461    1.79244  0.0473855 -0.0598363 10.8516 5.50097 2.77228 -0.000292737 -0.000132823  -0.00122738 -0.861198 0.0642509 0.0566202   0.268162 -0.0814213     -9.805  11960
             262.106 -0.676645  -11.5877   27.5823 1366.41 1123.99 221.223 -0.502336  0.328506    179.46     1.7923  0.0474908 -0.0596416 10.8154 5.51884 2.83099 -0.000295795 -9.18082e-05  -0.00123162 -0.857538 0.0651283 0.0576882   0.268173 -0.0813795     -9.805  11987
             262.204 -0.797846  -11.5726   27.6189 1367.58 1124.59 221.535 -0.500432  0.327517   179.455    1.79221  0.0476327 -0.0596973 10.7613 5.51833 2.86973 -0.000342042 -4.33926e-05  -0.00123719  -0.85191 0.0671711 0.0574581   0.268198 -0.0813564     -9.805  11858
             262.305 -0.824582  -11.4272   27.6263 1368.73 1125.18 221.847 -0.498959  0.326805   179.446    1.79216  0.0477762 -0.0600524 10.7247 5.45306 2.86855 -0.000380357 -1.71126e-05  -0.00122707 -0.844621 0.0681522 0.0578426   0.268225 -0.0813165   -9.80499  11858
             262.404 -0.838698  -11.2923   27.6347 1369.69 1125.66 222.102 -0.498888  0.327289    179.44    1.79221  0.0478631 -0.0603861 10.6805 5.41186 2.82054 -0.000345934 -6.48981e-06  -0.00123011 -0.839662 0.0684711  0.058823   0.268239 -0.0812829   -9.80499  11789
             262.505 -0.849289  -11.1703   27.6274 1370.99 1126.32 222.437 -0.498944  0.326676   179.447    1.79218  0.0478438 -0.0598125 10.7153 5.43279 2.75921 -0.000343029 -7.30657e-05  -0.00121322 -0.848695 0.0672047 0.0589082   0.268219 -0.0813011     -9.805  11758
             262.604 -0.764999  -11.2385   27.6664 1372.17 1126.92 222.738 -0.498479  0.326287   179.449    1.79217  0.0478335 -0.0598206 10.6927 5.44215 2.72222 -0.000349716 -0.000127772  -0.00121121 -0.851622 0.0661014 0.0588194   0.268213 -0.0813055     -9.805  11729
             262.705 -0.832395  -11.5006   27.7087 1373.32 1127.51  223.03 -0.500559  0.327546   179.446    1.79201  0.0478438 -0.0596405 10.6225 5.43206 2.71547 -0.000338324  -0.00014009  -0.00120658 -0.848142 0.0670326 0.0621553    0.26823 -0.0812411     -9.805  11624
             262.805 -0.802592  -11.7492   27.7498 1374.47  1128.1 223.325 -0.501775  0.327572   179.443     1.7918   0.047823 -0.0593101 10.5953 5.43943 2.82178 -0.000374823 -0.000137037  -0.00119802 -0.844388 0.0673121 0.0639902   0.268248 -0.0812008     -9.805  11504
             262.904 -0.881327  -11.7521   27.8023 1375.62 1128.69 223.639 -0.502028  0.326857   179.438    1.79168  0.0478471 -0.0591984 10.5605 5.44772 2.93162 -0.000385257 -4.67645e-05  -0.00119971  -0.84046 0.0692635 0.0652343   0.268277 -0.0811697   -9.80499  11473
             263.005 -0.938248  -11.5114   27.8669 1376.76 1129.28 223.953 -0.505016  0.326112   179.432     1.7918  0.0479026 -0.0594386 10.4807  5.4243 2.89687 -0.000398797  5.98958e-06  -0.00120951 -0.835467 0.0690665 0.0682711  0.268309 -0.081137  -9.80499  11460
             263.104 -1.00272 -11.2544  27.8656 1377.91 1129.87 224.267 -0.504396  0.326263   179.433    1.79182  0.0479137 -0.0594486  10.398 5.44695 2.78424 -0.000471159 -3.76078e-05  -0.00119857 -0.835976 0.0708372 0.0686523   0.268318 -0.0811274   -9.80499  11433
             263.205 -1.25398 -11.1661  27.8863 1379.04 1130.46 224.566 -0.505767   0.32649   179.427    1.79197  0.0479704 -0.0597277 10.3614  5.3743 2.72369 -0.000454055  -5.2735e-05  -0.00119211 -0.833938 0.0727409  0.069795   0.268343 -0.0811253   -9.80499  11243
             263.305 -1.32686 -11.1613  27.9013 1380.17 1131.04 224.856 -0.508525   0.32548   179.424    1.79218  0.0480962 -0.0597839 10.3266 5.30676 2.67241  -0.00048648 -9.46456e-05  -0.00119086 -0.833601 0.0738649 0.0722554   0.268368 -0.0811189   -9.80499  11165
             263.404 -1.28671 -11.2672  27.8936 1381.31 1131.63 225.146 -0.510181  0.322535   179.426    1.79222  0.0481792 -0.0599487 10.3115 5.28785 2.64027 -0.000398511 -0.000151696  -0.00120156 -0.837529 0.0734472 0.0754862   0.268383 -0.0810893   -9.80499  11153
             263.505 -1.26662 -11.4471     27.9 1382.44  1132.2 225.432 -0.512229  0.318944   179.423    1.79211  0.0481263 -0.0600292  10.301 5.27386 2.69536 -0.000425353 -0.000159613  -0.00118937 -0.839531 0.0748333 0.0788425   0.268419 -0.0810628   -9.80499  11026
             263.604 -1.09033 -11.5438  27.8765 1383.58 1132.79 225.729 -0.512975  0.316041   179.423    1.79197  0.0479563 -0.0601643 10.2962  5.2738 2.73361 -0.000414025 -0.000151852  -0.00118041 -0.842293 0.0752761 0.0815028   0.268441 -0.0810376   -9.80499  11087
             263.705 -1.14525  -11.584  27.9102  1384.7 1133.36 226.025 -0.513075   0.31322   179.425    1.79186  0.0478331 -0.0601176 10.2637 5.28649 2.73724 -0.000397148 -0.000136413  -0.00119539  -0.84178  0.075489 0.0833487   0.268469 -0.0810332   -9.80499  11054
             263.805 -1.06891 -11.5565  27.8946 1385.82 1133.93 226.323 -0.512895  0.312852   179.423    1.79185  0.0478061 -0.0600866 10.2546 5.28674  2.7478 -0.000464961 -0.000137666  -0.00119466 -0.843844 0.0764224 0.0840969   0.268476 -0.0810213   -9.80499  11043
             263.904 -1.13422 -11.5073  27.8924 1386.96 1134.51 226.625 -0.51254 0.315675  179.421    1.79184  0.0479049 -0.0599763 10.2692 5.28986 2.72785 -0.000473031 -0.000149271  -0.00120361 -0.848245 0.0791357 0.0829511   0.268451 -0.0809914   -9.80499  10968
             264.005 -1.28823 -11.4887  27.8942 1388.08 1135.09  226.92 -0.512566  0.315179   179.422    1.79185  0.0479124 -0.0598665 10.2802 5.27553 2.69613 -0.000467748 -0.000133602  -0.00119854 -0.851263 0.0790196 0.0839012   0.268451 -0.0809824   -9.80499  10992
             264.104 -1.26665 -11.4388  27.8929 1389.02 1135.58 227.165 -0.512987  0.316159   179.422    1.79184  0.0479381 -0.0595875 10.3117 5.27113 2.68226 -0.000472493 -0.000177416  -0.00119814 -0.857557 0.0779544 0.0836421    0.26841 -0.0809509   -9.80499  10985
             264.205 -1.25043 -11.4596  27.9125  1390.3 1136.23 227.492 -0.515765  0.319883   179.412    1.79177  0.0479247 -0.0593618 10.4642 5.36841 2.69457 -0.000435718 -0.000193518  -0.00120367 -0.879129 0.0794406 0.0812202  0.268268 -0.080821    -9.805  10945
             264.305 -1.33917 -11.4103  27.9229 1391.46 1136.82 227.792 -0.517956   0.32195    179.41    1.79168  0.0478709 -0.0592443 10.5305 5.41384 2.74383  -0.00047027 -0.000138574  -0.00119327 -0.886465 0.0809883 0.0789333   0.268193 -0.0807634     -9.805  10995
             264.404 -1.22637 -11.3332   27.942 1392.42 1137.32 228.039 -0.517829  0.322086   179.408    1.79169  0.0478401 -0.0592215  10.557 5.37141  2.7143 -0.000463212 -0.000110085  -0.00119397 -0.890329 0.0789413 0.0791804   0.268173 -0.0807462     -9.805  10989
             264.505 -1.12479 -11.1749  27.9507 1393.71 1137.97 228.369 -0.523344  0.322236   179.398    1.79103   0.048314 -0.0583282 10.6373 5.47539 2.66662 -0.000482928 -0.000133098   -0.0011985 -0.904925 0.0835699 0.0729113   0.268036 -0.0805853   -9.80501  11032
             264.604 -1.39699 -11.0816  28.0428 1394.89 1138.58  228.67 -0.528096  0.321894   179.398    1.79055  0.0480568 -0.0580992 10.7581 5.44891 2.70658 -0.000384508 -7.30339e-05  -0.00120231 -0.910301 0.0846969 0.0679443   0.267931 -0.0804847   -9.80501  11069
             264.704 -1.08608 -10.8865  28.0158 1396.05 1139.17 228.965 -0.529846   0.32428   179.401    1.79041  0.0481177 -0.0583786 10.6844 5.41745 2.59479 -0.000504068 -2.41683e-05  -0.00117928 -0.902334 0.0859427 0.0658391   0.267931 -0.0805181   -9.80501  11165
             264.805 -1.03817 -10.8453  28.0375 1397.18 1139.75 229.245 -0.53042 0.329636  179.404    1.79025   0.048208 -0.0584096 10.5074 5.38991 2.51264 -0.000413806  -4.7042e-05  -0.00119829 -0.889985 0.0835235 0.0625688   0.267926 -0.0805767   -9.80501  11254
             264.904 -1.08854 -11.0023  28.0518 1398.11 1140.23 229.472 -0.532298   0.33212   179.405    1.79026  0.0482313 -0.0578133 10.4027 5.34926 2.46541  -0.00043237 -0.000119239   -0.0011885  -0.88272 0.0835245 0.0595773   0.267918 -0.0806027   -9.80501  11267
             265.005 -1.11592 -11.5118  28.0807 1399.37 1140.88 229.782 -0.536289  0.328296   179.404    1.79151  0.0483361 -0.0603044 10.4498 5.41312 2.58782 -0.000428816 -0.000214205  -0.00119252 -0.895358 0.0837281 0.0543499   0.267845 -0.0804802   -9.80501  11185
             265.104 -1.18533 -11.8745  28.1011 1400.32 1141.37 230.028 -0.538647    0.3284   179.405    1.79242  0.0482645 -0.0613181 10.5019 5.41545 2.75208 -0.000413294 -0.000175264   -0.0011963 -0.899555 0.0854463 0.0516542   0.267817 -0.0804476   -9.80501  11086
             265.205 -1.24183 -11.8974   28.126 1401.61 1142.03 230.377 -0.541341  0.331565   179.414    1.79383  0.0480204 -0.0622157 10.6443 5.47827 2.92278 -0.000420106 -0.000138014  -0.00121095 -0.912356 0.0881304 0.0457893    0.26775 -0.0803422   -9.80502  11152
             265.305  -1.3361 -11.6801  28.1457 1402.76 1142.62 230.698 -0.541354  0.329255   179.414     1.7939  0.0479738 -0.0624534 10.6551 5.46315 2.91773 -0.000429726 -4.28531e-05  -0.00121028 -0.910628 0.0880436 0.0447927   0.267757 -0.0803372   -9.80502  11200
             265.405   -1.318 -11.3538  28.1468  1403.9 1143.21 231.012 -0.54223 0.326491   179.41    1.79397  0.0479316 -0.0640144  10.552 5.43657 2.81767 -0.000457488 -3.76248e-05  -0.00120458  -0.90329 0.0869711 0.0438092   0.267779 -0.0803744   -9.80501  11404
             265.505  -1.4436 -11.1527  28.1522 1405.02  1143.8 231.313 -0.542721  0.326656   179.409    1.79396  0.0478885 -0.0650386 10.4686 5.41232  2.7048 -0.000467167 -0.000104322  -0.00119927 -0.897169 0.0862418 0.0427614   0.267795 -0.0804089   -9.80501  11516
             265.604 -1.46743 -11.1585  28.1612 1406.16 1144.39 231.605 -0.541361  0.328183   179.406    1.79404  0.0479283 -0.0651878 10.4302 5.40207 2.63321 -0.000474952 -0.000132091   -0.0011826 -0.894658 0.0826032 0.0432888   0.267796 -0.0804389   -9.80501  11518
             265.704 -1.49661 -11.2112   28.175 1407.09 1144.88 231.839 -0.540407  0.332958   179.407   1.79415 0.0480579 -0.065168 10.3667 5.39875 2.64508 -0.000461247 -0.000168182  -0.00119063 -0.888386 0.0815716 0.0451236   0.267821 -0.0805158   -9.80501  11729
             265.805 -1.51391 -11.3276  28.2064 1408.35 1145.53 232.159 -0.540203  0.328095   179.402    1.79418  0.0479603 -0.0660637  10.451 5.42065 2.69797 -0.000470806 -0.000211093  -0.00120206 -0.902964 0.0818711 0.0455436   0.267777 -0.0803956   -9.80501  11771
             265.905 -1.49999 -11.4965  28.2008  1409.5 1146.13 232.453 -0.539381  0.330035     179.4    1.79405  0.0479964 -0.0662706 10.4439 5.42934 2.74178 -0.000452295 -0.000197896  -0.00118996 -0.904593 0.0818476 0.0478228   0.267786 -0.0804028   -9.80501  11829
             266.005 -1.51939 -11.6384  28.2168 1410.63 1146.72 232.751 -0.538532  0.330561   179.403    1.79383  0.0480037 -0.0659783  10.375 5.42625 2.78387 -0.000492229 -0.000230701  -0.00118817 -0.900609 0.0796087 0.0496281   0.267805 -0.0804476   -9.80501  11970
             266.104 -1.55793 -11.8072   28.217 1411.56 1147.21 233.001 -0.538354   0.33043   179.404    1.79375  0.0480041 -0.0658925 10.3531 5.41816 2.80877 -0.000472568 -0.000241222  -0.00118659 -0.899618 0.0792344 0.0501239   0.267812 -0.0804576   -9.80501  11932
             266.204 -1.66194 -11.9118  28.2652 1412.83 1147.87 233.346 -0.539378  0.337373   179.401    1.79383  0.0478795 -0.0663311 10.4593 5.46836 2.88334 -0.000476418 -0.000234632  -0.00119734 -0.910814 0.0805675 0.0503169    0.26775 -0.0803988   -9.80502  11994
             266.305 -1.58064  -11.898  28.2565 1413.97 1148.46 233.661 -0.536918  0.337557   179.403    1.79372  0.0478742 -0.0663053 10.4758  5.4576 2.94616 -0.000513575 -0.000167133  -0.00119383 -0.909506 0.0818646 0.0522109   0.267796 -0.0804101   -9.80501  12108
             266.404 -1.59741 -11.6905  28.2496 1415.11 1149.06 233.979 -0.534706  0.338258   179.407   1.79394 0.0478071 -0.066788 10.4184 5.45595 2.88796 -0.000462644 -0.000105439  -0.00120546 -0.904707 0.0813053 0.0558743   0.267878 -0.0804814   -9.80501  12239
             266.504  -1.5978 -11.4217  28.2122 1416.23 1149.64 234.286 -0.533041  0.340953   179.412    1.79469  0.0476207 -0.0680908 10.3099 5.39741 2.80883 -0.000487892 -8.72341e-05   -0.0012053 -0.895703 0.0793946 0.0599309   0.267983 -0.0806124   -9.80501  12323
             266.603 -1.48054 -11.3155  28.1647 1417.15 1150.12  234.53 -0.531008   0.34385    179.42    1.79543  0.0472659 -0.0686706 10.2389  5.3259  2.6971 -0.000493204 -0.000105382  -0.00121551 -0.890351 0.0783439 0.0640701   0.268072 -0.0807115     -9.805  12357
             266.705 -1.44058 -11.3506   28.115 1418.39 1150.76  234.85 -0.530835  0.340414    179.41    1.79549  0.0474488 -0.0684739 10.2847 5.32516 2.66045 -0.000468598  -0.00021208  -0.00122256  -0.90129 0.0811319 0.0655078   0.268063 -0.0806366     -9.805  12425
             266.797 -1.41015 -11.4354  28.1061 1419.44  1151.3 235.117 -0.53239 0.335731  179.389    1.79542  0.0476823 -0.0692236 10.4073 5.38231 2.72107 -0.000489235 -0.000264581    -0.001224 -0.920354 0.0841515 0.0648051   0.267974 -0.0804883   -9.80501  12438
             266.896 -1.38986  -11.529  28.0794 1420.59 1151.89 235.417 -0.533726    0.3352   179.378    1.79544  0.0477903 -0.0699325 10.4661 5.38829 2.77921  -0.00049249 -0.000227618  -0.00123586 -0.931464 0.0859613 0.0641886   0.267916 -0.0804157   -9.80501  12560
             266.997 -1.36221 -11.5919  28.0038  1421.7 1152.47 235.714 -0.533668  0.334923   179.381   1.79542  0.047766 -0.069763 10.4254 5.37046 2.77197 -0.000520444 -0.000220111  -0.00122183 -0.928741 0.0847833 0.0638886  0.267916 -0.080429  -9.80501  12593
             267.096 -1.41208 -11.5864  27.9678 1422.83 1153.04 236.013 -0.533087  0.334752    179.38    1.79542   0.047763 -0.0698152 10.4378 5.33913 2.74685 -0.000472341 -0.000201917  -0.00122843 -0.929754 0.0855305 0.0645959    0.26793 -0.0804244   -9.80501  12648
             267.197 -1.3268 -11.639 27.9495 1423.94 1153.61 236.303 -0.531758  0.333375   179.384    1.79539  0.0477543 -0.0697518  10.405 5.31294 2.74798 -0.000503194 -0.000270525  -0.00121448 -0.927297 0.0842987 0.0657168   0.267956 -0.0804326   -9.80501  12692
             267.297 -1.21436 -11.7156  27.9581 1425.04 1154.18 236.594 -0.530002  0.331699   179.388    1.79534  0.0477292 -0.0696944 10.3791 5.30925 2.74418 -0.000500149 -0.000307825  -0.00121695 -0.924706 0.0830148 0.0671305   0.267986 -0.0804349   -9.80501  12728
             267.396 -1.13529 -11.7262  27.9779 1426.16 1154.75 236.894 -0.531023  0.332646   179.385    1.79538  0.0477118 -0.0697278 10.3773 5.34029 2.78924 -0.000509414 -0.000257184  -0.00121971 -0.926964 0.0825097 0.0664945   0.267966 -0.0804351   -9.80501  12543
             267.496 -1.10145 -11.6906  27.9831 1427.28 1155.33 237.195 -0.531131  0.332523   179.386    1.79538   0.047747 -0.0697691 10.3529 5.34303 2.78744 -0.000496963 -0.000276289  -0.00122874 -0.925291 0.0825836 0.0660966   0.267967 -0.0804401   -9.80501  12557
             267.596 -1.07366 -11.6395    27.99 1428.39  1155.9 237.495 -0.531524  0.332473   179.386    1.79534   0.047801 -0.0699149 10.3351 5.31259 2.76115  -0.00053862 -0.000353902  -0.00122871 -0.921613 0.0832107 0.0646773   0.267966 -0.0804525   -9.80501  12469
             267.697 -0.899706  -11.5891   27.9661 1429.48 1156.46 237.785 -0.530194  0.332535   179.389    1.79546  0.0476691 -0.0701608 10.3075 5.26115 2.75711 -0.000507586 -0.000456499  -0.00123446 -0.914977 0.0825959 0.0670276      0.268 -0.0804456   -9.80501  12530
             267.797 -0.944084  -11.5792    27.983 1430.58 1157.02 238.076 -0.529587  0.332931   179.389    1.79552   0.047689 -0.0701649 10.2303 5.29731 2.69965 -0.000463957 -0.000476687  -0.00124403 -0.914815 0.0825786 0.0688826   0.268012 -0.0804296   -9.80501  12626
             267.896 -0.973347  -11.6637   27.9939 1431.69  1157.6 238.368 -0.529821  0.332545   179.391    1.79551  0.0476632 -0.0702215 10.2938 5.24851 2.70306 -0.000520223 -0.000467135  -0.00123101 -0.918171 0.0828795 0.0685445   0.268001 -0.0804299   -9.80501  12559
             267.997 -0.886748  -11.8158   27.9943  1432.8 1158.16 238.663 -0.529766  0.331962   179.392    1.79563  0.0476253 -0.0703293 10.2531 5.28132 2.74274 -0.000539796 -0.000442155  -0.00121762 -0.920289 0.0836814 0.0670098   0.267993 -0.0804534   -9.80501  12530
             268.096 -1.09699 -12.0394  28.0248 1433.89 1158.73  238.96 -0.528845  0.331027   179.395    1.79592  0.0473633 -0.0703923 10.2389 5.28871 2.77181 -0.000476026 -0.000483134  -0.00124207 -0.919952 0.0844545 0.0648266   0.267989 -0.0804918   -9.80501  12561
             268.197 -1.20332 -12.1555  28.0462    1435  1159.3 239.258 -0.530986  0.333343    179.39    1.79555  0.0477635 -0.0703443 10.2859  5.2986 2.86814 -0.000530659 -0.000384179  -0.00121292  -0.92192 0.0831661 0.0678349   0.267987 -0.0804413   -9.80501  12601
             268.297  -1.0412 -11.9798  28.0658  1436.1 1159.87 239.566 -0.533339  0.336756   179.388    1.79556  0.0478881 -0.0702731 10.3348 5.33534 2.92041 -0.000560179 -0.000283305  -0.00121993 -0.922094 0.0837379 0.0711209  0.267983 -0.080389  -9.80501  12594
             268.396 -1.11614 -11.6204  28.1015 1437.23 1160.45 239.877 -0.534382  0.339264   179.387     1.7959  0.0479933 -0.0700575 10.3143 5.37596 2.81002 -0.000486377 -0.000229352  -0.00122819 -0.923205 0.0843915 0.0730271   0.267977 -0.0803693   -9.80501  12585
             268.497 -1.26658 -11.4888  28.1464 1438.33 1161.02 240.171 -0.533972  0.338797   179.387    1.79581  0.0479491 -0.0701275 10.2503 5.33924 2.67017 -0.000500823 -0.000328076  -0.00122443 -0.922458 0.0839638 0.0725075   0.267979 -0.0803746   -9.80501  12615
             268.596 -1.16495 -11.7197  28.1337 1439.43  1161.6 240.457 -0.533769  0.338639   179.387   1.79579 0.0479491 -0.070172   10.23 5.34132 2.64814 -0.000585063 -0.000364744  -0.00120104 -0.923824 0.0833366 0.0728023   0.267976 -0.0803672   -9.80501  12560
             268.696 -1.02716 -12.0847  28.1178 1440.54 1162.18 240.745 -0.534523  0.338642   179.389    1.79563   0.047919 -0.0704688 10.2671 5.36735 2.74127 -0.000517932 -0.000316642  -0.00121666 -0.926565  0.083543 0.0735827  0.267968 -0.080348  -9.80501  12514
             268.797 -1.13997 -12.1948  28.1541 1441.64 1162.74 241.044 -0.536514  0.339851   179.389    1.79553  0.0479189 -0.0701969 10.2905 5.35367 2.85202 -0.000459631  -0.00028122  -0.00121532 -0.922972 0.0858224 0.0744037   0.267983 -0.0803363   -9.80501  12577
             268.896   -1.074 -11.9332   28.184 1442.77 1163.32 241.357 -0.535814  0.340056   179.395    1.79557  0.0479121 -0.0700332 10.3549 5.34477 2.90221 -0.000422146  -0.00016984  -0.00124208  -0.92725  0.088036 0.0748204   0.267977 -0.0803236   -9.80501  12723
             268.997 -0.950579  -11.6986   28.1647 1443.87 1163.89 241.661 -0.537613  0.341999   179.396    1.79568  0.0478104 -0.0702654 10.3198 5.32787 2.81111 -0.000466898 -0.000197685  -0.00123205 -0.923932 0.0887057  0.075866   0.267983 -0.0803196   -9.80501  12785
             269.096 -0.834967  -11.6328   28.1164 1444.99 1164.47 241.959 -0.53602 0.340009  179.396    1.79558  0.0479506 -0.0701162 10.3222 5.30798 2.69686 -0.000444718 -0.000233328  -0.00122933 -0.926389 0.0888721 0.0749818   0.267983 -0.0803204   -9.80501  12998
             269.196 -0.808026  -11.7881    28.118 1446.11 1165.04  242.25 -0.534123  0.337485   179.396    1.79555  0.0480993 -0.0701312 10.3521 5.33637 2.68076 -0.000430158 -0.000252219   -0.0012385 -0.928814 0.0885324 0.0736755   0.267981 -0.0803283   -9.80501  12950
             269.297  -0.7019 -11.9523  28.0921 1447.21 1165.61 242.541 -0.532924  0.336424   179.395     1.7957  0.0481662 -0.0699409 10.3359 5.36149 2.74439 -0.000516489 -0.000311589  -0.00122534  -0.92504 0.0876823 0.0718781   0.267988 -0.0803653   -9.80501  12878
             269.396 -0.711032  -11.9734   28.0713 1448.33 1166.19 242.845 -0.530698  0.332234   179.397    1.79586   0.048319 -0.0699993 10.3525  5.3859 2.82885 -0.000475811 -0.000301341  -0.00123772 -0.926762 0.0884082 0.0692061    0.26799 -0.0803989   -9.80501  12880
             269.496 -0.84713 -11.9363   28.069 1449.44 1166.77  243.15 -0.53079  0.33229  179.395    1.79586  0.0482871 -0.0699449 10.3496 5.36066 2.82323 -0.000458068 -0.000282608  -0.00124651 -0.925234  0.087766 0.0691607   0.267993 -0.0804018   -9.80501  12997
             269.596 -0.828458  -11.8112   28.0319 1450.55 1167.34 243.456 -0.530129  0.331282   179.398    1.79586  0.0482846 -0.0699948 10.3835 5.32181 2.85634 -0.00046373 -0.00030552  -0.0012468 -0.925629 0.0889198 0.0685361   0.267996 -0.0804066   -9.80501  13096
             269.696 -0.760764  -11.8027   27.9968 1451.68 1167.92  243.76 -0.53066 0.332654  179.394    1.79586   0.048292 -0.0699601 10.4198 5.32623 2.79152 -0.000468095 -0.000279347  -0.00123911  -0.92715 0.0872742 0.0694617   0.267987 -0.0803954   -9.80501  13089
             269.797 -0.706411  -11.8813   27.9803 1452.79 1168.49 244.056 -0.531322  0.334927   179.393    1.79584   0.048279 -0.0699521 10.4027  5.3251 2.75556 -0.000486117 -0.000337034  -0.00124158 -0.924492  0.086793 0.0706334   0.267987 -0.0803808   -9.80501  13129
             269.896 -0.633901  -11.9994    27.948 1453.92 1169.07 244.354 -0.531362  0.337056   179.392    1.79574  0.0482522 -0.0700034 10.4638   5.323 2.81645 -0.000459635 -0.000300684  -0.00123621  -0.92593 0.0868333 0.0721954   0.267982 -0.0803504   -9.80501  13170
             269.996 -0.537942  -12.0135   27.9371 1455.05 1169.65 244.658 -0.531273  0.341145   179.393    1.79561  0.0481653 -0.0699848 10.4911 5.35539 2.85678 -0.000436011 -0.000218835  -0.00124631 -0.925451  0.087052 0.0747284   0.267975 -0.0803017   -9.80501  13173
             270.096 -0.480062  -11.8946   27.9302 1456.18 1170.22 244.964 -0.531256  0.342431   179.392    1.79561  0.0481478 -0.0700105 10.4822 5.34372 2.83435 -0.000479678 -0.000219424  -0.00124878 -0.924218 0.0866517 0.0754003   0.267973 -0.0802896   -9.80501  13130
             270.196 -0.44589 -11.8068  27.9157 1457.31  1170.8 245.271 -0.531425  0.339521   179.392    1.79556  0.0481679 -0.0699437  10.486 5.34428 2.81878 -0.000463557  -0.00024598  -0.00124738  -0.92678 0.0869336 0.0738055   0.267979 -0.0803195   -9.80501  13064
             270.297 -0.489017   -11.837   27.9255 1458.43 1171.38 245.572 -0.531213   0.33868   179.389    1.79556  0.0481484 -0.0698994 10.4776 5.33849 2.79654 -0.000478528 -0.000255318  -0.00123905 -0.926598 0.0853344 0.0732226   0.267982 -0.0803303   -9.80501  13075
             270.396 -0.405401  -11.8966   27.9495 1459.57 1171.96 245.875  -0.5312 0.338004  179.389    1.79557  0.0481183 -0.0699278  10.482 5.36941 2.79713 -0.000516863 -0.000244026   -0.0012239 -0.929321 0.0844588 0.0731327    0.26798 -0.0803353   -9.80501  13125
             270.497 -0.517592  -11.9746   28.0043 1460.69 1172.54 246.176 -0.531053  0.336451    179.39    1.79565    0.04803 -0.0699215 10.4577  5.4179  2.8044 -0.000535904 -0.000250266  -0.00121716 -0.929951  0.083952 0.0716811   0.267987 -0.0803698   -9.80501  13133
             270.596 -0.624943  -12.0048   28.0448 1461.81 1173.12 246.482 -0.530206  0.333988   179.393    1.79577  0.0477782 -0.0699601 10.4674 5.43841 2.86642 -0.000560031 -0.000262158  -0.00120572 -0.930416 0.0840773 0.0687933   0.268004 -0.0804348   -9.80501  13167
             270.696 -0.739339  -11.9714   28.0877 1462.95 1173.71 246.793 -0.53043 0.333651  179.395    1.79579  0.0477268 -0.0699129 10.4932 5.45846 2.86622 -0.000557857 -0.000192176  -0.00120597 -0.932616 0.0832443 0.0686842   0.267998 -0.0804432   -9.80501  13212
             270.797 -0.840706  -11.8314   28.1115 1464.07 1174.29 247.102 -0.52975  0.33288  179.397   1.79576 0.0476142  -0.06992 10.5012 5.45402 2.86313 -0.000516526 -0.000201586  -0.00120316 -0.933112 0.0834253 0.0676874   0.268005 -0.0804613   -9.80501  13171
             270.895 -0.799084  -11.7991   28.1538 1465.22 1174.89 247.408 -0.531047  0.333685   179.399   1.79581 0.0476717 -0.069871 10.5418 5.40672 2.82023 -0.000514704 -0.000179743   -0.0012062 -0.935011  0.084087 0.0692338   0.267988 -0.0804378   -9.80501  13230
             270.996 -0.678905  -11.8529   28.1683 1466.36 1175.47  247.71 -0.53157 0.334247  179.399     1.7958  0.0476511 -0.0699495 10.5437 5.43309 2.79236 -0.000468556 -0.000165468  -0.00119421 -0.936659 0.0833064 0.0703446   0.267974 -0.0804191   -9.80501  13257
             271.096 -0.610545  -11.9102    28.232 1467.49 1176.06 248.014 -0.53034 0.334109  179.397    1.79584  0.0477116 -0.0700231 10.5375 5.45864 2.81633 -0.000518899 -0.000193805  -0.00119805 -0.935886 0.0818088 0.0691823 0.267984 -0.08044 -9.80501  13170
             271.196 -0.534001  -11.9659   28.2399 1468.62 1176.65 248.318 -0.52973 0.333744  179.397    1.79588  0.0477709 -0.0699513 10.4893 5.49113 2.85083 -0.000538207 -0.000184902  -0.00118436 -0.934679 0.0825143 0.0681928   0.267998 -0.0804558   -9.80501  13231
             271.296 -0.63404  -12.042  28.2695 1469.74 1177.23 248.626 -0.527161  0.333289   179.398    1.79604  0.0477972 -0.0699804 10.4785 5.46499 2.83692 -0.000532091 -0.000228677  -0.00119593 -0.933826 0.0835871 0.0655512   0.268027 -0.0804904   -9.80501  13188
             271.395 -0.642215  -12.1873   28.2937 1470.89 1177.83 248.933 -0.530205  0.333649   179.399    1.79575  0.0477874 -0.0700482 10.4932 5.48228 2.87869 -0.000488328 -0.000226713  -0.00119717 -0.936741 0.0835982 0.0687384   0.267997 -0.0804441   -9.80501  13052
             271.496 -0.631664  -12.3039   28.3086 1472.01 1178.42 249.245 -0.530566  0.333606   179.398   1.79573 0.0477775 -0.070028 10.5177 5.48892 2.96624 -0.000496219 -0.000208983  -0.00119078 -0.936527 0.0829285 0.0689035   0.267993 -0.0804442   -9.80501  13008
             271.596 -0.594709  -12.2861   28.3455 1473.15 1179.01 249.566 -0.531182   0.33405     179.4     1.7957  0.0477579 -0.0700213  10.544 5.50458 2.98982 -0.000485346 -0.000145072  -0.00119154 -0.937656 0.0833668 0.0697535   0.267988 -0.0804319   -9.80501  13119
             271.695 -0.630486  -12.1823   28.3641  1474.3 1179.62  249.89 -0.531359   0.33525   179.403    1.79577  0.0477902 -0.0699042 10.5416 5.56422 2.97829 -0.000483242 -9.17636e-05  -0.00119387 -0.940775 0.0836538 0.0702622  0.267976 -0.080423  -9.80501  13035
             271.796 -0.674362  -12.0581   28.3742 1475.44 1180.21 250.208 -0.531068  0.335026   179.405    1.79579  0.0477886 -0.0700427  10.529 5.52835 2.93294 -0.000512349 -0.000122126  -0.00119804 -0.939505 0.0856314   0.07045   0.267993 -0.0804184   -9.80501  12840
             271.895 -0.749313  -12.0028   28.3709 1476.58 1180.81 250.525 -0.530682  0.335161   179.407    1.79579  0.0478133 -0.0699718 10.5561 5.54578 2.90959 -0.000500201 -0.000125336  -0.00119864 -0.940984 0.0855938 0.0702266   0.267986 -0.0804149   -9.80501  12846
             271.996 -0.821267  -11.9589   28.3886 1477.71 1181.41 250.836 -0.531713  0.335228   179.403    1.79587  0.0478134 -0.0700353  10.548 5.56442 2.91853  -0.00051172 -0.000128959  -0.00119306 -0.938779 0.0851809 0.0712337   0.267997 -0.0804202   -9.80501  12900
             272.095 -0.963929  -11.8518   28.4165 1478.86 1182.01 251.152 -0.531461   0.33521   179.403    1.79584  0.0477905 -0.0700455 10.5516 5.54171 2.89209 -0.000549173 -0.000135781  -0.00118615 -0.938164 0.0849482 0.0709367   0.267998 -0.0804237   -9.80501  13001
             272.196 -1.00873 -11.7659   28.431    1480 1182.61 251.464 -0.532181  0.335142   179.404    1.79591  0.0478269 -0.0700301 10.5323 5.56645  2.8822 -0.000549154  -0.00012453  -0.00118814 -0.939423 0.0856519 0.0718153   0.267998 -0.0804163   -9.80501  12980
             272.296 -1.28105 -11.7091  28.4715 1481.12 1183.21 251.772 -0.532009  0.335329   179.404    1.79588   0.047772 -0.0700361 10.4719 5.54943 2.83192 -0.000529499 -0.000149043  -0.00119701 -0.938491  0.085614 0.0712863   0.267999 -0.0804209   -9.80501  12799
             272.395 -1.41427  -11.727  28.4876 1482.27 1183.81  252.08 -0.531772  0.334522   179.406    1.79582  0.0477722 -0.0700837   10.47 5.52428  2.8453 -0.000573206 -0.000163793  -0.00118638 -0.942734 0.0855772 0.0716719   0.267981 -0.0803935   -9.80501  12643
             272.497 -1.51375 -11.8757  28.5121 1483.39 1184.41  252.38 -0.531293  0.332372   179.407     1.7957  0.0479979 -0.0701467 10.4417 5.50831 2.84775 -0.000501536 -0.000179973   -0.0011816 -0.943751 0.0831542 0.0746189   0.267996 -0.0803975   -9.80501  12731
             272.596 -1.41079 -12.0022  28.5194 1484.52 1185.01 252.686 -0.52985 0.327412  179.409    1.79516  0.0478196 -0.0706481 10.4536 5.53077 2.87656 -0.000517934 -0.000123589  -0.00116892 -0.950002 0.0811502  0.080227   0.268016 -0.0803693   -9.80501  12620
             272.696 -1.26645 -12.0762  28.5272 1485.66 1185.62 252.998 -0.529033  0.325398   179.411    1.79491  0.0475421 -0.0709305 10.4682 5.55143 2.92876 -0.000522492 -5.85449e-05   -0.0011591 -0.953941 0.0800899 0.0827204   0.268016 -0.0803535   -9.80501  12366
             272.797 -1.19481 -11.9988  28.5705 1486.79 1186.21 253.307 -0.526036   0.31998   179.416     1.7948  0.0471344 -0.0708114 10.4568 5.55414 2.92779 -0.000491506 -1.99771e-05  -0.00116277 -0.954616 0.0805561 0.0860532   0.268061 -0.0803656   -9.80501  12285
             272.896 -1.23304 -11.7814  28.6059 1487.91 1186.81 253.624 -0.526304  0.322536   179.412    1.79471  0.0473074 -0.0707765 10.4173 5.58912 2.86896 -0.000514913  7.52799e-06  -0.00116839 -0.954166 0.0828998 0.0842729   0.268062 -0.0803355   -9.80501  12441
             272.997 -1.33731 -11.5632  28.6222 1489.02  1187.4 253.931 -0.528528  0.329978   179.406    1.79421    0.04753 -0.0709698  10.362 5.56553 2.80387  -0.00053726 -2.04512e-05  -0.00118513 -0.951454 0.0863847 0.0797175  0.268044 -0.080266  -9.80501  12607
             273.096 -1.65033 -11.5042  28.5988 1490.15    1188 254.236 -0.533323  0.342408   179.407    1.79365   0.047317 -0.0709189 10.3179  5.5551 2.72249 -0.000519891 -3.24805e-05  -0.00121483 -0.953769 0.0897789 0.0732862   0.267944 -0.0800969   -9.80501  12563
             273.197 -1.77316 -11.6805  28.5041 1491.25 1188.58 254.527 -0.535389    0.3479   179.407     1.7937  0.0471816 -0.0709941  10.355 5.44428 2.72462 -0.000525576 -7.65688e-05  -0.00124238  -0.95358 0.0910387  0.070657   0.267905 -0.0800435   -9.80501  12559
             273.297 -1.73373 -11.8901   28.329 1492.36 1189.16 254.824 -0.536492  0.351231   179.407    1.79378  0.0472267 -0.0710797  10.351  5.4025 2.76974 -0.000465364  -4.7241e-05  -0.00124286 -0.954033 0.0908627 0.0691843   0.267877 -0.0800096   -9.80502  12396
             273.396 -1.76095   -12.02  28.1978 1493.49 1189.75 255.127 -0.533133  0.348838     179.4   1.79342  0.047506 -0.071494 10.4069 5.37941 2.84085 -0.000434893   3.8617e-05  -0.00123089     -0.96 0.0884059 0.0713029  0.267893 -0.079983  -9.80501  12172
             273.497 -1.54651 -12.0679  28.0525 1494.61 1190.33 255.432 -0.531296   0.34763   179.398   1.79327 0.0474796 -0.071673 10.4278 5.35538 2.87989 -0.000517672  5.63617e-05  -0.00121653 -0.961882 0.0868606  0.072444   0.267904 -0.0799862   -9.80501  12166
             273.596 -1.3815 -12.094 27.9218 1495.73 1190.92 255.743 -0.529515  0.347094   179.393    1.79314  0.0473795 -0.0719389 10.4403 5.38388 2.89344 -0.000501015  9.93641e-05   -0.0012236 -0.964229 0.0842459  0.073757   0.267915 -0.0799944   -9.80501  12192
             273.696 -1.4466 -12.071 27.8636 1496.87  1191.5 256.057 -0.533833   0.35094   179.383    1.79321  0.0474927 -0.0719072  10.434 5.39105 2.87331 -0.000555323  0.000134712  -0.00121921  -0.96606 0.0857183 0.0723045   0.267883 -0.0799558   -9.80502  12244
             273.796 -1.42291 -12.0948   27.798 1497.98 1192.08 256.366 -0.537857  0.352163   179.384    1.79322  0.0475687 -0.0719354 10.4043 5.36099 2.86019 -0.00061344 7.08914e-05 -0.00118835 -0.964426 0.0857379 0.0709494   0.267851 -0.0799442   -9.80502  12072
             273.896 -1.57519 -12.2173  27.8014 1499.11 1192.66  256.68 -0.55101 0.357549  179.378    1.79341  0.0474801 -0.0719392  10.378 5.39015   2.886 -0.000601286  6.53923e-05  -0.00118131 -0.964295 0.0885262 0.0667611   0.267732 -0.0798798   -9.80502  11925
             273.997 -1.74359 -12.2905  27.8205 1500.22 1193.23 256.991 -0.552083  0.358112   179.377     1.7934  0.0474499 -0.0719747 10.3822 5.36456 2.93195 -0.000624471  6.44951e-05  -0.00117534  -0.96456 0.0891957 0.0664289   0.267721 -0.0798739   -9.80502  11928
             274.096  -1.8304 -12.3374  27.8522 1501.33 1193.81 257.305 -0.548535   0.35757   179.376    1.7934 0.0475197 -0.071938 10.3762 5.37531 2.93892 -0.000597509  7.35279e-05  -0.00117792 -0.965808 0.0878427 0.0679534   0.267766 -0.0798975   -9.80502  11897
             274.197 -1.97585 -12.3879  27.8919 1502.45 1194.39 257.619 -0.544973  0.357481   179.376    1.79335  0.0476368 -0.0719684 10.3871 5.36104  2.9533 -0.000583811   7.8312e-05  -0.00118589 -0.966674 0.0880182 0.0693788    0.26781 -0.0799225   -9.80502  11763
             274.297 -1.95626 -12.3938  27.8815 1503.56 1194.96 257.932 -0.535079  0.357698   179.376    1.79343  0.0478759 -0.0719676 10.4128 5.36829  2.9847 -0.000557664  0.000109079  -0.00117593 -0.967791 0.0840927 0.0739631   0.267971 -0.0800066   -9.80501  11659
             274.397 -1.89936 -12.3951  27.9042 1504.68 1195.54 258.246 -0.525868  0.359013   179.379    1.79358  0.0478964 -0.0719302  10.428 5.35567 2.97085 -0.000573864  0.000147067  -0.00118072 -0.968565 0.0822581 0.0784234   0.268124 -0.0800941   -9.80501  11619
             274.497 -1.78704 -12.4239  27.9044 1505.79 1196.11 258.557 -0.519633  0.360566   179.383     1.7937  0.0477572 -0.0719548 10.4004 5.38333 2.92833 -0.000569762  0.000139421  -0.00117863 -0.968105 0.0805308 0.0816885   0.268242 -0.0801574     -9.805  11588
             274.596  -1.8802 -12.4377   27.916 1506.92 1196.69 258.873 -0.52143 0.360136  179.381    1.79366   0.047739 -0.0719279 10.4126 5.37237 2.93866 -0.000547744  0.000133675  -0.00118152 -0.969712 0.0812742 0.0808864   0.268203 -0.0801401   -9.80501  11532
             274.697 -1.76882 -12.4889  27.8956 1508.03 1197.26 259.186 -0.520388  0.360813   179.383     1.7937  0.0476917 -0.0718888 10.4181 5.35722 2.95346 -0.000584727  0.000128251  -0.00117426 -0.969782  0.081928 0.0818015   0.268233 -0.0801613     -9.805  11448
             274.797 -1.71658 -12.5822  27.8694 1509.14 1197.83 259.499 -0.520339  0.360845   179.385    1.79374  0.0476781 -0.0718284 10.4235 5.34384 2.94381 -0.000496804  0.000141298  -0.00118618 -0.970059 0.0838219 0.0820588   0.268233 -0.0801718     -9.805  11452
             274.897 -1.77143 -12.5821   27.898 1510.26 1198.41 259.816 -0.520328  0.361484   179.381    1.79374  0.0476887 -0.0718057 10.4631 5.35199 3.00382 -0.000502175  0.000173235  -0.00118554 -0.973038 0.0833032 0.0826902   0.268248 -0.0801784     -9.805  11313
             274.997 -1.54569 -12.6318  27.8567 1511.38 1198.98 260.133 -0.518804  0.365466   179.383    1.79379  0.0474069 -0.0718285 10.4784 5.36015  2.9802 -0.000517071  0.000246165  -0.00117516 -0.973403 0.0824825 0.0854913   0.268352 -0.0802238     -9.805  11228
             275.096 -1.45674 -12.5388  27.8607 1512.52 1199.57 260.456 -0.518203  0.367975   179.377    1.79392  0.0472614 -0.0717423 10.5584 5.40234 2.99753 -0.00046217 0.000355598 -0.00118037 -0.977536  0.081153 0.0872726   0.268405 -0.0802448     -9.805  11250
             275.197 -1.28703 -12.3108  27.8286 1513.64 1200.14 260.774 -0.517652  0.372178   179.385    1.7942 0.0470055 -0.072029 10.5511 5.41646 2.98375 -0.000483239  0.000374211  -0.00117631  -0.97272 0.0809774 0.0889376  0.268477 -0.080283    -9.805  11211
             275.297 -1.21582 -11.9997  27.8314 1514.77 1200.71 261.091 -0.518342  0.369834   179.388    1.79374  0.0471248 -0.0722463 10.5296  5.3906 2.86337 -0.00045851  0.00031829 -0.00118602 -0.970798 0.0821541 0.0872225    0.26843 -0.0802597     -9.805  11157
             275.395 -1.21088 -11.8823  27.8585 1515.91  1201.3 261.402 -0.518702   0.35782   179.388    1.79258  0.0473182 -0.0719645 10.5039 5.41085 2.77126 -0.000451861  0.000271335  -0.00119847 -0.976254 0.0842462 0.0823004   0.268275 -0.0801789     -9.805  11059
             275.497 -1.22951 -11.9918  27.8517 1517.03 1201.86 261.699 -0.519257  0.352673   179.392    1.79236  0.0471434 -0.0719533 10.4674 5.36889 2.75177 -0.000428144  0.000159233  -0.00119643 -0.974751 0.0867534 0.0779135   0.268171 -0.0801678   -9.80501  10874
             275.596 -1.19899 -12.2258    27.86 1518.16 1202.44     262 -0.516961   0.34778   179.394    1.79251  0.0470845 -0.0720325 10.4783  5.3866  2.7942 -0.000441039  0.000148161  -0.00119741 -0.977194 0.0861677 0.0755984   0.268128 -0.0801575   -9.80501  10858
             275.696 -1.23562 -12.3384  27.8731 1519.28 1203.02 262.311 -0.512855  0.341912   179.399   1.79301 0.0468348 -0.072069 10.4797  5.3881   2.916 -0.000404197  0.000169752  -0.00120147 -0.978676 0.0856031 0.0720043   0.268086 -0.0801614   -9.80501  10586
             275.797 -1.26227 -12.3834    27.91 1520.41  1203.6 262.624 -0.513893  0.342965   179.398    1.79289   0.046896 -0.0721097 10.4907 5.33597 2.94506 -0.000376742  0.000185353  -0.00118922 -0.978994 0.0863568 0.0727819   0.268088 -0.0801609   -9.80501  10511
             275.895 -1.09738  -12.459  27.9643 1521.55 1204.18  262.94 -0.516418  0.345112   179.397   1.79271  0.046848 -0.072248  10.491 5.37567 2.92993 -0.000441028  0.000176832  -0.00117723 -0.980907  0.084962  0.074362   0.268081 -0.0801539   -9.80501  10499
             275.997 -0.852573  -12.5875   27.9947 1522.66 1204.76 263.254 -0.517995  0.346019   179.396   1.79257 0.0468184 -0.072232 10.4983 5.36501  2.9535 -0.000419629  0.000193172  -0.00118238 -0.979586  0.084633 0.0751279   0.268077 -0.0801419   -9.80501  10476
             276.095 -0.758929  -12.5064   28.0374 1523.81 1205.34 263.576 -0.518953  0.347538   179.395    1.79257  0.0467108 -0.0721844 10.5583 5.45534 3.04727 -0.000348889  0.000269798    -0.001192 -0.982312 0.0847046 0.0761393   0.268068 -0.0801397   -9.80501  10438
             276.196 -0.50797 -12.3024   28.038 1524.94 1205.92 263.899 -0.518577   0.34673   179.399    1.79247    0.04676 -0.0723133 10.5474 5.40502 2.94649 -0.000420643  0.000308185  -0.00119951 -0.979106 0.0863272  0.075966   0.268067 -0.0801276   -9.80501  10412
             276.297 -0.336228  -12.0029   28.0274 1526.06 1206.49 264.212 -0.518589  0.346722   179.399    1.79242  0.0467626 -0.0724118 10.5155  5.4048 2.86572 -0.000338635  0.000266654  -0.00121382 -0.978176 0.0865885 0.0758134   0.268068 -0.0801273   -9.80501  10298
             276.397 -0.270219  -11.9331   28.0412 1527.18 1207.06 264.513 -0.518037  0.346668   179.399   1.79231 0.0467663 -0.072558 10.5081 5.37048 2.80762 -0.000312052   0.00022276  -0.00124003 -0.976259 0.0871672 0.0748657   0.268081 -0.0801436   -9.80501  10309
             276.497 0.00179466   -11.9829    27.9773 1528.31 1207.64 264.817 -0.508601  0.341205   179.401    1.79216  0.0473054 -0.0724832 10.5094 5.36566 2.80519 -0.000367795  0.000191147  -0.00122606  -0.97954 0.0863594  0.069896    0.26823 -0.0802773     -9.805  10145
             276.596 0.0433046  -12.1397   27.9487 1529.45 1208.22 265.125 -0.50075 0.336787  179.408    1.79235  0.0475807 -0.0727438 10.5262 5.38138 2.83096 -0.000275214  0.000210685  -0.00124755 -0.985318 0.0852642 0.0664525   0.268355 -0.0804029     -9.805  10116
             276.698 0.039117 -12.2672  27.9497 1530.56 1208.79 265.429  -0.4931 0.334516  179.412    1.79282  0.0473841 -0.0726723 10.5531 5.39101 2.92553 -0.000335177  0.000191679  -0.00124747 -0.983951 0.0837093 0.0623267   0.268481 -0.0805502   -9.80499  10001
             276.797 0.089061 -12.2103  27.8971  1531.7 1209.37 265.751 -0.484619  0.331938   179.428     1.7931  0.0473494 -0.0729737 10.5946 5.46079 2.94547 -0.000293519  0.000326848   -0.0012362 -0.991779 0.0827374 0.0590077   0.268638 -0.0807246   -9.80499  10002
             276.896 -0.0915421   -12.0732    27.8998 1532.86 1209.96 266.077 -0.469999  0.327669   179.461    1.79319  0.0463998 -0.0729473 10.6369 5.48673 2.96603 -0.000293816  0.000353343  -0.00125024 -0.999994 0.0792618 0.0529979   0.268903 -0.0810097   -9.80498  9927
             276.997 -0.0467917   -12.2096    27.9032    1534 1210.56 266.387 -0.478469  0.330041   179.455    1.79296  0.0468464 -0.0728754 10.6749 5.48932 2.92573 -0.000317663  0.000396775  -0.00123364   -1.0026 0.0789444 0.0566235   0.268756 -0.0808726   -9.80498  10006
             277.096 -0.105186  -12.4071   27.9469 1535.16 1211.16 266.704 -0.478166  0.330931   179.466    1.79299  0.0467149 -0.0731629 10.6873 5.59646 2.94848 -0.000315457  0.000410276  -0.00123094  -1.00737 0.0778478 0.0567764   0.268765 -0.0809069   -9.80498  9995
             277.196 -0.261229  -12.6982   28.0025 1536.31 1211.76 267.029 -0.468068  0.329011   179.477    1.79375  0.0460965 -0.0732831 10.6473 5.57393 3.01219 -0.000375746  0.000366549   -0.0012143   -1.0072 0.0767631 0.0532658   0.268912 -0.0810778   -9.80498  9948
             277.297 -0.416874  -13.2286   28.0898 1537.44 1212.35 267.345 -0.486986   0.32884   179.447    1.79147  0.0473932 -0.0726074 10.5559 5.52988  3.0055 -0.000347047  0.000257642  -0.00120033  -1.00476 0.0813412 0.0594363   0.268683 -0.0807101   -9.80499  9869
             277.396 -0.522375  -13.9316   28.1737 1538.58 1212.94 267.673 -0.500902  0.328224   179.431    1.78892   0.048211 -0.0722821 10.5808 5.52259  3.1878 -0.000368623  0.000222305  -0.00118979   -1.0046 0.0867813  0.064307 0.268554  -0.0804 -9.80499  9829
             277.496 -0.558355   -14.205   28.2578 1539.73 1213.53 268.028 -0.509916  0.326494   179.419    1.78734  0.0487017 -0.0718592  10.644 5.54358 3.52374 -0.000323543  0.000338827  -0.00117766  -1.00341  0.090858 0.0681694   0.268482 -0.0801398     -9.805  9720
             277.596 -0.44397 -13.7898  28.3619 1540.88 1214.13 268.401 -0.537125  0.331687   179.405    1.78725  0.0487893 -0.0715392 10.7517 5.46814 3.54567 -0.000300887  0.000461992  -0.00117753  -1.00137 0.0974582 0.0786936  0.268291 -0.079612  -9.80501  9767
             277.696 -0.0659482   -13.2338    28.4256 1542.02 1214.71 268.764 -0.558919  0.337518   179.412    1.78999  0.0473199 -0.0731802 10.6716 5.56618  3.3301 -0.000259735  0.000452989  -0.00117887 -0.994653  0.101717 0.0879683   0.268148 -0.0791613   -9.80501  9846
             277.797 -0.193924  -12.7907   28.4999 1543.15  1215.3 269.119 -0.539147  0.328998   179.423   1.78594 0.0480687 -0.073808 10.6035 5.59376 3.21561 -0.000358832  0.000331227  -0.00119065 -0.993327  0.101958 0.0799939   0.268216 -0.0793987   -9.80501  9865
             277.895 -0.46334 -12.5077  28.5439  1544.3 1215.91 269.464 -0.531324  0.324087   179.434    1.78431  0.0480179 -0.0732206 10.5678 5.64052  3.0921 -0.000406961  0.000309214  -0.00117433 -0.996331  0.101071 0.0769437   0.268191 -0.0794963   -9.80501  9767
             277.996 -0.872545  -12.4376   28.5778 1545.43 1216.51 269.791 -0.53072 0.325987  179.426    1.78432  0.0478763 -0.0733305 10.4919 5.66725  3.0213 -0.000414807  0.000254025  -0.00119858 -0.993648  0.100593 0.0766009   0.268202 -0.0795013   -9.80501  9864
             278.096 -1.17125 -12.4373  28.5557 1546.56 1217.12 270.113 -0.539061  0.328486   179.421    1.78506  0.0484633 -0.0736931 10.5081 5.58699 3.03008 -0.000423657  0.000231386  -0.00120079 -0.993682   0.10324 0.0793103   0.268256 -0.0794449   -9.80501  9967
             278.196 -1.30753 -12.4764  28.5628 1547.71 1217.73 270.435 -0.548624  0.328719   179.414    1.78571  0.0495712 -0.0743596 10.5583 5.52646 3.05673 -0.000370983  0.000280222   -0.0011966  -0.99826  0.103265 0.0860287    0.26837 -0.0792657   -9.80501  10055
             278.297 -1.20578 -12.5018  28.5904 1548.84 1218.32 270.751 -0.559467  0.331308   179.408    1.78634  0.0495985 -0.0749705  10.548 5.50325 3.05793 -0.000359613  0.000293988  -0.00119107 -0.997715  0.104168 0.0955367   0.268582 -0.0790452     -9.805  10006
             278.396 -1.12815 -12.5527  28.6133 1549.98 1218.92 271.075 -0.561455  0.329962   179.409     1.7862  0.0490634 -0.0758017 10.5077 5.53192 3.04449 -0.000379457  0.000334117   -0.0011926 -1.00266 0.102761 0.102159   0.268685 -0.0788842     -9.805  10036
             278.496 -1.10584 -12.6576   28.614  1551.1 1219.52 271.399 -0.561444  0.329367   179.409    1.78621  0.0490181 -0.0756259 10.4481 5.54868 3.01854 -0.000414314  0.000295701  -0.00119727 -1.00157 0.103622 0.102319   0.268705 -0.0788841     -9.805  9930
             278.596 -1.23249  -12.692  28.5999 1552.23 1220.11 271.727 -0.561519  0.330394   179.404    1.78631  0.0490973 -0.0756411 10.4866 5.55637 3.09136 -0.000385956  0.000352194  -0.00120805 -1.00264 0.106056 0.101524   0.268696 -0.0788806     -9.805  9904
             278.696 -1.28737 -12.3275  28.5729 1553.36 1220.71 272.062 -0.56118 0.329895  179.405    1.78632  0.0490599 -0.0757159 10.5172 5.56781 3.09072 -0.000392641  0.000436245  -0.00122571 -1.00189 0.105907  0.10176   0.268707 -0.0788861     -9.805  9975
             278.797 -1.40409 -11.8297  28.5416 1554.48  1221.3 272.385 -0.55975 0.328964  179.408     1.7865  0.0489767 -0.0761282 10.4701 5.52766 2.94715 -0.000388562  0.000456892  -0.00122794 -0.999923  0.105003  0.102637   0.268735 -0.0789169     -9.805  10076
             278.895  -1.4204 -11.6028  28.5067 1555.62  1221.9 272.691 -0.560941  0.326943   179.401    1.78636  0.0491531 -0.0752117 10.4236 5.51392 2.68843 -0.000394194    0.0004118  -0.00121498 -1.00734 0.104132 0.102435   0.268689 -0.0788217     -9.805  10106
             278.996 -1.54418 -11.8672  28.4854 1556.74 1222.49 272.983 -0.569444  0.334958   179.393    1.78641  0.0493088 -0.0752872 10.3445 5.45945 2.63496 -0.000412837  0.000316622  -0.00120732  -1.0072 0.106395 0.097823     0.2686 -0.0787554   -9.80501  10121
             279.096 -1.52045 -12.3954  28.4311 1557.85 1223.08 273.272 -0.570982  0.339352   179.397    1.78681  0.0494291 -0.0750688 10.2879 5.44417 2.75293 -0.00038971 0.000238471 -0.00119853  -1.00504  0.105095 0.0959037   0.268565 -0.0787538   -9.80501  10078
             279.196 -1.57379 -12.8394  28.4173 1558.95 1223.67 273.583 -0.580594  0.352694   179.393    1.78865  0.0497381 -0.0753117 10.2827 5.44507 2.96601  -0.0004139 0.000274006 -0.00121229   -1.0025   0.10574 0.0903379   0.268463 -0.0787204   -9.80501  10051
             279.297 -1.58933 -12.9436  28.4078 1560.04 1224.24 273.906 -0.581648  0.354277   179.389    1.78896  0.0497949 -0.0751503 10.2737 5.42435 3.07433 -0.000415977  0.000313617  -0.00121347   -1.0007  0.108045 0.0890222   0.268466 -0.0787081   -9.80501  10065
             279.396 -1.64943  -12.806  28.4178 1561.17 1224.83  274.24  -0.5801 0.356805  179.383    1.78894  0.0497249 -0.0750131 10.3092 5.39805 3.08951 -0.00040681 0.000408628 -0.00121919  -1.00481   0.10971 0.0898575  0.268474 -0.078689  -9.80501  10079
             279.497  -1.6437 -12.5943  28.4155 1562.27  1225.4 274.566 -0.579084  0.357427   179.381    1.78896   0.049716 -0.0748675 10.2898 5.38729 3.02212 -0.000373401  0.000415119  -0.00122716  -1.00581  0.110709 0.0899581    0.26848 -0.0786779   -9.80501  10128
             279.596 -1.70407 -12.4382  28.4087 1563.38 1225.99  274.89 -0.587898  0.365266   179.373    1.78883  0.0497475 -0.0744399 10.2579 5.37519 2.86836 -0.000412597  0.000408175  -0.00121511  -1.00745  0.112142 0.0869022   0.268414 -0.0785814   -9.80501  10135
             279.695 -1.64267 -12.5028  28.3708 1564.48 1226.57 275.198 -0.591178   0.36808   179.371    1.78877  0.0498163 -0.0744758  10.229 5.31248  2.8736 -0.000422433  0.000360766   -0.0011982  -1.00682  0.112097 0.0854741   0.268386 -0.0785489   -9.80501  10265
             279.797 -1.57076 -12.6861  28.3954 1565.58 1227.13 275.505 -0.595653  0.371584   179.366     1.7888  0.0499214 -0.0744783 10.2128 5.27304 2.84098 -0.000393714  0.000363194  -0.00119422  -1.00658  0.113715 0.0836674   0.268351 -0.0785087   -9.80501  10418
             279.896 -1.53496 -12.6675  28.4346 1566.68  1227.7 275.823 -0.611097  0.382793    179.35    1.78873  0.0502506 -0.0744926 10.2191 5.34469 2.96892 -0.000436028  0.000440424  -0.00118644  -1.00741  0.118566 0.0774274   0.268216 -0.0783508   -9.80502  10437
             279.995   -1.618 -12.4101  28.4991 1567.79 1228.28 276.148 -0.619837  0.388161   179.341    1.78832  0.0502153 -0.0742409 10.2044  5.3047 2.98189 -0.000442651  0.000521972  -0.00118945  -1.00984  0.122042 0.0740818   0.268134 -0.0782337   -9.80502  10452
             280.096 -1.74584 -12.1999  28.5471 1568.88 1228.85 276.467 -0.627617   0.39275    179.34    1.78779  0.0500831 -0.0740739 10.0779  5.2846 2.76346 -0.000449642  0.000468841  -0.00118625  -1.00953    0.1216 0.0706827   0.268046 -0.0781387   -9.80503  10532
             280.196 -1.79101 -12.4412  28.5597 1569.97 1229.43  276.77 -0.640593  0.402765   179.337   1.78751 0.0497906 -0.074149 10.0567 5.25008 2.74341 -0.000478806  0.000374715  -0.00117676   -1.0114  0.122841 0.0641424   0.267866 -0.0779615   -9.80503  10557
             280.297 -1.80077  -12.913   28.574 1571.04 1229.99 277.069 -0.644278  0.406683    179.34    1.78781  0.0497367 -0.0742957  10.012 5.22045 2.84153 -0.000466768  0.000352067   -0.0011574  -1.01149  0.121814 0.0617929   0.267793 -0.0779207   -9.80503  10652
             280.396 -1.68799   -13.24  28.6183 1572.13 1230.56 277.388 -0.648815  0.412318   179.334    1.78819  0.0497581 -0.0752572 10.0362 5.25213 3.01866 -0.000512979  0.000429552  -0.00114925  -1.01608  0.122471 0.0600088   0.267715 -0.0778698   -9.80504  10737
             280.497 -1.61218 -13.2392  28.6395  1573.2 1231.12 277.715 -0.645012  0.408639   179.337    1.78804  0.0497096 -0.0750697 10.0325 5.29518  3.1235 -0.000457432  0.000495384  -0.00116726  -1.01433  0.123095 0.0614398   0.267775 -0.0778909   -9.80503  10714
             280.596 -1.73469 -12.9417   28.682 1574.28 1231.69  278.05 -0.64566 0.410276  179.335    1.78806  0.0496957 -0.0748154 10.0366 5.32998 3.07712 -0.00050407 0.000550849 -0.00117871  -1.01649  0.123391 0.0614437   0.267759 -0.0778785   -9.80504  10718
             280.697 -1.78058 -12.6484  28.6701 1575.35 1232.25 278.376 -0.645744  0.410254   179.337    1.78772  0.0496122 -0.0751409 10.0011 5.29076 3.01133 -0.000525527   0.00048513  -0.00118216  -1.01485  0.124954 0.0595452   0.267733 -0.0778389   -9.80504  10738
             280.797 -1.94589 -12.5693   28.666 1576.41 1232.82  278.69 -0.646364   0.41024   179.335    1.78772   0.049641 -0.0748164 9.99385 5.28607 2.89819 -0.000509396  0.000458549  -0.00117661  -1.01683  0.123464 0.0597928   0.267718 -0.0778298   -9.80504  10720
             280.896 -1.93524 -12.6059   28.664  1577.5 1233.39 279.001 -0.645093  0.410459   179.331    1.78796  0.0498112 -0.0746899 10.0592 5.26333 2.90846 -0.000519612  0.000496174  -0.00116409 -1.02096  0.12227 0.062109  0.267753 -0.077836  -9.80504  10746
             280.997  -1.7933 -12.6162  28.6737 1578.57 1233.95 279.308 -0.643483  0.411885   179.331    1.78821  0.0497812 -0.0747184 10.0702 5.25572 2.91874 -0.000485995  0.000532284  -0.00117295  -1.02164  0.122379 0.0648477   0.267823 -0.0778759   -9.80503  10912
             281.096 -1.80991 -12.6034  28.7061 1579.66 1234.53  279.62 -0.640299  0.414347   179.322    1.78843  0.0497262 -0.0749062 10.0849 5.29597 2.93539 -0.000471645  0.000601956  -0.00116691 -1.02569 0.119709 0.068323   0.267886 -0.0778887   -9.80503  10977
             281.197 -1.68586 -12.5985  28.7026 1580.73 1235.09  279.93 -0.640153  0.414279   179.321    1.78842  0.0497376 -0.0749571 10.0657 5.30025 2.90562 -0.000564554   0.00057328  -0.00115105   -1.0258  0.118672 0.0681405   0.267878 -0.0778847   -9.80503  11193
             281.297  -1.6411 -12.6326  28.6794  1581.8 1235.66 280.239 -0.639547  0.415982   179.323    1.78845  0.0496763 -0.0749178 10.0516 5.31678 2.91964 -0.00050917 0.000560096 -0.00117235 -1.02475 0.119338 0.069452  0.267914 -0.077913  -9.80503  11357
             281.395 -1.77776 -12.6863  28.6602 1582.89 1236.23 280.558 -0.640441  0.413935   179.322    1.78847  0.0496762 -0.0750586 10.0416 5.34605 2.94089 -0.000531895  0.000593372  -0.00118338  -1.02841  0.120863 0.0683324   0.267874 -0.0778656   -9.80503  11357
             281.496  -1.8313 -12.6664  28.6119 1583.96  1236.8 280.872 -0.640168  0.414521   179.323   1.78845 0.0496417 -0.074993 10.0058 5.27077 2.96852 -0.000603824  0.000548813  -0.00118641  -1.02537   0.11995 0.0685359   0.267892 -0.0778928   -9.80503  11471
             281.595 -1.87583 -12.6907   28.536 1585.04 1237.37  281.19 -0.63941 0.417298  179.322    1.78841  0.0497679 -0.0749801 9.96232 5.23528 2.93374 -0.000548027  0.000545319  -0.00119205  -1.02477  0.119877 0.0705109   0.267931 -0.0779254   -9.80503  11640
             281.696 -2.00483 -12.7459  28.4945 1586.11 1237.93 281.501 -0.637473  0.421424   179.321   1.78824 0.0500843 -0.074889 9.93098 5.19615 2.95593 -0.000539356  0.000525255  -0.00120234  -1.02071  0.119365 0.0739742   0.268013 -0.0779966   -9.80503  11642
             281.797 -1.93211 -12.7687  28.4289 1587.16 1238.48 281.811 -0.634804  0.425614   179.324    1.78803   0.050272 -0.0748108 9.89036 5.15185 2.94459 -0.000602786  0.000530752   -0.0011871  -1.01643   0.11756 0.0783935   0.268096 -0.0780693   -9.80502  11687
             281.895 -1.82842 -12.7449    28.38 1588.23 1239.04 282.124 -0.631834  0.428654   179.322    1.78797  0.0502365 -0.0748035 9.86967 5.13566 2.93114 -0.000550665  0.000525824  -0.00118616  -1.01783  0.115852 0.0824617   0.268149 -0.0780953   -9.80502  11791
             281.997 -1.79784 -12.7755   28.358 1589.28 1239.59 282.433 -0.630045  0.429596   179.326    1.78791  0.0502254 -0.0748149 9.82419 5.14486 2.91173 -0.000585607  0.000542874  -0.00117509  -1.01599  0.114482 0.0845722    0.26818 -0.0781185   -9.80502  11863
             282.096 -1.68449  -12.732  28.3219 1590.35 1240.15 282.747 -0.62905 0.429985   179.32    1.78795    0.05009 -0.0746991 9.81986 5.17035 2.89387 -0.00059415 0.000599927 -0.00117782  -1.02082  0.114986 0.0861111   0.268191 -0.0781053   -9.80502  12001
             282.196 -1.83385 -12.6452  28.3249 1591.41  1240.7  283.06 -0.629877  0.429931   179.317     1.7879  0.0500371 -0.0746874 9.78143 5.17562 2.86513 -0.000560622   0.00059939  -0.00120052  -1.02239   0.11685 0.0850826   0.268178 -0.0780917   -9.80502  12152
             282.297 -1.89737 -12.6583    28.28 1592.45 1241.25 283.363 -0.630673  0.430137   179.317    1.78788  0.0499833 -0.0746698 9.74722 5.12841 2.82397 -0.000606177   0.00056719  -0.00117409  -1.02293  0.116668 0.0839385   0.268161 -0.0780828   -9.80502  12133
             282.396 -1.86746 -12.6873  28.2843 1593.51  1241.8  283.67 -0.631851  0.430301   179.313    1.78786  0.0498909 -0.0746958 9.72706 5.08471 2.84296 -0.000554024  0.000567128  -0.00120434  -1.02678  0.119177 0.0831005   0.268147 -0.0780705   -9.80502  12149
             282.497 -1.97895 -12.7294  28.2797 1594.54 1242.34 283.971 -0.630249  0.428118   179.315    1.78784  0.0500672 -0.0746259  9.6541 5.01184 2.85833 -0.000507752   0.00055594  -0.00120095  -1.02535  0.117502 0.0855794   0.268178 -0.0780777   -9.80502  12216
             282.596  -1.7997 -12.7332    28.27 1595.59 1242.88 284.277 -0.629134  0.425503   179.311    1.78784  0.0499062 -0.0746511 9.61565 4.97278 2.85646 -0.000567622  0.000606705  -0.00118812  -1.03066  0.117672 0.0883367   0.268199 -0.0780658   -9.80502  12246
             282.696 -1.76948 -12.6744  28.2981 1596.63 1243.42 284.586 -0.629872  0.427593   179.307    1.78784  0.0498258 -0.0746084  9.5359 4.97416 2.84716 -0.000511886  0.000660787  -0.00120265  -1.03533  0.118052 0.0878636    0.26819 -0.0780632   -9.80502  12309
             282.797 -1.89071 -12.6168  28.3254 1597.64 1243.94 284.886 -0.629705  0.427012   179.307    1.78785  0.0498447 -0.0746261 9.40931 4.88942 2.80682 -0.000526644  0.000655494  -0.00119167  -1.03446  0.117965 0.0879929  0.268192 -0.078063  -9.80502  12375
             282.897 -1.80668 -12.5534  28.3594 1598.64 1244.46 285.183 -0.62962 0.428577  179.303     1.7878  0.0498432 -0.0746135 9.28576 4.82682 2.74552 -0.000546105  0.000624374  -0.00120614  -1.03404  0.118917 0.0874022   0.268194 -0.0780653   -9.80502  12383
             282.997 -1.90927 -12.5592  28.3709 1599.62 1244.98 285.475 -0.630868   0.43521   179.306   1.78773 0.0497914  -0.07458 9.18951 4.78264 2.69586  -0.0005052 0.000630422 -0.00121286  -1.03518  0.118344 0.0856389   0.268172 -0.0780817   -9.80502  12394
             283.096 -1.94609 -12.5991  28.3999 1600.62  1245.5 285.767 -0.631196  0.434274   179.311    1.78776  0.0497954 -0.0746418 9.14311 4.74057 2.71364 -0.000536507  0.000717934  -0.00121044  -1.04204  0.116992 0.0866575   0.268165 -0.0780708   -9.80502  12393
             283.197 -1.86637 -12.5458  28.3843 1601.59 1246.01 286.054 -0.630621  0.427858   179.313    1.78782  0.0498047 -0.0746541 9.04124 4.72082 2.68711 -0.00053376 0.000756445 -0.00120683  -1.04564  0.116226 0.0885455   0.268172 -0.0780469   -9.80502  12388
             283.297 -1.97203 -12.4694  28.3833 1602.55 1246.51 286.339 -0.631225  0.430964   179.317   1.78779 0.0498183 -0.074599 8.92901 4.69386 2.64174 -0.000534968  0.000788709  -0.00120666  -1.04736  0.115281 0.0881012   0.268161 -0.0780538   -9.80502  12483
             283.397 -2.01531 -12.4035  28.3682 1603.51 1247.01 286.621 -0.632323  0.437712   179.327    1.78771   0.049852 -0.0744846 8.82243 4.63603 2.58846 -0.000608313  0.000813765   -0.0012093  -1.05031   0.11329 0.0871001   0.26814 -0.078068  -9.80502  12586
             283.497 -2.00091 -12.4576   28.335 1604.44 1247.51 286.895 -0.632687  0.442365   179.326    1.78768  0.0498806 -0.0745182 8.71527 4.55287 2.53327 -0.000568893  0.000791968  -0.00120591  -1.05228  0.113036 0.0864743   0.268135 -0.0780771   -9.80502  12661
             283.596 -2.05432 -12.6498  28.3314 1605.38    1248  287.17 -0.633884  0.453386   179.332    1.78775  0.0498887 -0.0747302 8.61991 4.50735 2.52592 -0.000576112  0.000823167  -0.00121111  -1.05357  0.111763 0.0846798   0.268116 -0.0781097   -9.80502  12674
             283.695   -1.996 -12.7955   28.327 1606.32 1248.48 287.445 -0.633344    0.4524   179.322   1.78773   0.04987 -0.074883 8.54619 4.42778 2.55435 -0.000535254  0.000861671  -0.00120842  -1.05651  0.112977 0.0852844   0.26813 -0.078098  -9.80502  12732
             283.797 -1.91253 -12.8067  28.3194 1607.22 1248.95 287.716 -0.632876  0.442642   179.333    1.78765  0.0498413 -0.0749242 8.42001 4.37797 2.57186 -0.000559063  0.000860373   -0.0012113    -1.058  0.111136 0.0871884   0.268124 -0.0780661   -9.80502  12785
             283.895 -1.84694 -12.7175  28.3235 1608.12 1249.42 287.991 -0.631046  0.432127   179.332    1.78767  0.0497331 -0.0748988  8.3161 4.29796  2.5483 -0.00053614  0.00086248 -0.00121055  -1.06127  0.111177 0.0895359  0.268138 -0.078025  -9.80502  12833
             283.997 -1.74874 -12.6104  28.3388 1609.01 1249.88 288.259 -0.629247  0.424542   179.327    1.78775  0.0496045 -0.0748202  8.1955 4.26966 2.48921 -0.000546654  0.000877106  -0.00121214  -1.06399  0.111866 0.0913209   0.268152 -0.0779934   -9.80502  12890
             284.096 -1.87079 -12.5165  28.3692 1609.89 1250.34 288.523 -0.629812  0.428517   179.326    1.7877 0.0495885 -0.074725 8.09588 4.22053 2.41556 -0.000544571   0.00084591  -0.00121417  -1.06474  0.111994 0.0906518   0.268148 -0.0780037   -9.80502  12905
             284.197 -1.85576 -12.6164  28.3478 1610.74 1250.79 288.775 -0.630376  0.429859   179.338     1.7877  0.0496308 -0.0746858 7.99624 4.17429 2.31748 -0.000582454  0.000787353  -0.00119749  -1.06351  0.109647 0.0901626   0.268131 -0.0780115   -9.80502  12949
             284.297 -1.90096 -12.8185  28.3665 1611.58 1251.23 289.022 -0.630872  0.435034   179.341   1.78775 0.0496266 -0.074708 7.93036 4.15263 2.30557 -0.000566118   0.00075688   -0.0012025  -1.06324  0.108952 0.0888955    0.26812 -0.0780304   -9.80502  12971
             284.396 -1.85275 -13.0138  28.3911 1612.45 1251.68 289.272 -0.629755  0.426523   179.342    1.78751  0.0496022 -0.0750234 7.92134 4.09737 2.37415 -0.000568123  0.000822227  -0.00119744  -1.06967  0.107977 0.0921165   0.268135 -0.0779793   -9.80502  12975
             284.497 -1.69526 -12.9865  28.3829 1613.29 1252.12 289.523 -0.628564  0.417136   179.346    1.78739  0.0494065 -0.0750758 7.85262 4.08989 2.40596 -0.000545866  0.000842311  -0.00119295  -1.07243  0.106607 0.0958273   0.268146 -0.0779291   -9.80502  13039
             284.596 -1.66006 -12.8716  28.3922 1614.13 1252.56 289.781 -0.628627  0.417267   179.345    1.78744  0.0493673 -0.0749507 7.78035 4.06924 2.38956 -0.000551535   0.00089531  -0.00119698  -1.07607  0.106296 0.0967167   0.268146 -0.0779233   -9.80502  13025
             284.697 -1.58637 -12.7494  28.3727 1614.96 1252.99 290.032 -0.628236  0.416574   179.344    1.78746    0.04935 -0.0749932 7.68948 4.00963 2.33723 -0.000582826  0.000874087  -0.00118826  -1.07536  0.106967 0.0969129  0.26815 -0.07792 -9.80502  13086
             284.797 -1.59129 -12.6636  28.3746 1615.77 1253.42 290.279 -0.628299  0.417159   179.344   1.78737 0.0493644 -0.074998 7.59582 4.00498 2.28029 -0.000566334  0.000857214  -0.00120079  -1.07504  0.106692 0.0960677   0.268147 -0.0779246   -9.80502  13134
             284.896 -1.69343 -12.5761   28.348 1616.59 1253.85 290.524 -0.628106  0.418279   179.345    1.78719  0.0493386 -0.0748225 7.54516 3.97287  2.2339 -0.000596948  0.000881927  -0.00118885  -1.07789  0.106464 0.0944304   0.268138 -0.0779282   -9.80502  13149
             284.997 -1.68941 -12.4777  28.3195 1617.39 1254.27 290.762 -0.627787   0.41824   179.344    1.78707  0.0492953 -0.0748153 7.47866 3.92175 2.21436 -0.000600677  0.000865383  -0.00118739  -1.07841  0.107069 0.0934349 0.268138 -0.07793 -9.80502  13223
             285.096 -1.7933 -12.448 28.3115  1618.2 1254.69 290.998 -0.627759  0.418286   179.344    1.78706  0.0493024 -0.0747927 7.39793 3.87358  2.1533 -0.000571051  0.000852754  -0.00118889  -1.08026  0.107113 0.0933462   0.268137 -0.0779281   -9.80502  13340
             285.197 -1.75322 -12.5411  28.2999 1618.98 1255.11 291.224 -0.628195  0.419174   179.345    1.78708  0.0493702 -0.0748021 7.35379 3.84363 2.10817 -0.000619407  0.000818288  -0.00118778  -1.08017   0.10649 0.0945316   0.268134 -0.0779236   -9.80502  13397
             285.297 -1.77526 -12.7036  28.2804 1619.77 1255.51 291.447 -0.628654  0.419883   179.344   1.78703 0.0493956 -0.074785 7.33109 3.82682 2.10459 -0.000552363  0.000795947  -0.00119083  -1.07978  0.106927 0.0951584   0.268134 -0.0779223   -9.80502  13361
             285.395 -1.71856 -12.8361   28.266 1620.56 1255.93 291.675 -0.629169   0.42267   179.344    1.78685  0.0494269 -0.0749276 7.33704  3.8024 2.14883 -0.000567085  0.000803677  -0.00118519 -1.08078 0.105731 0.096763   0.268128 -0.0779135   -9.80503  13404
             285.496 -1.52146 -12.9017  28.2354 1621.34 1256.33 291.903 -0.630304  0.426695   179.346   1.78662 0.0493106 -0.074874 7.30188 3.78262  2.1637 -0.000557079  0.000819353  -0.00118398  -1.07868  0.105493 0.0986571   0.268113 -0.0779087   -9.80503  13398
             285.595 -1.51056  -12.852  28.2429 1622.12 1256.74 292.137 -0.630121  0.427258   179.347    1.7866 0.0493007 -0.074829 7.26638 3.77594 2.18983 -0.000519619  0.000835325  -0.00119714  -1.07866  0.106937 0.0989135   0.268111 -0.0779089   -9.80503  13346
             285.696 -1.42412 -12.7266  28.2314  1622.9 1257.14 292.371 -0.630078  0.427929   179.348    1.78658  0.0492953 -0.0748842 7.20206 3.73977 2.16084 -0.000583987  0.000859898  -0.00117808  -1.07709  0.107494 0.0991953   0.268107 -0.0779085   -9.80503  13355
             285.796 -1.41466 -12.5579  28.2227 1623.66 1257.53 292.599 -0.629643  0.425938   179.348   1.78654 0.0493165 -0.074881 7.12584 3.71261 2.11238 -0.000559772  0.000830434   -0.0011804  -1.07759  0.107592 0.0986145   0.268114 -0.0779036   -9.80503  13358
             285.895 -1.47232 -12.4883   28.233 1624.43 1257.94 292.824 -0.629759  0.426244   179.348    1.78658   0.049316 -0.0747727  7.0584 3.66941  2.0361 -0.000551056  0.000804492  -0.00118085  -1.07895  0.106966 0.0987766   0.268113 -0.0779045   -9.80503  13263
             285.996  -1.3963 -12.5832  28.2212 1625.18 1258.32 293.038 -0.629647  0.426125   179.348    1.78658   0.049317 -0.0747644 6.99768 3.63684 1.97261 -0.000583599  0.000757542  -0.00117068  -1.07796  0.106688 0.0986686   0.268113 -0.0779039   -9.80503  13285
             286.095 -1.38906  -12.702  28.2192 1625.93 1258.72 293.255 -0.626445  0.415019   179.351     1.7868  0.0493363 -0.0748831 6.97347  3.6326 1.98885 -0.000589937   0.00073105  -0.00117758  -1.08304  0.105215 0.0953421   0.268156 -0.0778937   -9.80502  13260
             286.196  -1.4059 -12.7692  28.2085 1626.68 1259.11 293.472 -0.624859  0.408937   179.351    1.78697  0.0492889 -0.0748499 6.91661 3.60999 2.02083 -0.00058207  0.00073651 -0.00118079  -1.0831 0.105702 0.093268    0.26818 -0.0778933   -9.80502  13202
             286.297 -1.51383 -12.7211  28.2242 1627.41 1259.49 293.688 -0.624514  0.407998   179.351    1.78698  0.0492703 -0.0748032 6.84666 3.56938 2.03351 -0.000577615  0.000729081   -0.0011789  -1.08177  0.104829 0.0928822   0.268183 -0.0778909   -9.80502  13271
             286.396 -1.46853 -12.6735  28.2219 1628.15 1259.87 293.907 -0.624258  0.407168   179.352      1.787  0.0492519 -0.0747849  6.8108 3.49287 2.00836 -0.000583174  0.000728129  -0.00117476  -1.08402  0.105084 0.0926332   0.268188 -0.0778925   -9.80502  13231
             286.497 -1.43446 -12.6993  28.2283 1628.86 1260.24 294.117 -0.62433 0.407269  179.352   1.78699 0.0492588 -0.074788 6.73478 3.48363 1.96833  -0.0005546 0.000688143 -0.00117162  -1.08309  0.104865 0.0926609   0.268187 -0.0778916   -9.80502  13269
             286.596 -1.43325 -12.7621  28.2647 1629.59 1260.62 294.332 -0.622088  0.399824   179.353    1.78718  0.0491615 -0.0748704  6.7042 3.48253 1.94692 -0.00058113 0.000680838 -0.00116944  -1.08881  0.104136 0.0893167   0.268232 -0.0779079   -9.80502  13219
             286.697 -1.37456 -12.8183  28.2768  1630.3 1260.99  294.54 -0.62166 0.398734  179.354    1.78723  0.0491526 -0.0749262 6.66365 3.47142 1.96372 -0.000560963  0.000694794  -0.00117554 -1.09123 0.103622 0.088723   0.268241 -0.0779135   -9.80502  13201
             286.796 -1.40233  -12.817  28.2908 1631.01 1261.36 294.751 -0.621484  0.398178   179.354    1.78725  0.0491517 -0.0749283 6.59781 3.45137 1.97082 -0.000583134  0.000695401  -0.00115683  -1.09128   0.10334 0.0884068   0.268244 -0.0779152   -9.80502  13119
             286.896 -1.32145 -12.8055  28.3081 1631.72 1261.73 294.963 -0.621101  0.397567   179.354    1.78726  0.0491598 -0.0749183 6.53758 3.41756 1.95679 -0.000593589  0.000693128  -0.00116792  -1.09259  0.103417 0.0879308 0.268251 -0.07792 -9.80502  13105
             286.997 -1.34076 -12.7955  28.3161 1632.41 1262.09 295.171 -0.620316  0.396745   179.353    1.78727  0.0491622 -0.0749201 6.50236 3.36897 1.94667 -0.000537852  0.000680687  -0.00117249  -1.09307  0.104923 0.0873437   0.268261 -0.0779236   -9.80502  13039
             287.096  -1.2524 -12.7745  28.3206 1633.12 1262.45 295.378 -0.621708  0.399391   179.354    1.78729  0.0491084 -0.0748619 6.45265 3.34955 1.92439 -0.000537255   0.00071545   -0.0011689  -1.09536  0.105517 0.0893202   0.268241 -0.0779119   -9.80502  13058
             287.196 -1.24078 -12.7388  28.3309 1633.81 1262.81 295.585 -0.621655  0.399507   179.354    1.78729  0.0491188 -0.0748372 6.39078  3.3403 1.91764 -0.000544184   0.00071603  -0.00117761  -1.09659  0.105336 0.0892275   0.268241 -0.0779145   -9.80502  13108
             287.295 -1.20614 -12.7088  28.3216  1634.5 1263.17  295.79 -0.622275  0.400006   179.355    1.78731  0.0491075 -0.0748319 6.32063 3.27986 1.88075 -0.00057394 0.000717473  -0.0011629  -1.09674  0.104769 0.0898638   0.268233 -0.0779092   -9.80502  13161
             287.395  -1.1878 -12.7089   28.335 1635.17 1263.52 295.988 -0.623928  0.400771   179.355    1.78736  0.0490624 -0.0748377 6.24029 3.23693 1.86406 -0.000534511  0.000693518  -0.00116546   -1.0958   0.10462 0.0920488   0.268212 -0.0778835   -9.80502  13183
             287.496 -1.11943 -12.7014  28.3356 1635.83 1263.87 296.185 -0.624061  0.400552   179.354    1.78736   0.049041 -0.0748314 6.14588 3.21294 1.83873 -0.000568717  0.000691331  -0.00116136  -1.09461  0.105448 0.0923038   0.268213 -0.0778783   -9.80502  13162
             287.595  -1.2098 -12.6582  28.3282 1636.49 1264.21 296.384 -0.622951  0.400901   179.354    1.78732  0.0490247 -0.0748274 6.05911 3.20069 1.82052 -0.000560923  0.000679841  -0.00115707  -1.09561  0.105452 0.0909092   0.268225 -0.0778977   -9.80502  13213
             287.696 -1.28634 -12.6103   28.332 1637.13 1264.55 296.577 -0.62398 0.400303  179.353    1.78737  0.0490778 -0.0748382 5.97541  3.1425 1.81225 -0.00058416 0.000684091 -0.00115725  -1.09491  0.105635 0.0921688   0.268215 -0.0778802   -9.80502  13197
             287.797 -1.31578 -12.5467  28.3423 1637.77 1264.88 296.763 -0.626694  0.398278   179.352    1.78752  0.0492365 -0.0748347 5.89335 3.05922 1.75622 -0.00056225 0.000656477 -0.00116361  -1.09566  0.105882 0.0956761   0.268183 -0.0778324   -9.80502  13238
             287.895 -1.30724 -12.5744   28.354 1638.41 1265.21  296.95 -0.627719  0.397314    179.35    1.78755  0.0492708 -0.0748642 5.81498  3.0147 1.71946 -0.000566621  0.000648994  -0.00116416   -1.0985  0.106891 0.0975435    0.26817 -0.0778037   -9.80502  13306
             287.996 -1.27961 -12.6651  28.3291 1639.02 1265.53 297.131 -0.628193   0.39648    179.35    1.78752  0.0492837 -0.0748934 5.71584 2.97873 1.66847 -0.000573916  0.000631395  -0.00116405  -1.09935  0.106854 0.0984229   0.268161 -0.0777883   -9.80503  13254
             288.096 -1.37416 -12.7758  28.3369 1639.64 1265.85 297.311 -0.628236  0.397176   179.351    1.78752  0.0492886 -0.0749988 5.63669 2.92105 1.65834 -0.000569936  0.000625425  -0.00116864  -1.10142   0.10658 0.0984718   0.268159 -0.0777903   -9.80503  13214
             288.197 -1.34048 -12.8697  28.3227 1640.23 1266.16 297.484 -0.628851  0.393384   179.354    1.78736  0.0493268 -0.0749919 5.55944 2.84182 1.66427 -0.000585512  0.000610686  -0.00116191 -1.10196 0.105768 0.100642   0.268141 -0.0777446   -9.80503  13359
             288.296 -1.30243 -12.8935   28.297 1640.83 1266.47 297.661 -0.629227  0.391905   179.357    1.78728  0.0493443 -0.0750695 5.46716 2.81598 1.64291 -0.000560911  0.000635758  -0.00115335 -1.10515  0.10451 0.102135   0.268127 -0.0777192   -9.80503  13383
             288.397 -1.31902 -12.8901  28.2971 1641.41 1266.77 297.836 -0.629515  0.392076   179.359    1.78729  0.0493509 -0.0750642 5.35371 2.77065 1.63083 -0.000561676  0.000637999  -0.00115751 -1.10672 0.103746 0.102428   0.268121 -0.0777177   -9.80503  13319
             288.497 -1.21858 -12.9116  28.2742 1641.97 1267.07 298.007 -0.629454  0.388665   179.362    1.78727  0.0492841 -0.0750678 5.24642 2.71452 1.61266 -0.000571002  0.000633744  -0.00115102 -1.10935 0.102847 0.104433   0.268109 -0.0776799   -9.80503  13278
             288.595 -1.18701 -12.9358  28.2475 1642.54 1267.37 298.179 -0.630189  0.389603   179.367    1.78727  0.0493104 -0.0750634 5.13979 2.68191 1.56016 -0.000589229  0.000650584  -0.00114044 -1.11161 0.101438 0.104609   0.268098 -0.0776859   -9.80503  13267
             288.697 -1.15557 -12.9458  28.2525 1643.08 1267.65 298.342  -0.6301 0.387622  179.369    1.78729   0.049275 -0.0750498 5.02227 2.62877 1.51175 -0.000600052  0.000634708  -0.00114949 -1.11319 0.100898 0.105624  0.268095 -0.077667  -9.80503  13288
             288.795 -1.13662 -12.9435  28.2547 1643.62 1267.93 298.504 -0.630021  0.387401   179.367     1.7873  0.0492513 -0.0750105  4.9304 2.56497 1.49438 -0.000581551  0.000649182  -0.00115177  -1.1153 0.101516 0.106045   0.268097 -0.0776615   -9.80503  13176
             288.896 -1.11472 -12.9301  28.2372 1644.15  1268.2 298.663 -0.629848  0.386972   179.364    1.78731  0.0492356 -0.0749974 4.81246 2.50176 1.47083 -0.000587607   0.00066387  -0.00113576 -1.11623 0.102286 0.106341   0.268101 -0.0776559   -9.80503  13302
             288.998 -1.11304 -12.8989  28.2372 1644.64 1268.46 298.815 -0.629443  0.386513    179.36    1.78729  0.0492249 -0.0750628 4.67538 2.43071 1.43608 -0.000579476    0.0006408  -0.00113381  -1.1139 0.103083 0.106151   0.268109 -0.0776521   -9.80503  13364
             289.095 -1.10686 -12.8245  28.2309 1645.15 1268.72 298.969 -0.629769  0.384622   179.364    1.78739   0.049225 -0.0749301 4.58022 2.38599 1.41099 -0.000585288  0.000657867  -0.00113842 -1.11834 0.102568  0.10744   0.268105 -0.0776365   -9.80503  13341
             289.197 -1.11389 -12.7719  28.2139 1645.63 1268.98 299.118 -0.630313  0.387723    179.37     1.7873  0.0492484 -0.0748658 4.45714 2.33543 1.34913 -0.000609837  0.000651779  -0.00113525 -1.11927 0.101293 0.106504    0.26809 -0.0776626   -9.80503  13220
             289.297 -1.15483 -12.7966  28.2064 1646.11 1269.22  299.26 -0.630473  0.390767   179.369    1.78724  0.0492287 -0.0748744 4.37164 2.28135 1.29434 -0.000596131  0.000630021  -0.00112942 -1.12059 0.101931 0.105639   0.268085 -0.0776862   -9.80503  13250
             289.395 -1.17913 -12.8741   28.198 1646.58 1269.47 299.401 -0.630701  0.393062    179.37    1.78722  0.0492209 -0.0749703 4.31839  2.2442 1.27742 -0.000591438  0.000653071  -0.00112568  -1.1234 0.102064 0.105173   0.268077 -0.0777051   -9.80503  13150
             289.497 -1.18068 -12.9216  28.2079 1647.04 1269.71 299.535 -0.630675  0.392724   179.368    1.78722  0.0492187 -0.0749411 4.23649 2.20529 1.25327 -0.000585233  0.000639091  -0.00113556 -1.12254 0.102546   0.1052    0.26808 -0.0777023   -9.80503  13169
             289.596 -1.19541 -12.9714  28.1923 1647.49 1269.94 299.668 -0.630672  0.393306   179.368   1.78722 0.0492128 -0.074955 4.16172 2.16138 1.24376 -0.000596019  0.000634048  -0.00112704  -1.1229 0.102635 0.104968   0.268079 -0.0777081   -9.80503  13113
             289.696 -1.22086 -13.0292  28.1913 1647.92 1270.17   299.8 -0.630829  0.392308   179.369    1.7872 0.0492358 -0.074957 4.09039 2.11513 1.24845 -0.000580199   0.00063461  -0.00112401 -1.12331 0.101977 0.105714   0.268081 -0.0776957   -9.80503  13168
             289.798 -1.18872 -13.0178  28.2031 1648.35 1270.39 299.929 -0.631132  0.390733   179.369    1.78718  0.0492421 -0.0749558 4.01661  2.0777 1.23587 -0.000583751  0.000632678  -0.00112275 -1.12331 0.101877 0.107278   0.268088 -0.0776724   -9.80503  13149
             289.896 -1.15573  -12.975  28.2091 1648.78 1270.61 300.061 -0.631336  0.391241   179.369    1.78719  0.0492288 -0.0749259 3.94347 2.05283 1.19765 -0.000592195  0.000627412  -0.00112009 -1.12498 0.101676  0.10749   0.268087 -0.0776754   -9.80503  13129
             289.998 -1.18162 -13.0067  28.2163 1649.19 1270.83 300.185 -0.631495  0.391499    179.37    1.78719  0.0492253 -0.0749165 3.85767 2.02838 1.15717  -0.0005999 0.000643848 -0.00111659 -1.12581 0.101581 0.107826  0.268087 -0.077675  -9.80503  13094
             290.096 -1.21745 -13.0259  28.2152 1649.61 1271.05  300.31  -0.6312 0.391791  179.372     1.7872  0.0492193 -0.0748872  3.7857 2.00492 1.13786 -0.000607124  0.000669948  -0.00111222 -1.12924 0.100754  0.10652   0.268075 -0.0776909   -9.80503  13091
             290.198 -1.25674 -13.0217  28.2293    1650 1271.26 300.428 -0.631178  0.391592    179.37     1.7872  0.0492227 -0.0749137  3.6972 1.93355 1.12099 -0.000603391  0.000635862   -0.0011117 -1.12727 0.101249 0.106718    0.26808 -0.0776861   -9.80503  13090
             290.296 -1.25899 -13.0023  28.2548  1650.4 1271.46 300.548 -0.631237   0.39173   179.371     1.7872   0.049222 -0.0749079 3.61466 1.87526 1.10319 -0.000586872  0.000639647   -0.0011172 -1.12766 0.101065 0.106804   0.268079 -0.0776867   -9.80503  13167
             290.396 -1.24003 -12.9868  28.2543 1650.78 1271.66 300.663 -0.631797  0.393652   179.371    1.78723  0.0492112 -0.0748986 3.52814 1.83956 1.07873 -0.000586443  0.000645429  -0.00110857 -1.12832 0.100748 0.108485  0.268086 -0.077687  -9.80503  13121
             290.497 -1.20463 -12.9562  28.2763 1651.15 1271.85 300.775 -0.631967  0.394263   179.371    1.78724  0.0492009 -0.0749289 3.42363 1.78945 1.04586 -0.000601146  0.000614628  -0.00111275 -1.12625 0.100577 0.109186   0.268092 -0.0776849   -9.80503  13087
             290.595 -1.24469 -12.9315  28.2871 1651.51 1272.05 300.887 -0.631704  0.393239   179.371    1.78722  0.0492049 -0.0749133 3.33257 1.75745 1.00883 -0.000581407  0.000598497   -0.0011095 -1.12768 0.101083 0.108249   0.268086 -0.0776845   -9.80503  13059
             290.697 -1.23384 -12.9331  28.2891 1651.86 1272.22 300.992 -0.631514  0.392827   179.368    1.78722  0.0491953 -0.0749116 3.23943 1.70599 0.98078 -0.000606388  0.000577233  -0.00110745 -1.12648 0.102241 0.107975    0.26809 -0.0776829   -9.80503  13042
             290.797  -1.2884 -12.9411  28.2871 1652.19  1272.4 301.094 -0.631422  0.392563   179.369    1.78721  0.0491918 -0.0749033  3.14244  1.64625 0.942369 -0.000597011  0.000555074  -0.00110273  -1.1259 0.101802 0.107777   0.268089 -0.0776818   -9.80503  13083
             290.895 -1.28739 -12.9641  28.3018 1652.54 1272.58 301.195 -0.631607  0.392915   179.368   1.78721 0.0491951 -0.074943  3.09831  1.58978 0.920341 -0.000586293  0.000567044   -0.0011004 -1.12892 0.102851 0.108018   0.268087 -0.0776831   -9.80503  13061
             290.997 -1.26081 -12.9834  28.3234 1652.86 1272.74  301.29 -0.631584  0.393034   179.369    1.78721  0.0491983 -0.0749336  3.00593  1.54664 0.897034 -0.000565257  0.000532881  -0.00110722 -1.12773 0.102221  0.10815   0.268088 -0.0776836   -9.80503  13091
             291.095 -1.23653 -13.0337   28.337 1653.18 1272.91 301.387 -0.631592  0.392806   179.368    1.78722  0.0492034 -0.0749646  2.93981  1.53103 0.881179 -0.000583087  0.000540019  -0.00110467 -1.12946 0.102574 0.107844   0.268085 -0.0776827   -9.80503  13025
             291.196  -1.2357 -13.0656  28.3438 1653.49 1273.07 301.481 -0.63145  0.39207  179.369    1.78725  0.0492204 -0.0749681  2.85816  1.50453 0.867929 -0.00058265 0.000545178 -0.00110352 -1.12959 0.102318 0.107162   0.268081 -0.0776807   -9.80503  13018
             291.298 -1.25885  -13.041  28.3424 1653.78 1273.23 301.571 -0.63135  0.39187  179.368    1.78725  0.0492095 -0.0749793  2.76225  1.44557 0.847849 -0.000589183  0.000512045  -0.00109337 -1.12767 0.102371 0.107101   0.268084 -0.0776807   -9.80503  13094
             291.397 -1.26364 -13.0146  28.3385 1654.08 1273.38  301.66 -0.631299   0.39129   179.368    1.78726  0.0492271 -0.0749519  2.69819  1.41006 0.823165 -0.000583299  0.000498452  -0.00109347 -1.12968 0.102386 0.106459   0.268078 -0.0776769   -9.80503  13048
             291.497 -1.27681  -13.042  28.3467 1654.36 1273.53 301.747 -0.631329  0.391242   179.369    1.78726  0.0492338 -0.0749468  2.62498  1.38096 0.797098 -0.000591734  0.000509018  -0.00109298 -1.13118 0.102577   0.1063   0.268075 -0.0776756   -9.80503  13102
             291.596 -1.31913 -13.0561  28.3626 1654.64 1273.68 301.832 -0.631371  0.390869    179.37    1.78728  0.0492326 -0.0749284  2.55033  1.36137 0.779254 -0.00061987 0.000515842 -0.00109024 -1.13327 0.101401 0.105816   0.268065 -0.0776726   -9.80503  13101
             291.696 -1.37842 -13.0722  28.3725 1654.91 1273.82 301.916 -0.631347  0.390362   179.371     1.7873  0.0492146 -0.0749327  2.48555  1.31636 0.762776 -0.000608445  0.000522224  -0.00108975 -1.13523  0.10155 0.105163   0.268057 -0.0776681   -9.80503  13027
             291.796 -1.37527 -13.1022  28.3632 1655.17 1273.96 301.995 -0.631505   0.39189   179.371    1.78726  0.0492382 -0.0749227  2.40368  1.25304 0.743725 -0.000594223  0.000521317  -0.00107886 -1.13384 0.101479 0.106817    0.26807 -0.0776767   -9.80503  13033
             291.898 -1.33295 -13.0836  28.3684 1655.42 1274.09  302.07 -0.631456  0.392787    179.37    1.78725   0.049225 -0.0749132   2.2921  1.19779 0.714476 -0.000587992  0.000504184  -0.00108084 -1.13223 0.102194 0.108012   0.268082 -0.0776824   -9.80503  13038
             291.997 -1.31609  -13.071  28.3626 1655.66 1274.21 302.142 -0.631468  0.394025    179.37    1.78725  0.0491974 -0.0749039  2.16775  1.14476 0.668017 -0.000592166  0.000500193  -0.00108004 -1.13216 0.102517 0.109715   0.268093 -0.0776888   -9.80503  13038
             292.096 -1.33522  -13.066  28.3608 1655.89 1274.33 302.212 -0.631494  0.393867   179.369   1.78725 0.0492047 -0.074889  2.0555 1.08032 0.61987 -0.000599491  0.000486706  -0.00107355 -1.13382 0.102949 0.109094   0.268087 -0.0776853   -9.80503  12987
             292.198 -1.36163 -13.0873  28.3694  1656.1 1274.44 302.275 -0.631512  0.393848   179.371    1.78725  0.0492105 -0.0748873  1.94358  1.00503 0.583363 -0.000592946    0.0004609  -0.00107165 -1.13343 0.102219 0.109144   0.268085 -0.0776863   -9.80503  12930
             292.298 -1.32509 -13.1403  28.3823  1656.3 1274.55 302.333 -0.63125 0.393517  179.372    1.78724  0.0491898 -0.0748919  1.83389   0.9351 0.548927 -0.000576426  0.000448496  -0.00107357 -1.13364 0.101978 0.110609   0.268097 -0.0776841   -9.80503  12942
             292.398 -1.25914 -13.2006  28.3846 1656.49 1274.64 302.389 -0.630932  0.392925   179.371     1.7872   0.049139 -0.0749065  1.72505 0.889023 0.521174 -0.000569315  0.000449214  -0.00107314  -1.1348 0.102216 0.111958   0.268108 -0.0776774   -9.80503  12917
             292.498  -1.2301 -13.2334  28.3828 1656.66 1274.74 302.442 -0.631013  0.392848   179.375     1.7872  0.0491452 -0.0749276  1.60765 0.861069  0.49481 -0.000586044  0.000448259  -0.00107084 -1.13496  0.10102 0.112163   0.268104 -0.0776781   -9.80503  12938
             292.596 -1.24685 -13.2325  28.3807 1656.84 1274.83 302.496 -0.631255  0.394115   179.373    1.78721  0.0491638 -0.0749256  1.51105 0.821454 0.465106 -0.000588617  0.000469753  -0.00106795 -1.13685 0.101714 0.111335   0.268094 -0.0776825   -9.80503  12937
             292.698 -1.28453 -13.2388  28.3696 1656.99 1274.91 302.544 -0.631327  0.394569   179.373    1.78721  0.0491674 -0.0749223  1.42287 0.761809 0.436301 -0.000589537  0.000462252  -0.00106263 -1.13777 0.102016 0.111135    0.26809 -0.0776838   -9.80503  12948
             292.798  -1.3019 -13.2702  28.3682 1657.14 1274.99 302.588 -0.631403  0.394196   179.375    1.78721   0.049184 -0.0749079  1.35745 0.713153 0.412071 -0.000582645  0.000476252  -0.00106214  -1.1396 0.101414   0.1118    0.26809 -0.0776802   -9.80503  12970
             292.897 -1.27067 -13.2979  28.3744 1657.29 1275.07 302.629 -0.631037  0.391901   179.373    1.78721  0.0491781 -0.0749098  1.28478 0.670417  0.38876 -0.000579195  0.000479132  -0.00106622 -1.14042 0.102262  0.11396   0.268117 -0.0776618   -9.80503  12955
             292.998 -1.27824 -13.2935  28.3692 1657.42 1275.13 302.669 -0.630958  0.391576   179.372    1.78722  0.0491764 -0.0749099  1.20461 0.635585 0.369878 -0.000562004  0.000471547  -0.00106361 -1.14084 0.103091 0.114394   0.268123 -0.0776579   -9.80503  12980
             293.096 -1.28726 -13.2919  28.3885 1657.54  1275.2 302.706 -0.630908  0.391206   179.372    1.78723  0.0491825 -0.0749157  1.11279 0.603375 0.343446 -0.000592717  0.000451507  -0.00107008 -1.14027 0.102603 0.114668   0.268127 -0.0776559   -9.80503  13006
             293.197 -1.31363 -13.2784  28.3812 1657.65 1275.26 302.741 -0.63087  0.39102  179.372    1.78723  0.0491847 -0.0749261  1.02932 0.552219 0.318756 -0.000594992  0.000428126  -0.00106474 -1.13975 0.102886  0.11482   0.268131 -0.0776546   -9.80503  13065
             293.297 -1.34362 -13.2756  28.3768 1657.76 1275.32 302.773 -0.630852  0.390882   179.372    1.78724  0.0491889 -0.0749374 0.952649    0.497 0.292408 -0.000577423  0.000411767  -0.00106081  -1.1393 0.103491 0.115039   0.268136 -0.0776532   -9.80503  13028
             293.397 -1.34616 -13.2846  28.3733 1657.86 1275.37 302.804 -0.630864  0.391048   179.372    1.78722  0.0491735 -0.0749314 0.874898 0.465631 0.269513 -0.000577224  0.000416242  -0.00105581 -1.13991 0.102938 0.114173   0.268123 -0.0776576   -9.80503  13075
             293.499 -1.36432 -13.2781   28.382 1657.94 1275.41  302.83 -0.630888  0.391083   179.372    1.78722  0.0491794 -0.0749336  0.79644 0.423819 0.246735 -0.000571283   0.00040147  -0.00105965 -1.13971 0.103606 0.114489   0.268128 -0.0776564   -9.80503  13072
             293.597  -1.3729 -13.2728  28.3803 1658.02 1275.45 302.856 -0.630844   0.39074   179.372   1.78721 0.0491699 -0.074935 0.718727 0.376914 0.225118 -0.000569381  0.000377383   -0.0010591 -1.13909 0.103641 0.113824  0.268122 -0.077658  -9.80503  13050
             293.699 -1.39492 -13.2878  28.3773 1658.09 1275.49 302.878 -0.630777   0.39057   179.372    1.78721  0.0491703 -0.0749322 0.657518 0.346365 0.204236 -0.000560875  0.000350902  -0.00105213 -1.13777 0.103188 0.113807   0.268125 -0.0776577   -9.80503  13065
             293.799 -1.38533 -13.2999  28.3842 1658.16 1275.52 302.897 -0.630776  0.390706   179.372    1.78721  0.0491745 -0.0749251 0.605197 0.312623 0.188543 -0.000560992  0.000331421   -0.0010574 -1.13674 0.103461 0.114053    0.26813 -0.0776578   -9.80503  13075
             293.897 -1.36384 -13.3058  28.3773 1658.22 1275.56 302.915 -0.630715  0.391954   179.371    1.78721  0.0491698 -0.0749361 0.553199 0.297311 0.172259 -0.00057341 0.000327917 -0.00105057 -1.13655 0.102634 0.115038   0.268142 -0.0776587   -9.80503  13127
             293.999 -1.35264 -13.2974  28.3748 1658.27 1275.59 302.932 -0.630816  0.393012   179.372    1.78721  0.0491647 -0.0749289 0.509462 0.271986 0.157756 -0.000575589  0.000315164  -0.00104971 -1.13618 0.103244 0.115717   0.268149 -0.0776617   -9.80503  13091
             294.097 -1.35842 -13.3075  28.3757 1658.32 1275.62 302.947 -0.630747  0.393993   179.371    1.78721  0.0491582 -0.0749315 0.467993 0.256439 0.142476  -0.0005779 0.000311232 -0.00104613 -1.13595 0.102552 0.116229   0.268155 -0.0776637   -9.80503  13114
             294.199 -1.36142 -13.3139   28.384 1658.37 1275.64  302.96 -0.630931  0.395076   179.374    1.7872 0.0491632 -0.074929 0.441755  0.23281 0.127548 -0.00056667 0.000285397 -0.00105396 -1.13442 0.103602 0.116686   0.268161 -0.0776694   -9.80503  13144
             294.299 -1.36179 -13.3306  28.3826 1658.42 1275.66 302.974 -0.63099 0.394372  179.374     1.7872  0.0491669 -0.0749312 0.430025 0.225137 0.123309 -0.000552244  0.000273989   -0.0010541 -1.13493 0.103952 0.116427   0.268156 -0.0776672   -9.80503  13150
             294.397 -1.33949 -13.3491  28.3891 1658.46 1275.69 302.986 -0.630831  0.393985   179.373    1.78721  0.0491656 -0.0749282 0.411031 0.221622 0.122486 -0.000571355   0.00025339  -0.00105576  -1.1339 0.103479 0.116277   0.268159 -0.0776655   -9.80503  13081
             294.499 -1.34231 -13.3555  28.3773  1658.5 1275.71     303 -0.630968  0.392668   179.376    1.78722  0.0491757 -0.0749287 0.412157 0.219082 0.124399 -0.000553485  0.000228869  -0.00105396 -1.13358 0.104276 0.115889   0.268154 -0.0776624   -9.80503  13080
             294.599 -1.34188  -13.372   28.374 1658.54 1275.73 303.012 -0.631043  0.393283   179.377    1.78721  0.0491733 -0.0749262 0.411218 0.220235  0.12834 -0.000551393  0.000207329  -0.00105458 -1.13203 0.104523 0.115996   0.268156 -0.0776664   -9.80503  13103
             294.699 -1.35089 -13.3794  28.3724 1658.58 1275.75 303.025 -0.631584  0.395685   179.385    1.7872 0.0491902 -0.074932 0.413554 0.208178 0.131846 -0.000526286    0.0001884  -0.00106691 -1.12969 0.105958 0.116462   0.268154 -0.0776815   -9.80503  13115
             294.799 -1.35971 -13.3708    28.36 1658.63 1275.76 303.039 -0.632057  0.395774   179.394    1.78721   0.049214 -0.0749464 0.423355 0.199978 0.133794  -0.0005034 0.000178192 -0.00107127 -1.12929  0.10744 0.116461   0.268144 -0.0776864   -9.80503  13155
             294.899 -1.36289 -13.3775  28.3675 1658.67 1275.78 303.051 -0.632302  0.400356   179.393    1.78717  0.0492132 -0.0749449 0.423537 0.204525 0.132475 -0.000506859  0.000180109  -0.00107309 -1.12746 0.107305 0.117273   0.268151 -0.0777068   -9.80503  13139
             294.999 -1.36615 -13.3529  28.3746 1658.71 1275.81 303.064 -0.632228  0.403958   179.387    1.78715   0.049202 -0.0749547 0.416396 0.210308 0.131311 -0.000523225  0.000151436  -0.00106955 -1.12516 0.106466 0.117827   0.268163 -0.0777213   -9.80503  13150
             295.097 -1.37602 -13.3453  28.3843 1658.75 1275.83 303.077 -0.632102  0.407116   179.381    1.78713  0.0491911 -0.0749589 0.409469 0.219059 0.128846 -0.000534698  0.000137545  -0.00106859  -1.1233 0.105538 0.118291   0.268174 -0.0777336   -9.80503  13122
             295.199 -1.37279 -13.3408  28.3849 1658.79 1275.85 303.089 -0.632214  0.410271   179.379    1.78712  0.0491891 -0.0749631 0.404058 0.222456 0.126333 -0.000547253  0.000128477  -0.00106578 -1.12136 0.105253 0.118733   0.268179 -0.0777478   -9.80503  13145
             295.297 -1.38434 -13.3392  28.3913 1658.83 1275.87 303.101 -0.632691   0.41687   179.379   1.78708 0.0491947 -0.074961 0.401287 0.222072  0.12117 -0.000544635  0.000125896  -0.00106592 -1.11877 0.105217 0.119733   0.268184 -0.0777787   -9.80502  13126
             295.399  -1.3911 -13.3404  28.3797 1658.87 1275.89 303.112 -0.633397  0.420965   179.385    1.78706  0.0492123 -0.0749594 0.390498 0.208722 0.115583 -0.00053398 0.000110686  -0.0010672 -1.11605 0.106328 0.120291    0.26818 -0.0778023   -9.80502  13183
             295.499 -1.41007 -13.3447   28.383 1658.91 1275.91 303.124 -0.63341 0.419939  179.386    1.78707  0.0492143 -0.0749606 0.379502 0.200406 0.111762 -0.000523017  0.000106733  -0.00107408 -1.11612 0.106587 0.120108   0.268178 -0.0777984   -9.80502  13151
             295.597 -1.41199 -13.3246  28.3879 1658.94 1275.94 303.135 -0.633209  0.419945   179.383    1.78707  0.0492067 -0.0749619 0.354245 0.194076 0.104728 -0.000539379  7.98508e-05  -0.00107027 -1.11536 0.106014 0.120047   0.268183 -0.0777973   -9.80502  13201
             295.699 -1.40327  -13.325  28.3855 1658.98 1275.96 303.145 -0.633217  0.423001    179.38    1.78705  0.0491982 -0.0749627   0.33588  0.192034 0.0947969 -0.00055325 7.70651e-05  -0.0010626 -1.11434  0.10531 0.120601   0.268188 -0.0778102   -9.80502  13158
             295.799 -1.41678 -13.3259  28.3833 1659.01 1275.97 303.154 -0.633454   0.42231   179.384    1.78705  0.0492087 -0.0749621  0.320378  0.175257 0.0895628 -0.000532698   6.2828e-05  -0.00106726 -1.11399 0.106315 0.120437   0.268183 -0.0778097   -9.80502  13162
             295.899  -1.4035 -13.3124  28.3847 1659.04 1275.99 303.164 -0.633288  0.420831   179.383    1.78706  0.0492076 -0.0749653  0.290023  0.162267 0.0828037 -0.000541191  4.79016e-05  -0.00106581 -1.11371 0.106101 0.120042   0.268184 -0.0778024   -9.80502  13147
             295.999 -1.42128 -13.3002  28.3844 1659.07 1276.01 303.172 -0.633143  0.418614   179.383    1.78707  0.0492055 -0.0749695  0.251611  0.144125 0.0730806 -0.000534642  2.53451e-05  -0.00106578 -1.11344 0.106105 0.119396   0.268184 -0.0777918   -9.80502  13154
             296.097 -1.42101 -13.2925   28.386 1659.09 1276.02  303.18 -0.633006  0.416258   179.383    1.78709  0.0492044 -0.0749718 0.214951 0.124484   0.0615 -0.000535629  9.61735e-06  -0.00106612 -1.11369 0.106098 0.118622   0.268183 -0.0777799   -9.80502  13131
             296.198 -1.41547 -13.2692  28.3803 1659.11 1276.03 303.186 -0.633057  0.414665   179.386    1.78709  0.0492097 -0.0749758  0.174949 0.0994296 0.0488358 -0.000535571 -2.36174e-05  -0.00106405  -1.1131 0.106841 0.117998   0.268181 -0.0777733   -9.80502  13126
             296.299 -1.41832 -13.2694  28.3807 1659.12 1276.04 303.191 -0.632964  0.414027   179.385    1.78709  0.0492079 -0.0749768  0.132378 0.0795735 0.0357082 -0.000542744 -3.64804e-05  -0.00106543 -1.11242 0.106568 0.117691   0.268182 -0.0777701   -9.80502  13141
             296.397 -1.42161 -13.2581  28.3795 1659.14 1276.05 303.195 -0.632988  0.413767   179.385     1.7871  0.0492089 -0.0749769 0.0908675 0.0549187 0.0238935 -0.000542153 -3.70277e-05  -0.00106208 -1.11328 0.106575 0.117419   0.268181 -0.0777675   -9.80502  13115
             296.498 -1.42606 -13.2611  28.3819 1659.15 1276.05 303.197 -0.633109  0.413475   179.386     1.7871  0.0492116 -0.0749785  0.0448159  0.0231218 0.00829212 -0.000531113 -3.23473e-05    -0.001066 -1.11376 0.107208 0.117019   0.268179 -0.0777655   -9.80502  13156
             296.597 -1.42674 -13.2523  28.3787 1659.15 1276.05 303.198 -0.633186  0.413317   179.386    1.7871 0.0492127 -0.074979 -0.00281588  -0.0018286  -0.0087601 -0.000523046 -4.91725e-05  -0.00106562 -1.11385 0.107485 0.116616  0.268178 -0.077764  -9.80502  13164
             296.698 -1.41333 -13.2628   28.376 1659.15 1276.05 303.197 -0.63325   0.4133  179.386    1.78711  0.0492155 -0.0749802 -0.00374235  0.00210915 -0.00477347 -0.000537634 -6.18156e-05  -0.00106172  -1.1138 0.107316 0.115955   0.268178 -0.0777624   -9.80502  13133
             296.798 -1.41705 -13.2751  28.3824 1659.15 1276.05 303.197 -0.633399  0.413222   179.388    1.78711  0.0492211 -0.0749773   0.023784   0.010431 0.00359812 -0.000526999 -8.11688e-05  -0.00106851 -1.11356 0.108196 0.115603   0.268176 -0.0777624   -9.80503  13098
             296.897 -1.41875 -13.2844  28.3782 1659.15 1276.05 303.197 -0.633244  0.412835   179.386    1.78712  0.0492155 -0.0749719   0.0136603   0.0144241 -0.00234408 -0.000539661 -9.44995e-05  -0.00106045 -1.11273 0.107419 0.115403   0.268179 -0.0777599   -9.80502  13110
             296.999  -1.4328 -13.2872  28.3757 1659.15 1276.05 303.198 -0.633388  0.413081   179.386    1.78713  0.0492139 -0.0749748   0.0121387   0.0146934 -0.00790399 -0.000530587 -9.75396e-05  -0.00106085 -1.11285 0.107538 0.114619   0.268178 -0.0777589   -9.80502  13141
             297.097 -1.42449 -13.2877  28.3799 1659.15 1276.05 303.198 -0.633655  0.412663   179.389    1.78714  0.0492243 -0.0749764   0.0168034  0.00501801 0.000485819 -0.000529028 -0.000129119   -0.0010675 -1.11179 0.108399 0.113752   0.268175 -0.0777576   -9.80503  13137
             297.198 -1.41586 -13.2844   28.377 1659.15 1276.05 303.198 -0.633516  0.412145   179.388    1.78714  0.0492207 -0.0749788  0.0124902 0.00981911 0.00467497 -0.000534002 -0.000145353  -0.00106304 -1.11079 0.108081 0.113765   0.268177 -0.0777557   -9.80503  13105
             297.299 -1.40801 -13.2777  28.3734 1659.15 1276.05 303.198 -0.633576  0.412102    179.39    1.78714   0.049224 -0.0749784   0.0115891  0.00848621 -0.00053758 -0.000537551 -0.000153457  -0.00106675 -1.11065 0.108387 0.113914   0.268175 -0.0777568   -9.80503  13111
             297.397 -1.41548 -13.2865  28.3663 1659.15 1276.05 303.198 -0.633619  0.411973    179.39    1.78714  0.0492251 -0.0749792    0.0171792   0.00839372 -0.000266891 -0.000528159 -0.000161772  -0.00106333 -1.11055 0.108499  0.11367   0.268175 -0.0777559   -9.80503  13117
             297.499 -1.42007 -13.2864  28.3762 1659.15 1276.05 303.199 -0.633727  0.411187   179.393   1.78715 0.0492331 -0.074983   0.015077 0.00459007 0.00291624 -0.000521267 -0.000182154  -0.00107162 -1.10947 0.108994 0.113077   0.268173 -0.0777529   -9.80503  13099
             297.597 -1.41338 -13.2812  28.3703 1659.15 1276.05 303.199 -0.633749   0.41104   179.393    1.78715  0.0492342 -0.0749837  0.0158661 0.00318645 0.00286388 -0.000519754 -0.000196657  -0.00106853 -1.10933 0.109086  0.11295   0.268173 -0.0777522   -9.80503  13088
             297.698  -1.4228 -13.2781  28.3773 1659.15 1276.05 303.199 -0.633726   0.41054   179.393    1.78715  0.0492348 -0.0749861  0.0120444 0.00261218 0.00410918 -0.000516205  -0.00021423  -0.00107342 -1.10865 0.109094 0.112663   0.268174 -0.0777498   -9.80503  13091
             297.797 -1.41631 -13.2766  28.3671 1659.15 1276.05 303.199 -0.633626  0.410326   179.392    1.78715  0.0492305 -0.0749872  0.0112672 0.00377783 0.00377973 -0.000517932 -0.000229442  -0.00106736 -1.10789 0.108815 0.112702  0.268175 -0.077749  -9.80503  13083
             297.898 -1.41824 -13.2772  28.3797 1659.15 1276.05   303.2 -0.633553  0.410085   179.391    1.78715  0.0492278 -0.0749875 0.00997241 0.00854131  0.0043949  -0.00052034 -0.000237533  -0.00107238 -1.10762 0.108562 0.112559   0.268177 -0.0777473   -9.80503  13107
             297.999 -1.41336 -13.2748  28.3721 1659.15 1276.05   303.2 -0.633567  0.410088   179.392    1.78715  0.0492301 -0.0749878 0.00461125 0.00632896  0.0034553 -0.000518392 -0.000252925  -0.00106991 -1.10662 0.108749 0.112788   0.268176 -0.0777489   -9.80503  13088
             298.097  -1.4151 -13.2715  28.3754 1659.15 1276.05   303.2 -0.633537  0.410021   179.392    1.78715  0.0492288 -0.0749878 0.00809285 0.00819422 0.00308297 -0.000521472 -0.000261294  -0.00107002  -1.1065 0.108639 0.112756   0.268176 -0.0777484   -9.80503  13102
             298.198 -1.41742 -13.2736  28.3715 1659.15 1276.05   303.2 -0.633689   0.41001   179.395    1.78715  0.0492373 -0.0749884  0.0120838 0.00069332  0.0031862 -0.000510234 -0.000270158  -0.00106957 -1.10594  0.10936 0.112854   0.268172 -0.0777505   -9.80503  13109
             298.299  -1.4153 -13.2802   28.372 1659.15 1276.05   303.2 -0.633632  0.410174   179.394    1.78715   0.049235 -0.0749875 0.00955621 0.00483953 0.00321659 -0.000510594 -0.000274186   -0.0010676 -1.10557 0.109117 0.113034   0.268173 -0.0777512   -9.80503  13098
             298.399 -1.41004 -13.2697  28.3724 1659.15 1276.05 303.199 -0.633574  0.410517   179.393    1.78715  0.0492333 -0.0749891 0.00388068 0.00638288 0.00114465 -0.000518365 -0.000297099  -0.00106453 -1.10432 0.108898 0.113475   0.268173 -0.0777538   -9.80503  13091
               298.5 -1.41805  -13.266  28.3714 1659.15 1276.05 303.199 -0.633619  0.410539   179.394    1.78715  0.0492358 -0.0749897 0.00755746 0.00718484 0.00136184 -0.000511059 -0.000309374  -0.00106678 -1.10423 0.109106 0.113507   0.268172 -0.0777544   -9.80503  13089
             298.599 -1.41941 -13.2767  28.3711 1659.15 1276.05 303.199 -0.633656   0.41088   179.394    1.78715  0.0492381 -0.0749896   0.0106977  0.00603868 0.000975592 -0.000510715 -0.000307019  -0.00106855  -1.1041 0.109218 0.113797   0.268171 -0.0777565   -9.80503  13097
               298.7 -1.41998 -13.2779  28.3761 1659.15 1276.05 303.198 -0.633646  0.411104   179.394    1.78714   0.049241 -0.0749875   0.00695301   0.00454964 -0.000451923  -0.00050961 -0.000318123  -0.00106961 -1.10301 0.109203 0.114155   0.268171 -0.0777584   -9.80503  13074
             298.799 -1.41207 -13.2832  28.3693 1659.15 1276.05 303.198 -0.633737  0.411619   179.395    1.78714  0.0492446 -0.0749855  0.00845511  0.00465944 -0.00159934 -0.000511088 -0.000321234   -0.0010693 -1.10253 0.109542 0.114686  0.268168 -0.077762  -9.80503  13111
             298.899 -1.40868 -13.2772  28.3671 1659.15 1276.05 303.198 -0.633842  0.411428   179.397    1.78714  0.0492503 -0.0749852    0.0116795  0.000693034 -0.000988704 -0.000509329 -0.000333949  -0.00107057 -1.10233  0.11011 0.114567   0.268166 -0.0777622   -9.80503  13088
                 299 -1.41575 -13.2774  28.3689 1659.15 1276.05 303.198 -0.633703  0.411157   179.395    1.78714  0.0492436 -0.0749849  0.00841872  0.00421504 -0.00171675 -0.000510869 -0.000343079  -0.00106605 -1.10198 0.109503 0.114363   0.268169 -0.0777599   -9.80503  13094
             299.099 -1.41667 -13.2719  28.3668 1659.15 1276.05 303.198 -0.633645  0.410489   179.395    1.78715   0.049241 -0.0749865  0.00484152  0.00417478 -0.00154823 -0.000507863 -0.000358117  -0.00106275 -1.10151 0.109378  0.11377    0.26817 -0.0777565   -9.80503  13077
             299.199 -1.41532 -13.2843  28.3761 1659.15 1276.05 303.198 -0.633675  0.410372   179.396   1.78715 0.0492436 -0.074986  0.00505192  0.00492289 -0.00118964 -0.000509442 -0.000357948  -0.00106825 -1.10123 0.109577 0.113717    0.26817 -0.0777564   -9.80503  13106
               299.3 -1.41127 -13.2796  28.3684 1659.15 1276.05 303.197 -0.633613  0.410491   179.394   1.78714 0.0492403 -0.074986  0.00783775    0.010196 -0.00182184 -0.000515248 -0.000365094  -0.00106153 -1.10142 0.109221 0.113796   0.268171 -0.0777563   -9.80503  13083
             299.399 -1.41223 -13.2739  28.3641 1659.15 1276.05 303.198 -0.633578  0.410177   179.394    1.78714  0.0492394 -0.0749856    0.0106732    0.0126825 -0.000932602 -0.000516579 -0.000372503  -0.00106204 -1.10178 0.109122 0.113245   0.268172 -0.0777543   -9.80503  13100
               299.5  -1.4157 -13.2836  28.3661 1659.15 1276.05 303.198  -0.6337 0.409645  179.397    1.78715  0.0492464 -0.0749858   0.00632181   0.00324615 -0.000416799 -0.000508654 -0.000386658  -0.00106886  -1.1006 0.109945 0.112934   0.268169 -0.0777537   -9.80503  13056
               299.6 -1.41865 -13.2705  28.3695 1659.15 1276.05 303.197 -0.633651  0.409404   179.397    1.78715  0.0492461 -0.0749884 0.000634793  0.00346984 -0.00122418 -0.000509152 -0.000405878  -0.00106953 -1.09969 0.109797  0.11293    0.26817 -0.0777526   -9.80503  13066
             299.699 -1.40937  -13.269  28.3635 1659.15 1276.05 303.198 -0.633597  0.409238   179.396   1.78715 0.0492447 -0.074988  0.00307538   0.0077322 0.000444789 -0.000514614 -0.000407319  -0.00106575 -1.10014 0.109559 0.112367   0.268171 -0.0777512   -9.80503  13074
             299.799 -1.41323 -13.2744   28.368 1659.15 1276.05 303.199 -0.633642  0.408994   179.397    1.78715  0.0492478 -0.0749879  0.0047906 0.00498927  0.0012349 -0.000511847  -0.00040988  -0.00107323 -1.10004 0.109903 0.111917    0.26817 -0.0777506   -9.80503  13059
             299.899 -1.41965 -13.2759  28.3604 1659.15 1276.05 303.199  -0.6336 0.408701  179.396    1.78715  0.0492448 -0.0749874 0.00227653 0.00665587  0.0019299 -0.000506741  -0.00041867  -0.00106592 -1.09964 0.109758 0.111488   0.268171 -0.0777491   -9.80503  13064
                 300    -1.41 -13.2736  28.3584 1659.15 1276.05   303.2 -0.633637  0.408885   179.397    1.78715  0.0492468 -0.0749872  0.0092825  0.0109669 0.00180365 -0.000512922 -0.000417388  -0.00106787 -1.10042 0.109902 0.111332 0.268171 -0.07775 -9.80503  13087
             300.099 -1.41222 -13.2765  28.3669 1659.15 1276.05 303.199 -0.63372 0.408612  179.399    1.78715   0.049254 -0.0749863 0.00751787 0.00317128 0.00200737 -0.000508398 -0.000424175  -0.00107486 -1.09943 0.110536 0.111495 0.268168 -0.07775 -9.80503  13117
             300.199 -1.41268 -13.2755   28.366 1659.15 1276.05 303.199 -0.633769   0.40876   179.399    1.78715  0.0492555 -0.0749863  0.0128043 0.00385196 0.00233534  -0.00050588 -0.000427033  -0.00107187 -1.09971 0.110757 0.111729   0.268167 -0.0777509   -9.80503  13101
               300.3 -1.41461 -13.2754  28.3655 1659.15 1276.05   303.2 -0.633698  0.408725   179.398    1.78715  0.0492519 -0.0749863  0.0123674 0.00883543 0.00208846 -0.000506927 -0.000433592  -0.00106844 -1.09972 0.110336  0.11153   0.268169 -0.0777501   -9.80503  13054
             300.399 -1.41263 -13.2813  28.3718 1659.15 1276.05   303.2 -0.63376   0.4087  179.399    1.78715  0.0492555 -0.0749861  0.0150857  0.0073571 0.00292239 -0.000508353 -0.000434625  -0.00107642 -1.09961 0.110737 0.111626   0.268168 -0.0777506   -9.80503  13092
               300.5 -1.40875 -13.2836  28.3657 1659.15 1276.05 303.199 -0.633727  0.408451   179.399    1.78715  0.0492531 -0.0749853  0.0102552 0.00523168 0.00154978 -0.000508804 -0.000445523  -0.00107257 -1.09864 0.110614 0.112057   0.268168 -0.0777494   -9.80503  13070
             300.598  -1.4128 -13.2709  28.3636 1659.15 1276.05 303.199 -0.633679  0.407998   179.399    1.78715  0.0492501 -0.0749906 -5.11681e-05   0.00162658  0.000946402 -0.000505716 -0.000470798   -0.0010726 -1.09724  0.11047 0.112053   0.268169 -0.0777473   -9.80503  13102
               300.7 -1.41315 -13.2731  28.3643 1659.15 1276.05 303.199 -0.633742   0.40786     179.4    1.78715  0.0492539 -0.0749918 0.000555557  -0.0014348  0.00102965 -0.000503683 -0.000480318  -0.00107578 -1.09683 0.110958 0.112049   0.268167 -0.0777475   -9.80503  13069
             300.799 -1.41324 -13.2757  28.3637 1659.15 1276.05 303.199 -0.633793  0.407796   179.401   1.78715 0.0492565 -0.074992  0.00221173 -0.00365044   0.0014551 -0.000503953 -0.000482653  -0.00107701 -1.09674 0.111318 0.111703   0.268166 -0.0777478   -9.80503  13070
             300.898 -1.41163 -13.2836  28.3652 1659.15 1276.05 303.199 -0.633753  0.407719   179.401    1.78715   0.049255 -0.0749914   0.00103872  -0.00360372 -8.70752e-06 -0.000511819 -0.000482187  -0.00107709 -1.09639  0.11111 0.112215   0.268167 -0.0777471   -9.80503  13087
                 301 -1.40383 -13.2841  28.3622 1659.15 1276.05 303.198 -0.633702  0.407834     179.4    1.78715  0.0492509 -0.0749924  0.00305011  0.00211747 -0.00103554 -0.000516402  -0.00048682  -0.00107652 -1.09663 0.110728 0.112728   0.268168 -0.0777469   -9.80503  13065
             301.099  -1.4114 -13.2875  28.3663 1659.15 1276.05 303.198 -0.633685  0.407762   179.399    1.78715  0.0492501 -0.0749923   0.00136762   0.00399486 -0.000515053 -0.000512899 -0.000491818  -0.00108114 -1.09643 0.110624  0.11255   0.268168 -0.0777465   -9.80503  13067
               301.2 -1.41014 -13.2771  28.3663 1659.15 1276.05 303.198 -0.633716  0.407673     179.4    1.78715  0.0492525 -0.0749932   0.00168936  0.000759123 -0.000925746 -0.000512757 -0.000504697  -0.00107906 -1.09614 0.110907 0.112668   0.268168 -0.0777465   -9.80503  13068
             301.299 -1.41457 -13.2845  28.3614 1659.15 1276.05 303.198 -0.633648  0.407619   179.399    1.78715  0.0492488 -0.0749925  0.000120425   0.00445638 -0.000971571 -0.000509133 -0.000509814   -0.0010741 -1.09597 0.110428 0.112597   0.268169 -0.0777457   -9.80503  13057
             301.402 -1.41249 -13.2836   28.369 1659.15 1276.05 303.197 -0.633631  0.407645   179.399    1.78715  0.0492479 -0.0749923  0.00110347  0.00768345 -0.00144686 -0.000510027  -0.00051369  -0.00108165 -1.09604 0.110302  0.11268    0.26817 -0.0777456   -9.80503  13083
             301.501 -1.40923 -13.2844  28.3672 1659.15 1276.05 303.197 -0.633681  0.407625     179.4    1.78715  0.0492504 -0.0749922  0.00283865  0.00568699 -0.00185347 -0.000511954 -0.000518524  -0.00108199   -1.096 0.110663 0.112529  0.268168 -0.077746  -9.80503  13076
               301.6 -1.40797 -13.2814  28.3672 1659.15 1276.05 303.197 -0.633641  0.407502   179.399    1.78715   0.049249 -0.0749929 0.000724346  0.00616265 -0.00222677 -0.000512515 -0.000526645  -0.00108092 -1.09558  0.11047 0.112797   0.268169 -0.0777452   -9.80503  13063
             301.702 -1.41227 -13.2826  28.3603 1659.15 1276.05 303.197 -0.633762  0.407687   179.401    1.78715  0.0492543 -0.0749934   0.00884792   0.00333863 -0.000240145 -0.000511451 -0.000531858  -0.00108212 -1.09622 0.111188 0.112185   0.268167 -0.0777471   -9.80503  13064
               301.8 -1.41318 -13.2818   28.362 1659.15 1276.05 303.198 -0.63378 0.407646  179.401    1.78715  0.0492546 -0.0749936   0.00876738    0.0033522 -0.000548449 -0.000511439  -0.00053837  -0.00108243  -1.0961 0.111299 0.111923   0.268166 -0.0777472   -9.80503  13089
             301.901 -1.41242 -13.2807  28.3564 1659.15 1276.05 303.198 -0.633778  0.407612   179.401    1.78715  0.0492536 -0.0749936   0.00761927   0.00425984 -0.000267334 -0.000512049 -0.000542281  -0.00107985 -1.09599 0.111235 0.111541   0.268166 -0.0777471   -9.80503  13093
             302.002 -1.41645 -13.2701  28.3563 1659.15 1276.05 303.199 -0.633789  0.407435   179.401    1.78715  0.0492522 -0.0749954  0.00349735 0.000878249 0.000253875 -0.000512692   -0.0005478  -0.00108025 -1.09539  0.11128 0.110787   0.268166 -0.0777466   -9.80503  13084
             302.102 -1.40921 -13.2836  28.3645 1659.15 1276.05 303.198 -0.633764  0.407375   179.401    1.78715  0.0492516 -0.0749952 0.00246122 0.00131105 0.00053303 -0.000515313  -0.00054213  -0.00108444 -1.09517  0.11116 0.110993   0.268167 -0.0777461   -9.80503  13056
             302.202 -1.4109 -13.286 28.3616 1659.15 1276.05 303.199 -0.633713  0.407521     179.4    1.78715  0.0492477 -0.0749965  0.00390076  0.00881036 0.000848373  -0.00050844 -0.000550238  -0.00108397 -1.09567 0.110606 0.110817   0.268168 -0.0777462   -9.80503  13080
             302.302 -1.40804 -13.2738  28.3607 1659.15 1276.05 303.199 -0.633714  0.407253     179.4    1.78715  0.0492489 -0.0749983 -0.00172752  0.00448421  0.00103268 -0.000513836 -0.000553594  -0.00108331 -1.09471  0.11075 0.110562   0.268168 -0.0777452   -9.80503  13095
               302.4 -1.40927   -13.28  28.3658 1659.15 1276.05 303.199 -0.633714  0.407169     179.4    1.78715  0.0492497 -0.0749983 -0.00238844  0.00322388  0.00174669 -0.000516732 -0.000549346  -0.00108873 -1.09441  0.11082 0.110573   0.268168 -0.0777449   -9.80503  13063
             302.501 -1.40713 -13.2795  28.3605 1659.15 1276.05 303.199 -0.633765  0.407247   179.401    1.78715  0.0492524 -0.0749979 0.00290564 0.00237636 0.00125037 -0.000520163 -0.000555245  -0.00108637  -1.0947 0.111272  0.11081   0.268167 -0.0777457   -9.80503  13088
               302.6 -1.41122 -13.2855  28.3604 1659.15 1276.05 303.199 -0.633824  0.407099   179.402    1.78715  0.0492563 -0.0749978 0.00210692 -0.0038131 0.00147761 -0.00051969 -0.00055226 -0.00108664 -1.09418 0.111926 0.110867   0.268165 -0.0777458   -9.80503  13098
             302.701 -1.40673 -13.2787  28.3574 1659.15 1276.05 303.199 -0.633861  0.407096   179.403    1.78715  0.0492585 -0.0749978  0.00513004 -0.00648802  0.00153789 -0.000523196 -0.000558519  -0.00108661 -1.09417 0.112308 0.111041   0.268164 -0.0777461   -9.80503  13073
             302.802 -1.41635 -13.2762  28.3565 1659.15 1276.05 303.198 -0.63382 0.407026  179.403    1.78715  0.0492563 -0.0749974  0.00286453 -0.00493517 0.000911481 -0.000517213 -0.000562709   -0.0010838  -1.0939 0.111971 0.111089   0.268165 -0.0777454   -9.80503  13039
             302.901 -1.41134 -13.2765  28.3635 1659.15 1276.05 303.199 -0.633882  0.406936   179.404    1.78715  0.0492605 -0.0749975 0.00309808 -0.0095306 0.00190632 -0.000520674  -0.00056642  -0.00108673 -1.09359 0.112575 0.110735   0.268164 -0.0777457   -9.80503  13073
             303.001 -1.41487 -13.2789   28.363 1659.15 1276.05 303.199 -0.633833  0.406958   179.403    1.78715   0.049258 -0.0749971   0.0032862 -0.00456664  0.00163089 -0.000516431 -0.000567979   -0.0010861 -1.09366 0.112117 0.110941   0.268165 -0.0777453   -9.80503  13063
             303.101 -1.41508 -13.2858  28.3648 1659.15 1276.05 303.199 -0.633783   0.40705   179.402    1.78715  0.0492545 -0.0749978 0.00409673 0.00105012 0.00172251 -0.000514642 -0.000571121  -0.00108547 -1.09399 0.111563 0.111004   0.268166 -0.0777451   -9.80503  13081
             303.201 -1.41917  -13.272  28.3624 1659.15 1276.05 303.199 -0.633792  0.407026   179.402    1.78715  0.0492553 -0.0749981  0.00466157 0.000306655  0.00210155 -0.000511881 -0.000586598  -0.00107921 -1.09389 0.111678 0.111047   0.268166 -0.0777452   -9.80503  13095
             303.301 -1.40784 -13.2802  28.3618 1659.15 1276.05 303.199 -0.633718  0.406999   179.401    1.78715  0.0492511 -0.0749998 0.00192282 0.00625726 0.00167338  -0.00051377 -0.000582935  -0.00107617 -1.09374 0.110944 0.111137   0.268168 -0.0777443   -9.80503  13072
             303.402  -1.4114 -13.2797  28.3626 1659.15 1276.05 303.199 -0.633756  0.406925   179.401    1.78715  0.0492533 -0.0749996 0.00174021 0.00254594 0.00166717 -0.000513864 -0.000585993  -0.00107462 -1.09346 0.111371 0.111011   0.268167 -0.0777444   -9.80503  13070
             303.502 -1.41392 -13.2744  28.3567 1659.15 1276.05 303.199 -0.63373 0.406883  179.401    1.78715  0.0492518 -0.0749997 0.000413144  0.00368507  0.00071435 -0.000511371 -0.000593899  -0.00106769 -1.09327 0.111142 0.111091  0.268167 -0.077744  -9.80503  13066
             303.602 -1.40948 -13.2791  28.3624 1659.15 1276.05 303.199 -0.633719  0.406872   179.401    1.78715  0.0492512 -0.0749996  0.00123629  0.00483716 0.000255275 -0.000512927 -0.000595415  -0.00106998 -1.09317 0.111126 0.111623   0.268167 -0.0777439   -9.80503  13050
             303.701 -1.41431   -13.28  28.3615 1659.15 1276.05 303.198 -0.633716  0.406732   179.401    1.78715  0.0492518 -0.0749999  -0.00179555   0.00281667 -0.000587343 -0.000510848 -0.000593214  -0.00106831 -1.09255 0.111221 0.111719   0.268167 -0.0777434   -9.80503  13093
               303.8 -1.40811 -13.2877  28.3638 1659.15 1276.05 303.197 -0.633706  0.406571   179.401    1.78715  0.0492524 -0.0749979 -0.00577356 0.000320933 -0.00172336 -0.000516838 -0.000587788  -0.00106977  -1.0918 0.111314 0.112226   0.268167 -0.0777428   -9.80503  13076
               303.9 -1.40323 -13.2805  28.3596 1659.15 1276.05 303.197 -0.633722  0.406639   179.402    1.78715  0.0492525 -0.0749974  -0.0021477  0.00125906 -0.00257755 -0.000521132    -0.000597  -0.00106649 -1.09209 0.111449 0.112492   0.268167 -0.0777432   -9.80503  13077
             304.003 -1.41376  -13.279  28.3695 1659.15 1276.05 303.196 -0.633663  0.406634   179.401    1.78715  0.0492494 -0.0749967 -0.00435872   0.0069982 -0.00287014 -0.000514458  -0.00060161  -0.00106776 -1.09205 0.110838 0.112504   0.268168 -0.0777426   -9.80503  13075
             304.102 -1.40928 -13.2832  28.3632 1659.15 1276.05 303.196 -0.633702   0.40671   179.401    1.78715  0.0492513 -0.0749969 -0.000395487   0.00667279  -0.00242433 -0.000517043 -0.000603712  -0.00106433 -1.09242 0.111191 0.112412   0.268167 -0.0777433   -9.80503  13082
             304.203 -1.40869 -13.2874  28.3613 1659.15 1276.05 303.196 -0.633755   0.40675   179.402    1.78715  0.0492543 -0.0749974  0.00453397  0.00317472 -0.00179542 -0.000518489 -0.000606702  -0.00106584 -1.09265 0.111749 0.112237   0.268166 -0.0777439   -9.80503  13076
             304.303 -1.41267 -13.2768  28.3586 1659.15 1276.05 303.197 -0.63378 0.406858  179.403   1.78715 0.0492553 -0.074997  0.00948491  0.00361414 -0.00177604 -0.000516719 -0.000620058  -0.00106203 -1.09324 0.111979 0.111656   0.268165 -0.0777446   -9.80503  13087
             304.403 -1.41283 -13.2878  28.3575 1659.15 1276.05 303.197 -0.633777  0.406801   179.403    1.78715   0.049255 -0.0749969  0.00739379  0.00327041 -0.00283352  -0.00051758 -0.000617108  -0.00106111 -1.09296 0.111976 0.111627   0.268165 -0.0777443   -9.80503  13078
             304.503 -1.40433 -13.2882  28.3567 1659.15 1276.05 303.196 -0.633709  0.406795   179.401    1.78715  0.0492517 -0.0749978   0.0034623   0.0106071 -0.00252375 -0.000514482 -0.000621407  -0.00106381  -1.0929 0.111229 0.111621   0.268167 -0.0777437   -9.80503  13080
             304.604 -1.40701 -13.2869  28.3533 1659.15 1276.05 303.196 -0.633713  0.406701   179.402    1.78715  0.0492519 -0.0749982 0.000375443  0.00775492 -0.00339179 -0.000512242 -0.000623407  -0.00106106 -1.09244 0.111343 0.111506   0.268167 -0.0777434   -9.80503  13064
             304.704  -1.4101 -13.2894  28.3535 1659.15 1276.05 303.197 -0.633742  0.406624   179.402    1.78715  0.0492538 -0.0749985 -0.00132174  0.00204041  -0.0026672  -0.00051142 -0.000620176  -0.00106119 -1.09212 0.111807 0.110815   0.268166 -0.0777435   -9.80503  13058
             304.803 -1.41124 -13.2831  28.3646 1659.15 1276.05 303.197 -0.633789  0.406607   179.403    1.78715  0.0492568 -0.0749989 0.000470725 -0.00274607 -0.00160823 -0.000517567 -0.000624958  -0.00106616 -1.09208 0.112435 0.110256   0.268165 -0.0777439   -9.80503  13041
             304.904 -1.41023 -13.2807   28.354 1659.15 1276.05 303.197 -0.633731  0.406537   179.402    1.78715  0.0492537 -0.0749992 -0.00504778 0.000454082 -0.00163118 -0.000508821 -0.000624039   -0.0010615 -1.09172 0.111838 0.109932   0.268166 -0.0777431   -9.80503  13026
             305.004  -1.4105 -13.2782  28.3545 1659.15 1276.05 303.198 -0.633751  0.406658   179.403    1.78715  0.0492545 -0.0749987   0.00136379  0.000276864 -0.000464676 -0.000513397 -0.000635561  -0.00105809  -1.0924 0.112061 0.109539   0.268165 -0.0777439   -9.80503  13030
             305.103 -1.40955 -13.2826  28.3567 1659.15 1276.05 303.198 -0.633808  0.406724   179.404    1.78715  0.0492574 -0.0749981  0.00768224 -0.00357812 0.000648389 -0.000516912 -0.000637682  -0.00105875 -1.09281 0.112766 0.109121   0.268164 -0.0777448   -9.80503  13024
             305.206 -1.41189 -13.2841  28.3628 1659.15 1276.05 303.198 -0.633738  0.406523   179.403    1.78715  0.0492564 -0.0749971  -0.00417297 -0.000830489  0.000220607 -0.000511324 -0.000636575  -0.00105711 -1.09171 0.112027  0.10934   0.268165 -0.0777433   -9.80503  13036
             305.296 -1.41062 -13.2847  28.3624 1659.15 1276.05 303.198 -0.633755  0.406605   179.403    1.78715  0.0492567 -0.0749975   0.00132084 -0.000365511  0.000498694 -0.000515254 -0.000637732    -0.001057 -1.09214  0.11218 0.109437   0.268165 -0.0777438   -9.80503  13043
             305.396 -1.40641 -13.2855  28.3609 1659.15 1276.05 303.197 -0.633755  0.406657   179.403    1.78715  0.0492561 -0.0749977  0.00460617 0.000115262 0.000924769 -0.000520011 -0.000638542  -0.00105523 -1.09239 0.112144 0.109752   0.268165 -0.0777439   -9.80503  13012
             305.497  -1.4112 -13.2859  28.3603 1659.15 1276.05 303.197 -0.633742  0.406573   179.403    1.78715  0.0492551 -0.0749976   0.00026304 -0.000270478  0.000429604 -0.000515177 -0.000641351  -0.00105356 -1.09195 0.111975 0.109576   0.268166 -0.0777435   -9.80503  12998
             305.595 -1.40776 -13.2836  28.3522 1659.15 1276.05 303.199 -0.633768  0.406732   179.403    1.78715  0.0492579 -0.0749969 0.00790563 0.00362718 0.00376633 -0.000512843 -0.000640171  -0.00104518 -1.09288 0.112158 0.109027   0.268165 -0.0777445   -9.80503  13017
             305.697  -1.4055 -13.2851  28.3584 1659.15 1276.05 303.198 -0.633756  0.406572   179.403    1.78715  0.0492585 -0.0749973  0.00329462 -0.00125011  0.00260562 -0.000513407 -0.000647546  -0.00104682 -1.09195 0.112272 0.109495   0.268165 -0.0777437   -9.80503  12971
             305.795 -1.41359 -13.2811  28.3559 1659.15 1276.05 303.198 -0.63377 0.406552  179.403   1.78715 0.0492601 -0.074998  0.00444259 -0.00424658  0.00269231 -0.000504575 -0.000656814  -0.00104498 -1.09183 0.112582 0.109637   0.268165 -0.0777438   -9.80503  12968
             305.895 -1.41739 -13.2805   28.359 1659.15 1276.05 303.198 -0.633776  0.406502   179.404    1.78715   0.049261 -0.0749985  0.00396311 -0.00662907  0.00374532  -0.00049873 -0.000664504  -0.00104886 -1.09154  0.11275 0.109643   0.268164 -0.0777437   -9.80503  12968
             305.996 -1.40765  -13.283  28.3578 1659.15 1276.05 303.198 -0.633732  0.406562   179.403    1.78715  0.0492579 -0.0749998 0.00462634 0.00174095 0.00250037 -0.000516694 -0.000659432  -0.00104283 -1.09181  0.11207 0.109965   0.268165 -0.0777434   -9.80503  12951
             306.095 -1.40899 -13.2825  28.3614 1659.15 1276.05 303.197 -0.633719  0.406359   179.403    1.78715  0.0492601 -0.0749995 -0.00365501 -0.00673195  0.00142983  -0.00051158 -0.000677783  -0.00104718 -1.09055 0.112439 0.110552   0.268165 -0.0777426   -9.80503  12963
             306.196 -1.41483 -13.2834  28.3585 1659.15 1276.05 303.198 -0.633699  0.406417   179.403   1.78715 0.0492589 -0.074999 -0.00130241 -0.00350593  0.00210746 -0.000515944 -0.000676585  -0.00104695 -1.09087 0.112062 0.110632   0.268166 -0.0777426   -9.80503  12923
             306.296 -1.40407 -13.2818  28.3614 1659.15 1276.05 303.197 -0.633678  0.406447   179.403    1.78715  0.0492573 -0.0749992  0.00272258 -0.00182007  0.00205094 -0.000521096 -0.000675273  -0.00104863 -1.09097 0.111934 0.111112   0.268166 -0.0777426   -9.80503  12930
             306.396 -1.40873 -13.2781  28.3642 1659.15 1276.05 303.197 -0.633657  0.406515   179.402    1.78715  0.0492553 -0.0749987 0.00250926 0.00615712  0.0021754 -0.000521758 -0.000677623  -0.00104508 -1.09138  0.11145 0.111111   0.268167 -0.0777426   -9.80503  12891
             306.496 -1.40876  -13.275  28.3571 1659.15 1276.05 303.198 -0.633703  0.406555   179.402    1.78715  0.0492567 -0.0749986 0.00512957 0.00502788 0.00261857 -0.000517854 -0.000682223  -0.00104476 -1.09174 0.111851 0.110494   0.268166 -0.0777431   -9.80503  12900
             306.595 -1.41196  -13.286  28.3643 1659.15 1276.05 303.198 -0.633692   0.40645   179.403   1.78715 0.0492581 -0.074997 0.00395233 0.00176091 0.00223051 -0.000518856   -0.0006875  -0.00104761 -1.09103 0.111993 0.110829   0.268166 -0.0777426   -9.80503  12906
             306.696 -1.41107 -13.2856  28.3704 1659.15 1276.05 303.198 -0.633667  0.406429   179.402    1.78715   0.049257 -0.0749969   0.00199168 -0.000562389   0.00202588 -0.000522728  -0.00068948  -0.00104829 -1.09089 0.111631 0.110837   0.268166 -0.0777423   -9.80503  12895
             306.796 -1.40352 -13.2817  28.3619 1659.15 1276.05 303.198 -0.633657  0.406379   179.402   1.78715 0.0492562 -0.074997 -0.000824151  0.000269343  0.000725657 -0.000525277 -0.000701119  -0.00104335 -1.09051 0.111653 0.111117   0.268166 -0.0777421   -9.80503  12907
             306.896 -1.40833 -13.2856  28.3592 1659.15 1276.05 303.198 -0.633661  0.406353   179.403    1.78715  0.0492569 -0.0749971 -0.00204263  0.00189952 0.000419654 -0.000521711 -0.000705505  -0.00104152 -1.09029 0.111885 0.111409   0.268166 -0.0777421   -9.80503  12939
             306.996 -1.41026 -13.2831  28.3572 1659.15 1276.05 303.198 -0.633664  0.406377   179.403    1.78715  0.0492566 -0.0749969 -0.00029868  0.00108714 0.000478508 -0.000525528   -0.0007105  -0.00103698  -1.0905 0.111839 0.111151   0.268166 -0.0777422   -9.80503  12916
             307.095 -1.40743 -13.2816  28.3571 1659.15 1276.05 303.197 -0.633653  0.406351   179.403    1.78715  0.0492565 -0.0749971   -0.0010568  -0.00275395 -0.000281534 -0.000529436   -0.0007204  -0.00103664 -1.09026 0.111776 0.111463   0.268166 -0.0777421   -9.80503  12884
             307.197 -1.40789 -13.2794  28.3607 1659.15 1276.05 303.197 -0.633641  0.406291   179.402    1.78715   0.049256 -0.0749976  -0.00495431  -0.00166271 -0.000192494 -0.000529442 -0.000731059  -0.00103916 -1.08985 0.111561 0.111253   0.268167 -0.0777417   -9.80503  12955
             307.295  -1.4047 -13.2797  28.3577 1659.15 1276.05 303.197 -0.633659  0.406251   179.403    1.78715  0.0492571 -0.0749975  -0.00611354  -0.00124308 -2.23168e-05 -0.000527405 -0.000737364  -0.00103935 -1.08958 0.111921 0.111215   0.268166 -0.0777418   -9.80503  12933
             307.396 -1.40954 -13.2753  28.3602 1659.15 1276.05 303.197 -0.633662   0.40639   179.402    1.78715  0.0492561 -0.0749961  0.000525194   0.00265297 -0.000122333 -0.000530123 -0.000734199    -0.001041 -1.09058 0.111758 0.111359   0.268166 -0.0777423   -9.80503  12933
             307.497 -1.40659 -13.2751  28.3559 1659.15 1276.05 303.198 -0.633669  0.406435   179.403   1.78715 0.0492566 -0.074996   0.00502376   0.00136276 -1.21644e-06 -0.000530477   -0.0007321  -0.00104341 -1.09091 0.111849 0.111281   0.268166 -0.0777425   -9.80503  12950
             307.595 -1.40842 -13.2866  28.3592 1659.15 1276.05 303.197 -0.633667  0.406383   179.403    1.78715   0.049257 -0.0749951    0.003927  0.00022238 0.000422497 -0.000528101 -0.000730505  -0.00104475 -1.09052 0.111904 0.111613   0.268166 -0.0777423   -9.80503  12918
             307.699 -1.40541 -13.2809  28.3615 1659.15 1276.05 303.197 -0.633682  0.406365   179.403    1.78715  0.0492581 -0.0749948    0.0022775 -0.000631629 -0.000630463 -0.000526665 -0.000738116  -0.00104481 -1.09041 0.112217 0.111578   0.268166 -0.0777424   -9.80503  12940
             307.797 -1.41155 -13.2784  28.3557 1659.15 1276.05 303.197 -0.633659  0.406336   179.403    1.78715  0.0492566 -0.0749944 -0.000620317    0.0025879  -0.00141864 -0.000530173 -0.000748728   -0.0010417 -1.09018 0.111805 0.111472  0.268166 -0.077742  -9.80503  12931
             307.899 -1.41709 -13.2754   28.357 1659.15 1276.05 303.197 -0.633658  0.406297   179.403    1.78715  0.0492553 -0.0749951 -0.000684167  -0.00137555  0.000544504 -0.000525649 -0.000756771  -0.00104472 -1.08991 0.111878 0.110948   0.268166 -0.0777418   -9.80503  12951
             307.999 -1.40739 -13.2716  28.3586 1659.15 1276.05 303.197 -0.633646  0.406334   179.402    1.78715  0.0492541 -0.0749951 -0.000707494      0.00207  0.000668191  -0.00053298 -0.000755025  -0.00104495 -1.09018 0.111583 0.111092   0.268166 -0.0777418   -9.80503  12956
             308.097 -1.40704 -13.2835  28.3691 1659.14 1276.05 303.197 -0.633607  0.406292   179.402    1.78715  0.0492523 -0.0749958 -0.00711877  0.00809406 -0.00127549 -0.000545167 -0.000754381    -0.001045  -1.0898 0.110804 0.111392   0.268167 -0.0777413   -9.80503  12931
             308.199 -1.40774 -13.2792   28.356 1659.15 1276.05 303.197 -0.633618  0.406408   179.402    1.78715  0.0492546 -0.0749962  0.000943297    0.0114928 -0.000412285 -0.000541831 -0.000745182  -0.00103968 -1.09073 0.111044 0.111182   0.268167 -0.0777419   -9.80503  12924
             308.298 -1.41043  -13.275    28.36 1659.15 1276.05 303.197 -0.633667  0.406331   179.403    1.78715  0.0492574 -0.0749978   0.0013253 -0.00130901 2.91794e-05 -0.000527193 -0.000759802  -0.00104669 -1.09015 0.112191 0.110855   0.268166 -0.0777421   -9.80503  12937
             308.399 -1.40997 -13.2756  28.3592 1659.15 1276.05 303.198 -0.633664  0.406353   179.403    1.78715  0.0492576 -0.0749978  0.00288869 -0.00293953 0.000828876 -0.000525054 -0.000761937  -0.00104629 -1.09035 0.112231  0.11035   0.268166 -0.0777422   -9.80503  12915
             308.499 -1.40929 -13.2745  28.3594 1659.15 1276.05 303.198 -0.633666  0.406381   179.403    1.78715  0.0492576 -0.0749976  0.00430839 0.000524273  0.00149947 -0.000526478 -0.000760213  -0.00104403 -1.09059 0.112253 0.110294   0.268166 -0.0777423   -9.80503  12948
             308.599 -1.40957  -13.281   28.356 1659.15 1276.05 303.198 -0.633644  0.406369   179.403    1.78715  0.0492565 -0.0749974 0.00155516 0.00511929 0.00202134 -0.000532925 -0.000758449  -0.00103922  -1.0905 0.111864 0.110085  0.268166 -0.077742  -9.80503  12949
             308.699 -1.41176 -13.2778  28.3575 1659.15 1276.05 303.198 -0.633677  0.406286   179.403    1.78715  0.0492587 -0.0749983 0.000754602 -0.00557517 0.000845548 -0.000522748 -0.000772694  -0.00104216  -1.0898 0.112625 0.110211   0.268166 -0.0777421   -9.80503  12933
             308.798 -1.41318 -13.2803  28.3579 1659.15 1276.05 303.198 -0.63368 0.406323  179.403    1.78715  0.0492588 -0.0749985  0.00447997 -0.00607352 0.000717636 -0.000518865 -0.000769476  -0.00104062 -1.09011 0.112657 0.110262   0.268166 -0.0777422   -9.80503  12939
             308.898 -1.40691 -13.2773  28.3599 1659.15 1276.05 303.198 -0.633681  0.406279   179.403    1.78715  0.0492591 -0.0749985  0.00121637 -0.00674514  0.00150443 -0.000518192 -0.000781404  -0.00103975 -1.08973 0.112714   0.1103   0.268166 -0.0777421   -9.80503  12931
                 309 -1.40704 -13.2771  28.3559 1659.15 1276.05 303.198 -0.633667  0.406295   179.403    1.78715  0.0492585 -0.0749985  0.000283595  -0.00176428 -0.000338291 -0.000524332 -0.000783544  -0.00103481 -1.08986 0.112384 0.110251  0.268166 -0.077742  -9.80503  12916
               309.1 -1.41831 -13.2734  28.3604 1659.15 1276.05 303.198 -0.633668  0.406238   179.403    1.78715  0.0492585 -0.0749996 -0.00243181 -0.00589114 0.000417742 -0.000517846 -0.000797585  -0.00103824 -1.08935 0.112484 0.110042   0.268166 -0.0777418   -9.80503  12919
               309.2 -1.40696 -13.2784  28.3577 1659.15 1276.05 303.198 -0.633654  0.406344   179.403    1.78715  0.0492572 -0.0750005   0.0035151 0.000832239 0.000402207 -0.000530756 -0.000787153  -0.00103423 -1.09024 0.112041 0.110335  0.268166 -0.077742  -9.80503  12924
             309.299 -1.40913 -13.2792   28.364 1659.15 1276.05 303.198 -0.633663  0.406287   179.403    1.78715  0.0492582 -0.0749999 0.000705794 -0.00228503 0.000229868 -0.000524255 -0.000794658  -0.00103722 -1.08973 0.112329 0.110476   0.268166 -0.0777419   -9.80503  12932
               309.4 -1.41039 -13.2816  28.3615 1659.15 1276.05 303.198 -0.633644  0.406346   179.403    1.78715  0.0492569 -0.0750003  0.00362414  0.00257201 0.000175891 -0.000530608 -0.000790828  -0.00103417 -1.09023 0.111801 0.110641  0.268166 -0.077742  -9.80503  12958
               309.5  -1.4026 -13.2768  28.3609 1659.15 1276.05 303.197 -0.63363 0.406323  179.402    1.78715  0.0492552 -0.0750008  0.00199434  0.00260595 -0.00145664  -0.00053659 -0.000795296  -0.00103306 -1.08995 0.111561 0.111064   0.268167 -0.0777418   -9.80503  12918
             309.599 -1.40443  -13.283   28.358 1659.15 1276.05 303.197 -0.633629  0.406323   179.402    1.78715  0.0492552 -0.0750008 0.000124201  0.00608144  -0.0010448 -0.000533767 -0.000794438  -0.00102952 -1.08995 0.111522 0.111001   0.268167 -0.0777418   -9.80503  12948
             309.699 -1.40925 -13.2767  28.3521 1659.15 1276.05 303.197 -0.633628  0.406286   179.402    1.78715  0.0492538 -0.0750011 -0.00192775  0.00455183 -0.00100924 -0.000532482 -0.000802357  -0.00102805 -1.08963 0.111451 0.110659   0.268167 -0.0777416   -9.80503  12943
             309.799 -1.41424 -13.2767  28.3633 1659.15 1276.05 303.197 -0.633628  0.406294   179.402    1.78715  0.0492533 -0.0750009 -0.000556794   0.00390001 -0.000909626 -0.000530241 -0.000803781  -0.00103352 -1.08973 0.111402 0.110539   0.268167 -0.0777416   -9.80503  12922
               309.9 -1.41175 -13.2725  28.3587 1659.15 1276.05 303.197 -0.633668  0.406213   179.403    1.78715  0.0492553 -0.0750028  -0.00264469  -0.00594656 -0.000382204 -0.000524293 -0.000815186  -0.00103298 -1.08895  0.11241 0.110244   0.268166 -0.0777416   -9.80503  12965
                 310 -1.41042 -13.2821   28.359 1659.15 1276.05 303.197 -0.63365 0.406274  179.403    1.78715   0.049254 -0.0750039  -0.00153775   0.00150466 -0.000523395  -0.00052912 -0.000809104  -0.00103306 -1.08953 0.111832  0.11025   0.268166 -0.0777417   -9.80503  12943
             310.098 -1.40944 -13.2827  28.3553 1659.15 1276.05 303.197 -0.633651  0.406258   179.403    1.78715  0.0492541 -0.0750037   -0.0022043 -0.000510955  0.000116236 -0.000525971 -0.000808277  -0.00102929 -1.08937 0.111902 0.110261   0.268166 -0.0777416   -9.80503  12918
               310.2 -1.40999 -13.2771  28.3578 1659.15 1276.05 303.197 -0.633661  0.406266   179.403    1.78715  0.0492547 -0.0750035 0.000843894 -0.00301699 0.000274725 -0.000519143 -0.000811124  -0.00103283 -1.08946 0.112163 0.110293   0.268166 -0.0777417   -9.80503  12929
             310.299 -1.41111 -13.2725  28.3596 1659.15 1276.05 303.198 -0.633653  0.406256   179.403    1.78715   0.049254 -0.0750036 -0.00303651  0.00112216 -0.00013924 -0.000524451 -0.000819406  -0.00103455 -1.08937 0.111886 0.110034   0.268166 -0.0777416   -9.80503  12940
             310.399 -1.40995 -13.2844  28.3584 1659.15 1276.05 303.197 -0.633662  0.406251   179.403    1.78715  0.0492545 -0.0750033  -0.00190457 -0.000730381  0.000111479 -0.000525531 -0.000817575  -0.00103459 -1.08929 0.112146 0.110413   0.268166 -0.0777416   -9.80503  12913
               310.5 -1.41983 -13.2755  28.3532 1659.15 1276.05 303.197 -0.633664   0.40625   179.403    1.78715  0.0492541 -0.0750033 -0.00018212 -0.00373636 0.000149876 -0.000520578 -0.000825255  -0.00102886 -1.08929  0.11217 0.110279   0.268166 -0.0777416   -9.80503  12944
             310.598 -1.41078  -13.276  28.3593 1659.15 1276.05 303.197 -0.633668  0.406271   179.403    1.78715   0.049254 -0.0750032   0.00139543  -0.00170328 -0.000717497 -0.000525979  -0.00082507  -0.00103021 -1.08947 0.112296 0.110664   0.268166 -0.0777418   -9.80503  12941
             310.699 -1.40773 -13.2791  28.3593 1659.14 1276.05 303.197 -0.633652  0.406236   179.403    1.78715  0.0492537 -0.0750036  -0.00293649   0.00138989 -0.000556705 -0.000530081 -0.000826831  -0.00103095  -1.0891 0.111912 0.110545   0.268166 -0.0777415   -9.80503  12964
             310.799 -1.41161 -13.2746  28.3538 1659.15 1276.05 303.197 -0.633648  0.406289   179.403   1.78715  0.049254 -0.075003   0.00141283   0.00333417 -0.000163659 -0.000529055 -0.000826161  -0.00102608 -1.08973  0.11176  0.11024   0.268166 -0.0777416   -9.80503  12922
               310.9 -1.40829 -13.2752   28.362 1659.15 1276.05 303.197 -0.633671  0.406335   179.403    1.78715  0.0492546 -0.0750021  0.00840105 0.000404953  0.00030479 -0.000527414 -0.000822753  -0.00103363 -1.09028 0.112346  0.11024  0.268166 -0.077742  -9.80503  12904
                 311 -1.40973 -13.2776  28.3617 1659.15 1276.05 303.197 -0.633666   0.40632   179.403    1.78715  0.0492544 -0.0750019  0.00694076  0.00166728 0.000159077 -0.000525801  -0.00082478  -0.00103442 -1.09008 0.112211 0.110433   0.268166 -0.0777419   -9.80503  12937
             311.099 -1.40946 -13.2686  28.3586 1659.15 1276.05 303.197 -0.633682  0.406255   179.403    1.78715  0.0492553 -0.0750036  0.00265905 -0.00397534 0.000996856  -0.00052314 -0.000839236  -0.00103507  -1.0894 0.112779  0.10988   0.268166 -0.0777417   -9.80503  12912
               311.2 -1.41152  -13.276   28.358 1659.15 1276.05 303.198 -0.633681  0.406295   179.403   1.78714 0.0492554 -0.075004  0.00734142 -0.00340117  0.00153658 -0.000522505 -0.000831373  -0.00103335 -1.08988 0.112717 0.109713   0.268166 -0.0777419   -9.80503  12941
               311.3 -1.41061 -13.2857  28.3602 1659.15 1276.05 303.198 -0.633675  0.406287   179.403    1.78714   0.049255 -0.0750035  0.00708984 -0.00354537  0.00161711 -0.000522708 -0.000831331  -0.00103369 -1.08973 0.112572 0.110013   0.268166 -0.0777418   -9.80503  12968
               311.4 -1.41307 -13.2829   28.359 1659.15 1276.05 303.198 -0.633669  0.406287   179.403    1.78714  0.0492548 -0.0750033   0.00533425 -0.000730443   0.00115978 -0.000520731 -0.000835338  -0.00103399  -1.0897 0.112389 0.110122   0.268166 -0.0777417   -9.80503  12920
             311.502  -1.4082 -13.2814  28.3641 1659.15 1276.05 303.198 -0.633664  0.406301   179.403    1.78714  0.0492542 -0.0750034 0.00550887 0.00209004 0.00130165 -0.000527771  -0.00083557  -0.00103415 -1.08986  0.11219 0.110141   0.268166 -0.0777417   -9.80503  12922
               311.6 -1.40547 -13.2727  28.3566 1659.15 1276.05 303.198 -0.633661  0.406314   179.403    1.78714  0.0492542 -0.0750031  0.0067921 0.00270143 0.00198569 -0.000529633 -0.000840546  -0.00103135 -1.09002 0.112069 0.110167   0.268166 -0.0777417   -9.80503  12910
             311.701 -1.41694 -13.2829  28.3619 1659.15 1276.05 303.198 -0.63365 0.406311  179.403    1.78714  0.0492532 -0.0750023 0.00548745 0.00512413 0.00167816 -0.000522493 -0.000836897  -0.00103451    -1.09 0.111649 0.110087   0.268166 -0.0777416   -9.80503  12901
             311.802 -1.40771 -13.2826  28.3536 1659.15 1276.05 303.198 -0.633639  0.406271   179.402    1.78714  0.0492518 -0.0750023 -0.000519984    0.0084101   0.00184394  -0.00052767 -0.000840159  -0.00102876 -1.08954 0.111203 0.109853   0.268167 -0.0777413   -9.80503  12933
               311.9 -1.41217  -13.277  28.3603 1659.15 1276.05 303.198 -0.633658  0.406249   179.403    1.78714  0.0492535 -0.0750027 0.000366708  0.00281472  0.00173068 -0.000529176 -0.000846661  -0.00103216 -1.08925 0.111949 0.109949   0.268166 -0.0777414   -9.80503  12937
             312.001 -1.40924 -13.2823  28.3626 1659.15 1276.05 303.198 -0.633652  0.406225   179.403    1.78714  0.0492537 -0.0750026 -0.0017865 0.00105872  0.0012913 -0.000532764 -0.000840379  -0.00103304 -1.08891 0.111817 0.110069   0.268166 -0.0777413   -9.80503  12927
               312.1 -1.40931 -13.2855  28.3577 1659.15 1276.05 303.198 -0.633661  0.406217   179.403    1.78714  0.0492541 -0.0750024 -0.000940166  -0.00257596   0.00111437 -0.000531635 -0.000838985  -0.00103075 -1.08874 0.112132 0.110382   0.268166 -0.0777413   -9.80503  12944
             312.201 -1.40323 -13.2822  28.3591 1659.15 1276.05 303.198 -0.633663  0.406214   179.403    1.78714   0.049254 -0.0750023 -0.00122317 -0.00188214 0.000748239 -0.000535017 -0.000842252  -0.00103198 -1.08868 0.112226 0.110515   0.268166 -0.0777413   -9.80503  12937
               312.3 -1.40983 -13.2699  28.3586 1659.15 1276.05 303.197 -0.633647   0.40617   179.403    1.78714   0.049253 -0.0750042 -0.00884958 -0.00077627 8.80047e-05 -0.000528288 -0.000849643  -0.00103481 -1.08803 0.111676 0.110499  0.268167 -0.077741  -9.80503  12896
             312.401 -1.41767 -13.2783  28.3615 1659.15 1276.05 303.198 -0.633658  0.406189   179.403    1.78714  0.0492533 -0.0750049 -0.00467787 -0.00266086  0.00142245 -0.000524867 -0.000846466  -0.00103798 -1.08829 0.112056  0.11039   0.268166 -0.0777412   -9.80503  12938
             312.501 -1.40771  -13.278  28.3549 1659.15 1276.05 303.198 -0.633658  0.406226   179.403    1.78714  0.0492538 -0.0750051 -0.000505271  -0.00269791  0.000869764 -0.000527729 -0.000847613  -0.00103665 -1.08878 0.112034 0.110408   0.268166 -0.0777413   -9.80503  12894
               312.6 -1.40669 -13.2722  28.3547 1659.15 1276.05 303.198 -0.633663  0.406263   179.403    1.78714  0.0492542 -0.0750046   0.00277827 -0.000996649  0.000621857 -0.000527753 -0.000853274  -0.00103628 -1.08929 0.112255 0.110549   0.268166 -0.0777415   -9.80503  12929
             312.703 -1.40915 -13.2739  28.3532 1659.15 1276.05 303.198 -0.633649  0.406257   179.403    1.78714  0.0492532 -0.0750043 -0.00143303  0.00604611  0.00198779 -0.000528108 -0.000857241  -0.00103448 -1.08923 0.111722  0.11017   0.268166 -0.0777414   -9.80503  12917
             312.802 -1.41641 -13.2782  28.3612 1659.15 1276.05 303.199 -0.633651  0.406217   179.403   1.78714 0.0492544 -0.075004  -0.0039926 -0.00110608  0.00127731 -0.000527528 -0.000855853  -0.00103797  -1.0887  0.11203 0.110063   0.268166 -0.0777412   -9.80503  12929
             312.901 -1.41496 -13.2819  28.3645 1659.15 1276.05 303.198 -0.633652  0.406229   179.403    1.78714  0.0492542 -0.0750043 -0.00268177 -0.00208035 6.63545e-05 -0.000525786 -0.000855195  -0.00103936 -1.08886 0.111933 0.110513   0.268166 -0.0777412   -9.80503  12912
             313.002 -1.41597 -13.2803  28.3584 1659.15 1276.05 303.198 -0.633654  0.406264   179.403    1.78714  0.0492552 -0.0750045 0.00689668 0.00211123 0.00149313 -0.000524026 -0.000864844  -0.00103614 -1.08938 0.112134 0.110839   0.268166 -0.0777414   -9.80503  12930
             313.101 -1.40673 -13.2801  28.3534 1659.15 1276.05 303.198 -0.633654  0.406275   179.403    1.78714   0.049255 -0.0750045  0.00452568  0.00539915 0.000804087 -0.000529159 -0.000867902  -0.00103539 -1.08952 0.112118  0.11102   0.268166 -0.0777415   -9.80503  12928
             313.202 -1.40878 -13.2785  28.3543 1659.15 1276.05 303.198 -0.633661  0.406269   179.403    1.78714  0.0492556 -0.0750045   0.00250366 -0.000154131  -0.00105844 -0.000536605 -0.000868851  -0.00103773 -1.08944 0.112527 0.110875   0.268166 -0.0777415   -9.80503  12893
             313.301  -1.4124 -13.2835    28.36 1659.15 1276.05 303.198 -0.633662   0.40626   179.403    1.78714  0.0492556 -0.0750043  0.00627414  -0.0019868 0.000747075 -0.000533432 -0.000868092  -0.00104112 -1.08932 0.112452 0.111072   0.268166 -0.0777415   -9.80503  12898
             313.401 -1.40837 -13.2718  28.3556 1659.15 1276.05 303.198 -0.63366 0.406201  179.403    1.78714  0.0492553 -0.0750073 7.51515e-05 -0.00377952 0.000143402 -0.000534195 -0.000860496  -0.00103883 -1.08835 0.112428  0.11106   0.268166 -0.0777412   -9.80503  12907
             313.503 -1.40782 -13.2786  28.3614 1659.15 1276.05 303.197 -0.633671  0.406218   179.403    1.78714  0.0492548 -0.0750071  -0.0012327 -0.00707832 -0.00250949 -0.000534208 -0.000864209  -0.00104313  -1.0886 0.112723 0.111462   0.268166 -0.0777413   -9.80503  12922
             313.602 -1.40403 -13.2794   28.359 1659.15 1276.05 303.197 -0.633662  0.406214   179.403    1.78714  0.0492548 -0.0750074 -0.00206239 -0.00404919 -0.00157235 -0.000528894 -0.000868069  -0.00104204 -1.08851 0.112388 0.111291   0.268166 -0.0777412   -9.80503  12887
             313.701 -1.41083 -13.2802  28.3589 1659.15 1276.05 303.197 -0.63365 0.406253  179.403    1.78714  0.0492545 -0.0750067   0.00341218   0.00284176 -0.000413094 -0.000518019 -0.000872813  -0.00104552 -1.08916 0.111933 0.111138   0.268166 -0.0777413   -9.80503  12915
             313.802 -1.40189 -13.2788  28.3551 1659.15 1276.05 303.197 -0.633638  0.406238   179.403    1.78714   0.049254 -0.0750071 -0.00547042  0.00617597 -0.00201378  -0.00051756 -0.000870142  -0.00104026 -1.08889 0.111489 0.110997   0.268167 -0.0777411   -9.80503  12928
             313.903 -1.41084 -13.2834  28.3567 1659.15 1276.05 303.197 -0.633628  0.406244   179.402    1.78714  0.0492533 -0.0750068  -0.0056353  0.00853778 -0.00240271 -0.000520006 -0.000870665  -0.00104333 -1.08898 0.111265 0.110715   0.268167 -0.0777411   -9.80503  12920
             314.003 -1.41105 -13.2811  28.3665 1659.15 1276.05 303.197 -0.633642  0.406207   179.403    1.78714  0.0492558 -0.0750072 -0.00393559 -0.00388756 -0.00180311 -0.000524739 -0.000865464  -0.00104793 -1.08832  0.11192 0.110713  0.268167 -0.077741  -9.80503  12913
             314.101 -1.40922 -13.2786    28.36 1659.15 1276.05 303.197 -0.633638  0.406213   179.403    1.78714  0.0492556 -0.0750071 -0.00701477 -0.00093416 -0.00213106 -0.000521545 -0.000867003  -0.00104326 -1.08842 0.111767  0.11052  0.268167 -0.077741  -9.80503  12894
             314.203 -1.40826 -13.2731   28.356 1659.14 1276.05 303.197 -0.633646  0.406192   179.403    1.78714  0.0492555 -0.0750076  -0.0120601 -0.00249211 -0.00191439 -0.000524812 -0.000870002  -0.00103834 -1.08802 0.112087 0.110181   0.268166 -0.0777411   -9.80503  12897
             314.302 -1.40319 -13.2816  28.3551 1659.14 1276.05 303.197 -0.633643  0.406238   179.403    1.78714  0.0492562 -0.0750084 -0.00389518  0.00138725 -0.00105429 -0.000527739 -0.000874209  -0.00103724 -1.08879 0.111907  0.11022   0.268167 -0.0777412   -9.80503  12945
             314.401 -1.41577 -13.2774  28.3643 1659.15 1276.05 303.197 -0.633647  0.406248   179.403    1.78714  0.0492557 -0.0750085  -0.00163933 -0.000495022  -0.00098295 -0.000521421 -0.000875714  -0.00104372 -1.08896    0.112 0.110109   0.268166 -0.0777413   -9.80503  12923
             314.502 -1.40282 -13.2783  28.3591 1659.14 1276.05 303.197 -0.633649  0.406244   179.403    1.78714   0.049256 -0.0750082  -0.00527114 -0.000764998  -0.00226413 -0.000525909 -0.000878898  -0.00103723 -1.08891 0.112148 0.110017   0.268166 -0.0777413   -9.80503  12908
             314.601 -1.40944 -13.2691  28.3561 1659.15 1276.05 303.197 -0.633656  0.406263   179.403    1.78714  0.0492564 -0.0750077  -0.00164467  0.000460263 -0.000134159 -0.000526779 -0.000890911  -0.00103605 -1.08925  0.11253 0.109667   0.268166 -0.0777415   -9.80503  12911
             314.702 -1.40615 -13.2759  28.3577 1659.15 1276.05 303.197 -0.633652   0.40631   179.403    1.78714  0.0492564 -0.0750084 0.00538337 0.00369785  0.0013125 -0.000528742 -0.000896747  -0.00103788 -1.09004 0.112247 0.109551   0.268166 -0.0777416   -9.80503  12947
             314.801    -1.41 -13.2807  28.3627 1659.15 1276.05 303.197 -0.633655  0.406318   179.403    1.78714  0.0492564 -0.0750088  0.00712049  0.00161734 0.000621711 -0.000524653 -0.000898381  -0.00103914 -1.09018 0.112308 0.109626   0.268166 -0.0777417   -9.80503  12896
             314.903 -1.41367 -13.2748  28.3554 1659.15 1276.05 303.198 -0.633658  0.406322   179.403   1.78714 0.0492559 -0.075009 0.00747623 0.00149235 0.00120078 -0.000520469 -0.000904538  -0.00103618 -1.09025   0.1126 0.109117   0.268166 -0.0777417   -9.80503  12897
             315.003 -1.40689 -13.2772  28.3552 1659.15 1276.05 303.199 -0.633664  0.406306   179.403    1.78714  0.0492568 -0.0750083  0.00765741 -0.00107318  0.00280199 -0.000530116  -0.00090067  -0.00103308 -1.09002 0.113168 0.108876   0.268166 -0.0777418   -9.80503  12928
             315.101 -1.40913 -13.2816  28.3563 1659.15 1276.05 303.198 -0.633668  0.406321   179.403    1.78714  0.0492565 -0.0750084  0.00852446 0.000424633  0.00191966 -0.000530539 -0.000900172   -0.0010311  -1.0902 0.112888 0.109312   0.268166 -0.0777418   -9.80503  12903
             315.202 -1.41375 -13.2831  28.3608 1659.15 1276.05 303.198 -0.633664  0.406267   179.403   1.78714 0.0492577 -0.075007 -0.000307775  -0.00282219  0.000618961 -0.000522721 -0.000893759  -0.00103724 -1.08916 0.112623 0.109603   0.268166 -0.0777415   -9.80503  12909
             315.302 -1.41367 -13.2771  28.3564 1659.15 1276.05 303.198 -0.633663  0.406242   179.403    1.78714  0.0492575 -0.0750076 -0.00346172  -0.0013291   0.0015037 -0.000524106 -0.000897276  -0.00103348 -1.08868 0.112604 0.109575   0.268166 -0.0777414   -9.80503  12905
             315.401 -1.41102 -13.2727  28.3571 1659.15 1276.05 303.197 -0.633654  0.406229   179.403    1.78714  0.0492565 -0.0750086  -0.0117573  0.00397695 0.000667092 -0.000518159 -0.000899367  -0.00103478 -1.08831 0.111744 0.109767   0.268167 -0.0777412   -9.80503  12936
             315.503 -1.40892 -13.2806  28.3556 1659.15 1276.05 303.197 -0.63367 0.406236  179.403    1.78714  0.0492568 -0.0750079 -0.00901987 -0.00187358 -0.00105766 -0.000523747 -0.000896708  -0.00103158 -1.08841 0.112353 0.110048   0.268166 -0.0777414   -9.80503  12909
             315.602 -1.41055 -13.2841  28.3624 1659.15 1276.05 303.197 -0.633679  0.406273   179.403    1.78713  0.0492561 -0.0750086 0.000709339 -0.00196306  0.00103026 -0.000525084  -0.00090361  -0.00103764 -1.08909 0.112628 0.110204   0.268166 -0.0777416   -9.80503  12894
             315.703 -1.40499 -13.2749  28.3542 1659.15 1276.05 303.198 -0.633693  0.406283   179.403    1.78714  0.0492578 -0.0750068  0.00705278 -0.00982485 0.000821239 -0.000534876 -0.000910489  -0.00102863 -1.08945 0.113925 0.110129   0.268166 -0.0777418   -9.80503  12930
             315.802 -1.40936 -13.2798  28.3633 1659.15 1276.05 303.197 -0.633683  0.406288   179.403    1.78714  0.0492568 -0.0750066   0.00261069  -0.00273394 -0.000397645 -0.000527926 -0.000908593  -0.00103418 -1.08954 0.113179 0.110164   0.268166 -0.0777418   -9.80503  12939
             315.901 -1.40388 -13.2771   28.356 1659.15 1276.05 303.197 -0.633673  0.406279   179.403    1.78713  0.0492551 -0.0750075  -0.00123388   0.00303228 -0.000715139 -0.000524517  -0.00091242  -0.00103266  -1.0892 0.112296 0.110364   0.268166 -0.0777415   -9.80503  12931
             316.002 -1.41836 -13.2781  28.3621 1659.15 1276.05 303.197 -0.633678   0.40624   179.403    1.78713  0.0492553 -0.0750089  -0.00639527  -0.00487517 -0.000947692 -0.000518591 -0.000906341   -0.0010333 -1.08834 0.112689 0.110105   0.268166 -0.0777414   -9.80503  12906
             316.101 -1.41009 -13.2761  28.3583 1659.15 1276.05 303.197 -0.63368 0.406259  179.403    1.78713  0.0492556 -0.0750086  -0.00356923  -0.00440989 -0.000185354 -0.000524842 -0.000913847  -0.00103168 -1.08885 0.112849 0.109835   0.268166 -0.0777415   -9.80503  12936
             316.201 -1.40964 -13.2798  28.3586 1659.15 1276.05 303.197 -0.63367 0.406269  179.403   1.78713 0.0492551 -0.075009  -0.00419614   0.00206256 -6.56298e-05  -0.00052082 -0.000915679  -0.00103383 -1.08903 0.112279 0.109945   0.268166 -0.0777414   -9.80503  12936
             316.302 -1.41035 -13.2713  28.3555 1659.15 1276.05 303.198 -0.633673    0.4063   179.403    1.78713  0.0492554 -0.0750077 0.00255951 0.00343564 0.00215678  -0.00052063 -0.000926451  -0.00103083 -1.08987 0.112379 0.109433   0.268166 -0.0777415   -9.80503  12882
             316.401 -1.40704 -13.2702  28.3588 1659.15 1276.05 303.198 -0.633664  0.406265   179.403    1.78713  0.0492552 -0.0750088 -0.00558361  0.00173311 0.000106359 -0.000519622 -0.000926344  -0.00103248 -1.08899 0.111972 0.109561   0.268166 -0.0777413   -9.80503  12886
             316.503 -1.40642 -13.2836  28.3567 1659.15 1276.05 303.197 -0.633669  0.406285   179.403    1.78713  0.0492553 -0.0750094 -0.00107032  0.00155305 0.000261051 -0.000521006 -0.000924596  -0.00102954 -1.08938 0.112481 0.110016   0.268166 -0.0777415   -9.80503  12929
             316.601 -1.40739 -13.2826  28.3588 1659.15 1276.05 303.197 -0.633667  0.406279   179.403    1.78713  0.0492553 -0.0750092 -0.00183143  0.00224686 0.000997493 -0.000518501 -0.000927481  -0.00103489 -1.08923  0.11245 0.110111   0.268166 -0.0777414   -9.80503  12918
             316.703 -1.40892 -13.2799   28.361 1659.15 1276.05 303.198 -0.633674  0.406287   179.403    1.78713  0.0492555 -0.0750094 -0.000506675 -0.000390756  0.000693833 -0.000523436 -0.000931514  -0.00103652 -1.08943 0.112876 0.109928   0.268166 -0.0777415   -9.80503  12935
             316.802  -1.4089 -13.2832   28.361 1659.15 1276.05 303.197 -0.633673  0.406285   179.403    1.78713  0.0492556 -0.0750094 5.62713e-05 -0.00168411 8.65068e-05 -0.000525697 -0.000932068   -0.0010357 -1.08937 0.112868 0.110112   0.268166 -0.0777415   -9.80503  12910
             316.902 -1.41111  -13.271  28.3596 1659.15 1276.05 303.197 -0.633673  0.406286   179.403    1.78713  0.0492557 -0.0750094  0.00233407 -0.00283852 0.000416505 -0.000524126 -0.000940703  -0.00103738  -1.0894 0.112947 0.110144   0.268166 -0.0777415   -9.80503  12884
             317.003 -1.41328 -13.2749  28.3524 1659.15 1276.05 303.197 -0.63367 0.406284  179.403    1.78713  0.0492558 -0.0750094 -0.000342279  -0.00144399 -0.000808378 -0.000518408 -0.000938713  -0.00103262 -1.08933  0.11292 0.110357   0.268166 -0.0777415   -9.80503  12919
             317.101 -1.40928   -13.28   28.362 1659.15 1276.05 303.197 -0.633678  0.406295   179.403    1.78713  0.0492558 -0.0750095   0.0027879 -0.00241611 0.000357716 -0.000526243  -0.00093743  -0.00103653 -1.08962 0.113242 0.110111   0.268166 -0.0777416   -9.80503  12919
             317.202 -1.41108 -13.2741  28.3556 1659.15 1276.05 303.197 -0.633676  0.406282   179.403    1.78713  0.0492554 -0.0750097 8.63641e-05 -0.00163862 0.000990981 -0.000528322  -0.00093961  -0.00103355  -1.0893 0.113085 0.109993   0.268166 -0.0777415   -9.80503  12875
             317.302 -1.41273 -13.2779  28.3605 1659.15 1276.05 303.197 -0.633664  0.406283   179.403    1.78713  0.0492548 -0.0750096  -0.00219881   0.00285492 -0.000913036 -0.000522164 -0.000939719  -0.00103739 -1.08927 0.112309  0.11028   0.268166 -0.0777414   -9.80503  12905
             317.401 -1.40796 -13.2766  28.3554 1659.15 1276.05 303.197 -0.633665  0.406279   179.403    1.78713  0.0492549 -0.0750095  -0.00199154  0.000795333 -0.000578882 -0.000520485  -0.00094238  -0.00103474 -1.08918 0.112417  0.11027   0.268166 -0.0777414   -9.80503  12959
             317.503 -1.41372 -13.2729  28.3637 1659.15 1276.05 303.198 -0.633687  0.406286   179.403    1.78713  0.0492551 -0.0750096   0.00206464  -0.00281948 -1.80311e-05 -0.000525855 -0.000947615  -0.00103683 -1.08946 0.113337  0.10982   0.268166 -0.0777415   -9.80503  12907
             317.602 -1.41215 -13.2747  28.3554 1659.15 1276.05 303.198 -0.633676  0.406287   179.403    1.78713  0.0492547 -0.0750099 -0.00114906  0.00205418 0.000148329 -0.000522422 -0.000948598  -0.00103272 -1.08946 0.112683 0.109788   0.268166 -0.0777414   -9.80503  12940
             317.702 -1.41047 -13.2792  28.3596 1659.15 1276.05 303.197 -0.633681  0.406281   179.403    1.78713  0.0492549 -0.0750095  0.000363987  -0.00230898 -0.000113048 -0.000528679 -0.000947939  -0.00103487 -1.08927 0.113086 0.109992   0.268166 -0.0777414   -9.80503  12911
             317.802 -1.41575 -13.2748  28.3615 1659.15 1276.05 303.197 -0.633675  0.406273   179.403    1.78713  0.0492544 -0.0750092 -0.00317596 0.000906498 0.000889571 -0.000520245  -0.00095012  -0.00103621 -1.08912 0.112624 0.109724   0.268166 -0.0777413   -9.80503  12923
             317.902 -1.40613 -13.2833  28.3607 1659.15 1276.05 303.197 -0.633674  0.406284   179.403    1.78713  0.0492538 -0.0750095 -0.00132374  0.00189161 0.000285819 -0.000527653  -0.00094775  -0.00103617 -1.08932 0.112558 0.110037   0.268166 -0.0777414   -9.80503  12899
             318.003 -1.41258 -13.2872  28.3641 1659.15 1276.05 303.197 -0.633673  0.406283   179.403    1.78713   0.049254 -0.0750091  -0.00226436   0.00217418 -0.000711352 -0.000526759 -0.000945263  -0.00104053 -1.08915 0.112603 0.110348   0.268166 -0.0777414   -9.80503  12910
             318.102 -1.41115 -13.2738  28.3537 1659.15 1276.05 303.197 -0.633675    0.4063   179.403    1.78713  0.0492555 -0.0750076  0.00290399  0.00369632 0.000764494 -0.000527655  -0.00096066  -0.00103251 -1.08988 0.112775 0.109996   0.268166 -0.0777414   -9.80503  12893
             318.203 -1.41452 -13.2727  28.3586 1659.15 1276.05 303.197 -0.633678  0.406288   179.403    1.78713  0.0492557 -0.0750083  0.00214939 -0.00105091 0.000521305 -0.000529742 -0.000960866  -0.00103611 -1.08953 0.113078 0.109947   0.268166 -0.0777414   -9.80503  12907
             318.304 -1.41336 -13.2828  28.3568 1659.15 1276.05 303.197 -0.633678  0.406305   179.403    1.78713   0.049256 -0.0750087  0.00719282 2.29058e-05 0.000264323 -0.000532277 -0.000960301  -0.00103555 -1.08989 0.113203 0.110193   0.268166 -0.0777415   -9.80503  12913
             318.403 -1.41062 -13.2768  28.3505 1659.15 1276.05 303.198 -0.633684  0.406305   179.403    1.78713  0.0492562 -0.0750087    0.0080668 -0.000639679   0.00145951 -0.000536547 -0.000966279  -0.00103161 -1.09009 0.113349 0.109825   0.268166 -0.0777415   -9.80503  12920
             318.504 -1.40453 -13.2761  28.3557 1659.15 1276.05 303.197 -0.633678  0.406281   179.403   1.78713 0.0492559  -0.07501  0.000375352  -0.00396121 -0.000455006 -0.000540857  -0.00096885  -0.00103235 -1.08915 0.113221 0.110056   0.268166 -0.0777414   -9.80503  12916
             318.603 -1.41897 -13.2778   28.362 1659.15 1276.05 303.197 -0.633671  0.406269   179.403    1.78713  0.0492565 -0.0750094  -0.00264311  -0.00276232 -0.000453951 -0.000532417 -0.000972479  -0.00103304 -1.08876 0.112961 0.110115   0.268166 -0.0777413   -9.80503  12949
             318.704 -1.41326 -13.2821  28.3582 1659.14 1276.05 303.196 -0.63366 0.406259  179.403    1.78713  0.0492565 -0.0750089 -0.00833842 -0.00185954 -0.00137054 -0.000538806 -0.000974805  -0.00103061 -1.08827 0.112612 0.110449   0.268166 -0.0777413   -9.80503  12924
             318.804 -1.41183  -13.277  28.3528 1659.15 1276.05 303.196 -0.633662  0.406271   179.403    1.78713   0.049257 -0.0750085 -0.00377533 -0.00107763 -0.00168973 -0.000537786 -0.000973478  -0.00102843 -1.08864 0.112834 0.110553   0.268166 -0.0777414   -9.80503  12939
             318.903  -1.4219 -13.2822  28.3621 1659.14 1276.05 303.196 -0.633655  0.406272   179.403    1.78713  0.0492565 -0.0750078 -0.00499634  0.00333954 -0.00194559  -0.00053382 -0.000970651  -0.00103119 -1.08872 0.112329 0.110572   0.268166 -0.0777413   -9.80503  12914
             319.004 -1.41302 -13.2775  28.3546 1659.14 1276.05 303.196 -0.633662  0.406276   179.403    1.78713  0.0492569 -0.0750074  -0.0034808  0.00173537 -0.00228939 -0.000535287  -0.00097267  -0.00102627 -1.08901 0.112616  0.11037   0.268166 -0.0777414   -9.80503  12918
             319.103  -1.4112 -13.2775  28.3568 1659.14 1276.05 303.196 -0.633657  0.406282   179.403    1.78713  0.0492571 -0.0750077 -0.00284169  0.00799138 -0.00131241 -0.000540748  -0.00097595  -0.00102759 -1.08934 0.112217 0.110124   0.268166 -0.0777413   -9.80503  12901
             319.204  -1.4162 -13.2796  28.3575 1659.14 1276.05 303.196 -0.633662  0.406282   179.403    1.78713  0.0492572 -0.0750079 -0.000526649   0.00564849  -0.00257936 -0.000540201 -0.000977306   -0.0010269  -1.0894 0.112502 0.109973   0.268166 -0.0777413   -9.80503  12866
             319.303 -1.40838 -13.2813  28.3585 1659.15 1276.05 303.196 -0.633688  0.406278   179.403    1.78713   0.049258 -0.0750066    0.0113395 -0.000716926  -0.00822367 -0.000534276 -0.000986459  -0.00102874 -1.08948 0.113422 0.109767   0.268166 -0.0777415   -9.80503  12861
             319.404 -1.41828 -13.3017  28.3542 1659.15 1276.05 303.195 -0.633686  0.406266   179.403    1.78713  0.0492573 -0.0750031  0.0222035 0.00783238 -0.0161235 -0.000525363  -0.00100492  -0.00102718 -1.08878 0.113328 0.109654   0.268166 -0.0777414   -9.80503  12916
             319.504 -1.40741 -13.3204  28.3579 1659.15 1276.05 303.194 -0.633674  0.406209   179.403    1.78714  0.0492585 -0.0749983   0.0388291   0.0199937 -0.00675427 -0.000530426  -0.00103268  -0.00103125 -1.08794 0.113231 0.109149   0.268166 -0.0777413   -9.80503  12883
             319.603 -1.41517 -13.3504  28.3632 1659.15 1276.05 303.195 -0.633627  0.405995   179.403    1.78715  0.0492578 -0.0750059  0.070221 0.0430369 0.0183883 -0.000531006  -0.00102781  -0.00102995 -1.08869  0.11308 0.108339   0.268166 -0.0777406   -9.80503  12875
             319.704 -1.41743 -13.3505  28.3621 1659.16 1276.06 303.198 -0.633653  0.405938   179.404    1.78715    0.04926 -0.0750051 0.0890738 0.0480376 0.0422579 -0.000527307  -0.00104036  -0.00103209 -1.08724 0.113643  0.10823   0.268165 -0.0777405   -9.80503  12930
             319.796 -1.42417 -13.3453  28.3622 1659.17 1276.06 303.202 -0.633693   0.40628   179.404    1.78714  0.0492604 -0.0750074  0.105036  0.056922 0.0539891 -0.000531216   -0.0010407  -0.00103352 -1.08598 0.113445 0.108838   0.268166 -0.0777418   -9.80503  12904
             319.895 -1.43259 -13.3231  28.3716 1659.18 1276.07 303.207 -0.633727  0.406582   179.403    1.78714  0.0492587 -0.0750043  0.132415 0.0745803 0.0561667 -0.000533948  -0.00103859   -0.0010371 -1.08599 0.113006 0.109226  0.268167 -0.077743  -9.80503  12896
             319.996 -1.42823 -13.3096  28.3653 1659.19 1276.07 303.212 -0.633804  0.407159   179.404    1.78715  0.0492638 -0.0750064  0.157472 0.0807812 0.0539307 -0.000532302  -0.00104321  -0.00103613 -1.08571 0.113572  0.10982   0.268166 -0.0777461   -9.80503  12933
             320.095 -1.43254 -13.3161  28.3665 1659.21 1276.08 303.218 -0.63382 0.407237  179.404    1.78715  0.0492644 -0.0750083  0.178573 0.0946001  0.057957 -0.000528938  -0.00105352  -0.00103439 -1.08524 0.113653  0.10986   0.268166 -0.0777465   -9.80503  12922
             320.195 -1.44637 -13.3158  28.3691 1659.23 1276.09 303.224 -0.633843  0.407425   179.404    1.78715   0.049265 -0.0750101  0.200269  0.108192 0.0670989 -0.000522582  -0.00106819  -0.00103752 -1.08423 0.113639 0.109923   0.268166 -0.0777474   -9.80503  12880
             320.296 -1.45355 -13.3116  28.3649 1659.25  1276.1 303.232 -0.633895  0.406938   179.406    1.78715   0.049268 -0.0750127  0.233375  0.116145 0.0758485 -0.000509026  -0.00108287  -0.00103544 -1.08397 0.114533 0.109503  0.268163 -0.077746  -9.80503  12908
             320.395 -1.46503 -13.3321  28.3645 1659.28 1276.11  303.24 -0.63406 0.407829  179.407    1.78715  0.0492755 -0.0750112  0.276798  0.130113 0.0847067 -0.000490625   -0.0010855   -0.0010391 -1.08319 0.115208 0.110053   0.268162 -0.0777508   -9.80503  12955
             320.497 -1.46121 -13.3568   28.373 1659.31 1276.13 303.248 -0.634173  0.408918   179.408    1.78714  0.0492789 -0.0750057  0.328781  0.156008 0.0963259 -0.000491213  -0.00109535  -0.00104224 -1.08245 0.115357 0.110683   0.268162 -0.0777559   -9.80503  12962
             320.596 -1.44848 -13.3804  28.3681 1659.35 1276.15 303.258 -0.634312  0.411467   179.406     1.7871  0.0492698 -0.0750015 0.384834 0.191933 0.116846 -0.000506979  -0.00109141  -0.00103406 -1.08152 0.114942 0.112084   0.268165 -0.0777665   -9.80503  12982
             320.697 -1.46178 -13.3832  28.3785 1659.39 1276.17  303.27 -0.634471  0.413219   179.407    1.78709  0.0492724 -0.0749964 0.441551 0.220389 0.139592 -0.000497021  -0.00110132  -0.00104172 -1.08031 0.115115 0.112873   0.268165 -0.0777748   -9.80503  13028
             320.797 -1.46234 -13.3897  28.3806 1659.44  1276.2 303.285 -0.634318  0.414351   179.402    1.78707  0.0492554 -0.0749957 0.501053 0.267571 0.157092 -0.000530161  -0.00108114  -0.00102696 -1.08035 0.113711 0.113418   0.268172 -0.0777778   -9.80502  13082
             320.895 -1.46627 -13.3808  28.3825 1659.49 1276.23 303.301 -0.634344  0.415745     179.4   1.78706 0.0492506 -0.074998 0.553853 0.304239 0.171602 -0.000538063  -0.00109828  -0.00102187 -1.07908 0.113288 0.113874   0.268175 -0.0777838   -9.80502  13059
             320.996 -1.47492  -13.371  28.3997 1659.55 1276.26  303.32 -0.634468  0.415789   179.403    1.78706  0.0492588 -0.0749991  0.61645   0.3302 0.188486 -0.000519501  -0.00110505  -0.00103786 -1.07908  0.11391 0.113891   0.268172 -0.0777851   -9.80502  13042
             321.096 -1.46492 -13.3653  28.3866 1659.62 1276.29 303.341 -0.634619  0.416129   179.405    1.78707   0.049267 -0.0749951 0.680144 0.358278 0.206143 -0.000508392  -0.00110036  -0.00103724  -1.0795 0.114534 0.114081  0.268169 -0.077788  -9.80503  13046
             321.196 -1.46095 -13.3682  28.3793  1659.7 1276.33 303.362 -0.634973  0.419521   179.408    1.78706  0.0492626 -0.0749974 0.730952 0.384926 0.223409 -0.000501379  -0.00111361  -0.00104029 -1.07742 0.114996  0.11506   0.268168 -0.0778056   -9.80502  13121
             321.295 -1.45764 -13.3928  28.3781 1659.78 1276.37 303.386 -0.63525 0.421714  179.409   1.78704 0.0492621 -0.074993 0.788936 0.414327 0.234043 -0.000500816  -0.00110409  -0.00104669 -1.07639 0.115445 0.115719   0.268166 -0.0778171   -9.80502  13123
             321.395 -1.48156 -13.4152  28.3843 1659.86 1276.42  303.41 -0.635164  0.424059   179.404    1.78702  0.0492458 -0.0749727 0.839449 0.446477 0.246049 -0.000520178  -0.00113113  -0.00103818 -1.07392 0.114291 0.116204   0.268175 -0.0778264   -9.80502  13198
             321.496 -1.47821 -13.4338  28.3766 1659.95 1276.46 303.436 -0.635415  0.425126   179.407    1.78702  0.0492494 -0.0749593 0.897841 0.459149 0.264905 -0.000498786  -0.00117404  -0.00103442 -1.07176 0.114895 0.116269   0.268173 -0.0778331   -9.80502  13212
             321.595 -1.45993 -13.4362   28.364 1660.04 1276.51 303.466 -0.635735  0.424052   179.413    1.78704  0.0492632 -0.0749538 0.959013 0.479818 0.288738 -0.000455989  -0.00122577  -0.00104609 -1.07035 0.116226 0.115677   0.268164 -0.0778316   -9.80502  13173
             321.695 -1.43558 -13.4656  28.3633 1660.14 1276.56 303.497 -0.635618    0.4257   179.409    1.78702  0.0492447 -0.0749489  1.00855 0.529076 0.309649 -0.000485808   -0.0012521  -0.00103885 -1.06789 0.115252 0.115886   0.268171 -0.0778373   -9.80502  13196
             321.795 -1.44467  -13.499  28.3637 1660.25 1276.62 303.531 -0.635607  0.424586    179.41    1.78703  0.0492508 -0.0749476  1.07563 0.575671 0.326263 -0.000485986  -0.00126363  -0.00104282 -1.06776 0.115507 0.115468  0.268169 -0.077833  -9.80502  13169
             321.895 -1.46938 -13.5538  28.3593 1660.36 1276.68 303.568 -0.635372  0.422061    179.41    1.78707  0.0492441 -0.0749319  1.14758 0.600743 0.346961 -0.000488461  -0.00131443  -0.00104135 -1.06655  0.11542 0.114385  0.268167 -0.077822  -9.80502  13158
             321.996 -1.43598 -13.6217  28.3585 1660.48 1276.75 303.603 -0.635555  0.426514   179.408    1.78699   0.049225 -0.0748921  1.23699 0.636622  0.37198 -0.000478992  -0.00133795  -0.00104152 -1.06387 0.114962 0.115587   0.268176 -0.0778379   -9.80502  13232
             322.097 -1.38964 -13.6803  28.3424 1660.62 1276.81 303.643 -0.635776  0.428236    179.41    1.78696  0.0492183 -0.0748827  1.34276 0.685062 0.406436 -0.000458058  -0.00133181  -0.00104013 -1.06359 0.115326 0.116153   0.268176 -0.0778449   -9.80502  13183
             322.195 -1.32348 -13.7531  28.3523 1660.77 1276.89 303.687 -0.636142   0.43128   179.413     1.7869  0.0491899 -0.0748591  1.44253 0.760552 0.438869 -0.00045182 -0.00129167  -0.0010529 -1.06289 0.115802 0.117085   0.268177 -0.0778556   -9.80502  13215
             322.296  -1.3445 -13.7439  28.3526 1660.92 1276.97 303.735 -0.636202  0.430937   179.415    1.78689  0.0491986 -0.0748826  1.52331 0.839163 0.468797 -0.000482578  -0.00132636  -0.00106043 -1.06097 0.116138 0.116712   0.268175 -0.0778541   -9.80502  13183
             322.395 -1.42468 -13.6997  28.3521 1661.09 1277.06 303.787 -0.63574 0.429331  179.412   1.78688 0.0491741  -0.07491  1.60907 0.904492 0.501098 -0.000514632  -0.00136064  -0.00105992 -1.05989 0.115695 0.116073  0.268178 -0.077845  -9.80502  13166
             322.496 -1.56786 -13.6645  28.3467 1661.26 1277.16 303.842 -0.635798  0.428842   179.415    1.78688  0.0491656 -0.0749724  1.71037 0.952422 0.535671 -0.000514523  -0.00137042  -0.00106668 -1.05898 0.116119 0.115779   0.268174 -0.0778433   -9.80502  13148
             322.595 -1.68149 -13.6283  28.3363 1661.44 1277.26 303.899 -0.636302  0.433123   179.411     1.7869  0.0492501 -0.0749892  1.81699 0.985551 0.557549 -0.000520009  -0.00137213  -0.00105081 -1.05708 0.115973 0.116714    0.26819 -0.0778583   -9.80502  13125
             322.695 -1.74595 -13.6166   28.341 1661.64 1277.37 303.957 -0.637295  0.440054   179.411    1.78694  0.0494051 -0.0750192  1.9284 1.01958 0.57129 -0.000483478  -0.00135799   -0.0010551 -1.05533  0.11643 0.118379   0.268208 -0.0778865   -9.80502  13072
             322.796 -1.73511 -13.6427  28.3234 1661.85 1277.48 304.016 -0.638345  0.446372   179.415    1.78697  0.0495062 -0.0750323  2.02125  1.05405 0.590748 -0.000466256  -0.00137579  -0.00106289 -1.05166 0.117208 0.119598   0.268222 -0.0779109   -9.80502  13036
             322.895 -1.70869 -13.6877  28.3156 1662.07 1277.59 304.079 -0.63875 0.451024  179.417    1.78696  0.0495278 -0.0750345  2.11751  1.10063 0.630418 -0.000451063  -0.00136744  -0.00106472 -1.05048 0.117455 0.120751   0.268237 -0.0779275   -9.80502  13094
             322.996 -1.69805  -13.723  28.3107  1662.3  1277.7 304.148 -0.639145  0.451344   179.423    1.78697   0.049556 -0.0749848  2.21421  1.15475 0.692632 -0.000440953  -0.00138051  -0.00107378 -1.04904 0.118244 0.120675   0.268231 -0.0779309   -9.80502  13072
             323.095 -1.70841 -13.6929  28.3136 1662.53 1277.83 304.224 -0.63931 0.455087  179.424   1.78697 0.0495612 -0.074984   2.3101  1.20441 0.749697 -0.000440289  -0.00136318  -0.00107995 -1.04675  0.11835 0.121496   0.268246 -0.0779443   -9.80502  13114
             323.196 -1.67048 -13.6291  28.3057 1662.78 1277.96   304.3 -0.63927 0.465059  179.426    1.78703  0.0494801 -0.0750209   2.4321  1.23661 0.783068 -0.000427194  -0.00133088  -0.00108494 -1.04323 0.118183 0.124116   0.268291 -0.0779857   -9.80502  13070
             323.297 -1.61697 -13.5472  28.3074 1663.04 1278.09 304.381 -0.639008  0.470779    179.43    1.78711  0.0494158 -0.0750945  2.51966  1.27008 0.794214 -0.000410572  -0.00134974  -0.00108893  -1.0395 0.118202 0.125519   0.268316 -0.0780101   -9.80502  13127
             323.396 -1.52495 -13.4942  28.2849 1663.31 1278.23 304.463 -0.638528  0.475883   179.428    1.78718  0.0492843 -0.0751482  2.61372  1.37419 0.776569 -0.000420213  -0.00133856  -0.00108173 -1.03785 0.117428 0.127012   0.268345 -0.0780319   -9.80502  13098
             323.497 -1.50757 -13.5214   28.272 1663.58 1278.37 304.545 -0.638538  0.471637   179.425    1.78717   0.049364 -0.0751407  2.68765  1.43753 0.743048 -0.000476207  -0.00138986  -0.00108222 -1.03772 0.117222 0.125422   0.268329 -0.0780077   -9.80502  13147
             323.595 -1.55181 -13.6213  28.2421 1663.87 1278.53 304.629 -0.638808  0.462121   179.426    1.78733  0.0494488 -0.0751161  2.78087  1.47734 0.760351 -0.000479964  -0.00146869  -0.00108542 -1.03918   0.1179 0.121834 0.268277 -0.07796 -9.80502  13069
             323.697 -1.64687 -13.7369  28.2416 1664.16 1278.68 304.713 -0.639148  0.457255   179.429    1.78751  0.0493935 -0.0750915  2.88282  1.52225 0.824132 -0.000471111  -0.00153332   -0.0010934 -1.03901 0.118439 0.119673   0.268244 -0.0779362   -9.80502  13105
             323.797 -1.69404 -13.8283  28.2205 1664.47 1278.84 304.806 -0.639764  0.455104   179.434    1.7876 0.0493811 -0.075143  3.01003  1.56516 0.931152 -0.000440216  -0.00151181  -0.00109319 -1.03962 0.119358 0.118777   0.268221 -0.0779302   -9.80502  13001
             323.896  -1.7338 -13.8255   28.234  1664.8 1279.01 304.908 -0.639841  0.454651   179.432    1.78764   0.049366 -0.0751853  3.14751  1.64422 0.999398  -0.0004488 -0.00142182 -0.00110342 -1.04286 0.119135 0.118814   0.268217 -0.0779299   -9.80502  12937
             323.997 -1.70332 -13.7702  28.2124 1665.14 1279.19 305.013 -0.63967 0.458112   179.43   1.78763 0.0493683 -0.075137 3.27129 1.68484 1.03264 -0.000453575  -0.00133921  -0.00109028 -1.04372  0.11885 0.120416   0.268235 -0.0779514   -9.80502  12965
             324.096 -1.66808 -13.6866  28.1952  1665.5 1279.37 305.122 -0.63973 0.458713  179.435    1.78767  0.0493728 -0.0750535 3.37557 1.73089 1.01624 -0.000420337  -0.00131347  -0.00109982  -1.0456 0.119662 0.120784   0.268228 -0.0779601   -9.80502  12950
             324.197 -1.61357 -13.7053  28.1891 1665.85 1279.55 305.227 -0.639507  0.459027   179.432    1.78765  0.0493688 -0.0750988 3.45562 1.77836 1.00506 -0.000437561  -0.00135623  -0.00109967 -1.04372 0.119016 0.120894  0.268237 -0.077958  -9.80502  13028
             324.297 -1.59178 -13.7594  28.1943 1666.21 1279.74 305.335 -0.640077  0.456147   179.431    1.78769  0.0494271 -0.0751058 3.54573   1.827 1.03234 -0.000438926    -0.001391  -0.00109801 -1.04386 0.119114 0.118938   0.268217 -0.0779419   -9.80502  13011
             324.397 -1.59902 -13.7939  28.1907 1666.59 1279.93 305.448 -0.64077  0.45389  179.432    1.78773  0.0494566 -0.0751126 3.63143 1.89348 1.08068 -0.000433219  -0.00138506  -0.00109934 -1.04452 0.119521  0.11719   0.268195 -0.0779319   -9.80502  12970
             324.497 -1.58416 -13.7769  28.1531 1666.97 1280.13 305.566 -0.641457  0.451545   179.434    1.78775  0.0494855 -0.0751179 3.71072 1.95217 1.12926 -0.00044091  -0.0013973 -0.00110644 -1.04488 0.120197 0.115066   0.268167 -0.0779211   -9.80502  13078
             324.595 -1.66678 -13.7115  28.1258 1667.38 1280.35  305.69 -0.641906  0.449846   179.432   1.78769 0.0494412 -0.075057 3.81449 1.99437 1.16635 -0.00044846 -0.00139117 -0.00109586 -1.04756 0.119989 0.112968   0.268146 -0.0779116   -9.80502  13140
             324.699 -1.67899 -13.7033  28.1341 1667.77 1280.55 305.812 -0.64164 0.449559   179.43     1.7877  0.0494436 -0.0750768 3.90178  2.0133 1.20202 -0.000443809    -0.001398   -0.0011043 -1.04562 0.119582 0.113052  0.268152 -0.077905  -9.80502  13147
             324.798 -1.66174 -13.6378  28.1214 1668.18 1280.76 305.937 -0.641651  0.450097   179.433    1.78772  0.0494581 -0.0750629 4.00118 2.05191 1.23189 -0.000413443  -0.00138176  -0.00111296 -1.04646 0.120306 0.113704   0.268151 -0.0779128   -9.80502  13075
             324.899 -1.62743 -13.5695  28.0998 1668.59 1280.97 306.065 -0.64185 0.449513  179.433    1.78768  0.0494614 -0.0750801 4.07607 2.10771 1.24896 -0.000418348  -0.00140276  -0.00111151 -1.04558 0.120232 0.112758   0.268144 -0.0779063   -9.80502  13034
             325.001 -1.63823 -13.5346  28.0973 1669.01 1281.19 306.193 -0.64184 0.449367  179.427    1.78763  0.0494385 -0.0750717 4.13417 2.16798 1.24632 -0.000457506   -0.0014113  -0.00110915 -1.04563 0.118888 0.111575  0.268148 -0.077899  -9.80502  13032
             325.099 -1.70251 -13.5237  28.0792 1669.45 1281.43 306.326 -0.642524  0.451137   179.424    1.78748  0.0493386 -0.0750229 4.23317 2.24499 1.26474 -0.000491735  -0.00140325  -0.00110135 -1.05039 0.118353  0.10866   0.268133 -0.0779112   -9.80503  12992
               325.2 -1.79237 -13.5828  28.0565 1669.89 1281.66 306.459 -0.643489  0.453206   179.429    1.78746  0.0492025 -0.0751248 4.34528  2.2716 1.29583 -0.000494681  -0.00138615  -0.00109675 -1.05383 0.119318 0.105895  0.268106 -0.077929  -9.80503  12925
               325.3 -1.86106 -13.6693  28.0379 1670.34 1281.89 306.595 -0.643722  0.454874   179.427    1.78747  0.0491293 -0.0752404 4.45909 2.30557 1.33951 -0.000459099  -0.00135174  -0.00108493 -1.05644 0.118913 0.104924  0.268105 -0.077941  -9.80503  12830
               325.4   -1.821 -13.7153  28.0391 1670.81 1282.14 306.735 -0.644262  0.457491   179.424    1.78753  0.0490434 -0.0754032 4.58134 2.36165 1.37085 -0.000443261  -0.00130691  -0.00109541 -1.05981 0.118741 0.103543   0.268104 -0.0779605   -9.80503  12780
               325.5 -1.77184 -13.7013  28.0374 1671.29 1282.38 306.879 -0.645071  0.459608   179.423    1.78759  0.0490156 -0.0754551 4.65836 2.40955 1.39578 -0.000446677   -0.0012964  -0.00110115 -1.06163  0.11893 0.101678   0.268098 -0.0779737   -9.80503  12696
             325.599 -1.74538 -13.7071   28.029 1671.78 1282.63 307.029 -0.646392  0.463007   179.423    1.78767   0.049027 -0.0754783 4.72553 2.47782 1.42685 -0.000444634  -0.00130646  -0.00110936  -1.06422  0.120022 0.0989536   0.268085 -0.0779958   -9.80503  12695
               325.7 -1.79608 -13.7885  27.9988 1672.26 1282.88 307.179 -0.647124  0.464873   179.427    1.78778  0.0490367 -0.0755086 4.79885 2.54062 1.47545 -0.000510322  -0.00130115  -0.00111632  -1.06446  0.121608 0.0967214   0.268063 -0.0780051   -9.80503  12703
               325.8 -1.94579 -13.8206  27.9535 1672.76 1283.14 307.336 -0.64816 0.468718  179.432    1.78793  0.0489251 -0.0756257 4.91265 2.52651 1.52022 -0.000488423   -0.0012852  -0.00110335  -1.06574  0.123291 0.0933674    0.26803 -0.0780204   -9.80503  12725
               325.9 -2.06042 -13.8272  27.9706 1673.26  1283.4 307.492 -0.648943   0.47127    179.43   1.78799 0.0487925 -0.075603 5.00863 2.55174 1.52065 -0.000442553  -0.00128698  -0.00110888 -1.06721 0.122562 0.091622   0.268025 -0.0780266   -9.80503  12716
                 326 -2.06619 -13.8689  27.9697 1673.78 1283.67  307.65 -0.649713  0.474232   179.426   1.78804 0.0486944 -0.075613 5.12283 2.58243 1.56597 -0.000415318  -0.00128009  -0.00109778  -1.06993   0.12207 0.0904466   0.268025 -0.0780416   -9.80503  12737
             326.099 -1.96328 -13.8755  28.0006 1674.32 1283.94 307.814 -0.649954  0.476238   179.419    1.78807  0.0486251 -0.0756408 5.20296 2.65578 1.62452 -0.000403726  -0.00124347  -0.00109984 -1.07266  0.12113 0.090478   0.268039 -0.0780558   -9.80503  12757
               326.2 -1.92219 -13.8163   28.033 1674.84 1284.21  307.98 -0.649879  0.475453    179.42    1.78807  0.0486531 -0.0756938 5.26172 2.70978 1.65993 -0.000441886   -0.0012271  -0.00108898  -1.07134  0.120764 0.0903498  0.268039 -0.078047  -9.80503  12784
               326.3  -1.9098 -13.6917  28.0889 1675.38 1284.49  308.15 -0.650223  0.475611    179.42    1.78802  0.0486999 -0.0757295 5.32902 2.76734 1.68287 -0.00043427 -0.00121862 -0.00109171  -1.07047  0.121053 0.0895186   0.268029 -0.0780405   -9.80503  12684
             326.401  -1.9406 -13.5625  28.1223 1675.92 1284.77 308.322 -0.650453   0.47606   179.421    1.78798  0.0487075 -0.0757096 5.38349 2.81962  1.6898 -0.000460419   -0.0012265  -0.00109601  -1.07059   0.12124 0.0890699  0.268024 -0.078039  -9.80503  12651
               326.5 -1.96936 -13.4939  28.1443 1676.47 1285.06 308.493 -0.650748   0.47693   179.423    1.78793  0.0487137 -0.0756499  5.4622 2.83972 1.69947 -0.000460017  -0.00124929  -0.00108938  -1.07171  0.122186 0.0888026   0.268014 -0.0780447   -9.80503  12725
             326.599  -2.0265 -13.4874  28.1997 1677.04 1285.35  308.67 -0.65106 0.478327  179.422    1.78788  0.0486923 -0.0756142 5.54981 2.87053 1.71076 -0.000437887  -0.00125573  -0.00108948 -1.07373 0.121984 0.088482   0.268011 -0.0780485   -9.80503  12731
               326.7 -1.96719 -13.5651  28.2428  1677.6 1285.65 308.839 -0.649759  0.474503   179.421    1.78797  0.0486241 -0.0755884 5.60166 2.90758 1.69875 -0.000451828  -0.00125431  -0.00109046  -1.07189  0.120378 0.0915756   0.268051 -0.0780569   -9.80503  12598
             326.799 -1.95698 -13.6574  28.2774 1678.18 1285.95 309.012 -0.649226  0.473515    179.42    1.78794  0.0485891 -0.0756254 5.67532 2.94343 1.72355 -0.000429073  -0.00126189  -0.00108242  -1.07238  0.119618 0.0929689   0.268068 -0.0780628   -9.80503  12422
             326.901 -1.87381 -13.7513  28.3064 1678.75 1286.25 309.185 -0.648253  0.470161   179.421    1.7878 0.0484294 -0.075544 5.73556 3.01483 1.77905 -0.000434558  -0.00123131   -0.0010842  -1.07123  0.118301 0.0959523   0.268099 -0.0780709   -9.80502  12499
                 327 -1.88456 -13.7342  28.3261 1679.33 1286.56 309.365 -0.648217  0.468627   179.424    1.78776   0.048377 -0.0755195 5.79009  3.0808  1.8186 -0.000481242  -0.00121748  -0.00110268  -1.07115  0.119474 0.0976645   0.268106 -0.0780842   -9.80502  12485
               327.1 -1.95987 -13.6594  28.3055 1679.93 1286.87 309.552 -0.648219  0.468849   179.426    1.78778  0.0483955 -0.0755328 5.85612 3.12051 1.85618 -0.000512535  -0.00121585  -0.00109048  -1.07163  0.120206 0.0977687   0.268103 -0.0780872   -9.80502  12521
               327.2 -2.09155 -13.5824  28.3163 1680.53 1287.19 309.738 -0.648239  0.466726   179.424    1.78785  0.0485133 -0.0755348 5.95235 3.11575 1.88497 -0.000463149  -0.00121447  -0.00109447 -1.07167 0.120069 0.100511   0.268124 -0.0781161   -9.80502  12460
               327.3 -2.04504 -13.4759  28.3166 1681.14  1287.5 309.924 -0.647778  0.464238   179.427    1.78807   0.048579 -0.0755802 6.05314 3.11113 1.86078 -0.000414946  -0.00121975  -0.00110698   -1.072 0.121384 0.104135   0.268139 -0.0781553   -9.80502  12459
               327.4  -1.9252 -13.3924   28.323 1681.76 1287.82  310.11 -0.647276  0.463353   179.426     1.7882  0.0485189 -0.0755314 6.11705 3.17386 1.85879 -0.000419329  -0.00123944  -0.00110746 -1.07361 0.121516 0.106329  0.268147 -0.078174  -9.80502  12455
             327.502 -1.88934 -13.4094  28.3203 1682.49  1288.2 310.333 -0.647433   0.46305   179.429    1.78822  0.0485158 -0.0755058 6.17168 3.23994 1.87722 -0.000478405  -0.00122661   -0.0011045 -1.07322 0.122611 0.106456   0.268144 -0.0781772   -9.80502  12349
             327.599 -1.94451 -13.4396  28.3217 1683.06 1288.49 310.503 -0.647362  0.459532    179.43    1.78828  0.0484613 -0.0754254 6.20331 3.24945 1.88318 -0.000465242  -0.00120756  -0.00110451 -1.06856 0.122209 0.108597   0.268144 -0.0782035   -9.80502  12370
             327.701 -1.99753 -13.4415  28.3421 1683.67 1288.82 310.689 -0.646813  0.454564   179.431   1.78829 0.0485172 -0.075286 6.25355 3.23687 1.89738 -0.000437487   -0.0011919  -0.00110201 -1.06308 0.121312 0.112413   0.268146 -0.0782459   -9.80502  12276
             327.801 -1.91613  -13.445  28.3475 1684.31 1289.15 310.877 -0.645765  0.451668   179.429    1.78823  0.0484375 -0.0753049 6.32497 3.28911 1.92202 -0.000390784  -0.00118044  -0.00111799  -1.0635 0.119343 0.116881   0.268146 -0.0782774   -9.80502  12202
             327.901 -1.80412 -13.3999  28.3421 1684.95 1289.49 311.068 -0.645346   0.45051    179.43    1.78822   0.048315 -0.0752818 6.40839 3.32745 1.93622 -0.000414245  -0.00119841  -0.00112126 -1.06562 0.120013  0.11971   0.268139 -0.0782947   -9.80502  12110
             328.001 -1.65872 -13.3905  28.3523 1685.62 1289.83 311.264 -0.644949  0.450982   179.428    1.78821  0.0482059 -0.0752811 6.49258 3.38167 1.94375 -0.000415061  -0.00120648  -0.00112544 -1.06972 0.120327 0.121404    0.26814 -0.0782978   -9.80502  11999
             328.099 -1.62249  -13.393  28.3546  1686.3 1290.18 311.466 -0.645442  0.454302   179.425    1.78825  0.0483972 -0.0753044 6.56903 3.43857 1.94406 -0.000400392  -0.00126759  -0.00112654  -1.0742 0.121375 0.119036    0.26817 -0.0782806   -9.80502  11925
               328.2 -1.62298 -13.5397  28.3835 1686.97 1290.53 311.667 -0.645845  0.457083   179.424    1.78848  0.0485114 -0.0753858 6.63324  3.4607 1.95075 -0.000451402  -0.00125745  -0.00110759 -1.07461 0.122094 0.115524   0.268196 -0.0782725   -9.80502  12188
               328.3 -1.58427 -13.6954  28.4282 1687.65 1290.88 311.867  -0.6457 0.457887  179.422    1.78852  0.0485116 -0.0754989 6.72269 3.45416 1.99314 -0.000361745  -0.00126977  -0.00111391 -1.07623 0.120786 0.115391   0.268202 -0.0782713   -9.80502  12268
             328.398  -1.4483 -13.8873  28.4959 1688.35 1291.25 312.078 -0.645872  0.460646   179.421    1.78885  0.0485847 -0.0757696 6.81012 3.55308 2.04984 -0.000399453  -0.00122299  -0.00110954 -1.07839 0.120409 0.113283   0.268225 -0.0782829   -9.80502  11678
             328.502 -1.40857 -13.8861  28.5384 1689.02  1291.6 312.289 -0.644912  0.459729    179.42    1.78897  0.0487046 -0.0756998 6.82322 3.65782 2.13464 -0.000443924  -0.00115807  -0.00112064 -1.07336 0.121888 0.110626   0.268247 -0.0782873   -9.80502  11951
               328.6 -1.67646 -13.5676  28.5639 1689.72 1291.96 312.515 -0.641575  0.463281   179.433    1.78863  0.0482008 -0.0760904  6.8769 3.68327  2.2014 -0.00047376 -0.00116817 -0.00112617 -1.07314 0.124654 0.104496   0.268307 -0.0782745   -9.80502  11799
             328.702 -1.87745 -13.2352  28.5979 1690.55 1292.41 312.779 -0.641777  0.463444   179.432    1.78858  0.0481207 -0.0758161 6.97998 3.66045 2.16703 -0.000425797   -0.0011804  -0.00111183 -1.07393 0.123132 0.104058   0.268309 -0.0782755   -9.80502  11810
               328.8 -1.98304 -13.1823  28.6669 1691.16 1292.74  312.97 -0.643298  0.460383   179.418    1.78892  0.0485924 -0.0763656 6.93097 3.66241 2.08033 -0.000395431  -0.00119829  -0.00111685 -1.06668 0.121896 0.105904   0.268288 -0.0782882   -9.80502  12035
               328.9 -1.97231 -13.3769  28.6965 1691.86 1293.11 313.174 -0.643485  0.459361   179.414    1.78898  0.0487509 -0.0763001   6.946 3.68797 2.01342 -0.000372783  -0.00126495  -0.00112101 -1.06483  0.12013 0.106931  0.268276 -0.078287  -9.80502  12055
             329.002 -1.97257 -13.7608  28.7377 1692.69 1293.56  313.42 -0.642431  0.459835   179.414    1.78906  0.0486932 -0.0762817 7.01361 3.75825 2.11587 -0.000399044  -0.00123704  -0.00112298 -1.06446 0.118682 0.105949   0.268281 -0.0782942   -9.80502  12033
               329.1 -2.00143 -13.9086  28.7482 1693.32 1293.89 313.613 -0.644694  0.456547   179.411    1.78883  0.0488752 -0.0755557 7.03796 3.76792 2.20617 -0.00040213 -0.00116213 -0.00112577 -1.05912 0.120073  0.10807   0.268266 -0.0782823   -9.80502  12024
             329.202 -2.0101 -13.836 28.7249 1694.17 1294.34 313.878 -0.646802  0.453307   179.409    1.78864  0.0490177 -0.0754338 7.10806 3.77384  2.3022 -0.000407645  -0.00110446  -0.00113321 -1.05705 0.121793 0.112155   0.268248 -0.0782565   -9.80502  12231
             329.301 -1.98135 -13.6879  28.6827 1694.79 1294.67 314.078 -0.650157  0.446659    179.41    1.78874   0.049003 -0.0757533 7.07344 3.73966  2.3008 -0.000405888  -0.00102997  -0.00113573 -1.05073 0.122948 0.118757   0.268215 -0.0782334   -9.80502  12148
             329.402 -1.93811 -13.3892  28.6275 1695.64 1295.11 314.349 -0.650678  0.444801    179.41    1.78899  0.0489602 -0.0758602 7.03222 3.70323 2.25866 -0.000399911   -0.0010457  -0.00112914 -1.05034 0.122863 0.120993 0.268206 -0.07823 -9.80502  12013
             329.501 -1.91211 -13.2938  28.5949 1696.26 1295.45 314.543 -0.651138  0.438193   179.415    1.78966  0.0487678 -0.0762899 6.97206 3.66547 2.17728 -0.000365386  -0.00102627  -0.00113152 -1.04814 0.121983 0.126334  0.26819 -0.07822 -9.80502  11917
             329.602 -1.79129 -13.2844    28.53  1697.1 1295.89 314.798 -0.650496  0.436376   179.417    1.78975  0.0487601 -0.0762703 6.94342 3.68102 2.10734 -0.000381344  -0.00111629  -0.00112531 -1.05187 0.120437 0.128287   0.268182 -0.0782013   -9.80502  11942
             329.702 -1.82672 -13.4144  28.5056 1697.85 1296.29 315.022 -0.649524  0.429058   179.423     1.7899  0.0486135 -0.0762353 6.88706 3.66355 2.08129 -0.000347371  -0.00109167  -0.00114237  -1.0504 0.119368 0.131402   0.268185 -0.0781751   -9.80502  11864
             329.802 -1.78643 -13.4939  28.4823  1698.6 1296.68 315.249 -0.649113  0.424682   179.415    1.78995  0.0484877 -0.0760195 6.83419 3.59725 2.10378 -0.000395858  -0.00102358  -0.00113368 -1.04695 0.121563  0.13239   0.268207 -0.0781624   -9.80502  11961
               329.9 -1.79001 -13.5263  28.4619 1699.22 1297.01 315.436 -0.647599  0.415459   179.417    1.78998  0.0483784 -0.0758986 6.77376  3.5774 2.10276 -0.000392523 -0.000976425  -0.00113514 -1.04532 0.121494 0.135068   0.268222 -0.0781239   -9.80502  11985
             330.003 -1.81311 -13.5277  28.4108 1700.03 1297.43 315.685 -0.647099  0.412933   179.416    1.78998  0.0483674 -0.0759445 6.75564 3.55604 2.08249 -0.000387735  -0.00100872   -0.0011337 -1.04759 0.121608 0.136359   0.268227 -0.0781068   -9.80502  12023
             330.101 -1.80103 -13.5486  28.3872 1700.64 1297.76 315.875 -0.647076  0.413459   179.413   1.78998 0.0483616 -0.075971 6.76081 3.53178 2.06659 -0.000395844  -0.00102796  -0.00112842 -1.04876 0.122112 0.136528    0.26823 -0.0781057   -9.80502  12225
             330.202 -1.76486 -13.5688  28.3428 1701.47 1298.19 316.124 -0.648408  0.421319   179.412    1.78996  0.0484009 -0.0760227 6.82309 3.55157 2.05928 -0.00037603 -0.00107249 -0.00113285  -1.0544 0.121824 0.135967   0.26822 -0.078136  -9.80502  12181
             330.304 -1.74785 -13.6076  28.3119  1702.2 1298.57 316.346 -0.648739   0.42191   179.417    1.78997  0.0484241 -0.0760062 6.79582 3.55863 2.05912 -0.000374647  -0.00103624  -0.00114161 -1.05228 0.120756 0.135289   0.268212 -0.0781433   -9.80502  12285
             330.403 -1.72589 -13.5809  28.2659 1702.93 1298.95 316.573 -0.649998  0.428436   179.413    1.78993  0.0484335 -0.0760191 6.76834 3.53948 2.05976 -0.000369441  -0.00102764   -0.0011417 -1.04932 0.122021    0.133   0.268206 -0.0781773   -9.80502  12295
             330.503 -1.76293 -13.6103  28.2301 1703.66 1299.33 316.796 -0.650118  0.429172   179.411    1.78993   0.048423 -0.0760338 6.77737 3.52269 2.05796 -0.000354219  -0.00102799  -0.00113966 -1.04794 0.122806 0.132492   0.268206 -0.0781805   -9.80502  12409
             330.602 -1.73449 -13.6083  28.2044 1704.41 1299.72 317.023 -0.651526  0.435197   179.416    1.78991  0.0484384 -0.0760236  6.7928 3.52596 2.05082 -0.000357736 -0.000997473  -0.00114441  -1.0473 0.121091 0.130778   0.268192 -0.0782156   -9.80502  12477
             330.702 -1.68451 -13.5628  28.1836 1705.14  1300.1 317.248 -0.65208 0.437496  179.413    1.78987  0.0484472 -0.0760411 6.77819 3.46903 2.04979 -0.00035085 -0.00100258 -0.00115599 -1.04489 0.122518 0.129587   0.268189 -0.0782272   -9.80502  12506
             330.803 -1.61422 -13.5945  28.1499 1705.87 1300.48  317.47 -0.651428  0.433907   179.416    1.78989  0.0484512 -0.0760486  6.7506 3.45953 2.04962 -0.000309539 -0.000980503  -0.00116234 -1.04244 0.122258 0.130038   0.268187 -0.0782021   -9.80502  12491
             330.901 -1.62637 -13.5457  28.1357 1706.49 1300.79 317.657 -0.652647  0.439157   179.413    1.78983  0.0484394 -0.0760136 6.75387 3.50851 2.04667 -0.000283643 -0.000984479  -0.00114757  -1.0431 0.123193  0.12855   0.268184 -0.0782377   -9.80502  12536
             331.003 -1.74362 -13.4755   28.183 1707.31 1301.22 317.906 -0.656841  0.456215   179.415     1.7896  0.0480996 -0.0757315 6.80893 3.55901 2.06283 -0.000377807 -0.000979012   -0.0011183 -1.04862 0.123063 0.123742   0.268164 -0.0783602   -9.80502  12470
             331.102 -1.87525 -13.4025  28.2638 1708.07 1301.62 318.141 -0.660654  0.470703   179.419    1.78932     0.0476 -0.0755215 6.86812 3.51313 2.07242 -0.000330858 -0.000983736  -0.00113064 -1.05201 0.123308 0.118925   0.268141 -0.0784607   -9.80502  12458
             331.203 -1.82255 -13.4423  28.2943 1708.81    1302 318.366 -0.661769  0.474809   179.423   1.78929 0.0475654 -0.075512 6.80771 3.54968  2.0083 -0.000302291  -0.00098616  -0.00113136 -1.05047 0.121834 0.116784   0.268132 -0.0784885   -9.80502  12358
             331.302 -1.92849 -13.6013  28.3307 1709.55  1302.4 318.589 -0.662894  0.480684   179.427   1.78934 0.0474267 -0.075553 6.79543 3.56977 2.01714 -0.000293489  -0.00100169  -0.00113471 -1.05035 0.120597 0.113971    0.26812 -0.0785322   -9.80502  12298
             331.403 -1.80691 -13.7497  28.3489 1710.28 1302.78 318.811 -0.663072  0.484947   179.423     1.7895  0.0474095 -0.0753173 6.77791 3.54149 2.06665 -0.000381523 -0.000980238  -0.00111972 -1.04654 0.122066  0.11061   0.268116 -0.0785636   -9.80502  12315
             331.503 -1.85322 -13.8136  28.3812 1711.01 1303.16 319.043 -0.663172  0.489617   179.423    1.78963  0.0473689 -0.0753584 6.77756 3.55713 2.12509 -0.000344845 -0.000941198  -0.00109895 -1.04605 0.122019 0.107652 0.268111  -0.0786 -9.80502  12275
             331.602 -1.84187 -13.7556   28.407 1711.76 1303.55 319.278 -0.663106  0.490433   179.423    1.78964  0.0473663 -0.0753635 6.77391 3.55762 2.14198 -0.000353022 -0.000946416  -0.00109032 -1.04585 0.121971 0.106997    0.26811 -0.0786057   -9.80502  12313
             331.703 -1.77933 -13.7426   28.455 1712.49 1303.94  319.51 -0.663092  0.489761   179.423    1.78964  0.0473723 -0.0754049 6.74894 3.56236 2.13435 -0.000329561 -0.000935824  -0.00109914 -1.04402 0.121782 0.106796   0.26811 -0.078601  -9.80502  12262
             331.802 -1.79705 -13.7286  28.4882 1713.23 1304.32 319.743 -0.662525  0.489502   179.419    1.78964  0.0473578 -0.0753601 6.76342 3.57224  2.1203 -0.000318156  -0.00093963   -0.0011036  -1.0453 0.123969 0.107609   0.268119 -0.0785946   -9.80502  12189
             331.903 -1.78111 -13.7487  28.5271 1713.97 1304.71 319.973 -0.662292  0.489334   179.418   1.78964 0.0473535 -0.075377 6.75216 3.56669 2.10951 -0.000356383 -0.000925114  -0.00111497  -1.0445 0.124657 0.107443   0.268122 -0.0785924   -9.80502  12212
             332.003 -1.79304  -13.759  28.5191  1714.7  1305.1 320.202 -0.662372  0.489476   179.418    1.78964  0.0473647 -0.0753643 6.76785 3.55641 2.11219 -0.000342442 -0.000935681  -0.00110899 -1.04552 0.124539 0.107707   0.268121 -0.0785929   -9.80502  12266
             332.103 -1.70913 -13.8002  28.5116 1715.44 1305.49 320.432 -0.662171   0.48998   179.419    1.78963   0.047408 -0.0753753 6.79401 3.54489 2.12456 -0.000334403 -0.000938539  -0.00111003 -1.04776 0.124113 0.107773   0.268118 -0.0785944   -9.80502  12320
             332.203 -1.64839 -13.8661  28.5094 1716.18 1305.88 320.662 -0.66221 0.490449  179.421    1.78961  0.0474456 -0.0754271 6.80779 3.56473 2.13238 -0.000309522 -0.000937268  -0.00111085 -1.05021 0.122855 0.108229   0.268113 -0.0785947   -9.80502  12330
             332.302 -1.51859 -13.9267  28.5081 1716.94 1306.27 320.899 -0.661026  0.491301   179.416    1.78964  0.0475692 -0.0754583  6.8504 3.57666 2.14453 -0.000322747 -0.000918196  -0.00111101 -1.05524 0.124473 0.107666   0.268112 -0.0785957   -9.80502  12297
             332.402 -1.45431 -13.9665  28.4904  1717.7 1306.66 321.136 -0.659871  0.491365   179.413    1.78967  0.0476727 -0.0754549 6.85164 3.59946 2.16381 -0.000329419 -0.000904457  -0.00111411 -1.05683 0.125627 0.106308   0.268109 -0.0786011   -9.80502  12269
             332.503 -1.42575 -13.9707  28.4481 1718.43 1307.05 321.371 -0.659661  0.490966   179.413    1.78968  0.0476516 -0.0754679 6.84285 3.58434   2.178 -0.000345983 -0.000904794  -0.00111152 -1.05487 0.125826 0.105682   0.268111 -0.0786029   -9.80502  12269
             332.602 -1.41403 -13.9301  28.4158 1719.19 1307.44 321.612 -0.658488  0.491102   179.412   1.78966 0.0477736 -0.075378 6.88164 3.60086 2.18269 -0.000328833 -0.000901483  -0.00110753 -1.05948 0.126064 0.104602   0.268098 -0.0786126   -9.80502  12334
             332.703 -1.40165 -13.9175  28.4011 1719.94 1307.83 321.851 -0.657903  0.490729   179.413    1.78964   0.047794 -0.0753719 6.89142 3.60614 2.19589 -0.000359211 -0.000869828  -0.00111776 -1.05976 0.125848 0.103583   0.268091 -0.0786205   -9.80502  12324
             332.802 -1.39252 -13.8797  28.3517  1720.7 1308.23 322.091 -0.657598  0.490578   179.415     1.7896  0.0478282 -0.0752908 6.89696 3.61526 2.18906  -0.00035002 -0.000859899  -0.00111317 -1.06208 0.124681 0.103062 0.268079 -0.07863 -9.80502  12278
             332.902 -1.41091 -13.8098   28.318 1721.46 1308.63 322.332 -0.657438  0.490666   179.414     1.7896  0.0478393 -0.0752424 6.91904 3.62122 2.18676 -0.000350175 -0.000872077  -0.00111126 -1.06421 0.125267 0.103219   0.268078 -0.0786315   -9.80502  12245
             333.003  -1.3713 -13.7905  28.2891 1722.21 1309.02 322.569 -0.657062  0.490184   179.413   1.78957 0.0478234 -0.075274 6.90329 3.61793 2.17205 -0.000356598 -0.000876963  -0.00111961 -1.06209  0.12603 0.102186   0.268078 -0.0786378   -9.80502  12281
             333.102 -1.45032 -13.7961  28.2482 1722.97 1309.42  322.81 -0.656398  0.489514   179.414    1.78952  0.0477814 -0.0752633 6.94494 3.60378 2.18104 -0.000349083 -0.000868382  -0.00111406  -1.0653  0.12598 0.101127   0.268067 -0.0786594   -9.80502  12356
             333.203 -1.33217 -13.7684  28.2338 1723.73 1309.81 323.046 -0.656468  0.489671   179.415    1.78953  0.0477868 -0.0752815 6.94602 3.57604 2.17721 -0.000349001  -0.00089231  -0.00113039 -1.06503 0.125209 0.101334  0.268066 -0.078656  -9.80502  12406
             333.302  -1.3046 -13.8199  28.1955 1724.49 1310.21 323.286 -0.656324  0.489598   179.415    1.78952  0.0477781 -0.0753297  6.9669 3.60422 2.19134 -0.000325442 -0.000879712  -0.00113236 -1.06748 0.125293 0.101194   0.268065 -0.0786679   -9.80502  12452
             333.402 -1.33791 -13.8753   28.168 1725.26  1310.6 323.523 -0.656617  0.490423   179.415     1.7895  0.0478025 -0.0753829 6.97841 3.61825 2.18992 -0.000348526 -0.000873402  -0.00113641 -1.06914 0.125087 0.102699    0.26807 -0.0786499   -9.80502  12424
             333.503 -1.28281 -13.9033   28.137 1726.02    1311 323.763 -0.65655 0.490201  179.416    1.78952  0.0477904 -0.0754278 7.00594 3.60736 2.21328 -0.000348927 -0.000890276  -0.00113209 -1.07103 0.124434 0.102011   0.268068 -0.0786727   -9.80502  12467
             333.601 -1.31476 -13.9063  28.1167 1726.66 1311.33 323.964 -0.65661 0.490446  179.416    1.78952  0.0477688 -0.0754567 7.04347 3.61811 2.22055 -0.000316413 -0.000893388  -0.00113371  -1.0743 0.124369 0.102074    0.26807 -0.0786905   -9.80502  12474
             333.703 -1.25844 -13.9046   28.075 1727.52 1311.77 324.234 -0.656967  0.490455   179.415    1.78956  0.0477177 -0.0754584 7.11377 3.68556 2.24041 -0.000325933 -0.000919721  -0.00112044 -1.08549 0.123521 0.100243   0.268078 -0.0787965   -9.80502  12384
             333.802 -1.29478 -13.9273  28.0674 1728.31 1312.18 324.482 -0.657117  0.490774   179.416    1.78958  0.0476639 -0.0754634 7.15665 3.71346 2.25868 -0.000323053 -0.000905874  -0.00112011  -1.09044  0.123919 0.0998601   0.268082 -0.0788371   -9.80502  12299
             333.903 -1.29821 -13.9672  28.0701 1729.09 1312.58  324.73 -0.656878  0.489768   179.416    1.78964  0.0475967 -0.0754818 7.16491 3.70602 2.26066 -0.000368845 -0.000887371    -0.001112  -1.09137  0.124212 0.0973921   0.268083 -0.0788899   -9.80502  12351
             334.003 -1.34321 -13.9338  28.0815 1729.86 1312.98 324.975 -0.656874   0.48989   179.415    1.78963  0.0476377 -0.0754902 7.16989 3.70689  2.2713 -0.000307919 -0.000888619  -0.00111738  -1.08994  0.123994 0.0979187   0.268082 -0.0788707   -9.80502  12443
             334.102 -1.28723 -13.8871  28.0893 1730.65 1313.39 325.225 -0.657013  0.489955   179.417    1.78964  0.0476152 -0.0754649 7.18611 3.73157 2.27798 -0.000350173 -0.000877393   -0.0011163  -1.09157  0.123411 0.0978537   0.268083 -0.0788829   -9.80502  12367
             334.203 -1.30266 -13.8351  28.1017 1731.42 1313.79  325.47 -0.656849  0.490046   179.413    1.78964  0.0476652 -0.0755549 7.15137 3.73044 2.27649 -0.000339428 -0.000874754  -0.00112538  -1.08764  0.124759 0.0983348   0.268078 -0.0788499   -9.80502  12414
             334.303 -1.36465 -13.8199  28.0891  1732.2 1314.19 325.715 -0.657049  0.490361   179.412    1.78965  0.0476872 -0.0755739 7.14701 3.71853 2.25677 -0.000341705 -0.000865364  -0.00111589  -1.08688  0.125368 0.0990885  0.268075 -0.078835  -9.80502  12352
             334.403 -1.37281 -13.8171  28.0989 1732.97  1314.6 325.958 -0.657573  0.490944   179.411    1.78966  0.0477311 -0.0755807 7.15947 3.70028 2.25547 -0.000343724 -0.000864721  -0.00111734 -1.08461 0.124948 0.100565   0.268069 -0.0788018   -9.80502  12347
             334.503 -1.34529 -13.8094  28.1016 1733.75    1315 326.201 -0.658152  0.491539    179.41    1.78967   0.047742 -0.0755814 7.15594 3.70519  2.2503 -0.000325133 -0.000864758  -0.00111946 -1.08325 0.125184 0.102113   0.268061 -0.0787755   -9.80502  12251
             334.601 -1.34412 -13.7852  28.0997  1734.4 1315.33 326.406 -0.657658  0.491043    179.41    1.78966  0.0477368 -0.0755675 7.16705 3.72495 2.26021 -0.000343766 -0.000872083  -0.00112175 -1.08476 0.126266   0.1009   0.268067 -0.0787977   -9.80502  12255
             334.702 -1.44513 -13.6985   28.078 1735.28 1315.79 326.683 -0.656545  0.490176   179.416     1.7896  0.0477461 -0.0753823 7.24701 3.75702 2.27064 -0.000342865 -0.000871337  -0.00111261  -1.09504  0.125216 0.0992517  0.268094 -0.078857  -9.80502  12175
             334.802 -1.45627 -13.6957  28.0772 1736.08  1316.2 326.932 -0.6569 0.49053 179.416    1.78961  0.0477671 -0.0753833 7.26204 3.74903 2.26514  -0.00031381 -0.000867005  -0.00111179 -1.09715 0.125566 0.100294   0.268093 -0.0788592   -9.80502  12012
             334.901 -1.47128 -13.6965  28.0823 1736.73 1316.54 327.137 -0.656534  0.490205   179.416    1.78961  0.0477576 -0.0753649 7.20681 3.77853 2.25316 -0.000321123 -0.000893354  -0.00112454   -1.0949  0.125188 0.0992621   0.268094 -0.0788559   -9.80502  12021
             335.003 -1.59872 -13.8598  28.0468 1737.61    1317  327.41 -0.654624  0.490348   179.422    1.7898 0.0477014 -0.075782 7.27197 3.77854 2.25247 -0.000366789 -0.000976429  -0.00110422  -1.10377  0.124821 0.0959738   0.268122 -0.0789083   -9.80502  12014
             335.101   -1.707 -14.0215  28.0505 1738.27 1317.35 327.618 -0.654055  0.490907   179.424    1.78994  0.0476443 -0.0761178 7.32478 3.78566 2.29358 -0.00033338 -0.00100612  -0.0011003  -1.10841  0.124876 0.0948278   0.268132 -0.0789329   -9.80502  12048
             335.203 -1.82557 -14.1426  28.0656 1739.17 1317.81 327.898 -0.654081  0.492717   179.427    1.79009  0.0475447 -0.0765756  7.3993  3.8377 2.36135 -0.000294819  -0.00102394  -0.00110375  -1.11728  0.123742 0.0943934 0.268145 -0.07897 -9.80502  11959
             335.302 -1.75157 -14.1439  28.0583 1739.98 1318.23 328.159 -0.653997  0.493097   179.426    1.79006  0.0475385 -0.0765775 7.42722 3.84254  2.4244 -0.000322649  -0.00098247  -0.00111712  -1.11873  0.124405 0.0950137   0.268147 -0.0789747   -9.80502  11843
             335.403 -1.77933 -14.0899  28.0583 1740.77 1318.64 328.421 -0.653788  0.491656   179.427    1.79001   0.047568 -0.0766787  7.3809 3.82625 2.41906   -0.0003293 -0.000940413  -0.00112442  -1.11404  0.124497 0.0950385  0.268142 -0.078955  -9.80502  11748
             335.503 -1.74948 -14.0189  28.0267 1741.56 1319.05 328.677 -0.654198  0.490614    179.43    1.78999  0.0474845 -0.0769201 7.34824 3.79097 2.38779 -0.000336397 -0.000957921  -0.00111566 -1.10889 0.123344 0.097571   0.268144 -0.0789489   -9.80502  11619
             335.602 -1.71701  -14.001  28.0364 1742.36 1319.46 328.934 -0.654141  0.490305   179.433    1.79001  0.0474242 -0.0770244 7.33924 3.77815 2.36164  -0.00033166 -0.000970856  -0.00112171   -1.1065  0.122551 0.0989331  0.26815 -0.07895 -9.80502  11473
             335.703  -1.6786 -14.0085  28.0292 1743.13 1319.86 329.181 -0.652581    0.4897   179.442    1.79009  0.0471416 -0.0772049 7.29111 3.74212  2.3542 -0.000306735 -0.000985465  -0.00112375 -1.09921 0.120916  0.10365   0.268184 -0.0789623   -9.80502  11361
             335.803 -1.50238 -14.0106  28.0046 1743.92 1320.27 329.432 -0.651207  0.489452   179.448    1.79017  0.0467905 -0.0772215 7.27241 3.72498 2.35583 -0.000310507 -0.000990854  -0.00112721 -1.09615 0.120739 0.106851   0.268208 -0.0789755   -9.80501  11327
             335.903 -1.44158 -14.0174  27.9914  1744.7 1320.67 329.681 -0.64948 0.489202  179.453    1.79024  0.0464578 -0.0772271 7.23014 3.73443 2.34141 -0.000280606  -0.00101778  -0.00113907 -1.09376 0.120588 0.109988    0.26824 -0.0789895   -9.80501  11254
             336.003 -1.41504 -14.1025  27.9452 1745.48 1321.07 329.932 -0.648395  0.488906   179.455    1.79024  0.0462553 -0.0772112 7.18101 3.74432 2.32931 -0.000331806  -0.00105392  -0.00113429 -1.09259 0.120614 0.112198   0.268266 -0.0789987   -9.80501  11067
             336.102  -1.5531 -14.2915  27.9027 1746.27 1321.49 330.186 -0.648071  0.488908   179.457   1.79017 0.0462766 -0.077261 7.17465 3.72921 2.33571 -0.000311687   -0.0010862  -0.00114213 -1.09434 0.119916  0.11367  0.268287 -0.079009  -9.80501  11001
             336.203 -1.56167  -14.564  27.8436 1747.04 1321.88 330.438 -0.647384  0.488011   179.456    1.79006  0.0461915 -0.0770608 7.15196 3.71403 2.35808 -0.00035503 -0.00110456 -0.00112874 -1.09171 0.120317 0.114728   0.268308 -0.0790003   -9.80501  10931
             336.302 -1.75991 -14.7268  27.8117 1747.83 1322.29 330.698 -0.647121  0.487895   179.456    1.78992  0.0462772 -0.0770858 7.13431 3.75082  2.4307 -0.000370387  -0.00108834  -0.00113392 -1.09269 0.120131 0.116268   0.268338 -0.0790067   -9.80501  10854
             336.402  -1.9633 -14.7255   27.767 1748.62  1322.7 330.967 -0.646093  0.487826   179.453    1.78983  0.0464389 -0.0771935 7.17088 3.71137 2.51869 -0.000394176  -0.00102923  -0.00113584 -1.09331 0.121495  0.11809   0.268376 -0.0790151   -9.80501  10848
             336.503  -2.0472 -14.5499  27.7081 1749.39  1323.1 331.236 -0.645502  0.486663   179.451    1.78991  0.0466902 -0.0772543 7.15474 3.70632 2.50406 -0.000463492  -0.00096763  -0.00111969 -1.09198 0.121094 0.121101   0.268455 -0.0790185   -9.80501  10827
             336.602 -2.32997 -14.1492  27.6752 1750.18 1323.51 331.507 -0.643719  0.486128   179.447    1.79051  0.0471791 -0.0770315  7.1865  3.6218 2.48544 -0.000433151 -0.000951635  -0.00113476 -1.09373 0.121376 0.125143    0.26856 -0.0790608     -9.805  10836
             336.703 -2.13306 -13.8363  27.5527 1750.97 1323.91 331.763 -0.64058 0.484658  179.448    1.79176  0.0473566 -0.0771442 7.16568 3.55799 2.37063 -0.000429703 -0.000972672  -0.00111869 -1.09513  0.11791 0.131156   0.268735 -0.0791068     -9.805  10893
             336.802 -2.13971 -13.7685  27.5269 1751.75 1324.31 332.013 -0.636687  0.483091   179.448    1.79226  0.0473657 -0.0771952 7.10535 3.59341 2.22753 -0.000409323  -0.00101743   -0.0011274 -1.09804 0.115072 0.134198  0.268839 -0.079122    -9.805  10849
             336.903 -2.21648 -13.9098  27.4937 1752.53  1324.7 332.248 -0.633396  0.481057   179.447    1.79241  0.0473785 -0.0773604 7.11486 3.52528 2.20905 -0.000383896  -0.00106539    -0.001136 -1.10089 0.113952 0.136426   0.268916 -0.0791312   -9.80499  10739
             337.003 -1.97168 -14.1438  27.3953  1753.3 1325.09 332.485 -0.626913  0.478294   179.454    1.79234  0.0472588 -0.0779779 7.12297 3.53878 2.22301 -0.000352906  -0.00102055  -0.00112697 -1.10366 0.109723 0.139535   0.26904 -0.079116  -9.80499  10711
             337.103 -1.98069 -14.2192  27.3946 1754.08 1325.48 332.728 -0.622859   0.47688    179.46    1.79231  0.0472204 -0.0784542 7.11422 3.60009  2.2454 -0.000348216 -0.000963818  -0.00114063 -1.10712 0.105372 0.141118   0.269121 -0.0791111   -9.80499  10585
             337.203 -1.91576 -14.1471  27.3634 1754.85 1325.87 332.976 -0.624388  0.477753   179.456    1.79229  0.0472447 -0.0784641 7.10685 3.58848 2.27433 -0.000339844 -0.000946212   -0.0011634 -1.10803 0.106267  0.14046   0.269098 -0.0791205   -9.80499  10475
             337.303  -1.9141 -14.1085  27.3043 1755.62 1326.26 333.222 -0.625832  0.478688   179.454    1.79228  0.0472731 -0.0784582 7.07446 3.54922 2.23066 -0.000331114 -0.000935106  -0.00114989 -1.10809 0.106963 0.139703   0.269074 -0.0791223   -9.80499  10433
             337.402  -1.8812 -14.1245   27.276  1756.4 1326.65 333.469 -0.630587  0.481977   179.448    1.79226  0.0473648 -0.0784484 7.04793 3.54369 2.19064 -0.000331616 -0.000944124  -0.00115158 -1.10965 0.108356 0.137364   0.269009 -0.0791354   -9.80499  10303
             337.503 -1.88613 -14.2086  27.2384 1757.16 1327.03 333.707 -0.633053  0.483967   179.448     1.7923  0.0474093 -0.0784237 7.01527 3.52983 2.17267 -0.000308177 -0.000970824  -0.00115756 -1.10765 0.108772 0.135515    0.26896 -0.0791155   -9.80499  10255
             337.602  -1.8798 -14.3163  27.2098 1757.93 1327.41 333.949 -0.636684  0.486836   179.441     1.7924  0.0474265 -0.0785108  7.0347 3.52015 2.18744 -0.000340684 -0.000966222  -0.00114403 -1.10856 0.111865 0.133362   0.268891 -0.0791328   -9.80499  10166
             337.703 -1.86829 -14.3734  27.1936 1758.69 1327.79 334.193 -0.640616  0.490351   179.438    1.79257  0.0474697 -0.0785316 7.03127 3.51225 2.23478 -0.000327622 -0.000925685  -0.00114772 -1.10755 0.112808 0.129921   0.268814 -0.0791139     -9.805  10101
             337.803 -1.88775 -14.2944  27.1703 1759.46 1328.18 334.441 -0.643161  0.492557   179.436    1.7926  0.047465 -0.078527 7.05959 3.51314 2.27014 -0.000335807 -0.000881847  -0.00114529 -1.10836 0.113893 0.127605   0.268765 -0.0791121     -9.805  10077
             337.902 -1.87753 -14.0766  27.1357 1760.24 1328.56 334.693 -0.644863  0.493937   179.434    1.79252  0.0474537 -0.0783229 7.07426 3.51494 2.25993 -0.000329415  -0.00086111  -0.00115623 -1.11098   0.1151 0.126014   0.268737 -0.0791269     -9.805  10027
             338.003 -1.90348 -13.9188  27.1082    1761 1328.94 334.939 -0.646378   0.49506   179.434     1.7923  0.0474156 -0.0783974 7.03606 3.47976 2.21708 -0.000343321  -0.00087322  -0.00116197 -1.10975 0.115956 0.123345    0.26869 -0.0790881     -9.805  10017
             338.102 -1.99195 -13.9136  27.0753 1761.78 1329.33 335.183 -0.648028  0.496101   179.434    1.79214  0.0473086 -0.0782332 7.02012 3.47211 2.15045 -0.000344131 -0.000916776  -0.00115588 -1.11343 0.114919 0.120619  0.268681 -0.079082    -9.805  9987
             338.203 -2.02239 -14.1236  27.0567 1762.54 1329.71 335.419 -0.649405  0.497291   179.436    1.79222  0.0471521 -0.0783575 7.01614 3.46698  2.1163 -0.000350185 -0.000974372  -0.00115745 -1.11581 0.114234 0.116807   0.268653 -0.0790628     -9.805  9902
             338.303 -2.08826 -14.4466  27.0525  1763.3 1330.09 335.656 -0.650683  0.498438   179.438    1.79272  0.0469304 -0.0785931 7.01523  3.4669 2.15852 -0.000347474  -0.00100757  -0.00115763 -1.11751 0.113533 0.112426   0.268614 -0.0790454     -9.805  9862
             338.401 -2.13703 -14.7007   27.018 1764.08 1330.48 335.904 -0.651485  0.499212    179.44    1.79329   0.046745 -0.0789383 7.03073 3.50905 2.27155 -0.000361785 -0.000984248  -0.00115155 -1.11996  0.11303 0.108823   0.268586 -0.0790472     -9.805  9793
             338.501  -2.3018 -14.7902  27.0093 1764.85 1330.86  336.16 -0.651497  0.498818   179.441    1.79351  0.0466155 -0.0789531 7.03677 3.50838 2.36558 -0.000370031 -0.000923198  -0.00115371 -1.11906  0.11383 0.107064    0.26855 -0.0790256     -9.805  9782
             338.603 -2.36175  -14.651  26.9921  1765.6 1331.24 336.421 -0.651668  0.497531   179.444    1.79358   0.046509 -0.0791042 7.04123 3.48359 2.42297 -0.000401401 -0.000871169  -0.00115825 -1.11682 0.113493 0.104965   0.268516 -0.0789702   -9.80501  9809
             338.703 -2.43309  -14.393  26.9655 1766.37 1331.62 336.684 -0.652012  0.497447   179.443    1.79357   0.046455 -0.0789749  7.0699 3.50755  2.3954  -0.00041725 -0.000836861  -0.00115713  -1.1179 0.113137 0.104446  0.268518 -0.078973  -9.80501  9733
             338.802 -2.50231 -14.0944  26.9258 1767.15    1332 336.943 -0.652215  0.497479   179.441    1.79358  0.0464263 -0.0786361  7.1009 3.51693 2.35527 -0.000397699  -0.00083249  -0.00116032 -1.12005 0.112518 0.104521   0.268538 -0.0789932   -9.80501  9707
             338.903 -2.42717 -14.0158  26.8967 1767.92 1332.39 337.189 -0.651117  0.501042   179.436    1.79404  0.0464253 -0.0786341 7.12896 3.46518 2.23645 -0.000388043 -0.000864025  -0.00115234 -1.12125 0.109987 0.108505   0.268644 -0.0790746     -9.805  9629
             339.004 -2.18888 -14.1701  26.8685 1768.68 1332.77 337.424 -0.64993 0.502395  179.436   1.79406 0.0463316 -0.078889 7.12836 3.52757 2.19169 -0.000416517 -0.000943886  -0.00114856  -1.1214 0.107866 0.109612  0.268693 -0.079081    -9.805  9622
             339.103 -2.31025 -14.4897  26.8853 1769.46 1333.15 337.665 -0.650785  0.497663   179.431    1.79424  0.0464085 -0.0794049 7.18814 3.60735 2.22798 -0.000406237 -0.000943202  -0.00114053 -1.12744 0.109046 0.106733  0.268652 -0.079084    -9.805  9517
             339.203 -2.45071 -14.6267  26.9634 1770.25 1333.54 337.917 -0.652068   0.49721   179.431    1.79421   0.046323 -0.0797679 7.33902 3.55907 2.42314 -0.000385191 -0.000811841  -0.00113768 -1.13086 0.111834 0.106876   0.268623 -0.0791385     -9.805  9503
             339.304 -2.29414 -14.4398  27.0226 1771.05 1333.93 338.177 -0.651527  0.502069    179.43    1.79421  0.0460951 -0.0797694 7.38071 3.58752 2.46135 -0.000366585 -0.000708148  -0.00111102 -1.13197  0.11133 0.109921   0.268687 -0.0792242     -9.805  9434
             339.403 -2.13132 -14.2146  27.1587 1771.85 1334.32 338.438 -0.651546  0.506145   179.428    1.79441  0.0457759 -0.0797278 7.38241  3.5987 2.40624 -0.000330916 -0.000651413  -0.00109674 -1.13307 0.109865 0.112073   0.268744 -0.0792901     -9.805  9500
             339.504 -1.99368  -14.111  27.3196 1772.65 1334.72 338.688 -0.651361  0.511002   179.428    1.79466  0.0453674 -0.0797089 7.38167 3.71003 2.33503 -0.000336598 -0.000648929  -0.00105742 -1.13389 0.108424 0.114644  0.268798 -0.079364    -9.805  9508
             339.604 -1.87417 -14.1899  27.5307 1773.45 1335.11 338.938 -0.651697  0.508566    179.43    1.79452  0.0454458 -0.0795834 7.41449 3.76462 2.30852 -0.000343711 -0.000682638  -0.00107023 -1.13592 0.110783 0.113821   0.268762 -0.0793634     -9.805  9466
             339.704 -1.83202  -14.341  27.7327 1774.24 1335.51 339.188 -0.650713  0.505379   179.429    1.79455  0.0456488 -0.0795168 7.43515 3.79617 2.35463 -0.000299431 -0.000722031   -0.0010592 -1.13578 0.111835 0.112203   0.268736 -0.0793256     -9.805  9476
             339.804 -1.87113 -14.4917  27.9667 1775.05 1335.92 339.443 -0.652006  0.506947   179.432    1.79443   0.045575 -0.0795947 7.46364 3.89089 2.38516 -0.000264855 -0.000657916  -0.00105352 -1.13619 0.113573 0.112972   0.268725 -0.0793548     -9.805  9407
             339.903 -1.89488 -14.4771   28.197 1775.86 1336.34 339.704 -0.653527  0.509401   179.434    1.79428  0.0455513 -0.0796855 7.47691 3.92848 2.45458 -0.000201429 -0.000672792  -0.00107049  -1.1342 0.117007 0.113782   0.268711 -0.0793813     -9.805  9413
             340.004 -1.96047 -14.5124  28.4198 1776.65 1336.75 339.965 -0.654987  0.511867   179.429    1.79417  0.0455624 -0.0797771 7.47852 3.93728 2.46583 -0.000149863 -0.000678399  -0.00106762 -1.13026 0.119948  0.11443   0.268714 -0.0793977     -9.805  9476
             340.104 -1.93503 -14.4557  28.6186 1777.45 1337.16 340.229 -0.656209  0.513428   179.426    1.79413  0.0455524 -0.0798742 7.47224  3.9677  2.4669 -0.000140737 -0.000717467    -0.001067  -1.1276 0.122272 0.114839    0.26872 -0.0794107     -9.805  9586
             340.204 -1.91503 -14.4316  28.8067 1778.25 1337.58 340.494 -0.651788  0.510426   179.429    1.79417  0.0455642 -0.0799332 7.48355  3.9875 2.46473 -0.000132264 -0.000750251  -0.00105714 -1.12735 0.123109  0.11351  0.268735 -0.079379    -9.805  9592
             340.304 -1.94397 -14.4267  29.0142 1779.06 1338.01  340.76 -0.652298  0.510862   179.435    1.79418  0.0455923 -0.0799337 7.52011 4.00104  2.4753 -9.77213e-05 -0.000718884  -0.00107058 -1.12851 0.124716 0.113857  0.268732 -0.079378    -9.805  9549
             340.404 -1.90735 -14.4428  29.1885 1779.87 1338.44 341.023 -0.659868  0.515396   179.433    1.79414  0.0455787 -0.0799196 7.52796 4.03758 2.47842 -8.40676e-05  -0.00069453  -0.00106189  -1.1276  0.12698 0.115918   0.268716 -0.0794174     -9.805  9615
             340.504 -1.88095 -14.4522  29.3491 1780.68 1338.88 341.287   -0.666 0.518739  179.432   1.79413 0.0455713 -0.079902 7.54447 4.09317 2.48329 -6.16224e-05 -0.000665148  -0.00107358 -1.12721 0.129431 0.117589   0.268706 -0.0794393     -9.805  9705
             340.603 -1.88509 -14.4504   29.485  1781.5 1339.33 341.558 -0.663188  0.517358   179.437    1.79415  0.0456306 -0.0798975 7.57156 4.12689 2.48928 -8.29341e-05 -0.000658482  -0.00107564 -1.12924 0.128935 0.117136   0.268703 -0.0794126     -9.805  9648
             340.704 -1.82877 -14.5197  29.6162  1782.3 1339.76 341.823 -0.666558   0.51863   179.432    1.79416  0.0455283 -0.0798404 7.57008 4.14491 2.51091 -9.14901e-05 -0.000693811  -0.00107432 -1.12589 0.131033 0.117482  0.268734 -0.079448    -9.805  9695
             340.804 -1.88461  -14.575  29.7448 1783.11 1340.21 342.092 -0.665383  0.518043   179.431    1.79416  0.0455037 -0.0798233  7.5717 4.21664 2.50434 -3.47623e-05 -0.000741248  -0.00107603 -1.12524 0.130251 0.117028   0.268737 -0.0794584     -9.805  9772
             340.904 -1.90024 -14.6662  29.8718 1783.93 1340.66 342.363 -0.664876  0.517725   179.434    1.79421  0.0455153 -0.0798518 7.61794  4.2449 2.55486 -7.77044e-05 -0.000727156  -0.00107635 -1.12545 0.131661  0.11686   0.268761 -0.0794445     -9.805  9676
             341.004 -1.88432 -14.6776  29.9708 1784.74 1341.12 342.638 -0.664255   0.51758   179.435    1.79421  0.0455393 -0.0798587 7.63129 4.30418 2.59612 -5.16215e-05 -0.000711053  -0.00107344 -1.12655 0.131206 0.116841  0.268746 -0.079431    -9.805  9662
             341.103 -2.03576 -14.6671  30.1006 1785.58 1341.59 342.919 -0.666121  0.518991   179.441    1.79422  0.0456303 -0.0799023 7.69249 4.36886 2.62029 -3.92781e-05 -0.000643581  -0.00107666 -1.12914 0.133153  0.11795   0.268737 -0.0793698     -9.805  9550
             341.204 -2.07283 -14.6006  30.1952 1786.39 1342.05 343.199 -0.665559  0.518294   179.439    1.79422  0.0455697 -0.0800978 7.66614 4.42615 2.62303 -9.45088e-05 -0.000680277  -0.00107233 -1.12471 0.135142 0.117191   0.268836 -0.0794238   -9.80499  9588
             341.303 -2.47186   -14.45  30.2955 1787.23 1342.52 343.487 -0.660635  0.516387   179.454    1.79418  0.0454258 -0.0803439 7.73291 4.45202  2.6533 -4.08815e-05 -0.000671224  -0.00109494 -1.12748 0.136789 0.115697   0.268866 -0.0793459   -9.80499  9706
             341.404  -2.6087 -14.3749  30.3571 1788.06    1343 343.771 -0.661556  0.516902   179.454    1.79421  0.0454559 -0.0804425 7.77771 4.42282 2.60605 -4.25773e-05 -0.000670113  -0.00109512 -1.12636 0.137722 0.115921   0.268895 -0.0793584   -9.80499  9824
             341.504 -2.79168 -14.3111  30.4315 1788.89 1343.47 344.047 -0.664009  0.518498   179.449    1.79428   0.045591 -0.0804663  7.7965 4.42764 2.59113  3.79331e-05 -0.000716462  -0.00110878 -1.12507 0.138025 0.117038  0.268905 -0.079384  -9.80499  9958
             341.603 -2.72107 -14.3853  30.4531 1789.74 1343.96 344.324 -0.666506  0.520911   179.445    1.79428  0.0457213 -0.0805691 7.84275 4.43425 2.60383  2.84762e-05 -0.000690943  -0.00108764 -1.12605 0.137791 0.119202   0.268877 -0.0793607   -9.80499  9986
             341.704 -2.54193 -14.4888  30.5017 1790.57 1344.43 344.598 -0.668895  0.524251   179.441   1.79422  0.045654 -0.080749 7.85164  4.4606  2.6069 5.81101e-05 -0.00070193 -0.00108058 -1.12294 0.136103 0.121567   0.268877 -0.0794354   -9.80499  10024
             341.803 -2.34488 -14.5307  30.5579 1791.43 1344.92 344.881 -0.668864  0.524762   179.439     1.7942  0.0456314 -0.0808746 7.91934 4.51926 2.65406 4.03579e-05 -0.00068829 -0.00107704 -1.12467  0.13595 0.122138   0.26885 -0.079395  -9.80499  10095
