0.201109 0.000263 -0.000128 0.000018 0.000547 0.002059 -0.004566 0.000000 0.000000 0.000000 -0.001081 0.000052 0.000093 0.000000 0.000000 0.000000 -0.001399 -0.002446 -0.002619 -0.000000 -0.000000 0.000000 0.203243 -0.111350 -9.806262 
0.300631 0.000318 0.000016 -0.000092 0.001768 0.002651 -0.000143 0.000000 0.000000 0.000000 0.012433 0.005169 0.043791 0.000000 0.000000 0.000000 -0.001380 -0.002429 -0.002570 -0.000003 -0.000002 -0.000011 0.203246 -0.111348 -9.806262 
0.401236 0.000548 -0.000232 0.000038 -0.000139 0.000505 -0.003352 0.000000 0.000000 0.000000 -0.007058 -0.011639 0.001680 0.000000 0.000000 0.000000 -0.001328 -0.002402 -0.002551 0.003406 0.003414 0.007311 0.199822 -0.114552 -9.806295 
0.500309 0.000020 0.000007 0.000045 0.002704 0.000734 -0.006490 0.000000 0.000000 0.000000 0.010328 -0.004486 -0.020346 0.000000 0.000000 0.000000 -0.001315 -0.002319 -0.002522 -0.002434 -0.002682 0.020738 0.205169 -0.108532 -9.806253 
0.601233 0.000981 0.000215 0.000130 0.003752 -0.001133 -0.005289 0.000000 0.000000 0.000000 0.012767 -0.013508 -0.008785 0.000000 0.000000 0.000000 -0.001304 -0.002283 -0.002485 -0.004344 0.005622 -0.002068 0.207454 -0.116778 -9.806111 
0.700358 0.000648 -0.000046 0.000066 0.003866 -0.002043 -0.003619 0.000000 0.000000 0.000000 0.008347 -0.013333 0.008245 0.000000 0.000000 0.000000 -0.001272 -0.002281 -0.002438 0.000031 0.002550 -0.034904 0.203905 -0.114203 -9.806215 
0.801325 0.001234 -0.000843 0.000054 0.003235 -0.005159 -0.005768 0.000000 0.000000 0.000000 0.000294 -0.024020 0.004682 0.000000 0.000000 0.000000 -0.001234 -0.002246 -0.002392 0.006193 0.009907 -0.011662 0.197512 -0.121006 -9.806265 
0.901529 0.000745 -0.000303 0.000043 0.004296 -0.006077 -0.003653 0.000000 0.000000 0.000000 0.003861 -0.019061 0.011779 0.000000 0.000000 0.000000 -0.001230 -0.002234 -0.002356 0.002408 0.004116 -0.019858 0.201312 -0.115538 -9.806253 
1.000804 -0.000210 -0.000057 0.000077 0.005869 -0.005236 -0.004412 0.000000 0.000000 0.000000 0.008835 -0.007879 0.003118 0.000000 0.000000 0.000000 -0.001208 -0.002199 -0.002322 -0.001381 -0.003950 0.004015 0.204506 -0.107482 -9.806279 
1.101175 -0.000130 -0.000630 0.000073 0.003665 -0.005583 -0.004358 0.000000 0.000000 0.000000 -0.003764 -0.004718 0.007057 0.000000 0.000000 0.000000 -0.001209 -0.002199 -0.002287 0.005924 -0.004895 -0.004288 0.197653 -0.106673 -9.806428 
1.201485 -0.000279 -0.001124 0.000047 0.001057 -0.005823 -0.005138 0.000000 0.000000 0.000000 -0.014507 -0.002064 0.005638 0.000000 0.000000 0.000000 -0.001180 -0.002168 -0.002250 0.009874 -0.005071 0.000592 0.193778 -0.106455 -9.806508 
1.300358 -0.000097 -0.000878 0.000094 0.000727 -0.006848 -0.004456 0.000000 0.000000 0.000000 -0.013437 -0.004064 0.004721 0.000000 0.000000 0.000000 -0.001159 -0.002137 -0.002223 0.007636 -0.003567 0.001883 0.195904 -0.107874 -9.806450 
1.401288 -0.000370 -0.000348 -0.000002 0.003071 -0.005150 -0.003645 0.000000 0.000000 0.000000 -0.002910 0.004694 0.003271 0.000000 0.000000 0.000000 -0.001154 -0.002112 -0.002185 0.002173 -0.006375 0.004830 0.201066 -0.105154 -9.806375 
1.500447 -0.000143 -0.000108 -0.000009 0.005742 -0.006702 -0.003546 0.000000 0.000000 0.000000 0.005919 -0.000532 -0.000021 0.000000 0.000000 0.000000 -0.001132 -0.002074 -0.002149 -0.001714 -0.003541 0.007978 0.204777 -0.107814 -9.806270 
1.600907 -0.000020 -0.000306 0.000023 0.003697 -0.007327 -0.004026 0.000000 0.000000 0.000000 -0.001949 -0.001311 -0.001007 0.000000 0.000000 0.000000 -0.001121 -0.002059 -0.002126 0.001143 -0.002878 0.007595 0.202078 -0.108483 -9.806318 
1.701447 -0.000146 -0.000325 0.000069 0.003633 -0.006099 -0.004644 0.000000 0.000000 0.000000 -0.001566 0.003815 -0.003040 0.000000 0.000000 0.000000 -0.001111 -0.002030 -0.002110 0.001015 -0.004188 0.009034 0.202170 -0.107283 -9.806330 
1.800553 -0.000174 -0.000322 0.000062 0.003863 -0.006066 -0.004712 0.000000 0.000000 0.000000 -0.001238 0.002650 -0.003785 0.000000 0.000000 0.000000 -0.001090 -0.002016 -0.002092 0.000640 -0.003800 0.008387 0.202535 -0.107616 -9.806318 
1.901704 -0.000143 -0.000265 0.000021 0.003183 -0.006119 -0.004650 0.000000 0.000000 0.000000 -0.002331 0.002914 -0.003347 0.000000 0.000000 0.000000 -0.001074 -0.002013 -0.002066 0.001099 -0.003471 0.006924 0.202126 -0.107871 -9.806324 
2.000508 -0.000208 -0.000201 0.000014 0.005482 -0.004235 -0.004948 0.000000 0.000000 0.000000 0.005121 0.010091 -0.004464 0.000000 0.000000 0.000000 -0.001058 -0.001980 -0.002046 -0.000799 -0.004589 0.007414 0.203873 -0.106816 -9.806299 
2.100460 -0.000031 -0.000028 0.000013 0.008438 -0.005505 -0.004675 0.000000 0.000000 0.000000 0.012918 0.002290 -0.004503 0.000000 0.000000 0.000000 -0.001052 -0.001962 -0.002022 -0.002545 -0.002716 0.006384 0.205552 -0.108440 -9.806246 
2.201247 0.000182 -0.000256 0.000041 0.007354 -0.008111 -0.005450 0.000000 0.000000 0.000000 0.006068 -0.007157 -0.005386 0.000000 0.000000 0.000000 -0.001040 -0.001942 -0.001998 -0.001023 -0.000733 0.006310 0.204180 -0.110286 -9.806255 
2.300025 0.000242 -0.000384 0.000027 0.005972 -0.009754 -0.005992 0.000000 0.000000 0.000000 0.000111 -0.010019 -0.005613 0.000000 0.000000 0.000000 -0.001026 -0.001923 -0.001974 0.000194 -0.000153 0.005810 0.203096 -0.110799 -9.806271 
2.401155 0.000006 -0.000319 0.000030 0.004821 -0.006960 -0.006239 0.000000 0.000000 0.000000 -0.003810 0.003976 -0.005122 0.000000 0.000000 0.000000 -0.001015 -0.001921 -0.001962 0.000867 -0.002563 0.005048 0.202513 -0.108569 -9.806308 
2.500289 -0.000068 -0.000488 0.000048 0.004131 -0.006118 -0.006311 0.000000 0.000000 0.000000 -0.004861 0.005722 -0.004908 0.000000 0.000000 0.000000 -0.000995 -0.001889 -0.001944 0.001006 -0.002786 0.004229 0.202455 -0.108315 -9.806312 
2.601044 -0.000033 -0.000375 0.000040 0.004646 -0.004984 -0.006195 0.000000 0.000000 0.000000 -0.001912 0.007590 -0.003380 0.000000 0.000000 0.000000 -0.000985 -0.001883 -0.001925 0.000462 -0.003073 0.003499 0.203011 -0.108011 -9.806304 
2.701629 -0.000020 -0.000368 0.000052 0.005038 -0.005166 -0.005974 0.000000 0.000000 0.000000 -0.000758 0.005667 -0.002663 0.000000 0.000000 0.000000 -0.000969 -0.001869 -0.001903 0.000127 -0.002461 0.002767 0.203384 -0.108511 -9.806291 
2.802005 0.000116 -0.000334 0.000058 0.005967 -0.006338 -0.006179 0.000000 0.000000 0.000000 0.002820 0.000457 -0.002655 0.000000 0.000000 0.000000 -0.000969 -0.001847 -0.001882 -0.000380 -0.001466 0.002725 0.203842 -0.109377 -9.806272 
2.901662 0.000107 -0.000358 0.000109 0.006867 -0.006849 -0.006552 0.000000 0.000000 0.000000 0.004777 -0.001480 -0.002914 0.000000 0.000000 0.000000 -0.000957 -0.001821 -0.001875 -0.000670 -0.001167 0.002874 0.204082 -0.109640 -9.806264 
3.000800 0.000132 -0.000359 0.000060 0.006954 -0.007056 -0.006723 0.000000 0.000000 0.000000 0.002987 -0.000864 -0.003195 0.000000 0.000000 0.000000 -0.000955 -0.001811 -0.001858 -0.000521 -0.001099 0.002622 0.203980 -0.109692 -9.806265 
3.100672 0.000163 -0.000459 0.000073 0.004238 -0.007614 -0.006958 0.000000 0.000000 0.000000 -0.004760 -0.001447 -0.002893 0.000000 0.000000 0.000000 -0.000946 -0.001791 -0.001840 0.000751 -0.000889 0.002312 0.202929 -0.109877 -9.806285 
3.202836 0.000051 -0.000451 0.000077 0.003966 -0.006988 -0.007575 0.000000 0.000000 0.000000 -0.005788 0.000024 -0.002457 0.000000 0.000000 0.000000 -0.000929 -0.001773 -0.001835 0.000679 -0.001230 0.002644 0.202950 -0.109589 -9.806288 
3.299983 0.000035 -0.000353 0.000053 0.005320 -0.006484 -0.007652 0.000000 0.000000 0.000000 -0.001385 0.001070 -0.002616 0.000000 0.000000 0.000000 -0.000914 -0.001777 -0.001823 -0.000176 -0.001433 0.002547 0.203678 -0.109416 -9.806275 
3.400900 0.000141 -0.000443 0.000079 0.004416 -0.005330 -0.007805 0.000000 0.000000 0.000000 0.000014 0.007644 -0.002356 0.000000 0.000000 0.000000 -0.000924 -0.001748 -0.001808 0.000196 -0.001807 0.002330 0.203391 -0.109118 -9.806284 
3.499998 0.000092 -0.000373 0.000109 0.004700 -0.003811 -0.007081 0.000000 0.000000 0.000000 -0.001225 0.008163 -0.000221 0.000000 0.000000 0.000000 -0.000918 -0.001731 -0.001803 0.000017 -0.002140 0.001353 0.203634 -0.108893 -9.806281 
3.601116 0.000101 -0.000353 0.000092 0.005513 -0.004352 -0.006603 0.000000 0.000000 0.000000 0.000002 0.004430 0.000440 0.000000 0.000000 0.000000 -0.000903 -0.001718 -0.001790 -0.000421 -0.001548 0.000903 0.204031 -0.109392 -9.806268 
3.700583 0.000104 -0.000345 0.000024 0.005256 -0.004719 -0.006001 0.000000 0.000000 0.000000 0.002418 0.002372 0.002448 0.000000 0.000000 0.000000 -0.000886 -0.001705 -0.001766 -0.000304 -0.001175 0.000290 0.203989 -0.109731 -9.806265 
3.800460 0.000062 -0.000377 0.000050 0.004590 -0.003719 -0.005777 0.000000 0.000000 0.000000 -0.001054 0.005008 0.002959 0.000000 0.000000 0.000000 -0.000889 -0.001696 -0.001754 0.000022 -0.001455 0.000275 0.203731 -0.109517 -9.806273 
3.900457 0.000166 -0.000398 0.000086 0.003810 -0.004298 -0.005451 0.000000 0.000000 0.000000 -0.004440 -0.000634 0.003103 0.000000 0.000000 0.000000 -0.000882 -0.001682 -0.001748 0.000192 -0.001060 0.000193 0.203607 -0.109830 -9.806272 
4.002002 0.000164 -0.000340 0.000067 0.003002 -0.005259 -0.005112 0.000000 0.000000 0.000000 -0.003824 -0.003356 0.004528 0.000000 0.000000 0.000000 -0.000872 -0.001674 -0.001734 0.000327 -0.000736 0.000157 0.203507 -0.110083 -9.806271 
4.102388 0.000205 -0.000378 0.000059 0.003718 -0.005656 -0.004545 0.000000 0.000000 0.000000 -0.000607 -0.002073 0.005274 0.000000 0.000000 0.000000 -0.000871 -0.001656 -0.001716 -0.000030 -0.000658 0.000128 0.203782 -0.110140 -9.806264 
4.202999 0.000113 -0.000333 0.000052 0.003029 -0.004399 -0.004261 0.000000 0.000000 0.000000 -0.004732 0.002436 0.004875 0.000000 0.000000 0.000000 -0.000860 -0.001653 -0.001702 0.000143 -0.001199 0.000278 0.203640 -0.109724 -9.806272 
4.300685 0.000109 -0.000342 0.000078 0.002637 -0.004031 -0.004242 0.000000 0.000000 0.000000 -0.003355 0.003985 0.003798 0.000000 0.000000 0.000000 -0.000862 -0.001636 -0.001688 0.000149 -0.001235 0.000702 0.203611 -0.109651 -9.806274 
4.402617 0.000192 -0.000337 0.000051 0.003909 -0.005359 -0.003966 0.000000 0.000000 0.000000 0.001838 -0.002388 0.005111 0.000000 0.000000 0.000000 -0.000872 -0.001638 -0.001677 -0.000336 -0.000614 0.000933 0.203955 -0.110071 -9.806262 
4.500926 0.000203 -0.000286 0.000069 0.004312 -0.004985 -0.003975 0.000000 0.000000 0.000000 0.000934 -0.002215 0.003533 0.000000 0.000000 0.000000 -0.000862 -0.001630 -0.001670 -0.000409 -0.000887 0.001430 0.203981 -0.109819 -9.806264 
4.601326 0.000233 -0.000246 0.000076 0.004042 -0.004113 -0.003897 0.000000 0.000000 0.000000 0.000525 0.003053 0.002785 0.000000 0.000000 0.000000 -0.000843 -0.001629 -0.001657 -0.000282 -0.001249 0.001656 0.203878 -0.109538 -9.806269 
4.703003 0.000184 -0.000241 0.000077 0.004548 -0.004189 -0.003843 0.000000 0.000000 0.000000 0.001591 0.004258 0.003719 0.000000 0.000000 0.000000 -0.000840 -0.001626 -0.001651 -0.000410 -0.001063 0.001904 0.203956 -0.109638 -9.806266 
4.800548 0.000220 -0.000225 0.000026 0.005412 -0.004152 -0.003670 0.000000 0.000000 0.000000 0.002757 0.001269 0.002854 0.000000 0.000000 0.000000 -0.000849 -0.001616 -0.001639 -0.000629 -0.000939 0.002100 0.204098 -0.109700 -9.806263 
4.902976 0.000279 -0.000245 0.000072 0.006556 -0.004355 -0.003494 0.000000 0.000000 0.000000 0.005723 -0.000699 0.002755 0.000000 0.000000 0.000000 -0.000851 -0.001603 -0.001642 -0.000888 -0.000842 0.002213 0.204271 -0.109751 -9.806259 
5.001004 0.000214 -0.000273 -0.000013 0.006094 -0.004629 -0.003290 0.000000 0.000000 0.000000 0.003377 0.000719 0.003017 0.000000 0.000000 0.000000 -0.000836 -0.001581 -0.001626 -0.000573 -0.000745 0.002238 0.204056 -0.109816 -9.806262 
5.102952 0.000245 -0.000253 0.000047 0.006193 -0.004517 -0.003458 0.000000 0.000000 0.000000 0.001518 0.001300 0.001886 0.000000 0.000000 0.000000 -0.000835 -0.001564 -0.001620 -0.000518 -0.000730 0.002644 0.203992 -0.109785 -9.806264 
5.200714 0.000224 -0.000278 0.000062 0.006009 -0.005403 -0.003727 0.000000 0.000000 0.000000 0.000849 -0.003466 0.001164 0.000000 0.000000 0.000000 -0.000834 -0.001557 -0.001611 -0.000428 -0.000414 0.003029 0.203905 -0.109953 -9.806264 
5.300772 0.000231 -0.000326 0.000010 0.005649 -0.005229 -0.003756 0.000000 0.000000 0.000000 0.000313 -0.002273 0.001140 0.000000 0.000000 0.000000 -0.000819 -0.001540 -0.001592 -0.000283 -0.000585 0.003121 0.203804 -0.109835 -9.806267 
5.402717 0.000225 -0.000257 0.000015 0.007065 -0.004922 -0.003968 0.000000 0.000000 0.000000 0.003638 0.000833 0.000667 0.000000 0.000000 0.000000 -0.000807 -0.001544 -0.001583 -0.000684 -0.000732 0.003478 0.204034 -0.109705 -9.806264 
5.500567 0.000219 -0.000197 0.000031 0.008777 -0.003568 -0.003509 0.000000 0.000000 0.000000 0.007721 0.006599 0.000630 0.000000 0.000000 0.000000 -0.000806 -0.001546 -0.001580 -0.001068 -0.001091 0.003087 0.204309 -0.109515 -9.806261 
5.602587 0.000171 -0.000260 0.000016 0.008029 -0.002768 -0.003209 0.000000 0.000000 0.000000 0.003505 0.005138 0.001537 0.000000 0.000000 0.000000 -0.000800 -0.001535 -0.001567 -0.000642 -0.001159 0.002818 0.204064 -0.109499 -9.806266 
5.701711 0.000134 -0.000309 0.000045 0.007546 -0.001943 -0.003831 0.000000 0.000000 0.000000 0.000277 0.002284 0.000445 0.000000 0.000000 0.000000 -0.000782 -0.001523 -0.001554 -0.000416 -0.001319 0.003500 0.203875 -0.109341 -9.806271 
5.802656 0.000204 -0.000288 0.000084 0.007638 -0.001347 -0.004183 0.000000 0.000000 0.000000 0.001323 0.004097 -0.000810 0.000000 0.000000 0.000000 -0.000766 -0.001520 -0.001543 -0.000416 -0.001448 0.003810 0.203853 -0.109233 -9.806273 
5.900646 0.000292 -0.000258 0.000063 0.008226 -0.003487 -0.004541 0.000000 0.000000 0.000000 0.002696 0.000752 -0.000269 0.000000 0.000000 0.000000 -0.000761 -0.001514 -0.001538 -0.000550 -0.000602 0.004100 0.203918 -0.109700 -9.806267 
6.000743 0.000234 -0.000286 0.000058 0.006004 -0.003228 -0.004621 0.000000 0.000000 0.000000 -0.005258 0.004695 -0.000718 0.000000 0.000000 0.000000 -0.000767 -0.001502 -0.001527 0.000107 -0.000585 0.004029 0.203539 -0.109723 -9.806274 
6.102437 0.000242 -0.000363 0.000047 0.003527 -0.004773 -0.004441 0.000000 0.000000 0.000000 -0.010371 -0.004896 -0.000742 0.000000 0.000000 0.000000 -0.000780 -0.001492 -0.001517 0.000620 -0.000029 0.003702 0.203268 -0.110061 -9.806276 
6.202686 0.000169 -0.000367 0.000054 0.003765 -0.003534 -0.004755 0.000000 0.000000 0.000000 -0.007651 -0.003604 -0.001334 0.000000 0.000000 0.000000 -0.000763 -0.001490 -0.001503 0.000269 -0.000609 0.003922 0.203453 -0.109720 -9.806276 
6.301074 0.000231 -0.000291 0.000048 0.003772 -0.003967 -0.004939 0.000000 0.000000 0.000000 -0.005392 -0.001937 -0.002314 0.000000 0.000000 0.000000 -0.000750 -0.001493 -0.001499 0.000050 -0.000563 0.003909 0.203578 -0.109744 -9.806273 
6.402631 0.000275 -0.000269 0.000061 0.004876 -0.003586 -0.004907 0.000000 0.000000 0.000000 -0.000577 0.002475 -0.001117 0.000000 0.000000 0.000000 -0.000756 -0.001489 -0.001494 -0.000401 -0.000674 0.003717 0.203833 -0.109689 -9.806268 
6.501352 0.000323 -0.000194 0.000032 0.006239 -0.003841 -0.004833 0.000000 0.000000 0.000000 0.003745 0.001049 -0.001680 0.000000 0.000000 0.000000 -0.000762 -0.001495 -0.001484 -0.000793 -0.000505 0.003531 0.204053 -0.109784 -9.806263 
6.601783 0.000346 -0.000307 0.000113 0.006095 -0.005394 -0.005221 0.000000 0.000000 0.000000 0.002255 -0.007164 -0.002313 0.000000 0.000000 0.000000 -0.000763 -0.001482 -0.001485 -0.000664 -0.000039 0.003694 0.203985 -0.110027 -9.806262 
6.700549 0.000197 -0.000296 0.000043 0.004648 -0.005428 -0.005141 0.000000 0.000000 0.000000 -0.002655 -0.005026 -0.001046 0.000000 0.000000 0.000000 -0.000735 -0.001471 -0.001474 -0.000230 -0.000258 0.003310 0.203759 -0.109933 -9.806267 
6.800683 0.000315 -0.000296 0.000038 0.007371 -0.004494 -0.004873 0.000000 0.000000 0.000000 0.006300 0.001319 -0.000583 0.000000 0.000000 0.000000 -0.000733 -0.001459 -0.001465 -0.001007 -0.000638 0.003007 0.204162 -0.109749 -9.806261 
6.902435 0.000251 -0.000273 0.000040 0.006677 -0.003634 -0.004680 0.000000 0.000000 0.000000 0.002516 0.002834 -0.000103 0.000000 0.000000 0.000000 -0.000734 -0.001455 -0.001459 -0.000660 -0.000852 0.002726 0.203987 -0.109657 -9.806266 
7.000459 0.000246 -0.000272 0.000068 0.006490 -0.002799 -0.004609 0.000000 0.000000 0.000000 0.001576 0.003120 -0.000585 0.000000 0.000000 0.000000 -0.000734 -0.001442 -0.001453 -0.000547 -0.001029 0.002558 0.203931 -0.109579 -9.806268 
7.101252 0.000232 -0.000303 0.000063 0.006341 -0.002111 -0.004155 0.000000 0.000000 0.000000 0.001034 0.004820 0.000323 0.000000 0.000000 0.000000 -0.000727 -0.001434 -0.001448 -0.000472 -0.001123 0.002033 0.203899 -0.109565 -9.806269 
7.200629 0.000243 -0.000303 0.000060 0.005243 -0.002663 -0.003892 0.000000 0.000000 0.000000 -0.002683 0.003413 0.001209 0.000000 0.000000 0.000000 -0.000726 -0.001436 -0.001438 -0.000173 -0.000785 0.001753 0.203757 -0.109743 -9.806269 
7.302589 0.000255 -0.000278 0.000038 0.005454 -0.002776 -0.003895 0.000000 0.000000 0.000000 -0.001036 0.001937 0.000971 0.000000 0.000000 0.000000 -0.000725 -0.001426 -0.001431 -0.000297 -0.000634 0.001856 0.203816 -0.109808 -9.806267 
7.402617 0.000198 -0.000296 0.000067 0.005934 -0.002014 -0.003922 0.000000 0.000000 0.000000 0.000113 0.002186 0.001120 0.000000 0.000000 0.000000 -0.000715 -0.001421 -0.001428 -0.000450 -0.000813 0.001991 0.203885 -0.109720 -9.806267 
7.500800 0.000216 -0.000282 0.000071 0.006041 -0.000825 -0.003849 0.000000 0.000000 0.000000 0.000375 0.005614 0.000984 0.000000 0.000000 0.000000 -0.000710 -0.001417 -0.001415 -0.000478 -0.001078 0.002013 0.203897 -0.109600 -9.806268 
7.600797 0.000241 -0.000295 0.000068 0.005351 -0.002161 -0.003588 0.000000 0.000000 0.000000 -0.001006 0.000048 0.001568 0.000000 0.000000 0.000000 -0.000705 -0.001412 -0.001411 -0.000299 -0.000529 0.001850 0.203823 -0.109849 -9.806267 
7.700718 0.000274 -0.000271 0.000066 0.004776 -0.002767 -0.003494 0.000000 0.000000 0.000000 -0.002606 -0.001052 0.002151 0.000000 0.000000 0.000000 -0.000703 -0.001407 -0.001404 -0.000187 -0.000335 0.001896 0.203775 -0.109932 -9.806267 
7.801005 0.000283 -0.000259 0.000044 0.005909 -0.001972 -0.003580 0.000000 0.000000 0.000000 0.001225 0.000879 0.001110 0.000000 0.000000 0.000000 -0.000703 -0.001401 -0.001401 -0.000533 -0.000581 0.002203 0.203918 -0.109819 -9.806265 
7.902469 0.000297 -0.000328 0.000079 0.008227 -0.001734 -0.003756 0.000000 0.000000 0.000000 0.008201 0.000645 0.001244 0.000000 0.000000 0.000000 -0.000703 -0.001386 -0.001397 -0.001072 -0.000619 0.002533 0.204140 -0.109793 -9.806261 
8.000382 0.000229 -0.000292 0.000053 0.008273 -0.000957 -0.003666 0.000000 0.000000 0.000000 0.005897 0.003135 0.001637 0.000000 0.000000 0.000000 -0.000695 -0.001382 -0.001392 -0.000869 -0.000810 0.002551 0.204055 -0.109716 -9.806264 
8.101058 0.000282 -0.000308 0.000076 0.007763 -0.001004 -0.004135 0.000000 0.000000 0.000000 0.001963 0.002538 0.000076 0.000000 0.000000 0.000000 -0.000693 -0.001381 -0.001390 -0.000586 -0.000701 0.003108 0.203928 -0.109749 -9.806266 
8.201846 0.000280 -0.000317 0.000036 0.007702 -0.003271 -0.004526 0.000000 0.000000 0.000000 0.001376 -0.004623 0.000131 0.000000 0.000000 0.000000 -0.000683 -0.001374 -0.001376 -0.000520 0.000037 0.003489 0.203895 -0.110037 -9.806263 
8.300537 0.000251 -0.000298 0.000081 0.006138 -0.003005 -0.004519 0.000000 0.000000 0.000000 -0.003214 -0.003482 -0.000413 0.000000 0.000000 0.000000 -0.000684 -0.001369 -0.001378 -0.000079 -0.000180 0.003420 0.203721 -0.109955 -9.806268 
8.402617 0.000305 -0.000292 0.000072 0.007326 -0.002958 -0.004593 0.000000 0.000000 0.000000 0.000451 -0.002748 -0.000867 0.000000 0.000000 0.000000 -0.000687 -0.001362 -0.001370 -0.000473 -0.000298 0.003437 0.203876 -0.109907 -9.806265 
8.500646 0.000334 -0.000266 0.000061 0.008086 -0.003004 -0.004546 0.000000 0.000000 0.000000 0.003023 -0.001272 -0.000548 0.000000 0.000000 0.000000 -0.000692 -0.001357 -0.001366 -0.000664 -0.000342 0.003279 0.203954 -0.109893 -9.806264 
8.602611 0.000195 -0.000356 0.000061 0.007567 -0.000992 -0.004757 0.000000 0.000000 0.000000 0.001158 0.005146 -0.000416 0.000000 0.000000 0.000000 -0.000686 -0.001344 -0.001358 -0.000449 -0.000951 0.003390 0.203875 -0.109660 -9.806268 
8.701651 0.000219 -0.000329 0.000071 0.006689 -0.001047 -0.004518 0.000000 0.000000 0.000000 -0.001957 0.001404 -0.000042 0.000000 0.000000 0.000000 -0.000683 -0.001339 -0.001353 -0.000209 -0.000812 0.003062 0.203790 -0.109721 -9.806269 
8.800393 0.000241 -0.000313 0.000065 0.006779 -0.000583 -0.004389 0.000000 0.000000 0.000000 -0.001136 0.004298 -0.000570 0.000000 0.000000 0.000000 -0.000678 -0.001339 -0.001340 -0.000296 -0.000866 0.002868 0.203825 -0.109707 -9.806268 
8.901896 0.000268 -0.000298 0.000040 0.006956 -0.001102 -0.003946 0.000000 0.000000 0.000000 0.000637 0.001819 0.002026 0.000000 0.000000 0.000000 -0.000677 -0.001336 -0.001335 -0.000375 -0.000556 0.002446 0.203862 -0.109828 -9.806266 
9.000367 0.000224 -0.000295 0.000120 0.005034 -0.000243 -0.003831 0.000000 0.000000 0.000000 -0.005937 0.002844 0.000598 0.000000 0.000000 0.000000 -0.000673 -0.001332 -0.001336 0.000117 -0.000775 0.002429 0.203686 -0.109755 -9.806271 
9.102267 0.000215 -0.000297 0.000057 0.005252 0.000887 -0.003805 0.000000 0.000000 0.000000 -0.003369 0.006040 0.000730 0.000000 0.000000 0.000000 -0.000662 -0.001330 -0.001329 -0.000096 -0.001002 0.002455 0.203759 -0.109674 -9.806270 
9.200616 0.000222 -0.000301 0.000083 0.005025 0.001301 -0.003777 0.000000 0.000000 0.000000 -0.002931 0.006912 0.001499 0.000000 0.000000 0.000000 -0.000663 -0.001329 -0.001326 -0.000121 -0.000908 0.002515 0.203769 -0.109705 -9.806270 
9.302375 0.000260 -0.000292 0.000046 0.004886 -0.000709 -0.003841 0.000000 0.000000 0.000000 -0.002788 -0.002016 0.000210 0.000000 0.000000 0.000000 -0.000663 -0.001328 -0.001326 -0.000168 -0.000125 0.002674 0.203791 -0.109967 -9.806266 
9.402285 0.000252 -0.000316 0.000086 0.004787 -0.001485 -0.003626 0.000000 0.000000 0.000000 -0.002089 -0.005959 0.000819 0.000000 0.000000 0.000000 -0.000657 -0.001328 -0.001324 -0.000226 0.000014 0.002480 0.203810 -0.110011 -9.806265 
9.500524 0.000222 -0.000291 0.000060 0.005283 -0.000734 -0.003546 0.000000 0.000000 0.000000 -0.000160 -0.001076 0.000584 0.000000 0.000000 0.000000 -0.000649 -0.001319 -0.001325 -0.000413 -0.000366 0.002448 0.203871 -0.109886 -9.806265 
9.602257 0.000221 -0.000260 0.000058 0.004366 0.000730 -0.003255 0.000000 0.000000 0.000000 -0.002680 0.005724 0.000600 0.000000 0.000000 0.000000 -0.000647 -0.001321 -0.001323 -0.000183 -0.000783 0.002180 0.203792 -0.109752 -9.806269 
9.702148 0.000175 -0.000287 0.000057 0.003643 0.003034 -0.003229 0.000000 0.000000 0.000000 -0.004110 0.010997 0.000224 0.000000 0.000000 0.000000 -0.000642 -0.001316 -0.001324 -0.000068 -0.001272 0.002140 0.203755 -0.109595 -9.806271 
9.800231 0.000217 -0.000274 0.000082 0.003056 0.003571 -0.003271 0.000000 0.000000 0.000000 -0.004084 0.007098 0.000188 0.000000 0.000000 0.000000 -0.000643 -0.001306 -0.001317 -0.000021 -0.001122 0.002183 0.203741 -0.109643 -9.806271 
9.902064 0.000241 -0.000277 0.000064 0.002720 0.000787 -0.003050 0.000000 0.000000 0.000000 -0.003622 -0.004261 0.000778 0.000000 0.000000 0.000000 -0.000638 -0.001297 -0.001317 -0.000060 -0.000108 0.001985 0.203756 -0.109957 -9.806267 
10.000190 0.000287 -0.000252 0.000046 0.002638 -0.000388 -0.003233 0.000000 0.000000 0.000000 -0.002618 -0.004546 -0.000092 0.000000 0.000000 0.000000 -0.000639 -0.001292 -0.001312 -0.000147 0.000147 0.002183 0.203786 -0.110036 -9.806266 
10.104147 0.000251 -0.000223 0.000093 0.002565 -0.000651 -0.003131 0.000000 0.000000 0.000000 -0.002049 -0.004490 0.001018 0.000000 0.000000 0.000000 -0.000637 -0.001285 -0.001312 -0.000213 0.000073 0.002098 0.203806 -0.110013 -9.806265 
10.203542 0.000247 -0.000289 0.000102 0.002317 -0.000325 -0.002933 0.000000 0.000000 0.000000 -0.001345 -0.002916 0.000845 0.000000 0.000000 0.000000 -0.000638 -0.001277 -0.001305 -0.000212 -0.000149 0.001963 0.203807 -0.109948 -9.806266 
10.301969 0.000250 -0.000247 0.000047 0.002542 0.000240 -0.002528 0.000000 0.000000 0.000000 -0.000158 -0.000476 0.001482 0.000000 0.000000 0.000000 -0.000630 -0.001273 -0.001300 -0.000305 -0.000366 0.001622 0.203838 -0.109888 -9.806266 
10.404308 0.000251 -0.000270 0.000094 0.002964 0.000059 -0.002406 0.000000 0.000000 0.000000 0.000898 -0.000245 0.001484 0.000000 0.000000 0.000000 -0.000629 -0.001270 -0.001296 -0.000408 -0.000314 0.001695 0.203865 -0.109901 -9.806265 
10.501992 0.000204 -0.000307 0.000047 0.003307 -0.000128 -0.002110 0.000000 0.000000 0.000000 0.002139 -0.000875 0.001806 0.000000 0.000000 0.000000 -0.000626 -0.001269 -0.001289 -0.000476 -0.000256 0.001513 0.203887 -0.109919 -9.806265 
10.603723 0.000295 -0.000223 0.000057 0.002989 -0.001121 -0.001987 0.000000 0.000000 0.000000 0.000699 -0.005328 0.002019 0.000000 0.000000 0.000000 -0.000631 -0.001270 -0.001289 -0.000343 -0.000048 0.001614 0.203850 -0.109972 -9.806265 
10.702007 0.000237 -0.000254 0.000052 0.003126 -0.000042 -0.002189 0.000000 0.000000 0.000000 0.000811 0.000313 0.001486 0.000000 0.000000 0.000000 -0.000620 -0.001262 -0.001287 -0.000350 -0.000457 0.001948 0.203844 -0.109856 -9.806266 
10.802323 0.000253 -0.000247 0.000087 0.002284 -0.000167 -0.002055 0.000000 0.000000 0.000000 -0.001390 0.001163 0.001094 0.000000 0.000000 0.000000 -0.000619 -0.001259 -0.001288 -0.000127 -0.000390 0.001907 0.203787 -0.109874 -9.806267 
10.903767 0.000204 -0.000264 0.000045 0.002183 0.000631 -0.002012 0.000000 0.000000 0.000000 -0.001848 0.003027 0.001705 0.000000 0.000000 0.000000 -0.000615 -0.001254 -0.001284 -0.000139 -0.000547 0.002032 0.203786 -0.109833 -9.806268 
11.001849 0.000237 -0.000238 0.000041 0.001465 -0.000452 -0.001878 0.000000 0.000000 0.000000 -0.003491 -0.002308 0.001139 0.000000 0.000000 0.000000 -0.000616 -0.001248 -0.001284 -0.000018 -0.000186 0.002005 0.203757 -0.109923 -9.806267 
11.103979 0.000213 -0.000282 0.000075 0.000542 -0.000234 -0.002166 0.000000 0.000000 0.000000 -0.004757 -0.000569 0.001564 0.000000 0.000000 0.000000 -0.000611 -0.001242 -0.001287 0.000116 -0.000312 0.002451 0.203715 -0.109887 -9.806269 
11.202336 0.000249 -0.000282 0.000076 0.001321 0.000604 -0.002149 0.000000 0.000000 0.000000 -0.001477 0.002302 0.001110 0.000000 0.000000 0.000000 -0.000602 -0.001245 -0.001282 -0.000171 -0.000537 0.002553 0.203780 -0.109832 -9.806268 
11.303835 0.000219 -0.000241 0.000058 0.001212 0.001589 -0.002181 0.000000 0.000000 0.000000 -0.001175 0.003811 0.001324 0.000000 0.000000 0.000000 -0.000593 -0.001245 -0.001277 -0.000189 -0.000734 0.002662 0.203784 -0.109784 -9.806268 
11.403849 0.000219 -0.000245 0.000102 0.000710 0.001551 -0.002173 0.000000 0.000000 0.000000 -0.001985 0.002032 0.001033 0.000000 0.000000 0.000000 -0.000590 -0.001241 -0.001277 -0.000098 -0.000612 0.002754 0.203761 -0.109810 -9.806269 
11.502159 0.000188 -0.000302 0.000067 -0.000038 0.001541 -0.002562 0.000000 0.000000 0.000000 -0.003680 0.003274 -0.000221 0.000000 0.000000 0.000000 -0.000588 -0.001230 -0.001271 0.000037 -0.000537 0.003175 0.203726 -0.109820 -9.806269 
11.603880 0.000215 -0.000275 0.000098 0.001233 0.001930 -0.002808 0.000000 0.000000 0.000000 0.001108 0.001593 0.000508 0.000000 0.000000 0.000000 -0.000589 -0.001236 -0.001274 -0.000361 -0.000542 0.003458 0.203813 -0.109815 -9.806267 
11.703765 0.000235 -0.000240 0.000065 0.001324 0.001915 -0.002789 0.000000 0.000000 0.000000 0.001154 0.000294 0.000062 0.000000 0.000000 0.000000 -0.000591 -0.001235 -0.001267 -0.000367 -0.000503 0.003439 0.203815 -0.109824 -9.806267 
11.801860 0.000143 -0.000171 0.000037 0.001941 0.002471 -0.002415 0.000000 0.000000 0.000000 0.003448 0.003399 0.000545 0.000000 0.000000 0.000000 -0.000579 -0.001236 -0.001263 -0.000495 -0.000611 0.003041 0.203846 -0.109806 -9.806267 
11.903701 0.000214 -0.000233 0.000069 0.001671 0.001813 -0.002371 0.000000 0.000000 0.000000 0.001128 -0.000309 0.000334 0.000000 0.000000 0.000000 -0.000585 -0.001222 -0.001262 -0.000327 -0.000315 0.003065 0.203811 -0.109870 -9.806267 
12.001953 0.000230 -0.000277 0.000093 0.000767 0.000747 -0.002684 0.000000 0.000000 0.000000 -0.002481 -0.004620 -0.000853 0.000000 0.000000 0.000000 -0.000590 -0.001218 -0.001268 -0.000085 -0.000037 0.003324 0.203759 -0.109930 -9.806267 
12.103618 0.000220 -0.000238 0.000073 0.000685 0.000295 -0.002401 0.000000 0.000000 0.000000 -0.001580 -0.004868 0.000664 0.000000 0.000000 0.000000 -0.000586 -0.001217 -0.001261 -0.000141 -0.000068 0.002990 0.203772 -0.109927 -9.806267 
12.203138 0.000139 -0.000260 0.000028 0.000720 -0.000551 -0.002364 0.000000 0.000000 0.000000 0.000033 -0.004118 0.000222 0.000000 0.000000 0.000000 -0.000582 -0.001216 -0.001253 -0.000196 0.000060 0.002984 0.203783 -0.109953 -9.806267 
12.304531 0.000219 -0.000249 0.000087 0.001943 -0.000182 -0.002504 0.000000 0.000000 0.000000 0.003827 -0.001221 -0.000070 0.000000 0.000000 0.000000 -0.000591 -0.001216 -0.001254 -0.000500 -0.000121 0.003103 0.203846 -0.109916 -9.806266 
12.404015 0.000230 -0.000208 0.000069 0.001250 0.000457 -0.002515 0.000000 0.000000 0.000000 0.000457 -0.001553 -0.000155 0.000000 0.000000 0.000000 -0.000591 -0.001212 -0.001255 -0.000228 -0.000354 0.003050 0.203788 -0.109868 -9.806267 
12.502308 0.000237 -0.000271 0.000071 -0.000192 -0.000160 -0.002549 0.000000 0.000000 0.000000 -0.004072 -0.003251 -0.001096 0.000000 0.000000 0.000000 -0.000591 -0.001203 -0.001256 0.000132 -0.000225 0.002993 0.203716 -0.109894 -9.806269 
12.602850 0.000201 -0.000246 0.000079 0.000357 0.001592 -0.002986 0.000000 0.000000 0.000000 -0.001478 0.004298 -0.001538 0.000000 0.000000 0.000000 -0.000580 -0.001204 -0.001256 -0.000119 -0.000804 0.003291 0.203769 -0.109776 -9.806269 
12.702128 0.000233 -0.000252 0.000077 0.000009 0.000823 -0.003075 0.000000 0.000000 0.000000 -0.002146 0.001205 -0.001376 0.000000 0.000000 0.000000 -0.000585 -0.001203 -0.001254 -0.000070 -0.000429 0.003210 0.203759 -0.109851 -9.806268 
12.804070 0.000181 -0.000298 0.000044 0.000788 -0.001084 -0.003147 0.000000 0.000000 0.000000 0.001366 -0.006075 -0.001054 0.000000 0.000000 0.000000 -0.000593 -0.001197 -0.001249 -0.000343 0.000196 0.003079 0.203809 -0.109973 -9.806266 
12.903486 0.000252 -0.000259 0.000092 0.002300 -0.001602 -0.003138 0.000000 0.000000 0.000000 0.005081 -0.006566 -0.001478 0.000000 0.000000 0.000000 -0.000594 -0.001199 -0.001249 -0.000712 0.000151 0.002898 0.203882 -0.109962 -9.806264 
13.001848 0.000240 -0.000304 0.000062 0.003058 -0.002161 -0.003237 0.000000 0.000000 0.000000 0.005818 -0.005362 -0.001493 0.000000 0.000000 0.000000 -0.000593 -0.001201 -0.001253 -0.000795 0.000167 0.002850 0.203898 -0.109965 -9.806264 
13.103598 0.000187 -0.000297 0.000047 0.002065 -0.000643 -0.003401 0.000000 0.000000 0.000000 0.001106 0.000467 -0.001374 0.000000 0.000000 0.000000 -0.000579 -0.001197 -0.001249 -0.000346 -0.000460 0.002767 0.203815 -0.109848 -9.806267 
13.203242 0.000265 -0.000279 0.000087 0.001887 0.000807 -0.003341 0.000000 0.000000 0.000000 0.000680 0.004762 -0.000979 0.000000 0.000000 0.000000 -0.000581 -0.001196 -0.001250 -0.000272 -0.000837 0.002541 0.203797 -0.109779 -9.806268 
13.305089 0.000194 -0.000250 0.000053 0.001615 0.000308 -0.002917 0.000000 0.000000 0.000000 0.000073 0.001000 0.000335 0.000000 0.000000 0.000000 -0.000573 -0.001196 -0.001248 -0.000196 -0.000536 0.001978 0.203773 -0.109834 -9.806268 
13.405045 0.000207 -0.000291 0.000076 0.001834 0.000806 -0.002657 0.000000 0.000000 0.000000 0.001217 0.002139 0.000346 0.000000 0.000000 0.000000 -0.000573 -0.001188 -0.001246 -0.000245 -0.000636 0.001702 0.203779 -0.109820 -9.806268 
13.503769 0.000180 -0.000259 0.000070 0.002233 0.000365 -0.002608 0.000000 0.000000 0.000000 0.001130 0.000031 0.000325 0.000000 0.000000 0.000000 -0.000570 -0.001189 -0.001241 -0.000329 -0.000426 0.001640 0.203792 -0.109856 -9.806267 
13.605244 0.000241 -0.000321 0.000066 0.002494 0.000532 -0.002492 0.000000 0.000000 0.000000 0.002136 0.000189 0.002028 0.000000 0.000000 0.000000 -0.000573 -0.001189 -0.001237 -0.000359 -0.000462 0.001556 0.203796 -0.109851 -9.806267 
13.703652 0.000172 -0.000239 0.000050 0.002032 0.001109 -0.002397 0.000000 0.000000 0.000000 0.000832 0.002524 0.001179 0.000000 0.000000 0.000000 -0.000568 -0.001191 -0.001237 -0.000191 -0.000605 0.001600 0.203770 -0.109829 -9.806268 
13.805196 0.000216 -0.000284 0.000092 0.002297 0.000489 -0.002546 0.000000 0.000000 0.000000 0.000523 0.000648 0.001363 0.000000 0.000000 0.000000 -0.000566 -0.001188 -0.001236 -0.000248 -0.000320 0.001864 0.203782 -0.109873 -9.806267 
13.906641 0.000202 -0.000271 0.000045 0.002852 0.002145 -0.002386 0.000000 0.000000 0.000000 0.002152 0.004836 0.001434 0.000000 0.000000 0.000000 -0.000574 -0.001183 -0.001231 -0.000378 -0.000763 0.001797 0.203800 -0.109806 -9.806268 
14.005272 0.000223 -0.000240 0.000086 0.004071 0.001521 -0.002377 0.000000 0.000000 0.000000 0.005223 -0.000449 0.002039 0.000000 0.000000 0.000000 -0.000570 -0.001178 -0.001230 -0.000631 -0.000445 0.001920 0.203841 -0.109853 -9.806266 
14.106491 0.000205 -0.000278 0.000023 0.003763 0.000823 -0.002356 0.000000 0.000000 0.000000 0.002526 -0.001418 0.001780 0.000000 0.000000 0.000000 -0.000560 -0.001173 -0.001227 -0.000405 -0.000239 0.002056 0.203809 -0.109883 -9.806267 
14.208806 0.000246 -0.000271 0.000039 0.002862 -0.000603 -0.002211 0.000000 0.000000 0.000000 0.000059 -0.004121 0.001293 0.000000 0.000000 0.000000 -0.000554 -0.001180 -0.001225 -0.000098 0.000169 0.002027 0.203767 -0.109940 -9.806267 
14.309369 0.000203 -0.000305 0.000078 0.001986 -0.000493 -0.002372 0.000000 0.000000 0.000000 -0.002624 -0.002494 0.001920 0.000000 0.000000 0.000000 -0.000555 -0.001186 -0.001224 0.000146 0.000033 0.002309 0.203732 -0.109929 -9.806268 
14.402114 0.000219 -0.000279 0.000063 0.000950 0.000748 -0.002290 0.000000 0.000000 0.000000 -0.005151 0.001053 0.001570 0.000000 0.000000 0.000000 -0.000566 -0.001194 -0.001222 0.000366 -0.000417 0.002338 0.203702 -0.109869 -9.806269 
14.501481 0.000212 -0.000265 0.000068 0.000660 0.000757 -0.002293 0.000000 0.000000 0.000000 -0.004968 0.001399 0.000811 0.000000 0.000000 0.000000 -0.000563 -0.001189 -0.001219 0.000291 -0.000374 0.002460 0.203711 -0.109878 -9.806269 
14.601713 0.000239 -0.000270 0.000043 0.001510 -0.000127 -0.002429 0.000000 0.000000 0.000000 -0.000218 -0.001171 0.000389 0.000000 0.000000 0.000000 -0.000555 -0.001180 -0.001214 -0.000101 0.000003 0.002699 0.203766 -0.109938 -9.806267 
14.701782 0.000203 -0.000304 0.000049 0.002554 0.000301 -0.002848 0.000000 0.000000 0.000000 0.002750 -0.001525 -0.000287 0.000000 0.000000 0.000000 -0.000556 -0.001171 -0.001214 -0.000404 -0.000193 0.003158 0.203805 -0.109923 -9.806266 
14.801919 0.000260 -0.000269 0.000060 0.003389 0.000292 -0.002928 0.000000 0.000000 0.000000 0.004076 -0.000923 -0.000937 0.000000 0.000000 0.000000 -0.000552 -0.001165 -0.001213 -0.000574 -0.000244 0.003168 0.203828 -0.109916 -9.806266 
14.902175 0.000206 -0.000314 0.000065 0.002484 -0.000290 -0.002770 0.000000 0.000000 0.000000 0.000607 -0.000248 0.000610 0.000000 0.000000 0.000000 -0.000547 -0.001164 -0.001214 -0.000192 -0.000036 0.002930 0.203777 -0.109943 -9.806267 
15.000469 0.000284 -0.000279 0.000079 0.002769 -0.000890 -0.002655 0.000000 0.000000 0.000000 0.001783 -0.003024 0.000589 0.000000 0.000000 0.000000 -0.000553 -0.001160 -0.001216 -0.000255 0.000147 0.002859 0.203788 -0.109966 -9.806266 
15.102078 0.000248 -0.000337 0.000061 0.002058 -0.000564 -0.002824 0.000000 0.000000 0.000000 -0.001709 -0.001768 -0.000190 0.000000 0.000000 0.000000 -0.000554 -0.001158 -0.001211 0.000002 -0.000071 0.003045 0.203753 -0.109939 -9.806267 
15.201554 0.000208 -0.000296 0.000066 0.001951 -0.000498 -0.002857 0.000000 0.000000 0.000000 -0.001470 -0.000163 0.000474 0.000000 0.000000 0.000000 -0.000550 -0.001159 -0.001210 -0.000026 -0.000132 0.003057 0.203757 -0.109931 -9.806267 
15.301692 0.000195 -0.000305 0.000061 0.001150 -0.001058 -0.002735 0.000000 0.000000 0.000000 -0.002794 -0.001307 0.000445 0.000000 0.000000 0.000000 -0.000548 -0.001155 -0.001207 0.000176 0.000060 0.002965 0.203730 -0.109954 -9.806268 
15.401770 0.000230 -0.000279 0.000062 0.000670 -0.001238 -0.002688 0.000000 0.000000 0.000000 -0.003992 -0.002382 0.000723 0.000000 0.000000 0.000000 -0.000548 -0.001155 -0.001209 0.000222 0.000068 0.002967 0.203725 -0.109956 -9.806268 
15.500626 0.000199 -0.000311 0.000039 0.000467 -0.001507 -0.002707 0.000000 0.000000 0.000000 -0.003883 -0.002788 0.000098 0.000000 0.000000 0.000000 -0.000542 -0.001150 -0.001207 0.000142 0.000077 0.003008 0.203735 -0.109957 -9.806268 
15.601567 0.000195 -0.000317 0.000060 0.001049 -0.000598 -0.002825 0.000000 0.000000 0.000000 -0.000043 0.001472 -0.000026 0.000000 0.000000 0.000000 -0.000541 -0.001149 -0.001208 -0.000133 -0.000292 0.003136 0.203771 -0.109911 -9.806267 
15.701445 0.000197 -0.000278 0.000036 0.002198 -0.000192 -0.002852 0.000000 0.000000 0.000000 0.002532 0.003490 -0.000561 0.000000 0.000000 0.000000 -0.000539 -0.001150 -0.001206 -0.000489 -0.000347 0.003130 0.203816 -0.109905 -9.806266 
15.801298 0.000225 -0.000271 0.000049 0.001923 0.000232 -0.002966 0.000000 0.000000 0.000000 0.000888 0.002976 -0.000730 0.000000 0.000000 0.000000 -0.000543 -0.001151 -0.001204 -0.000334 -0.000359 0.003145 0.203797 -0.109903 -9.806267 
15.901180 0.000198 -0.000280 0.000009 0.001268 0.000902 -0.002807 0.000000 0.000000 0.000000 0.000229 0.002103 -0.000104 0.000000 0.000000 0.000000 -0.000543 -0.001153 -0.001197 -0.000093 -0.000519 0.002886 0.203761 -0.109882 -9.806268 
16.000479 0.000167 -0.000254 0.000051 0.000681 0.001884 -0.002387 0.000000 0.000000 0.000000 -0.001474 0.006009 0.000703 0.000000 0.000000 0.000000 -0.000538 -0.001149 -0.001195 0.000090 -0.000745 0.002448 0.203736 -0.109857 -9.806269 
16.101331 0.000193 -0.000246 0.000059 0.000436 0.002363 -0.002463 0.000000 0.000000 0.000000 -0.002976 0.007064 -0.000624 0.000000 0.000000 0.000000 -0.000541 -0.001150 -0.001190 0.000075 -0.000663 0.002526 0.203739 -0.109867 -9.806268 
16.200653 0.000216 -0.000259 0.000039 0.000307 0.002545 -0.002405 0.000000 0.000000 0.000000 -0.002185 0.004417 0.000462 0.000000 0.000000 0.000000 -0.000538 -0.001149 -0.001190 0.000034 -0.000485 0.002430 0.203743 -0.109887 -9.806268 
16.301667 0.000232 -0.000265 0.000038 0.000269 0.001527 -0.002626 0.000000 0.000000 0.000000 -0.001396 -0.001138 -0.000236 0.000000 0.000000 0.000000 -0.000534 -0.001146 -0.001190 -0.000018 -0.000025 0.002646 0.203752 -0.109943 -9.806267 
16.401591 0.000234 -0.000288 0.000036 -0.000348 0.000594 -0.002441 0.000000 0.000000 0.000000 -0.002700 -0.001815 0.000543 0.000000 0.000000 0.000000 -0.000529 -0.001148 -0.001193 0.000113 0.000284 0.002439 0.203736 -0.109976 -9.806267 
16.500348 0.000209 -0.000279 0.000058 -0.000591 -0.000015 -0.002617 0.000000 0.000000 0.000000 -0.001961 -0.002520 0.000394 0.000000 0.000000 0.000000 -0.000528 -0.001144 -0.001193 0.000114 0.000448 0.002657 0.203736 -0.109998 -9.806267 
16.601269 0.000173 -0.000280 0.000031 0.000242 0.000984 -0.002616 0.000000 0.000000 0.000000 0.000505 0.000274 0.000760 0.000000 0.000000 0.000000 -0.000534 -0.001141 -0.001190 -0.000206 0.000043 0.002733 0.203772 -0.109960 -9.806267 
16.700302 0.000215 -0.000296 0.000025 0.000877 0.001031 -0.002734 0.000000 0.000000 0.000000 0.001769 -0.001755 -0.000222 0.000000 0.000000 0.000000 -0.000531 -0.001137 -0.001192 -0.000397 0.000001 0.002864 0.203792 -0.109958 -9.806266 
16.801478 0.000225 -0.000268 0.000062 0.000776 0.000830 -0.002686 0.000000 0.000000 0.000000 0.001819 -0.000607 0.000488 0.000000 0.000000 0.000000 -0.000526 -0.001139 -0.001199 -0.000297 0.000030 0.002812 0.203782 -0.109961 -9.806266 
16.901739 0.000245 -0.000294 0.000072 0.001470 0.000318 -0.002639 0.000000 0.000000 0.000000 0.002419 -0.000845 0.000495 0.000000 0.000000 0.000000 -0.000528 -0.001136 -0.001198 -0.000465 0.000223 0.002820 0.203798 -0.109980 -9.806266 
17.000328 0.000243 -0.000262 0.000035 0.002374 0.000953 -0.002449 0.000000 0.000000 0.000000 0.004973 -0.000119 0.000607 0.000000 0.000000 0.000000 -0.000531 -0.001138 -0.001200 -0.000669 -0.000033 0.002652 0.203818 -0.109956 -9.806266 
17.101534 0.000231 -0.000268 0.000033 0.002707 0.000904 -0.002345 0.000000 0.000000 0.000000 0.005224 -0.000800 0.000433 0.000000 0.000000 0.000000 -0.000525 -0.001142 -0.001195 -0.000614 -0.000020 0.002585 0.203812 -0.109957 -9.806266 
17.200418 0.000203 -0.000326 0.000033 0.002730 0.000716 -0.002399 0.000000 0.000000 0.000000 0.003177 -0.001040 0.000730 0.000000 0.000000 0.000000 -0.000521 -0.001142 -0.001193 -0.000466 0.000008 0.002699 0.203798 -0.109956 -9.806266 
17.300208 0.000244 -0.000241 0.000061 0.002971 0.001842 -0.002423 0.000000 0.000000 0.000000 0.003323 0.003117 -0.000044 0.000000 0.000000 0.000000 -0.000528 -0.001145 -0.001196 -0.000430 -0.000380 0.002735 0.203794 -0.109918 -9.806267 
17.401150 0.000225 -0.000298 0.000049 0.002368 0.000812 -0.002243 0.000000 0.000000 0.000000 0.000968 -0.001430 0.000509 0.000000 0.000000 0.000000 -0.000522 -0.001146 -0.001189 -0.000149 0.000074 0.002552 0.203767 -0.109967 -9.806267 
17.499938 0.000179 -0.000301 0.000041 0.001540 0.000787 -0.002331 0.000000 0.000000 0.000000 -0.002048 -0.001420 0.000085 0.000000 0.000000 0.000000 -0.000520 -0.001144 -0.001192 0.000126 0.000034 0.002649 0.203740 -0.109959 -9.806267 
17.600998 0.000206 -0.000265 0.000065 0.001478 -0.000359 -0.002407 0.000000 0.000000 0.000000 -0.001388 -0.005326 -0.000483 0.000000 0.000000 0.000000 -0.000514 -0.001147 -0.001194 0.000072 0.000363 0.002710 0.203745 -0.109988 -9.806267 
17.700975 0.000230 -0.000284 0.000063 0.002247 0.001236 -0.002566 0.000000 0.000000 0.000000 0.001313 0.001593 0.000265 0.000000 0.000000 0.000000 -0.000522 -0.001142 -0.001190 -0.000192 -0.000345 0.002849 0.203767 -0.109915 -9.806267 
17.801341 0.000232 -0.000319 0.000089 0.001361 0.001443 -0.002999 0.000000 0.000000 0.000000 -0.002325 0.001968 -0.001479 0.000000 0.000000 0.000000 -0.000521 -0.001144 -0.001188 0.000124 -0.000367 0.003247 0.203736 -0.109895 -9.806268 
17.902298 0.000228 -0.000271 0.000070 0.001500 0.001238 -0.003080 0.000000 0.000000 0.000000 -0.001086 0.001318 -0.001036 0.000000 0.000000 0.000000 -0.000522 -0.001144 -0.001186 0.000003 -0.000212 0.003178 0.203748 -0.109912 -9.806268 
18.000455 0.000246 -0.000295 0.000063 0.001983 0.000394 -0.003102 0.000000 0.000000 0.000000 0.000830 -0.002494 -0.001156 0.000000 0.000000 0.000000 -0.000519 -0.001139 -0.001185 -0.000184 0.000116 0.003087 0.203765 -0.109943 -9.806267 
18.102132 0.000197 -0.000293 0.000076 0.001621 0.000546 -0.003273 0.000000 0.000000 0.000000 -0.000789 -0.000742 -0.001819 0.000000 0.000000 0.000000 -0.000520 -0.001141 -0.001185 -0.000056 -0.000009 0.003103 0.203754 -0.109932 -9.806267 
18.201431 0.000226 -0.000285 0.000091 -0.000273 0.000654 -0.003483 0.000000 0.000000 0.000000 -0.006025 0.000094 -0.001975 0.000000 0.000000 0.000000 -0.000521 -0.001143 -0.001184 0.000499 -0.000055 0.003090 0.203702 -0.109930 -9.806268 
18.299966 0.000178 -0.000277 0.000076 -0.001386 0.000963 -0.003380 0.000000 0.000000 0.000000 -0.006977 0.000376 -0.001274 0.000000 0.000000 0.000000 -0.000519 -0.001144 -0.001180 0.000648 -0.000148 0.002768 0.203685 -0.109924 -9.806269 
18.401875 0.000149 -0.000265 0.000042 -0.001601 0.000562 -0.003204 0.000000 0.000000 0.000000 -0.005786 -0.002394 -0.001387 0.000000 0.000000 0.000000 -0.000518 -0.001148 -0.001176 0.000481 -0.000013 0.002442 0.203697 -0.109939 -9.806269 
18.500879 0.000162 -0.000252 0.000054 -0.001399 0.001118 -0.002901 0.000000 0.000000 0.000000 -0.002959 0.001396 -0.000575 0.000000 0.000000 0.000000 -0.000517 -0.001151 -0.001174 0.000225 -0.000251 0.001964 0.203712 -0.109922 -9.806268 
18.602054 0.000179 -0.000268 0.000043 -0.001128 0.001621 -0.002907 0.000000 0.000000 0.000000 -0.001025 0.002833 0.000200 0.000000 0.000000 0.000000 -0.000522 -0.001148 -0.001172 0.000053 -0.000359 0.001985 0.203727 -0.109913 -9.806268 
18.700320 0.000195 -0.000243 0.000064 -0.001476 0.001850 -0.002579 0.000000 0.000000 0.000000 -0.002495 0.002837 0.000534 0.000000 0.000000 0.000000 -0.000520 -0.001150 -0.001171 0.000101 -0.000328 0.001650 0.203718 -0.109912 -9.806268 
18.802345 0.000158 -0.000302 0.000033 -0.000612 0.001038 -0.002210 0.000000 0.000000 0.000000 0.002173 -0.001132 0.001671 0.000000 0.000000 0.000000 -0.000523 -0.001145 -0.001169 -0.000224 0.000049 0.001374 0.203739 -0.109935 -9.806268 
18.902137 0.000217 -0.000228 0.000036 0.000680 0.000991 -0.002213 0.000000 0.000000 0.000000 0.004805 -0.002876 0.000958 0.000000 0.000000 0.000000 -0.000523 -0.001153 -0.001170 -0.000559 -0.000005 0.001529 0.203765 -0.109932 -9.806267 
19.000237 0.000186 -0.000301 0.000054 0.000192 0.001066 -0.002376 0.000000 0.000000 0.000000 0.001603 0.000478 0.000622 0.000000 0.000000 0.000000 -0.000519 -0.001152 -0.001172 -0.000267 -0.000089 0.001738 0.203745 -0.109928 -9.806268 
19.102130 0.000218 -0.000311 0.000080 -0.000244 -0.001022 -0.002424 0.000000 0.000000 0.000000 0.001588 -0.004666 0.000840 0.000000 0.000000 0.000000 -0.000522 -0.001151 -0.001171 -0.000071 0.000655 0.001880 0.203733 -0.109983 -9.806267 
19.200788 0.000193 -0.000288 0.000052 -0.000026 -0.000305 -0.002388 0.000000 0.000000 0.000000 0.000333 -0.003165 0.000558 0.000000 0.000000 0.000000 -0.000522 -0.001152 -0.001172 -0.000096 0.000255 0.001920 0.203736 -0.109958 -9.806267 
19.301992 0.000211 -0.000297 0.000068 -0.000428 -0.000615 -0.002870 0.000000 0.000000 0.000000 -0.001083 -0.004408 -0.001093 0.000000 0.000000 0.000000 -0.000518 -0.001157 -0.001171 0.000026 0.000215 0.002380 0.203727 -0.109965 -9.806268 
19.401967 0.000173 -0.000275 0.000060 -0.000158 0.000482 -0.002978 0.000000 0.000000 0.000000 0.001529 0.001785 0.000822 0.000000 0.000000 0.000000 -0.000513 -0.001160 -0.001172 -0.000056 -0.000290 0.002465 0.203734 -0.109930 -9.806268 
19.500350 0.000194 -0.000289 0.000044 0.000039 -0.000398 -0.002707 0.000000 0.000000 0.000000 0.000104 0.001351 0.000258 0.000000 0.000000 0.000000 -0.000521 -0.001157 -0.001168 -0.000113 0.000149 0.002214 0.203739 -0.109952 -9.806267 
19.602058 0.000173 -0.000308 0.000059 0.001248 0.001429 -0.002718 0.000000 0.000000 0.000000 0.004007 0.002162 0.000503 0.000000 0.000000 0.000000 -0.000521 -0.001152 -0.001171 -0.000485 -0.000465 0.002258 0.203764 -0.109914 -9.806267 
19.700982 0.000193 -0.000270 0.000051 0.001819 0.001579 -0.002430 0.000000 0.000000 0.000000 0.005083 0.000126 0.000754 0.000000 0.000000 0.000000 -0.000518 -0.001152 -0.001165 -0.000533 -0.000499 0.001999 0.203768 -0.109913 -9.806267 
19.801313 0.000249 -0.000281 0.000048 0.001801 0.000615 -0.002381 0.000000 0.000000 0.000000 0.002570 0.000581 0.001142 0.000000 0.000000 0.000000 -0.000515 -0.001148 -0.001167 -0.000387 -0.000092 0.002014 0.203761 -0.109939 -9.806267 
19.902034 0.000240 -0.000261 0.000069 0.002419 0.001184 -0.002617 0.000000 0.000000 0.000000 0.003878 0.002703 0.000254 0.000000 0.000000 0.000000 -0.000521 -0.001151 -0.001164 -0.000503 -0.000241 0.002332 0.203770 -0.109929 -9.806267 
20.000431 0.000201 -0.000269 0.000043 0.001298 0.001310 -0.002395 0.000000 0.000000 0.000000 0.000156 0.001156 0.000700 0.000000 0.000000 0.000000 -0.000525 -0.001150 -0.001163 -0.000021 -0.000188 0.002113 0.203738 -0.109931 -9.806268 
20.102084 0.000226 -0.000282 0.000054 0.000332 0.001556 -0.002251 0.000000 0.000000 0.000000 -0.003479 -0.000098 0.001053 0.000000 0.000000 0.000000 -0.000528 -0.001151 -0.001167 0.000268 -0.000260 0.002048 0.203721 -0.109926 -9.806268 
20.200145 0.000159 -0.000259 0.000070 -0.001109 0.002458 -0.002291 0.000000 0.000000 0.000000 -0.006167 0.004533 0.000457 0.000000 0.000000 0.000000 -0.000524 -0.001154 -0.001166 0.000605 -0.000555 0.002144 0.203702 -0.109907 -9.806269 
20.300458 0.000207 -0.000241 0.000050 -0.001322 0.002112 -0.002238 0.000000 0.000000 0.000000 -0.004145 0.002666 0.000609 0.000000 0.000000 0.000000 -0.000529 -0.001150 -0.001166 0.000484 -0.000230 0.002125 0.203710 -0.109927 -9.806268 
20.402075 0.000190 -0.000286 0.000048 -0.001032 0.001026 -0.002375 0.000000 0.000000 0.000000 -0.003318 -0.001884 -0.000504 0.000000 0.000000 0.000000 -0.000523 -0.001143 -0.001165 0.000241 0.000218 0.002276 0.203724 -0.109958 -9.806268 
20.500323 0.000161 -0.000268 0.000036 -0.001084 0.001618 -0.002524 0.000000 0.000000 0.000000 -0.003029 -0.001235 -0.000847 0.000000 0.000000 0.000000 -0.000526 -0.001146 -0.001162 0.000132 -0.000044 0.002344 0.203733 -0.109941 -9.806268 
20.603502 0.000171 -0.000253 0.000023 -0.001127 0.002704 -0.002609 0.000000 0.000000 0.000000 0.000358 0.003409 0.000147 0.000000 0.000000 0.000000 -0.000526 -0.001144 -0.001160 0.000087 -0.000462 0.002334 0.203736 -0.109912 -9.806268 
20.703236 0.000145 -0.000220 0.000092 -0.003000 0.002130 -0.002439 0.000000 0.000000 0.000000 -0.006104 0.001945 0.000562 0.000000 0.000000 0.000000 -0.000526 -0.001145 -0.001161 0.000643 -0.000117 0.002190 0.203701 -0.109931 -9.806269 
20.804039 0.000179 -0.000233 0.000090 -0.000670 0.002444 -0.002155 0.000000 0.000000 0.000000 0.002106 0.000464 0.000963 0.000000 0.000000 0.000000 -0.000532 -0.001142 -0.001162 -0.000262 -0.000150 0.001976 0.203756 -0.109925 -9.806267 
20.903491 0.000141 -0.000274 0.000107 -0.000489 0.002140 -0.001960 0.000000 0.000000 0.000000 0.004094 -0.002147 0.000324 0.000000 0.000000 0.000000 -0.000528 -0.001140 -0.001163 -0.000215 -0.000068 0.001820 0.203755 -0.109929 -9.806267 
21.003409 0.000235 -0.000314 0.000062 0.001138 0.002088 -0.002391 0.000000 0.000000 0.000000 0.006549 -0.002439 -0.000260 0.000000 0.000000 0.000000 -0.000528 -0.001139 -0.001158 -0.000539 -0.000127 0.002209 0.203762 -0.109922 -9.806267 
21.105000 0.000167 -0.000261 0.000034 0.000623 0.001942 -0.002397 0.000000 0.000000 0.000000 0.000583 -0.000041 0.002329 0.000000 0.000000 0.000000 -0.000521 -0.001146 -0.001153 -0.000256 -0.000133 0.002275 0.203746 -0.109919 -9.806268 
21.203346 0.000154 -0.000270 0.000059 0.001429 0.002541 -0.002274 0.000000 0.000000 0.000000 0.006975 0.002669 0.000696 0.000000 0.000000 0.000000 -0.000528 -0.001149 -0.001152 -0.000418 -0.000246 0.002302 0.203753 -0.109914 -9.806268 
21.303457 0.000136 -0.000319 0.000034 0.000607 0.003955 -0.002316 0.000000 0.000000 0.000000 0.001773 0.003156 -0.000086 0.000000 0.000000 0.000000 -0.000531 -0.001147 -0.001152 0.000027 -0.000613 0.002295 0.203733 -0.109896 -9.806268 
21.406290 0.000246 -0.000234 0.000028 0.000390 0.003645 -0.002009 0.000000 0.000000 0.000000 -0.000255 -0.002420 0.004039 0.000000 0.000000 0.000000 -0.000527 -0.001155 -0.001151 0.000101 -0.000449 0.002008 0.203738 -0.109913 -9.806268 
21.504609 0.000259 -0.000206 0.000061 -0.000124 0.003314 -0.001498 0.000000 0.000000 0.000000 -0.005037 -0.003448 0.007431 0.000000 0.000000 0.000000 -0.000516 -0.001152 -0.001153 0.000189 -0.000449 0.002170 0.203735 -0.109900 -9.806268 
21.606145 0.000212 -0.000225 0.000066 0.001083 0.001490 -0.001536 0.000000 0.000000 0.000000 0.008246 0.003775 -0.003605 0.000000 0.000000 0.000000 -0.000512 -0.001149 -0.001150 -0.000202 0.000146 0.002512 0.203741 -0.109892 -9.806268 
21.704768 0.000188 -0.000303 0.000074 0.001098 0.000953 -0.002123 0.000000 0.000000 0.000000 0.001116 -0.003033 -0.005262 0.000000 0.000000 0.000000 -0.000522 -0.001156 -0.001153 0.000055 0.000514 0.002384 0.203726 -0.109920 -9.806268 
21.805088 0.000172 -0.000299 0.000058 0.000941 0.002003 -0.002083 0.000000 0.000000 0.000000 -0.004324 -0.005026 0.004451 0.000000 0.000000 0.000000 -0.000532 -0.001161 -0.001146 -0.000032 -0.000094 0.002264 0.203735 -0.109871 -9.806268 
21.906428 0.000188 -0.000250 0.000026 -0.000637 0.001430 -0.001764 0.000000 0.000000 0.000000 0.000015 -0.007458 0.005814 0.000000 0.000000 0.000000 -0.000525 -0.001165 -0.001152 0.000427 -0.000089 0.002502 0.203723 -0.109867 -9.806269 
22.004712 0.000211 -0.000259 0.000066 0.000379 0.001835 -0.001799 0.000000 0.000000 0.000000 -0.000362 -0.001178 -0.000295 0.000000 0.000000 0.000000 -0.000522 -0.001153 -0.001144 0.000131 -0.000507 0.002836 0.203725 -0.109834 -9.806269 
22.107608 0.000210 -0.000261 0.000045 0.000523 0.002118 -0.002176 0.000000 0.000000 0.000000 -0.003093 0.009826 -0.002131 0.000000 0.000000 0.000000 -0.000524 -0.001154 -0.001142 -0.000002 -0.000413 0.002993 0.203733 -0.109835 -9.806269 
22.206628 0.000208 -0.000239 0.000077 -0.000230 0.003928 -0.001965 0.000000 0.000000 0.000000 -0.000398 0.003093 0.000740 0.000000 0.000000 0.000000 -0.000543 -0.001159 -0.001143 0.000182 -0.000793 0.002624 0.203712 -0.109802 -9.806270 
22.306792 0.000184 -0.000220 0.000054 -0.001260 0.003863 -0.002082 0.000000 0.000000 0.000000 -0.004282 0.001997 0.001732 0.000000 0.000000 0.000000 -0.000532 -0.001163 -0.001134 0.000486 -0.000703 0.002880 0.203701 -0.109807 -9.806270 
22.407615 0.000209 -0.000271 0.000061 -0.001785 0.003979 -0.001954 0.000000 0.000000 0.000000 -0.007267 0.002422 0.000193 0.000000 0.000000 0.000000 -0.000522 -0.001163 -0.001138 0.000448 -0.000630 0.002824 0.203701 -0.109810 -9.806270 
22.506243 0.000127 -0.000258 0.000094 -0.003151 0.002520 -0.002042 0.000000 0.000000 0.000000 -0.006734 0.001247 -0.000177 0.000000 0.000000 0.000000 -0.000504 -0.001171 -0.001133 0.000655 0.000006 0.002846 0.203689 -0.109841 -9.806270 
22.608971 0.000193 -0.000234 0.000068 -0.002374 0.002759 -0.001982 0.000000 0.000000 0.000000 -0.002962 0.002039 0.001385 0.000000 0.000000 0.000000 -0.000513 -0.001157 -0.001132 0.000208 0.000059 0.002843 0.203710 -0.109840 -9.806269 
22.706578 0.000174 -0.000215 0.000064 -0.002187 0.003557 -0.002179 0.000000 0.000000 0.000000 -0.003186 -0.003004 -0.001554 0.000000 0.000000 0.000000 -0.000522 -0.001150 -0.001132 -0.000007 -0.000254 0.003025 0.203729 -0.109836 -9.806269 
22.807539 0.000181 -0.000293 0.000019 -0.001347 0.003502 -0.002236 0.000000 0.000000 0.000000 0.002990 0.000642 -0.000826 0.000000 0.000000 0.000000 -0.000514 -0.001140 -0.001129 -0.000356 -0.000305 0.002896 0.203738 -0.109830 -9.806269 
22.907673 0.000197 -0.000191 0.000046 -0.000942 0.002608 -0.001913 0.000000 0.000000 0.000000 0.003278 -0.000524 0.002740 0.000000 0.000000 0.000000 -0.000504 -0.001139 -0.001136 -0.000364 0.000093 0.002595 0.203732 -0.109840 -9.806269 
23.007734 0.000126 -0.000286 0.000040 -0.001099 0.001321 -0.001776 0.000000 0.000000 0.000000 -0.000321 -0.005414 0.000776 0.000000 0.000000 0.000000 -0.000494 -0.001139 -0.001126 -0.000253 0.000512 0.002649 0.203728 -0.109858 -9.806269 
23.107742 0.000207 -0.000280 0.000055 -0.001307 0.000270 -0.001930 0.000000 0.000000 0.000000 0.000932 -0.008906 0.001115 0.000000 0.000000 0.000000 -0.000490 -0.001144 -0.001126 -0.000188 0.000670 0.002796 0.203730 -0.109869 -9.806269 
23.206829 0.000202 -0.000303 0.000046 -0.000110 0.000550 -0.001808 0.000000 0.000000 0.000000 0.004979 -0.005329 0.001895 0.000000 0.000000 0.000000 -0.000496 -0.001130 -0.001127 -0.000494 0.000238 0.002854 0.203739 -0.109856 -9.806269 
23.307660 0.000181 -0.000273 0.000054 0.000309 -0.000243 -0.001755 0.000000 0.000000 0.000000 0.002307 -0.003385 0.001045 0.000000 0.000000 0.000000 -0.000496 -0.001130 -0.001126 -0.000517 0.000394 0.002932 0.203739 -0.109861 -9.806268 
23.407693 0.000182 -0.000265 0.000045 -0.000475 0.000244 -0.001710 0.000000 0.000000 0.000000 0.000814 -0.003563 0.001669 0.000000 0.000000 0.000000 -0.000507 -0.001142 -0.001124 -0.000182 0.000087 0.002922 0.203727 -0.109850 -9.806269 
23.507135 0.000187 -0.000301 0.000058 -0.000190 0.000894 -0.001747 0.000000 0.000000 0.000000 0.002362 -0.000638 0.003374 0.000000 0.000000 0.000000 -0.000514 -0.001137 -0.001122 -0.000204 -0.000265 0.003197 0.203723 -0.109838 -9.806269 
23.606564 0.000187 -0.000237 0.000067 -0.000113 0.002297 -0.001470 0.000000 0.000000 0.000000 -0.000443 0.004118 0.001036 0.000000 0.000000 0.000000 -0.000525 -0.001139 -0.001123 -0.000192 -0.000725 0.003105 0.203725 -0.109828 -9.806269 
23.706520 0.000238 -0.000214 0.000056 -0.000604 0.002046 -0.001393 0.000000 0.000000 0.000000 -0.000276 0.002470 0.001728 0.000000 0.000000 0.000000 -0.000521 -0.001144 -0.001120 -0.000053 -0.000473 0.003114 0.203721 -0.109836 -9.806269 
23.806324 0.000147 -0.000261 0.000031 -0.000959 0.002513 -0.001356 0.000000 0.000000 0.000000 -0.000583 0.003370 0.002056 0.000000 0.000000 0.000000 -0.000520 -0.001145 -0.001120 0.000070 -0.000509 0.003242 0.203715 -0.109833 -9.806269 
23.907976 0.000180 -0.000211 0.000047 -0.001130 0.002972 -0.001148 0.000000 0.000000 0.000000 -0.002748 0.002484 0.000955 0.000000 0.000000 0.000000 -0.000523 -0.001148 -0.001119 0.000066 -0.000554 0.003141 0.203717 -0.109833 -9.806269 
24.006307 0.000173 -0.000277 0.000033 -0.000213 0.002929 -0.001264 0.000000 0.000000 0.000000 0.001472 0.001553 0.000679 0.000000 0.000000 0.000000 -0.000516 -0.001140 -0.001119 -0.000312 -0.000445 0.003308 0.203728 -0.109834 -9.806269 
24.107421 0.000162 -0.000285 0.000085 -0.001823 0.002822 -0.001484 0.000000 0.000000 0.000000 -0.002457 0.001480 0.000753 0.000000 0.000000 0.000000 -0.000513 -0.001150 -0.001120 0.000282 -0.000319 0.003563 0.203702 -0.109836 -9.806270 
24.207284 0.000209 -0.000287 0.000040 -0.001361 0.002961 -0.001538 0.000000 0.000000 0.000000 -0.000891 0.000083 -0.000895 0.000000 0.000000 0.000000 -0.000513 -0.001146 -0.001117 0.000035 -0.000320 0.003589 0.203711 -0.109836 -9.806269 
24.307860 0.000226 -0.000239 0.000079 -0.001107 0.002223 -0.001562 0.000000 0.000000 0.000000 0.000570 -0.002180 -0.000249 0.000000 0.000000 0.000000 -0.000505 -0.001144 -0.001118 -0.000098 -0.000053 0.003513 0.203720 -0.109850 -9.806269 
24.407888 0.000162 -0.000269 0.000066 -0.001556 0.000839 -0.001745 0.000000 0.000000 0.000000 -0.000095 -0.004688 -0.000649 0.000000 0.000000 0.000000 -0.000497 -0.001145 -0.001118 0.000089 0.000384 0.003608 0.203706 -0.109869 -9.806269 
24.507304 0.000219 -0.000250 0.000027 -0.000513 -0.000814 -0.001815 0.000000 0.000000 0.000000 0.002506 -0.008932 -0.001036 0.000000 0.000000 0.000000 -0.000494 -0.001138 -0.001119 -0.000266 0.000813 0.003566 0.203726 -0.109888 -9.806268 
24.607767 0.000173 -0.000308 0.000056 -0.000201 -0.000588 -0.001950 0.000000 0.000000 0.000000 0.003045 -0.007333 -0.001278 0.000000 0.000000 0.000000 -0.000498 -0.001130 -0.001121 -0.000287 0.000372 0.003524 0.203731 -0.109868 -9.806269 
24.706823 0.000188 -0.000294 0.000063 -0.000539 0.000609 -0.002093 0.000000 0.000000 0.000000 0.001543 -0.000213 -0.001523 0.000000 0.000000 0.000000 -0.000508 -0.001133 -0.001120 -0.000066 -0.000291 0.003511 0.203723 -0.109838 -9.806269 
24.806193 0.000196 -0.000291 0.000085 0.000983 0.000390 -0.002056 0.000000 0.000000 0.000000 0.005137 -0.000649 -0.001190 0.000000 0.000000 0.000000 -0.000505 -0.001123 -0.001120 -0.000544 -0.000189 0.003281 0.203753 -0.109847 -9.806268 
24.907547 0.000165 -0.000312 0.000030 0.000149 -0.000667 -0.002057 0.000000 0.000000 0.000000 0.001050 -0.002756 -0.001041 0.000000 0.000000 0.000000 -0.000497 -0.001129 -0.001117 -0.000121 0.000183 0.003104 0.203740 -0.109865 -9.806268 
25.008555 0.000139 -0.000302 0.000006 -0.000511 -0.000188 -0.001727 0.000000 0.000000 0.000000 -0.001657 -0.001946 -0.000281 0.000000 0.000000 0.000000 -0.000502 -0.001135 -0.001117 0.000092 -0.000089 0.002634 0.203744 -0.109856 -9.806268 
25.107544 0.000160 -0.000273 0.000067 -0.000281 0.000988 -0.001884 0.000000 0.000000 0.000000 -0.000760 0.002346 -0.000628 0.000000 0.000000 0.000000 -0.000509 -0.001134 -0.001120 -0.000044 -0.000560 0.002679 0.203750 -0.109836 -9.806269 
25.206601 0.000146 -0.000316 0.000073 -0.001827 0.000487 -0.001719 0.000000 0.000000 0.000000 -0.004396 0.001975 -0.001067 0.000000 0.000000 0.000000 -0.000502 -0.001138 -0.001118 0.000417 -0.000252 0.002390 0.203731 -0.109847 -9.806269 
25.307811 0.000202 -0.000293 0.000047 -0.001210 0.001502 -0.001582 0.000000 0.000000 0.000000 -0.001817 0.002969 0.000338 0.000000 0.000000 0.000000 -0.000515 -0.001131 -0.001115 0.000049 -0.000530 0.002156 0.203740 -0.109831 -9.806269 
25.409074 0.000161 -0.000285 0.000073 -0.002799 0.001596 -0.001648 0.000000 0.000000 0.000000 -0.005820 0.001479 -0.000119 0.000000 0.000000 0.000000 -0.000510 -0.001142 -0.001116 0.000483 -0.000480 0.002214 0.203727 -0.109833 -9.806269 
25.507843 0.000190 -0.000301 0.000070 -0.000524 0.001439 -0.001831 0.000000 0.000000 0.000000 0.002420 0.001655 -0.000027 0.000000 0.000000 0.000000 -0.000507 -0.001123 -0.001115 -0.000445 -0.000327 0.002341 0.203763 -0.109841 -9.806268 
25.608920 0.000180 -0.000232 0.000058 -0.001433 0.002589 -0.001966 0.000000 0.000000 0.000000 -0.001845 0.006297 -0.000366 0.000000 0.000000 0.000000 -0.000513 -0.001130 -0.001110 -0.000085 -0.000598 0.002410 0.203752 -0.109835 -9.806269 
25.707763 0.000170 -0.000302 0.000043 -0.000390 0.002942 -0.002116 0.000000 0.000000 0.000000 0.001176 0.001827 -0.000730 0.000000 0.000000 0.000000 -0.000509 -0.001118 -0.001111 -0.000510 -0.000526 0.002484 0.203767 -0.109840 -9.806268 
25.808789 0.000188 -0.000268 0.000024 -0.000596 0.001761 -0.001992 0.000000 0.000000 0.000000 0.001602 -0.002374 -0.000349 0.000000 0.000000 0.000000 -0.000497 -0.001116 -0.001110 -0.000404 -0.000068 0.002270 0.203751 -0.109851 -9.806268 
25.909492 0.000253 -0.000215 0.000051 0.000042 0.001029 -0.001801 0.000000 0.000000 0.000000 0.001865 -0.001718 0.001034 0.000000 0.000000 0.000000 -0.000494 -0.001110 -0.001115 -0.000558 0.000159 0.002050 0.203747 -0.109856 -9.806268 
26.007475 0.000181 -0.000270 0.000036 -0.000489 0.001095 -0.001435 0.000000 0.000000 0.000000 -0.000491 -0.000275 0.000654 0.000000 0.000000 0.000000 -0.000496 -0.001114 -0.001114 -0.000324 0.000126 0.001705 0.203721 -0.109845 -9.806269 
26.108710 0.000184 -0.000262 0.000046 -0.001387 0.004015 -0.001409 0.000000 0.000000 0.000000 -0.002609 0.004695 0.002062 0.000000 0.000000 0.000000 -0.000517 -0.001120 -0.001118 -0.000048 -0.000971 0.001750 0.203722 -0.109818 -9.806269 
26.207742 0.000295 -0.000188 0.000099 -0.000679 0.004375 -0.001421 0.000000 0.000000 0.000000 0.000911 0.004929 0.001490 0.000000 0.000000 0.000000 -0.000515 -0.001118 -0.001117 -0.000377 -0.000949 0.001966 0.203741 -0.109817 -9.806269 
26.308997 0.000182 -0.000274 0.000049 -0.001029 0.003552 -0.001306 0.000000 0.000000 0.000000 -0.001986 0.003815 0.002190 0.000000 0.000000 0.000000 -0.000503 -0.001121 -0.001114 -0.000263 -0.000406 0.002006 0.203736 -0.109825 -9.806269 
26.401137 0.000154 -0.000265 0.000042 -0.001672 0.002965 -0.001181 0.000000 0.000000 0.000000 -0.003050 0.001997 0.000732 0.000000 0.000000 0.000000 -0.000501 -0.001125 -0.001110 -0.000117 -0.000031 0.001989 0.203729 -0.109831 -9.806269 
26.500506 0.000182 -0.000246 0.000028 -0.002254 0.002416 -0.000955 0.000000 0.000000 0.000000 -0.004047 -0.003945 0.001938 0.000000 0.000000 0.000000 -0.000500 -0.001124 -0.001110 -0.000029 0.000177 0.001878 0.203723 -0.109833 -9.806269 
26.601291 0.000179 -0.000241 0.000047 -0.001763 0.002658 -0.000735 0.000000 0.000000 0.000000 -0.001247 -0.002791 0.001823 0.000000 0.000000 0.000000 -0.000499 -0.001121 -0.001107 -0.000338 -0.000097 0.001857 0.203728 -0.109828 -9.806269 
26.701142 0.000222 -0.000254 0.000063 -0.001134 0.000635 -0.000845 0.000000 0.000000 0.000000 0.000076 -0.005166 0.001470 0.000000 0.000000 0.000000 -0.000497 -0.001115 -0.001110 -0.000612 0.000616 0.002151 0.203747 -0.109839 -9.806269 
26.801353 0.000196 -0.000281 0.000060 -0.002174 0.001280 -0.000805 0.000000 0.000000 0.000000 -0.002641 -0.000472 0.000762 0.000000 0.000000 0.000000 -0.000499 -0.001115 -0.001108 -0.000263 0.000243 0.002192 0.203741 -0.109832 -9.806269 
26.901444 0.000177 -0.000251 0.000029 -0.002100 0.001278 -0.000839 0.000000 0.000000 0.000000 -0.001892 -0.004729 0.001455 0.000000 0.000000 0.000000 -0.000496 -0.001113 -0.001106 -0.000385 0.000152 0.002326 0.203747 -0.109831 -9.806269 
27.000275 0.000163 -0.000239 0.000038 -0.002090 0.000672 -0.001027 0.000000 0.000000 0.000000 -0.000906 -0.005210 -0.000162 0.000000 0.000000 0.000000 -0.000489 -0.001114 -0.001106 -0.000459 0.000171 0.002593 0.203753 -0.109826 -9.806269 
27.102704 0.000136 -0.000247 0.000064 -0.002463 -0.000762 -0.001427 0.000000 0.000000 0.000000 -0.001759 -0.004748 0.000616 0.000000 0.000000 0.000000 -0.000493 -0.001111 -0.001107 -0.000353 0.000564 0.003010 0.203748 -0.109829 -9.806269 
27.200900 0.000155 -0.000275 0.000056 -0.002610 0.000090 -0.001419 0.000000 0.000000 0.000000 -0.003120 -0.002095 -0.000489 0.000000 0.000000 0.000000 -0.000495 -0.001109 -0.001104 -0.000380 0.000122 0.002990 0.203748 -0.109819 -9.806269 
27.299865 0.000173 -0.000292 0.000073 -0.002185 -0.000608 -0.001669 0.000000 0.000000 0.000000 -0.000037 -0.006059 -0.001556 0.000000 0.000000 0.000000 -0.000494 -0.001109 -0.001107 -0.000618 0.000238 0.003107 0.203754 -0.109820 -9.806269 
27.400970 0.000178 -0.000301 0.000038 -0.001050 0.001139 -0.001892 0.000000 0.000000 0.000000 0.003961 0.001587 -0.000873 0.000000 0.000000 0.000000 -0.000485 -0.001110 -0.001111 -0.000960 -0.000570 0.003211 0.203759 -0.109792 -9.806269 
27.501049 0.000201 -0.000263 0.000050 -0.001076 0.002038 -0.001629 0.000000 0.000000 0.000000 0.001632 0.006095 -0.001787 0.000000 0.000000 0.000000 -0.000485 -0.001108 -0.001115 -0.000859 -0.000747 0.002791 0.203764 -0.109801 -9.806269 
27.600358 0.000185 -0.000286 0.000058 -0.000803 0.002378 -0.001877 0.000000 0.000000 0.000000 0.002387 0.004165 -0.002276 0.000000 0.000000 0.000000 -0.000487 -0.001107 -0.001118 -0.000903 -0.000649 0.002832 0.203765 -0.109804 -9.806269 
27.700782 0.000181 -0.000286 0.000035 0.000053 0.002673 -0.001908 0.000000 0.000000 0.000000 0.004394 0.002204 -0.001025 0.000000 0.000000 0.000000 -0.000485 -0.001108 -0.001114 -0.001108 -0.000630 0.002695 0.203775 -0.109808 -9.806268 
27.801065 0.000195 -0.000287 0.000049 -0.000668 0.002156 -0.001783 0.000000 0.000000 0.000000 0.000265 0.000834 -0.001256 0.000000 0.000000 0.000000 -0.000486 -0.001104 -0.001112 -0.000752 -0.000327 0.002409 0.203768 -0.109827 -9.806268 
27.901046 0.000227 -0.000230 0.000049 -0.000956 0.003470 -0.001962 0.000000 0.000000 0.000000 -0.000102 0.004677 -0.001144 0.000000 0.000000 0.000000 -0.000490 -0.001106 -0.001113 -0.000644 -0.000752 0.002462 0.203763 -0.109813 -9.806269 
27.999908 0.000187 -0.000290 0.000068 -0.001512 0.003727 -0.002102 0.000000 0.000000 0.000000 -0.001879 0.003976 -0.001290 0.000000 0.000000 0.000000 -0.000489 -0.001103 -0.001109 -0.000463 -0.000659 0.002463 0.203758 -0.109816 -9.806269 
28.101199 0.000200 -0.000277 0.000072 -0.001541 0.003236 -0.001846 0.000000 0.000000 0.000000 -0.001992 0.000772 -0.000642 0.000000 0.000000 0.000000 -0.000487 -0.001103 -0.001111 -0.000554 -0.000326 0.002070 0.203764 -0.109829 -9.806268 
28.201028 0.000205 -0.000269 0.000077 -0.001136 0.001760 -0.001602 0.000000 0.000000 0.000000 -0.000202 -0.003536 -0.000404 0.000000 0.000000 0.000000 -0.000486 -0.001104 -0.001110 -0.000779 0.000251 0.001776 0.203771 -0.109846 -9.806268 
28.301588 0.000196 -0.000264 0.000042 -0.000351 0.001876 -0.001555 0.000000 0.000000 0.000000 0.001103 -0.001477 -0.000591 0.000000 0.000000 0.000000 -0.000489 -0.001105 -0.001109 -0.001074 0.000119 0.001656 0.203778 -0.109841 -9.806268 
28.401357 0.000206 -0.000266 0.000063 -0.000207 0.001403 -0.001477 0.000000 0.000000 0.000000 0.002628 -0.003425 0.001322 0.000000 0.000000 0.000000 -0.000490 -0.001104 -0.001108 -0.001063 0.000248 0.001598 0.203777 -0.109843 -9.806268 
28.500355 0.000225 -0.000278 0.000067 -0.000923 0.000968 -0.001306 0.000000 0.000000 0.000000 -0.000532 -0.005817 0.000842 0.000000 0.000000 0.000000 -0.000486 -0.001101 -0.001107 -0.000740 0.000238 0.001537 0.203772 -0.109843 -9.806268 
28.601367 0.000228 -0.000262 0.000079 -0.001690 0.002202 -0.001411 0.000000 0.000000 0.000000 -0.003204 0.002186 -0.000994 0.000000 0.000000 0.000000 -0.000480 -0.001099 -0.001103 -0.000518 -0.000390 0.001638 0.203768 -0.109830 -9.806268 
28.700773 0.000230 -0.000258 0.000053 -0.001498 0.002854 -0.001396 0.000000 0.000000 0.000000 -0.001119 0.004056 0.001521 0.000000 0.000000 0.000000 -0.000483 -0.001102 -0.001106 -0.000693 -0.000501 0.001658 0.203771 -0.109828 -9.806268 
28.800418 0.000197 -0.000278 0.000060 -0.001736 0.002993 -0.001166 0.000000 0.000000 0.000000 -0.001714 0.001692 0.000793 0.000000 0.000000 0.000000 -0.000485 -0.001102 -0.001105 -0.000662 -0.000408 0.001531 0.203770 -0.109827 -9.806268 
28.901050 0.000176 -0.000265 0.000043 -0.002150 0.002683 -0.001043 0.000000 0.000000 0.000000 -0.003066 -0.001010 0.000753 0.000000 0.000000 0.000000 -0.000482 -0.001100 -0.001104 -0.000602 -0.000261 0.001441 0.203768 -0.109830 -9.806268 
28.999849 0.000201 -0.000253 0.000067 -0.001575 0.002643 -0.001054 0.000000 0.000000 0.000000 0.000151 0.000416 0.001871 0.000000 0.000000 0.000000 -0.000482 -0.001102 -0.001103 -0.000894 -0.000250 0.001604 0.203774 -0.109829 -9.806268 
29.101373 0.000189 -0.000259 0.000057 -0.001979 0.002096 -0.001107 0.000000 0.000000 0.000000 -0.001215 -0.000628 0.001353 0.000000 0.000000 0.000000 -0.000482 -0.001096 -0.001100 -0.000745 -0.000006 0.001858 0.203772 -0.109832 -9.806268 
29.201459 0.000205 -0.000244 0.000077 -0.001244 0.003004 -0.000928 0.000000 0.000000 0.000000 0.001004 0.001153 0.001879 0.000000 0.000000 0.000000 -0.000484 -0.001099 -0.001099 -0.001044 -0.000368 0.001840 0.203774 -0.109830 -9.806268 
29.300010 0.000201 -0.000283 0.000043 -0.000886 0.002746 -0.000889 0.000000 0.000000 0.000000 0.002049 -0.001227 0.001949 0.000000 0.000000 0.000000 -0.000482 -0.001095 -0.001099 -0.001123 -0.000247 0.002000 0.203773 -0.109830 -9.806268 
29.402214 0.000202 -0.000267 0.000065 -0.000774 0.003039 -0.000975 0.000000 0.000000 0.000000 0.001457 0.000696 0.001269 0.000000 0.000000 0.000000 -0.000480 -0.001095 -0.001099 -0.001092 -0.000389 0.002271 0.203769 -0.109825 -9.806268 
29.500235 0.000197 -0.000277 0.000067 -0.001299 0.002049 -0.001096 0.000000 0.000000 0.000000 -0.000751 -0.000812 0.000908 0.000000 0.000000 0.000000 -0.000483 -0.001095 -0.001100 -0.000877 0.000040 0.002487 0.203764 -0.109828 -9.806268 
29.602129 0.000211 -0.000290 0.000049 -0.000194 0.002103 -0.001294 0.000000 0.000000 0.000000 0.003036 -0.003091 0.000480 0.000000 0.000000 0.000000 -0.000488 -0.001098 -0.001098 -0.001252 -0.000042 0.002784 0.203763 -0.109825 -9.806268 
29.701804 0.000218 -0.000276 0.000056 0.001040 0.001902 -0.001489 0.000000 0.000000 0.000000 0.005245 -0.003695 0.000065 0.000000 0.000000 0.000000 -0.000484 -0.001097 -0.001099 -0.001564 -0.000098 0.003032 0.203763 -0.109819 -9.806268 
29.802016 0.000199 -0.000257 0.000055 0.000114 0.002734 -0.001264 0.000000 0.000000 0.000000 0.001693 -0.000369 0.000259 0.000000 0.000000 0.000000 -0.000476 -0.001093 -0.001100 -0.001081 -0.000520 0.002760 0.203759 -0.109822 -9.806269 
29.901812 0.000220 -0.000255 0.000059 -0.000522 0.003066 -0.001302 0.000000 0.000000 0.000000 -0.000355 0.002816 -0.000211 0.000000 0.000000 0.000000 -0.000475 -0.001090 -0.001099 -0.000804 -0.000612 0.002796 0.203753 -0.109819 -9.806269 
30.000145 0.000280 -0.000170 0.000069 -0.000989 0.003665 -0.001459 0.000000 0.000000 0.000000 -0.001601 0.004704 0.000093 0.000000 0.000000 0.000000 -0.000476 -0.001090 -0.001100 -0.000649 -0.000689 0.002941 0.203743 -0.109815 -9.806269 
30.101703 0.000200 -0.000248 0.000070 -0.001658 0.002721 -0.001117 0.000000 0.000000 0.000000 -0.002850 -0.000622 0.000269 0.000000 0.000000 0.000000 -0.000474 -0.001083 -0.001101 -0.000504 -0.000186 0.002580 0.203752 -0.109828 -9.806269 
30.200195 0.000209 -0.000275 0.000055 -0.001545 0.003223 -0.001087 0.000000 0.000000 0.000000 -0.001593 0.000457 0.000153 0.000000 0.000000 0.000000 -0.000475 -0.001082 -0.001098 -0.000651 -0.000393 0.002576 0.203754 -0.109823 -9.806269 
30.300205 0.000170 -0.000247 0.000044 -0.002339 0.003647 -0.000978 0.000000 0.000000 0.000000 -0.002996 0.001229 0.000429 0.000000 0.000000 0.000000 -0.000472 -0.001082 -0.001096 -0.000443 -0.000525 0.002482 0.203755 -0.109822 -9.806269 
30.401683 0.000210 -0.000265 0.000049 -0.001435 0.002448 -0.000958 0.000000 0.000000 0.000000 -0.000010 -0.002066 0.000377 0.000000 0.000000 0.000000 -0.000473 -0.001087 -0.001094 -0.000857 -0.000030 0.002511 0.203761 -0.109830 -9.806268 
30.499878 0.000202 -0.000276 0.000061 -0.002201 0.001557 -0.001018 0.000000 0.000000 0.000000 -0.002395 -0.004092 0.000219 0.000000 0.000000 0.000000 -0.000474 -0.001084 -0.001098 -0.000602 0.000230 0.002599 0.203754 -0.109836 -9.806268 
30.600937 0.000180 -0.000264 0.000043 -0.002053 0.001848 -0.001150 0.000000 0.000000 0.000000 -0.000805 -0.003280 0.000007 0.000000 0.000000 0.000000 -0.000475 -0.001083 -0.001095 -0.000721 -0.000041 0.002746 0.203751 -0.109831 -9.806269 
30.700700 0.000198 -0.000260 0.000050 -0.002385 0.002351 -0.001218 0.000000 0.000000 0.000000 -0.001572 -0.000577 -0.000395 0.000000 0.000000 0.000000 -0.000476 -0.001084 -0.001096 -0.000645 -0.000337 0.002789 0.203748 -0.109826 -9.806269 
30.799931 0.000208 -0.000268 0.000047 -0.001849 0.002114 -0.001369 0.000000 0.000000 0.000000 0.000228 -0.000645 -0.000341 0.000000 0.000000 0.000000 -0.000476 -0.001080 -0.001096 -0.000888 -0.000246 0.002884 0.203750 -0.109828 -9.806269 
30.901722 0.000194 -0.000276 0.000047 -0.001794 0.003028 -0.001599 0.000000 0.000000 0.000000 0.000172 0.002251 -0.000648 0.000000 0.000000 0.000000 -0.000480 -0.001076 -0.001097 -0.000897 -0.000586 0.003073 0.203745 -0.109823 -9.806269 
31.000178 0.000185 -0.000281 0.000060 -0.000799 0.002852 -0.001488 0.000000 0.000000 0.000000 0.003387 0.000001 -0.000834 0.000000 0.000000 0.000000 -0.000479 -0.001078 -0.001097 -0.001235 -0.000450 0.002867 0.203755 -0.109825 -9.806269 
31.102027 0.000207 -0.000270 0.000050 -0.000659 0.002280 -0.001510 0.000000 0.000000 0.000000 0.003307 -0.001651 0.000214 0.000000 0.000000 0.000000 -0.000477 -0.001079 -0.001098 -0.001165 -0.000241 0.002826 0.203754 -0.109828 -9.806269 
31.200170 0.000195 -0.000287 0.000043 -0.000509 0.002523 -0.001526 0.000000 0.000000 0.000000 0.002839 0.000126 0.000251 0.000000 0.000000 0.000000 -0.000476 -0.001078 -0.001097 -0.001103 -0.000361 0.002861 0.203753 -0.109827 -9.806269 
31.300311 0.000192 -0.000289 0.000034 -0.000175 0.002285 -0.001739 0.000000 0.000000 0.000000 0.002686 -0.000869 0.000081 0.000000 0.000000 0.000000 -0.000478 -0.001076 -0.001097 -0.001114 -0.000266 0.003090 0.203748 -0.109829 -9.806269 
31.401858 0.000192 -0.000279 0.000047 -0.000482 0.003116 -0.001507 0.000000 0.000000 0.000000 0.001031 0.001446 0.000250 0.000000 0.000000 0.000000 -0.000475 -0.001081 -0.001100 -0.000934 -0.000590 0.002853 0.203751 -0.109825 -9.806269 
31.500047 0.000190 -0.000266 0.000047 -0.001065 0.003418 -0.001287 0.000000 0.000000 0.000000 -0.001003 0.002108 0.000607 0.000000 0.000000 0.000000 -0.000473 -0.001085 -0.001099 -0.000717 -0.000637 0.002635 0.203751 -0.109824 -9.806269 
31.601235 0.000189 -0.000257 0.000053 -0.000936 0.003048 -0.001186 0.000000 0.000000 0.000000 -0.000289 0.000954 0.000414 0.000000 0.000000 0.000000 -0.000474 -0.001084 -0.001097 -0.000798 -0.000407 0.002572 0.203752 -0.109826 -9.806269 
31.701069 0.000154 -0.000252 0.000013 -0.001175 0.004143 -0.000923 0.000000 0.000000 0.000000 -0.000555 0.003116 0.000799 0.000000 0.000000 0.000000 -0.000472 -0.001087 -0.001097 -0.000735 -0.000773 0.002342 0.203752 -0.109818 -9.806269 
31.801589 0.000176 -0.000257 0.000029 -0.000976 0.004864 -0.000959 0.000000 0.000000 0.000000 -0.000003 0.004679 0.000332 0.000000 0.000000 0.000000 -0.000474 -0.001087 -0.001098 -0.000834 -0.000904 0.002414 0.203754 -0.109817 -9.806269 
31.903205 0.000129 -0.000309 0.000056 -0.001437 0.004191 -0.001066 0.000000 0.000000 0.000000 -0.001728 0.001270 0.000492 0.000000 0.000000 0.000000 -0.000475 -0.001089 -0.001096 -0.000685 -0.000438 0.002539 0.203751 -0.109828 -9.806269 
32.001587 0.000189 -0.000267 0.000050 -0.001828 0.002276 -0.001225 0.000000 0.000000 0.000000 -0.002656 -0.004666 -0.000415 0.000000 0.000000 0.000000 -0.000480 -0.001089 -0.001095 -0.000616 0.000282 0.002697 0.203756 -0.109845 -9.806268 
32.103598 0.000168 -0.000274 0.000070 -0.000440 0.001909 -0.001297 0.000000 0.000000 0.000000 0.001906 -0.004792 0.000315 0.000000 0.000000 0.000000 -0.000482 -0.001093 -0.001095 -0.001173 0.000224 0.002704 0.203766 -0.109844 -9.806268 
32.201629 0.000203 -0.000282 0.000035 0.000105 0.001674 -0.001261 0.000000 0.000000 0.000000 0.002813 -0.003737 0.000446 0.000000 0.000000 0.000000 -0.000484 -0.001090 -0.001094 -0.001294 0.000167 0.002672 0.203767 -0.109842 -9.806268 
32.302239 0.000177 -0.000293 0.000043 -0.000008 0.001882 -0.001355 0.000000 0.000000 0.000000 0.002202 -0.002063 -0.000582 0.000000 0.000000 0.000000 -0.000482 -0.001091 -0.001096 -0.001168 -0.000011 0.002765 0.203769 -0.109844 -9.806268 
32.403169 0.000212 -0.000265 0.000057 0.000608 0.001063 -0.001497 0.000000 0.000000 0.000000 0.002879 -0.004331 -0.000084 0.000000 0.000000 0.000000 -0.000485 -0.001091 -0.001098 -0.001286 0.000178 0.002844 0.203774 -0.109849 -9.806268 
32.501512 0.000162 -0.000314 0.000035 -0.000263 0.000498 -0.001772 0.000000 0.000000 0.000000 -0.000957 -0.003989 -0.001442 0.000000 0.000000 0.000000 -0.000485 -0.001087 -0.001099 -0.000942 0.000260 0.003041 0.203777 -0.109857 -9.806268 
32.604568 0.000169 -0.000300 0.000065 0.000675 0.001326 -0.001777 0.000000 0.000000 0.000000 0.002437 0.000348 -0.000481 0.000000 0.000000 0.000000 -0.000484 -0.001089 -0.001100 -0.001261 -0.000157 0.002876 0.203778 -0.109844 -9.806268 
32.703912 0.000153 -0.000307 0.000019 0.000664 0.002703 -0.001958 0.000000 0.000000 0.000000 0.001379 0.003611 -0.001200 0.000000 0.000000 0.000000 -0.000484 -0.001088 -0.001094 -0.001187 -0.000581 0.002948 0.203780 -0.109841 -9.806268 
32.804796 0.000168 -0.000273 0.000015 0.000144 0.003232 -0.001618 0.000000 0.000000 0.000000 -0.000725 0.003158 0.000121 0.000000 0.000000 0.000000 -0.000483 -0.001086 -0.001095 -0.000994 -0.000640 0.002469 0.203759 -0.109823 -9.806269 
32.904854 0.000163 -0.000282 0.000046 -0.000279 0.002450 -0.001756 0.000000 0.000000 0.000000 -0.001238 0.000972 -0.000078 0.000000 0.000000 0.000000 -0.000481 -0.001087 -0.001097 -0.000883 -0.000248 0.002582 0.203761 -0.109831 -9.806268 
33.003349 0.000142 -0.000328 0.000001 0.000641 0.002294 -0.001571 0.000000 0.000000 0.000000 0.001704 0.000814 0.000636 0.000000 0.000000 0.000000 -0.000485 -0.001086 -0.001098 -0.001213 -0.000129 0.002380 0.203758 -0.109826 -9.806269 
33.105194 0.000158 -0.000283 -0.000017 0.000596 0.002662 -0.001335 0.000000 0.000000 0.000000 0.000821 0.000160 0.000785 0.000000 0.000000 0.000000 -0.000489 -0.001089 -0.001100 -0.001152 -0.000235 0.002139 0.203751 -0.109816 -9.806269 
33.203747 0.000165 -0.000314 0.000038 0.000050 0.002796 -0.001383 0.000000 0.000000 0.000000 0.000003 0.000027 0.000138 0.000000 0.000000 0.000000 -0.000486 -0.001093 -0.001105 -0.000945 -0.000279 0.002210 0.203751 -0.109816 -9.806269 
33.303199 0.000118 -0.000317 0.000015 -0.000189 0.002470 -0.001353 0.000000 0.000000 0.000000 -0.003418 -0.000587 0.000614 0.000000 0.000000 0.000000 -0.000480 -0.001095 -0.001104 -0.000897 -0.000144 0.002204 0.203749 -0.109817 -9.806269 
33.404801 0.000161 -0.000326 0.000039 -0.000709 0.003044 -0.001387 0.000000 0.000000 0.000000 -0.008726 0.003248 -0.007371 0.000000 0.000000 0.000000 -0.000486 -0.001098 -0.001104 -0.000947 -0.000292 0.001868 0.203731 -0.109806 -9.806269 
33.503565 0.000189 -0.000487 0.000034 -0.001717 0.003646 -0.002606 0.000000 0.000000 0.000000 0.009300 0.002657 -0.024304 0.000000 0.000000 0.000000 -0.000488 -0.001124 -0.001103 -0.000695 -0.000416 0.001365 0.203681 -0.109780 -9.806271 
33.604934 0.000031 -0.000505 0.000028 -0.007907 0.001201 -0.003580 0.000000 0.000000 0.000000 0.018359 -0.007276 -0.021284 0.000000 0.000000 0.000000 -0.000477 -0.001180 -0.001109 0.002094 0.000717 -0.000493 0.203488 -0.109953 -9.806273 
33.703217 -0.000070 -0.001136 0.000038 -0.007767 0.000101 -0.003190 0.000000 0.000000 0.000000 0.052207 -0.006459 0.000549 0.000000 0.000000 0.000000 -0.000468 -0.001210 -0.001108 0.001178 0.000958 -0.003136 0.205290 -0.110003 -9.806235 
33.804771 -0.000138 -0.001627 -0.000167 0.000802 -0.001156 -0.001878 0.000000 0.000000 0.000000 0.107840 -0.006249 0.017079 0.000000 0.000000 0.000000 -0.000466 -0.001219 -0.001103 -0.000917 0.001274 -0.004251 0.206966 -0.109994 -9.806199 
33.904785 -0.000119 -0.001853 -0.000251 0.010758 -0.002241 0.000406 0.000000 0.000000 0.000000 0.156677 -0.008253 0.025931 0.000000 0.000000 0.000000 -0.000469 -0.001230 -0.001105 -0.000295 0.001439 -0.004514 0.207674 -0.109960 -9.806185 
34.003103 -0.000105 -0.001122 -0.000119 0.023444 -0.002713 0.003786 0.000000 0.000000 0.000000 0.200055 -0.007976 0.025497 0.000000 0.000000 0.000000 -0.000477 -0.001244 -0.001100 0.005901 0.001274 -0.003511 0.204309 -0.110073 -9.806254 
34.104761 0.000053 -0.000533 0.000027 0.035941 -0.003132 0.007084 0.000000 0.000000 0.000000 0.233181 -0.005306 0.022657 0.000000 0.000000 0.000000 -0.000484 -0.001272 -0.001092 0.013218 0.001069 -0.002782 0.201181 -0.110142 -9.806318 
34.203789 -0.000029 0.001324 -0.000542 0.052312 -0.004841 0.011860 0.000000 0.000000 0.000000 0.277999 -0.009319 0.017114 0.000000 0.000000 0.000000 -0.000480 -0.001295 -0.001089 0.028107 0.001687 -0.001020 0.191316 -0.110165 -9.806515 
34.304497 0.000429 0.003347 -0.000601 0.076561 -0.005757 0.016163 0.000000 0.000000 0.000000 0.343188 -0.008898 0.009542 0.000000 0.000000 0.000000 -0.000502 -0.001327 -0.001087 0.043646 0.001697 0.000637 0.180107 -0.110200 -9.806727 
34.406396 0.000327 0.002209 -0.001447 0.106111 -0.008059 0.017258 0.000000 0.000000 0.000000 0.414430 -0.018255 0.017079 0.000000 0.000000 0.000000 -0.000491 -0.001358 -0.001085 0.044784 0.002673 0.000432 0.182174 -0.110193 -9.806689 
34.503549 0.000617 0.001868 -0.002599 0.147095 -0.011399 0.020144 0.000000 0.000000 0.000000 0.500982 -0.032162 0.025991 0.000000 0.000000 0.000000 -0.000493 -0.001378 -0.001077 0.049462 0.003613 0.000705 0.180458 -0.110110 -9.806722 
34.604851 0.001074 0.002275 -0.003156 0.207123 -0.015667 0.024372 0.000000 0.000000 0.000000 0.616863 -0.042709 0.034086 0.000000 0.000000 0.000000 -0.000496 -0.001360 -0.001073 0.054172 0.003946 0.001140 0.175913 -0.110030 -9.806805 
34.703825 0.001570 0.007490 -0.002919 0.276401 -0.019865 0.034882 0.000000 0.000000 0.000000 0.720321 -0.041829 0.031070 0.000000 0.000000 0.000000 -0.000503 -0.001334 -0.001065 0.084618 0.003118 0.003496 0.148556 -0.109383 -9.807265 
34.804952 0.002006 0.010914 -0.000172 0.354633 -0.021652 0.042867 0.000000 0.000000 0.000000 0.815254 -0.015558 0.027184 0.000000 0.000000 0.000000 -0.000534 -0.001311 -0.001054 0.106160 0.000843 0.004970 0.130024 -0.108906 -9.807534 
34.904925 0.002340 0.014413 0.001868 0.452470 -0.020556 0.049603 0.000000 0.000000 0.000000 0.932458 0.008192 0.015219 0.000000 0.000000 0.000000 -0.000571 -0.001249 -0.001045 0.126556 -0.000692 0.006457 0.109576 -0.108960 -9.807783 
35.003150 0.002631 0.019974 0.005253 0.570598 -0.014950 0.056641 0.000000 0.000000 0.000000 1.060992 0.042501 0.002195 0.000000 0.000000 0.000000 -0.000620 -0.001163 -0.001033 0.155992 -0.002965 0.008655 0.078058 -0.109188 -9.808082 
35.104773 0.002579 0.024224 0.005965 0.690416 -0.009872 0.061800 0.000000 0.000000 0.000000 1.157040 0.051545 -0.005823 0.000000 0.000000 0.000000 -0.000620 -0.001107 -0.001030 0.180913 -0.002096 0.010383 0.052081 -0.109222 -9.808254 
35.204511 0.002687 0.025894 0.006363 0.818363 -0.004166 0.063316 0.000000 0.000000 0.000000 1.244586 0.056461 -0.016049 0.000000 0.000000 0.000000 -0.000643 -0.001070 -0.001022 0.193301 -0.001634 0.011288 0.038789 -0.109094 -9.808317 
35.304994 0.003096 0.025712 0.006912 0.962885 0.002846 0.061530 0.000000 0.000000 0.000000 1.351492 0.066873 -0.021669 0.000000 0.000000 0.000000 -0.000647 -0.001025 -0.001022 0.194377 -0.001653 0.011501 0.035157 -0.108910 -9.808332 
35.405240 0.002703 0.024574 0.007057 1.120753 0.010220 0.058446 0.000000 0.000000 0.000000 1.462979 0.062233 -0.025936 0.000000 0.000000 0.000000 -0.000662 -0.000977 -0.001017 0.191264 -0.001353 0.011332 0.036134 -0.108511 -9.808333 
35.503488 0.003130 0.024423 0.006231 1.295936 0.014435 0.056041 0.000000 0.000000 0.000000 1.586991 0.039890 -0.028723 0.000000 0.000000 0.000000 -0.000639 -0.000906 -0.001033 0.191793 0.001003 0.011582 0.032045 -0.107208 -9.808362 
35.605484 0.003088 0.023961 0.006501 1.472900 0.017849 0.053102 0.000000 0.000000 0.000000 1.683832 0.035967 -0.024969 0.000000 0.000000 0.000000 -0.000633 -0.000875 -0.001053 0.191469 0.001739 0.011588 0.031744 -0.106822 -9.808367 
35.703837 0.002847 0.019913 0.003768 1.656143 0.016589 0.049374 0.000000 0.000000 0.000000 1.770106 0.001750 -0.013356 0.000000 0.000000 0.000000 -0.000570 -0.000895 -0.001092 0.179625 0.003893 0.008318 0.063849 -0.110482 -9.808170 
35.805085 0.002240 0.016902 0.003623 1.852782 0.015026 0.047649 0.000000 0.000000 0.000000 1.868164 -0.011761 -0.011329 0.000000 0.000000 0.000000 -0.000534 -0.000898 -0.001131 0.169860 0.005188 0.005171 0.089359 -0.114112 -9.807929 
35.905365 0.002044 0.013733 0.003282 2.052957 0.014688 0.047032 0.000000 0.000000 0.000000 1.948934 -0.010785 -0.008744 0.000000 0.000000 0.000000 -0.000544 -0.000929 -0.001131 0.162531 0.004070 0.001460 0.115952 -0.118571 -9.807598 
36.003375 0.001708 0.012005 0.002317 2.263001 0.012888 0.047279 0.000000 0.000000 0.000000 2.034698 -0.021796 0.001453 0.000000 0.000000 0.000000 -0.000524 -0.000979 -0.001112 0.160428 0.002736 -0.001252 0.132713 -0.121656 -9.807348 
36.106579 0.001171 0.010700 0.000906 2.490578 0.009760 0.049096 0.000000 0.000000 0.000000 2.161123 -0.039567 0.016299 0.000000 0.000000 0.000000 -0.000516 -0.000977 -0.001075 0.156131 0.002535 -0.004351 0.148129 -0.123535 -9.807103 
36.205449 0.000616 0.009064 0.001730 2.739564 0.009666 0.054265 0.000000 0.000000 0.000000 2.305390 -0.028696 0.037543 0.000000 0.000000 0.000000 -0.000507 -0.000943 -0.001080 0.150071 -0.001088 -0.009274 0.168803 -0.125677 -9.806742 
36.307621 0.000702 0.008204 0.002106 3.000052 0.007816 0.060154 0.000000 0.000000 0.000000 2.437406 -0.042871 0.046044 0.000000 0.000000 0.000000 -0.000511 -0.000892 -0.001095 0.145318 -0.002688 -0.012674 0.180933 -0.127085 -9.806508 
36.409006 0.000942 0.007725 0.002296 3.265179 0.003534 0.066773 0.000000 0.000000 0.000000 2.555537 -0.045500 0.048014 0.000000 0.000000 0.000000 -0.000497 -0.000877 -0.001088 0.142599 -0.003619 -0.015741 0.190497 -0.129141 -9.806300 
36.508675 0.001223 0.007032 0.002560 3.541495 -0.000481 0.073011 0.000000 0.000000 0.000000 2.670088 -0.036245 0.046946 0.000000 0.000000 0.000000 -0.000496 -0.000850 -0.001086 0.140861 -0.004178 -0.017954 0.196394 -0.130762 -9.806162 
36.608681 0.001312 0.005746 0.003044 3.823881 -0.002608 0.080264 0.000000 0.000000 0.000000 2.765529 -0.014061 0.051561 0.000000 0.000000 0.000000 -0.000519 -0.000840 -0.001077 0.140616 -0.005709 -0.020941 0.203478 -0.132579 -9.805993 
36.708077 0.000566 0.004588 0.004504 4.110530 -0.002013 0.089024 0.000000 0.000000 0.000000 2.849777 0.000146 0.071808 0.000000 0.000000 0.000000 -0.000565 -0.000875 -0.001083 0.142356 -0.008618 -0.023813 0.209800 -0.133373 -9.805849 
36.809016 0.000004 0.003923 0.005710 4.416921 0.000373 0.099450 0.000000 0.000000 0.000000 2.965049 0.012378 0.094668 0.000000 0.000000 0.000000 -0.000583 -0.000825 -0.001094 0.140794 -0.011870 -0.026473 0.214171 -0.133760 -9.805749 
36.909212 -0.000352 0.004313 0.006775 4.741424 0.003121 0.111060 0.000000 0.000000 0.000000 3.098232 0.008990 0.102244 0.000000 0.000000 0.000000 -0.000600 -0.000759 -0.001104 0.137381 -0.014586 -0.028774 0.216750 -0.134104 -9.805688 
37.007902 0.000196 0.004422 0.006604 5.072560 0.003749 0.121648 0.000000 0.000000 0.000000 3.199598 0.012771 0.103172 0.000000 0.000000 0.000000 -0.000604 -0.000731 -0.001081 0.136415 -0.014609 -0.028625 0.216228 -0.134018 -9.805701 
37.109296 0.000123 0.004650 0.006169 5.402207 0.004288 0.131299 0.000000 0.000000 0.000000 3.280769 0.016500 0.100159 0.000000 0.000000 0.000000 -0.000578 -0.000759 -0.001070 0.137265 -0.013726 -0.027466 0.215169 -0.133840 -9.805726 
37.208364 0.000496 0.004717 0.006007 5.755049 0.004520 0.141761 0.000000 0.000000 0.000000 3.394049 0.010449 0.108556 0.000000 0.000000 0.000000 -0.000580 -0.000728 -0.001082 0.135430 -0.012598 -0.027359 0.214601 -0.133330 -9.805746 
37.307908 0.000100 0.004962 0.006420 6.121082 0.005464 0.154117 0.000000 0.000000 0.000000 3.510225 0.004159 0.121424 0.000000 0.000000 0.000000 -0.000572 -0.000708 -0.001087 0.133465 -0.012572 -0.027918 0.214392 -0.132851 -9.805757 
37.409229 -0.000079 0.004528 0.006705 6.486356 0.006954 0.166458 0.000000 0.000000 0.000000 3.607333 0.002597 0.134843 0.000000 0.000000 0.000000 -0.000560 -0.000693 -0.001087 0.133463 -0.011984 -0.026925 0.213646 -0.133019 -9.805771 
37.507984 0.000297 0.004229 0.006049 6.868480 0.006807 0.178789 0.000000 0.000000 0.000000 3.712827 -0.003087 0.133359 0.000000 0.000000 0.000000 -0.000555 -0.000677 -0.001091 0.133289 -0.010206 -0.025393 0.212693 -0.132900 -9.805793 
37.609264 -0.000001 0.003860 0.006346 7.255680 0.007719 0.189694 0.000000 0.000000 0.000000 3.820183 0.006482 0.127565 0.000000 0.000000 0.000000 -0.000553 -0.000669 -0.001094 0.133576 -0.008514 -0.022965 0.211259 -0.133558 -9.805815 
37.708323 -0.000318 0.004125 0.007047 7.661543 0.009031 0.202382 0.000000 0.000000 0.000000 3.929257 0.004292 0.139638 0.000000 0.000000 0.000000 -0.000554 -0.000642 -0.001104 0.132651 -0.007653 -0.021914 0.210146 -0.133560 -9.805839 
37.808092 -0.000629 0.004183 0.007475 8.073731 0.010050 0.216467 0.000000 0.000000 0.000000 4.017691 0.003758 0.138787 0.000000 0.000000 0.000000 -0.000550 -0.000665 -0.001099 0.132846 -0.007583 -0.021741 0.210118 -0.133683 -9.805838 
37.909290 -0.001252 0.003907 0.008050 8.491570 0.013497 0.228997 0.000000 0.000000 0.000000 4.118498 0.009810 0.154374 0.000000 0.000000 0.000000 -0.000561 -0.000650 -0.001079 0.133664 -0.006466 -0.019158 0.208818 -0.135180 -9.805845 
38.008197 -0.000971 0.004364 0.008993 8.930481 0.016576 0.244071 0.000000 0.000000 0.000000 4.231116 0.036104 0.146442 0.000000 0.000000 0.000000 -0.000575 -0.000627 -0.001091 0.132551 -0.005832 -0.018108 0.207717 -0.135180 -9.805869 
38.109333 -0.001799 0.004071 0.010214 9.379257 0.022400 0.257364 0.000000 0.000000 0.000000 4.351225 0.054083 0.149335 0.000000 0.000000 0.000000 -0.000568 -0.000565 -0.001092 0.131402 -0.004911 -0.015981 0.205979 -0.135768 -9.805897 
38.208072 -0.001384 0.004270 0.010634 9.839457 0.025930 0.269533 0.000000 0.000000 0.000000 4.454344 0.042405 0.155714 0.000000 0.000000 0.000000 -0.000573 -0.000553 -0.001073 0.133187 -0.003192 -0.012312 0.204938 -0.137428 -9.805896 
38.309227 -0.000990 0.003954 0.011780 10.303084 0.030069 0.282144 0.000000 0.000000 0.000000 4.554432 0.052424 0.145004 0.000000 0.000000 0.000000 -0.000546 -0.000540 -0.001079 0.134751 -0.002354 -0.009645 0.204379 -0.138715 -9.805889 
38.409115 -0.000659 0.004329 0.012947 10.785902 0.035865 0.296570 0.000000 0.000000 0.000000 4.671507 0.068250 0.149913 0.000000 0.000000 0.000000 -0.000583 -0.000496 -0.001086 0.133535 -0.001028 -0.008500 0.203646 -0.138211 -9.805912 
38.508722 -0.001021 0.004823 0.013900 11.273323 0.043188 0.311999 0.000000 0.000000 0.000000 4.757261 0.083874 0.162514 0.000000 0.000000 0.000000 -0.000561 -0.000488 -0.001080 0.133945 -0.000216 -0.007769 0.203728 -0.138689 -9.805903 
38.609042 -0.001855 0.005463 0.015388 11.773157 0.051016 0.327747 0.000000 0.000000 0.000000 4.840518 0.079370 0.150301 0.000000 0.000000 0.000000 -0.000567 -0.000478 -0.001079 0.132872 0.000905 -0.007272 0.203457 -0.138225 -9.805916 
38.708177 -0.001829 0.005191 0.016998 12.282984 0.057618 0.343009 0.000000 0.000000 0.000000 4.933995 0.072704 0.153937 0.000000 0.000000 0.000000 -0.000550 -0.000483 -0.001082 0.132515 0.002101 -0.006832 0.203668 -0.138052 -9.805914 
38.808921 -0.002563 0.004497 0.018665 12.794657 0.063694 0.357561 0.000000 0.000000 0.000000 5.021045 0.081991 0.159871 0.000000 0.000000 0.000000 -0.000514 -0.000471 -0.001089 0.133680 0.004216 -0.005303 0.204919 -0.140038 -9.805859 
38.908988 -0.002820 0.004550 0.021069 13.316503 0.073797 0.371374 0.000000 0.000000 0.000000 5.098358 0.096880 0.146898 0.000000 0.000000 0.000000 -0.000544 -0.000445 -0.001090 0.133191 0.005847 -0.002935 0.205319 -0.143084 -9.805807 
39.007853 -0.002750 0.005323 0.022942 13.854215 0.085211 0.385928 0.000000 0.000000 0.000000 5.171968 0.124859 0.141577 0.000000 0.000000 0.000000 -0.000533 -0.000445 -0.001082 0.132259 0.006482 -0.002626 0.205209 -0.142660 -9.805816 
39.109180 -0.004198 0.005266 0.025182 14.388927 0.097603 0.401094 0.000000 0.000000 0.000000 5.242455 0.122801 0.148319 0.000000 0.000000 0.000000 -0.000539 -0.000452 -0.001079 0.132976 0.005914 -0.003378 0.205113 -0.141757 -9.805831 
39.208088 -0.004695 0.005046 0.027204 14.938622 0.110222 0.415843 0.000000 0.000000 0.000000 5.290419 0.164577 0.156173 0.000000 0.000000 0.000000 -0.000541 -0.000463 -0.001078 0.132132 0.007655 -0.002281 0.206026 -0.142829 -9.805796 
39.309243 -0.005603 0.004012 0.029652 15.491460 0.133105 0.434284 0.000000 0.000000 0.000000 5.380993 0.182896 0.160063 0.000000 0.000000 0.000000 -0.000560 -0.000461 -0.001087 0.130199 0.003731 -0.004622 0.201270 -0.136329 -9.805987 
39.409178 -0.006280 0.003009 0.031636 16.049138 0.149894 0.451341 0.000000 0.000000 0.000000 5.460543 0.179049 0.154006 0.000000 0.000000 0.000000 -0.000552 -0.000444 -0.001073 0.131238 0.003728 -0.005351 0.201241 -0.134608 -9.806012 
39.507980 -0.006854 0.002605 0.033952 16.623136 0.166652 0.465552 0.000000 0.000000 0.000000 5.537587 0.192848 0.163045 0.000000 0.000000 0.000000 -0.000520 -0.000402 -0.001082 0.130020 0.005921 -0.003815 0.203440 -0.136419 -9.805941 
39.609079 -0.006741 0.004027 0.036088 17.201276 0.187379 0.480550 0.000000 0.000000 0.000000 5.587998 0.202888 0.157883 0.000000 0.000000 0.000000 -0.000531 -0.000376 -0.001079 0.127579 0.007410 -0.003024 0.203672 -0.135175 -9.805954 
39.708250 -0.006264 0.006550 0.038204 17.792896 0.209724 0.502269 0.000000 0.000000 0.000000 5.667813 0.251523 0.217572 0.000000 0.000000 0.000000 -0.000561 -0.000338 -0.001073 0.127667 0.009233 -0.005099 0.201153 -0.125509 -9.806134 
39.808625 -0.007310 0.009689 0.040311 18.384615 0.238146 0.528231 0.000000 0.000000 0.000000 5.706760 0.281375 0.218319 0.000000 0.000000 0.000000 -0.000538 -0.000346 -0.001072 0.129035 0.008456 -0.007650 0.196537 -0.118268 -9.806318 
39.909429 -0.008483 0.009921 0.042495 18.971392 0.264836 0.547901 0.000000 0.000000 0.000000 5.727706 0.272647 0.174278 0.000000 0.000000 0.000000 -0.000540 -0.000371 -0.001071 0.129931 0.009197 -0.007492 0.198075 -0.118021 -9.806290 
40.008330 -0.008353 0.008115 0.044608 19.575253 0.290425 0.563483 0.000000 0.000000 0.000000 5.783500 0.251372 0.109277 0.000000 0.000000 0.000000 -0.000509 -0.000374 -0.001067 0.129762 0.013136 -0.007762 0.198819 -0.111138 -9.806355 
40.109227 -0.007716 0.005531 0.047032 20.173107 0.313461 0.578299 0.000000 0.000000 0.000000 5.856857 0.252832 0.138060 0.000000 0.000000 0.000000 -0.000468 -0.000367 -0.001074 0.135259 0.015295 -0.009390 0.199039 -0.107662 -9.806389 
40.208353 -0.007193 0.004286 0.049186 20.784850 0.337429 0.594037 0.000000 0.000000 0.000000 5.940173 0.261132 0.163416 0.000000 0.000000 0.000000 -0.000465 -0.000328 -0.001063 0.137929 0.017648 -0.009657 0.201364 -0.106457 -9.806355 
40.308907 -0.006639 0.004846 0.051541 21.404318 0.364384 0.611216 0.000000 0.000000 0.000000 6.011382 0.271888 0.204288 0.000000 0.000000 0.000000 -0.000437 -0.000291 -0.001068 0.135006 0.018902 -0.008437 0.203591 -0.105077 -9.806324 
40.408718 -0.005878 0.006627 0.053704 22.029841 0.392761 0.632854 0.000000 0.000000 0.000000 6.054355 0.280118 0.249727 0.000000 0.000000 0.000000 -0.000460 -0.000273 -0.001050 0.132883 0.019611 -0.007411 0.205614 -0.103755 -9.806296 
40.508211 -0.005874 0.008204 0.056521 22.664728 0.426946 0.655921 0.000000 0.000000 0.000000 6.097283 0.329396 0.239912 0.000000 0.000000 0.000000 -0.000433 -0.000277 -0.001056 0.126018 0.019699 -0.005842 0.204601 -0.101830 -9.806337 
40.608652 -0.005297 0.008078 0.059442 23.299717 0.462021 0.676552 0.000000 0.000000 0.000000 6.133251 0.331036 0.174482 0.000000 0.000000 0.000000 -0.000465 -0.000292 -0.001037 0.123208 0.020595 -0.005269 0.204210 -0.099308 -9.806371 
40.707831 -0.003702 0.006783 0.063768 23.942983 0.496440 0.693405 0.000000 0.000000 0.000000 6.166602 0.327536 0.126287 0.000000 0.000000 0.000000 -0.000451 -0.000321 -0.001016 0.123985 0.023936 -0.006176 0.202578 -0.093773 -9.806460 
40.807651 -0.003211 0.004379 0.069269 24.594760 0.536388 0.709476 0.000000 0.000000 0.000000 6.218227 0.390228 0.137878 0.000000 0.000000 0.000000 -0.000449 -0.000304 -0.001008 0.123150 0.029135 -0.007877 0.197044 -0.083111 -9.806669 
40.908688 -0.002071 0.001831 0.074631 25.243643 0.577880 0.726306 0.000000 0.000000 0.000000 6.293405 0.418510 0.214886 0.000000 0.000000 0.000000 -0.000432 -0.000271 -0.000992 0.122099 0.031451 -0.007607 0.197766 -0.079059 -9.806687 
41.007535 -0.001559 0.002138 0.080582 25.914184 0.627410 0.751718 0.000000 0.000000 0.000000 6.366946 0.479331 0.248786 0.000000 0.000000 0.000000 -0.000420 -0.000199 -0.000975 0.120074 0.039486 -0.008399 0.195182 -0.063062 -9.806855 
41.108757 -0.001069 0.003295 0.087277 26.581439 0.680054 0.777881 0.000000 0.000000 0.000000 6.405700 0.512864 0.254081 0.000000 0.000000 0.000000 -0.000449 -0.000156 -0.000949 0.117814 0.045862 -0.007859 0.196294 -0.051791 -9.806899 
41.208156 -0.000057 0.003879 0.095274 27.249977 0.740838 0.804368 0.000000 0.000000 0.000000 6.413223 0.590185 0.245544 0.000000 0.000000 0.000000 -0.000470 -0.000160 -0.000944 0.114252 0.048778 -0.008399 0.191504 -0.044270 -9.807031 
41.308733 -0.000289 0.003579 0.103962 27.913846 0.806475 0.831168 0.000000 0.000000 0.000000 6.426130 0.635657 0.230438 0.000000 0.000000 0.000000 -0.000463 -0.000185 -0.000900 0.113854 0.048049 -0.009593 0.187148 -0.038826 -9.807138 
41.409237 0.000091 0.001664 0.113970 28.581265 0.876065 0.852708 0.000000 0.000000 0.000000 6.435015 0.695030 0.238634 0.000000 0.000000 0.000000 -0.000426 -0.000139 -0.000870 0.109493 0.058071 -0.007879 0.190161 -0.032302 -9.807103 
41.507965 0.000682 0.000840 0.125143 29.260659 0.951707 0.875053 0.000000 0.000000 0.000000 6.416287 0.781770 0.253700 0.000000 0.000000 0.000000 -0.000402 -0.000077 -0.000841 0.109571 0.075109 -0.005865 0.200499 -0.018445 -9.806933 
41.608958 0.000814 0.001512 0.138479 29.921981 1.032008 0.900457 0.000000 0.000000 0.000000 6.365933 0.850629 0.268996 0.000000 0.000000 0.000000 -0.000427 -0.000078 -0.000781 0.113169 0.080555 -0.005030 0.208340 -0.017598 -9.806771 
41.707806 0.000849 0.002472 0.153927 30.585116 1.125422 0.929203 0.000000 0.000000 0.000000 6.316798 0.951666 0.281618 0.000000 0.000000 0.000000 -0.000380 -0.000073 -0.000778 0.114823 0.083267 -0.004988 0.210725 -0.011507 -9.806730 
41.808925 -0.000815 0.003322 0.170243 31.235401 1.223029 0.956935 0.000000 0.000000 0.000000 6.259874 1.012316 0.263264 0.000000 0.000000 0.000000 -0.000355 -0.000086 -0.000709 0.121086 0.086509 -0.004561 0.219482 -0.010417 -9.806539 
41.908990 0.000127 0.003329 0.185340 31.892412 1.338762 0.980390 0.000000 0.000000 0.000000 6.259160 1.103249 0.247244 0.000000 0.000000 0.000000 -0.000354 -0.000047 -0.000689 0.113883 0.116815 -0.003151 0.224505 0.018276 -9.806413 
42.007743 -0.000522 0.003190 0.202062 32.555811 1.462040 1.002187 0.000000 0.000000 0.000000 6.239715 1.219853 0.236565 0.000000 0.000000 0.000000 -0.000316 -0.000023 -0.000674 0.110994 0.156140 -0.001126 0.239179 0.048449 -9.805964 
42.108904 0.000936 0.004995 0.220252 33.193148 1.596148 1.028787 0.000000 0.000000 0.000000 6.162287 1.343970 0.245205 0.000000 0.000000 0.000000 -0.000358 -0.000027 -0.000617 0.108602 0.145486 -0.001817 0.230757 0.047719 -9.806169 
42.208424 0.002868 0.007291 0.238634 33.828327 1.750670 1.058351 0.000000 0.000000 0.000000 6.104100 1.474970 0.243416 0.000000 0.000000 0.000000 -0.000374 -0.000056 -0.000597 0.098136 0.124712 -0.003330 0.206411 0.063731 -9.806621 
42.308329 0.002741 0.008001 0.257925 34.460434 1.912864 1.084988 0.000000 0.000000 0.000000 6.065528 1.558201 0.219379 0.000000 0.000000 0.000000 -0.000373 -0.000059 -0.000550 0.093864 0.118278 -0.003822 0.197239 0.075690 -9.806725 
42.409013 -0.002477 0.005727 0.279671 35.081101 2.076844 1.100970 0.000000 0.000000 0.000000 6.008729 1.661680 0.222235 0.000000 0.000000 0.000000 -0.000307 -0.000073 -0.000526 0.088545 0.143805 -0.002709 0.205804 0.050339 -9.806712 
42.507794 -0.002787 0.005892 0.300685 35.700124 2.264255 1.123418 0.000000 0.000000 0.000000 5.920047 1.817299 0.214452 0.000000 0.000000 0.000000 -0.000363 -0.000095 -0.000511 0.073500 0.137260 -0.003260 0.186841 0.043144 -9.807125 
42.608851 -0.003392 0.005406 0.321987 36.302330 2.455897 1.147447 0.000000 0.000000 0.000000 5.844550 1.939712 0.227890 0.000000 0.000000 0.000000 -0.000333 -0.000121 -0.000468 0.075522 0.121147 -0.003670 0.184151 0.028610 -9.807230 
42.707899 -0.005421 0.004062 0.344025 36.905018 2.665444 1.170231 0.000000 0.000000 0.000000 5.770047 2.055600 0.216941 0.000000 0.000000 0.000000 -0.000353 -0.000134 -0.000445 0.068072 0.121022 -0.003844 0.176310 0.017146 -9.807400 
42.808961 -0.007155 0.003870 0.365514 37.490855 2.892608 1.194061 0.000000 0.000000 0.000000 5.699561 2.217712 0.228852 0.000000 0.000000 0.000000 -0.000347 -0.000138 -0.000406 0.044356 0.103398 -0.004921 0.144611 -0.001899 -9.807934 
42.908860 -0.008194 0.003990 0.388369 38.077935 3.128033 1.219370 0.000000 0.000000 0.000000 5.627049 2.381746 0.237011 0.000000 0.000000 0.000000 -0.000367 -0.000130 -0.000383 0.048173 0.100923 -0.004851 0.148467 0.015286 -9.807864 
43.007931 -0.011048 0.004664 0.410475 38.665537 3.389241 1.247163 0.000000 0.000000 0.000000 5.585721 2.540015 0.259415 0.000000 0.000000 0.000000 -0.000354 -0.000121 -0.000361 0.034518 0.103084 -0.005081 0.134432 0.041408 -9.807991 
43.108941 -0.017006 0.006037 0.432200 39.239676 3.663320 1.273951 0.000000 0.000000 0.000000 5.538087 2.670497 0.261978 0.000000 0.000000 0.000000 -0.000365 -0.000108 -0.000322 0.018019 0.112500 -0.005343 0.117276 0.050228 -9.808170 
43.208277 -0.024092 0.007507 0.456001 39.803293 3.941038 1.300033 0.000000 0.000000 0.000000 5.426750 2.805288 0.229665 0.000000 0.000000 0.000000 -0.000336 -0.000147 -0.000321 0.029938 0.091922 -0.005511 0.126049 0.018634 -9.808172 
43.307993 -0.032692 0.007392 0.477917 40.353772 4.235891 1.322746 0.000000 0.000000 0.000000 5.344012 2.916206 0.210016 0.000000 0.000000 0.000000 -0.000346 -0.000175 -0.000309 0.027358 0.068012 -0.006165 0.116655 -0.027200 -9.808269 
43.408850 -0.040172 0.007262 0.496485 40.890020 4.542630 1.341644 0.000000 0.000000 0.000000 5.258596 3.033747 0.182122 0.000000 0.000000 0.000000 -0.000313 -0.000165 -0.000303 0.026116 0.051463 -0.006555 0.106320 -0.080505 -9.808093 
43.507689 -0.047938 0.007092 0.514216 41.430362 4.865396 1.355661 0.000000 0.000000 0.000000 5.203138 3.107138 0.149572 0.000000 0.000000 0.000000 -0.000303 -0.000168 -0.000292 0.022180 0.060336 -0.006069 0.094288 -0.109433 -9.807936 
43.608620 -0.051442 0.007192 0.531033 41.964156 5.184966 1.366967 0.000000 0.000000 0.000000 5.152826 3.176662 0.143943 0.000000 0.000000 0.000000 -0.000324 -0.000154 -0.000278 0.053508 0.071374 -0.003926 0.121195 -0.128112 -9.807415 
43.707931 -0.052719 0.007513 0.547638 42.495694 5.512805 1.378998 0.000000 0.000000 0.000000 5.089233 3.262008 0.142963 0.000000 0.000000 0.000000 -0.000283 -0.000146 -0.000261 0.087666 0.071368 -0.002004 0.154930 -0.138430 -9.806799 
43.807293 -0.052519 0.007698 0.567716 43.037049 5.856257 1.391221 0.000000 0.000000 0.000000 5.062189 3.348600 0.121296 0.000000 0.000000 0.000000 -0.000298 -0.000129 -0.000242 0.097631 0.101939 -0.000338 0.168556 -0.101277 -9.807029 
43.908975 -0.051426 0.008287 0.585907 43.559919 6.194800 1.400303 0.000000 0.000000 0.000000 5.018654 3.390494 0.119906 0.000000 0.000000 0.000000 -0.000272 -0.000118 -0.000168 0.139394 0.105538 0.002688 0.214039 -0.093539 -9.806218 
44.007361 -0.048567 0.008745 0.609444 44.098210 6.543727 1.409571 0.000000 0.000000 0.000000 4.971619 3.473526 0.108668 0.000000 0.000000 0.000000 -0.000240 -0.000122 -0.000161 0.176021 0.133951 0.005460 0.259956 -0.044983 -9.805452 
44.108641 -0.046505 0.008891 0.632305 44.614502 6.906857 1.419438 0.000000 0.000000 0.000000 4.899711 3.601529 0.100630 0.000000 0.000000 0.000000 -0.000242 -0.000118 -0.000099 0.183809 0.147642 0.006373 0.270858 -0.024051 -9.805230 
44.208064 -0.045017 0.009053 0.657917 45.132496 7.287369 1.430167 0.000000 0.000000 0.000000 4.845239 3.731570 0.096974 0.000000 0.000000 0.000000 -0.000204 -0.000086 -0.000080 0.183214 0.176597 0.006802 0.274334 0.015320 -9.805151 
44.307883 -0.045841 0.010496 0.684794 45.637925 7.675103 1.442464 0.000000 0.000000 0.000000 4.745600 3.857855 0.098253 0.000000 0.000000 0.000000 -0.000206 -0.000110 -0.000042 0.188334 0.185218 0.005237 0.282033 0.030521 -9.804897 
44.408997 -0.046802 0.011679 0.711156 46.125042 8.074926 1.453671 0.000000 0.000000 0.000000 4.681371 3.945847 0.109261 0.000000 0.000000 0.000000 -0.000168 -0.000107 0.000004 0.186989 0.190654 0.004313 0.281281 0.037939 -9.804893 
44.507804 -0.048056 0.013300 0.739710 46.612848 8.496998 1.466122 0.000000 0.000000 0.000000 4.590318 4.080601 0.098687 0.000000 0.000000 0.000000 -0.000143 -0.000094 0.000034 0.175908 0.207878 0.003427 0.270607 0.056970 -9.805101 
44.608894 -0.049677 0.015293 0.766248 47.071529 8.921834 1.472619 0.000000 0.000000 0.000000 4.464676 4.169710 0.077310 0.000000 0.000000 0.000000 -0.000098 -0.000090 0.000087 0.175600 0.190287 0.004932 0.268842 0.033150 -9.805259 
44.708020 -0.049978 0.017441 0.795408 47.528832 9.363418 1.481203 0.000000 0.000000 0.000000 4.327335 4.323281 0.065842 0.000000 0.000000 0.000000 -0.000083 -0.000096 0.000105 0.170315 0.194262 0.003638 0.262461 0.036428 -9.805420 
44.807611 -0.052479 0.019029 0.824797 47.969166 9.824857 1.487255 0.000000 0.000000 0.000000 4.189594 4.452331 0.041688 0.000000 0.000000 0.000000 -0.000082 -0.000074 0.000134 0.158174 0.192350 0.002385 0.247761 0.029258 -9.805827 
44.908687 -0.055070 0.020894 0.853156 48.384123 10.298619 1.490017 0.000000 0.000000 0.000000 4.045368 4.575022 0.014929 0.000000 0.000000 0.000000 -0.000024 -0.000072 0.000194 0.136873 0.186390 0.001131 0.222433 0.012985 -9.806469 
45.007584 -0.056146 0.022897 0.883739 48.796342 10.790377 1.488630 0.000000 0.000000 0.000000 3.950565 4.684952 0.001774 0.000000 0.000000 0.000000 0.000049 -0.000074 0.000231 0.118772 0.191846 0.001598 0.203240 0.011935 -9.806887 
45.108809 -0.054372 0.026109 0.914339 49.184645 11.281148 1.486017 0.000000 0.000000 0.000000 3.788255 4.810569 -0.023716 0.000000 0.000000 0.000000 0.000071 -0.000048 0.000295 0.113857 0.179301 0.002113 0.197007 -0.008694 -9.807018 
45.208016 -0.052798 0.029196 0.948483 49.569153 11.796435 1.482304 0.000000 0.000000 0.000000 3.586937 4.974718 -0.048407 0.000000 0.000000 0.000000 0.000065 -0.000058 0.000325 0.100469 0.189956 0.001904 0.182580 0.000383 -9.807301 
45.307692 -0.051537 0.030959 0.983265 49.935327 12.329023 1.479973 0.000000 0.000000 0.000000 3.398483 5.137335 -0.051014 0.000000 0.000000 0.000000 0.000113 -0.000057 0.000380 0.090048 0.193608 0.000199 0.170181 0.009187 -9.807519 
45.408784 -0.051344 0.031617 1.019053 50.276434 12.859490 1.479823 0.000000 0.000000 0.000000 3.219515 5.268860 -0.057892 0.000000 0.000000 0.000000 0.000119 -0.000048 0.000451 0.093008 0.170813 -0.002650 0.172617 0.004642 -9.807480 
45.507563 -0.051639 0.033080 1.056700 50.608563 13.419898 1.475830 0.000000 0.000000 0.000000 3.083806 5.398186 -0.070634 0.000000 0.000000 0.000000 0.000156 -0.000057 0.000475 0.086329 0.170515 -0.003417 0.166234 0.012844 -9.807583 
45.608608 -0.051132 0.034793 1.093010 50.914157 13.978320 1.468696 0.000000 0.000000 0.000000 2.888321 5.518163 -0.067632 0.000000 0.000000 0.000000 0.000221 -0.000065 0.000511 0.089543 0.160039 -0.003745 0.169705 0.004277 -9.807531 
45.707885 -0.051146 0.035429 1.128970 51.196788 14.557583 1.455966 0.000000 0.000000 0.000000 2.670070 5.595116 -0.099086 0.000000 0.000000 0.000000 0.000346 -0.000070 0.000526 0.088219 0.172290 -0.003044 0.163812 -0.008044 -9.807629 
45.807481 -0.048094 0.035242 1.166266 51.466315 15.144158 1.446637 0.000000 0.000000 0.000000 2.431452 5.717162 -0.085210 0.000000 0.000000 0.000000 0.000237 -0.000088 0.000568 0.092451 0.169356 -0.003040 0.169085 -0.007458 -9.807540 
45.908710 -0.045092 0.033704 1.201548 51.702005 15.731198 1.438014 0.000000 0.000000 0.000000 2.201700 5.806499 -0.098385 0.000000 0.000000 0.000000 0.000262 -0.000087 0.000634 0.094865 0.148393 -0.003382 0.174358 -0.018884 -9.807432 
46.007481 -0.041843 0.031909 1.238993 51.923632 16.338278 1.431802 0.000000 0.000000 0.000000 1.980592 5.901080 -0.077042 0.000000 0.000000 0.000000 0.000312 -0.000087 0.000644 0.090898 0.118311 -0.003362 0.178657 -0.018073 -9.807356 
46.108824 -0.042346 0.029337 1.274876 52.117891 16.937379 1.423923 0.000000 0.000000 0.000000 1.846922 5.963233 -0.018242 0.000000 0.000000 0.000000 0.000294 -0.000047 0.000748 0.101655 0.107715 -0.003589 0.189714 -0.032538 -9.807111 
46.207826 -0.042745 0.030727 1.313743 52.306203 17.555834 1.421797 0.000000 0.000000 0.000000 1.613865 6.079542 -0.006720 0.000000 0.000000 0.000000 0.000398 -0.000013 0.000708 0.116193 0.119649 -0.003502 0.201955 -0.027162 -9.806883 
46.308403 -0.045066 0.032636 1.348587 52.449967 18.176800 1.417624 0.000000 0.000000 0.000000 1.301098 6.149775 -0.019717 0.000000 0.000000 0.000000 0.000347 0.000010 0.000785 0.125668 0.119417 -0.004105 0.205898 -0.046661 -9.806728 
46.408634 -0.048417 0.032776 1.383958 52.561218 18.823562 1.413934 0.000000 0.000000 0.000000 1.043066 6.227370 -0.045424 0.000000 0.000000 0.000000 0.000417 0.000103 0.000856 0.110156 0.114314 -0.004349 0.189748 -0.056606 -9.807001 
46.507377 -0.053590 0.035238 1.422472 52.668725 19.470847 1.410227 0.000000 0.000000 0.000000 0.804994 6.303883 -0.048399 0.000000 0.000000 0.000000 0.000403 0.000074 0.000855 0.122060 0.117497 -0.004235 0.201572 -0.050334 -9.806799 
46.608504 -0.055270 0.039062 1.458148 52.753036 20.113483 1.406492 0.000000 0.000000 0.000000 0.616387 6.312760 -0.100238 0.000000 0.000000 0.000000 0.000374 0.000031 0.000908 0.127023 0.096465 -0.003736 0.215995 -0.047815 -9.806505 
46.700067 -0.057370 0.040085 1.491728 52.796614 20.714974 1.396493 0.000000 0.000000 0.000000 0.423196 6.393698 -0.082205 0.000000 0.000000 0.000000 0.000458 -0.000007 0.000830 0.106470 0.101819 -0.003457 0.197404 -0.040390 -9.806930 
46.799749 -0.056825 0.039540 1.524788 52.823023 21.386508 1.382247 0.000000 0.000000 0.000000 0.174823 6.429177 -0.182083 0.000000 0.000000 0.000000 0.000531 -0.000119 0.000827 0.083821 0.104160 -0.003080 0.178053 -0.033686 -9.807326 
46.900926 -0.051636 0.034016 1.555289 52.822794 22.033294 1.364171 0.000000 0.000000 0.000000 -0.045074 6.455047 -0.175231 0.000000 0.000000 0.000000 0.000476 -0.000127 0.000858 0.080053 0.089990 -0.003072 0.177075 -0.045312 -9.807297 
47.000082 -0.045839 0.027025 1.588538 52.811849 22.699985 1.342524 0.000000 0.000000 0.000000 -0.210981 6.533824 -0.183420 0.000000 0.000000 0.000000 0.000568 -0.000146 0.000834 0.081424 0.112059 -0.003121 0.170529 -0.039078 -9.807440 
47.101223 -0.040336 0.021820 1.620133 52.786050 23.356142 1.324078 0.000000 0.000000 0.000000 -0.392320 6.602485 -0.153415 0.000000 0.000000 0.000000 0.000545 -0.000108 0.000887 0.095544 0.127052 -0.003129 0.177093 -0.036770 -9.807332 
47.200778 -0.036344 0.020470 1.653467 52.746629 24.025441 1.311556 0.000000 0.000000 0.000000 -0.610786 6.726771 -0.012082 0.000000 0.000000 0.000000 0.000558 -0.000068 0.000869 0.113141 0.147940 -0.002667 0.185026 -0.027166 -9.807217 
47.301031 -0.035063 0.022681 1.685666 52.694902 24.687977 1.313387 0.000000 0.000000 0.000000 -0.827298 6.730223 0.022085 0.000000 0.000000 0.000000 0.000439 0.000009 0.000799 0.135979 0.144733 -0.002207 0.210258 -0.016770 -9.806732 
47.400849 -0.036567 0.024047 1.714342 52.604818 25.342543 1.323544 0.000000 0.000000 0.000000 -1.092339 6.636853 0.072166 0.000000 0.000000 0.000000 0.000306 0.000043 0.000756 0.131903 0.102450 -0.003427 0.231359 -0.026404 -9.806236 
47.500672 -0.039503 0.020089 1.741429 52.492964 25.998373 1.332828 0.000000 0.000000 0.000000 -1.239315 6.592314 0.040733 0.000000 0.000000 0.000000 0.000247 0.000044 0.000714 0.125009 0.069853 -0.004524 0.246159 -0.031864 -9.805859 
47.600691 -0.043155 0.015255 1.765886 52.366763 26.649464 1.335869 0.000000 0.000000 0.000000 -1.310990 6.583750 0.007854 0.000000 0.000000 0.000000 0.000264 0.000131 0.000651 0.145885 0.067413 -0.003938 0.260932 -0.036078 -9.805462 
47.699965 -0.045761 0.015381 1.787889 52.234700 27.304728 1.331818 0.000000 0.000000 0.000000 -1.352378 6.598931 -0.037173 0.000000 0.000000 0.000000 0.000323 0.000184 0.000582 0.184884 0.080218 -0.000998 0.275144 -0.036639 -9.805072 
47.800776 -0.045375 0.020323 1.804676 52.093741 27.948979 1.327050 0.000000 0.000000 0.000000 -1.498823 6.568958 -0.009364 0.000000 0.000000 0.000000 0.000268 0.000288 0.000530 0.233107 0.084398 0.003430 0.296720 -0.038344 -9.804436 
47.900780 -0.046453 0.025959 1.820265 51.923813 28.597089 1.323710 0.000000 0.000000 0.000000 -1.692481 6.513179 -0.026159 0.000000 0.000000 0.000000 0.000279 0.000322 0.000505 0.254783 0.082040 0.005771 0.303904 -0.048442 -9.804171 
48.000908 -0.046267 0.027963 1.838847 51.751074 29.250355 1.323627 0.000000 0.000000 0.000000 -1.834523 6.478265 -0.030410 0.000000 0.000000 0.000000 0.000168 0.000280 0.000463 0.245881 0.076383 0.002852 0.307109 -0.049096 -9.804068 
48.101090 -0.047329 0.026036 1.856742 51.556186 29.905341 1.322020 0.000000 0.000000 0.000000 -1.965544 6.482502 -0.053826 0.000000 0.000000 0.000000 0.000215 0.000265 0.000457 0.231587 0.076801 -0.000398 0.301574 -0.053210 -9.804219 
48.200824 -0.048928 0.023025 1.872294 51.337674 30.554773 1.316613 0.000000 0.000000 0.000000 -2.138723 6.475232 -0.076458 0.000000 0.000000 0.000000 0.000281 0.000281 0.000444 0.223774 0.075065 -0.003370 0.298199 -0.065289 -9.804249 
48.301134 -0.050253 0.019436 1.887263 51.112639 31.205660 1.310382 0.000000 0.000000 0.000000 -2.262624 6.499608 -0.058962 0.000000 0.000000 0.000000 0.000295 0.000312 0.000382 0.219247 0.075633 -0.005283 0.296519 -0.070027 -9.804267 
48.401099 -0.052071 0.018487 1.898146 50.882635 31.857107 1.306263 0.000000 0.000000 0.000000 -2.344138 6.532374 -0.035667 0.000000 0.000000 0.000000 0.000312 0.000330 0.000289 0.222333 0.072858 -0.006038 0.301252 -0.071365 -9.804113 
48.500005 -0.054717 0.018327 1.904195 50.636551 32.513736 1.301819 0.000000 0.000000 0.000000 -2.395773 6.538892 -0.044781 0.000000 0.000000 0.000000 0.000322 0.000352 0.000259 0.227654 0.067685 -0.005329 0.304552 -0.077167 -9.803967 
48.602650 -0.055338 0.020055 1.909795 50.345999 33.287446 1.294075 0.000000 0.000000 0.000000 -2.437472 6.557172 -0.063930 0.000000 0.000000 0.000000 0.000359 0.000367 0.000221 0.233534 0.060278 -0.002863 0.307213 -0.080526 -9.803857 
48.700351 -0.055248 0.021183 1.909646 50.115540 33.865657 1.286358 0.000000 0.000000 0.000000 -2.482124 6.520986 -0.083153 0.000000 0.000000 0.000000 0.000339 0.000404 0.000183 0.247085 0.045731 -0.001072 0.318634 -0.089853 -9.803412 
48.800968 -0.056903 0.020789 1.911499 49.855398 34.516979 1.278707 0.000000 0.000000 0.000000 -2.546083 6.526616 -0.098065 0.000000 0.000000 0.000000 0.000350 0.000395 0.000177 0.248095 0.049765 -0.003783 0.319158 -0.096070 -9.803336 
48.900936 -0.059199 0.019847 1.917905 49.590855 35.193177 1.271173 0.000000 0.000000 0.000000 -2.611838 6.589003 -0.090970 0.000000 0.000000 0.000000 0.000378 0.000369 0.000166 0.235717 0.068962 -0.007546 0.306143 -0.093859 -9.803772 
48.999770 -0.060423 0.020296 1.922298 49.327267 35.882960 1.262864 0.000000 0.000000 0.000000 -2.639137 6.658540 -0.088538 0.000000 0.000000 0.000000 0.000385 0.000345 0.000130 0.227497 0.079981 -0.008982 0.298850 -0.087267 -9.804058 
49.100948 -0.062222 0.019858 1.923409 49.056611 36.561497 1.255128 0.000000 0.000000 0.000000 -2.664587 6.703146 -0.089992 0.000000 0.000000 0.000000 0.000375 0.000327 0.000114 0.223095 0.090276 -0.011179 0.293230 -0.086906 -9.804231 
49.200628 -0.063827 0.019396 1.925927 48.783299 37.261514 1.246319 0.000000 0.000000 0.000000 -2.690625 6.787091 -0.100928 0.000000 0.000000 0.000000 0.000397 0.000303 0.000113 0.212559 0.104643 -0.012694 0.281288 -0.082178 -9.804622 
49.301319 -0.064848 0.018804 1.926762 48.511486 37.959055 1.237902 0.000000 0.000000 0.000000 -2.689159 6.866020 -0.111494 0.000000 0.000000 0.000000 0.000420 0.000288 0.000120 0.206092 0.120125 -0.015476 0.273013 -0.078877 -9.804883 
49.401049 -0.065230 0.018507 1.928472 48.231685 38.668191 1.226364 0.000000 0.000000 0.000000 -2.733916 6.951743 -0.110283 0.000000 0.000000 0.000000 0.000460 0.000274 0.000142 0.196824 0.127816 -0.015198 0.261468 -0.077538 -9.805208 
49.501378 -0.065631 0.018603 1.929889 47.952538 39.382866 1.216508 0.000000 0.000000 0.000000 -2.765527 7.035988 -0.105950 0.000000 0.000000 0.000000 0.000477 0.000256 0.000136 0.190580 0.140015 -0.016832 0.253127 -0.074691 -9.805449 
49.600931 -0.067258 0.018197 1.932355 47.668108 40.116440 1.208570 0.000000 0.000000 0.000000 -2.794376 7.145033 -0.098149 0.000000 0.000000 0.000000 0.000476 0.000236 0.000142 0.182598 0.159651 -0.019854 0.241921 -0.070068 -9.805766 
49.700631 -0.068217 0.019000 1.936888 47.387698 40.874692 1.199818 0.000000 0.000000 0.000000 -2.800839 7.274098 -0.091990 0.000000 0.000000 0.000000 0.000486 0.000197 0.000141 0.170500 0.177157 -0.021315 0.229007 -0.059909 -9.806143 
49.802309 -0.068693 0.019345 1.938245 47.056805 41.765217 1.189451 0.000000 0.000000 0.000000 -2.812027 7.375045 -0.097524 0.000000 0.000000 0.000000 0.000467 0.000167 0.000132 0.165908 0.186991 -0.022554 0.224248 -0.053524 -9.806290 
49.900650 -0.068037 0.019694 1.937078 46.795591 42.437569 1.179713 0.000000 0.000000 0.000000 -2.828358 7.427458 -0.106988 0.000000 0.000000 0.000000 0.000453 0.000178 0.000141 0.165152 0.184801 -0.021918 0.223182 -0.055565 -9.806303 
49.999788 -0.067670 0.019741 1.935563 46.500528 43.191453 1.168123 0.000000 0.000000 0.000000 -2.866988 7.479992 -0.114606 0.000000 0.000000 0.000000 0.000481 0.000181 0.000143 0.164935 0.181564 -0.021224 0.222576 -0.058855 -9.806298 
50.100396 -0.068899 0.018661 1.934851 46.209163 43.948645 1.158766 0.000000 0.000000 0.000000 -2.863079 7.544004 -0.102667 0.000000 0.000000 0.000000 0.000448 0.000162 0.000121 0.167057 0.186187 -0.022754 0.223227 -0.059627 -9.806278 
50.199820 -0.068694 0.019298 1.935279 45.913651 44.727241 1.146648 0.000000 0.000000 0.000000 -2.886443 7.626376 -0.090465 0.000000 0.000000 0.000000 0.000495 0.000168 0.000114 0.162860 0.181892 -0.020916 0.220217 -0.059560 -9.806347 
50.300624 -0.069017 0.019985 1.935592 45.617627 45.504200 1.135525 0.000000 0.000000 0.000000 -2.911361 7.698234 -0.098401 0.000000 0.000000 0.000000 0.000463 0.000162 0.000099 0.159796 0.178483 -0.019507 0.217964 -0.059943 -9.806395 
50.400723 -0.069972 0.020141 1.934877 45.319375 46.285363 1.126361 0.000000 0.000000 0.000000 -2.942149 7.747344 -0.100397 0.000000 0.000000 0.000000 0.000464 0.000153 0.000099 0.158769 0.179854 -0.019707 0.216436 -0.060643 -9.806424 
50.500040 -0.070813 0.017879 1.934530 45.017596 47.078946 1.116958 0.000000 0.000000 0.000000 -2.966618 7.811333 -0.105545 0.000000 0.000000 0.000000 0.000444 0.000148 0.000104 0.158190 0.185142 -0.020941 0.214751 -0.060088 -9.806465 
50.601235 -0.070746 0.015933 1.935256 44.719137 47.871093 1.104505 0.000000 0.000000 0.000000 -2.962291 7.887824 -0.108916 0.000000 0.000000 0.000000 0.000446 0.000152 0.000089 0.155639 0.182344 -0.019589 0.213086 -0.059692 -9.806504 
50.701066 -0.070824 0.015854 1.933865 44.417825 48.659045 1.091926 0.000000 0.000000 0.000000 -2.968842 7.949972 -0.100918 0.000000 0.000000 0.000000 0.000456 0.000135 0.000087 0.156196 0.174843 -0.017903 0.214618 -0.062971 -9.806450 
50.801326 -0.070197 0.016864 1.936020 44.119156 49.472764 1.077926 0.000000 0.000000 0.000000 -2.981620 8.053690 -0.087512 0.000000 0.000000 0.000000 0.000461 0.000168 0.000053 0.151151 0.168692 -0.014543 0.211650 -0.060910 -9.806527 
50.901295 -0.070643 0.018974 1.935783 43.813356 50.287676 1.066082 0.000000 0.000000 0.000000 -3.020657 8.100617 -0.091114 0.000000 0.000000 0.000000 0.000457 0.000170 0.000069 0.147929 0.163830 -0.012151 0.209243 -0.061692 -9.806574 
51.000005 -0.071962 0.019036 1.936659 43.499384 51.119454 1.056390 0.000000 0.000000 0.000000 -3.052526 8.156081 -0.103978 0.000000 0.000000 0.000000 0.000451 0.000115 0.000046 0.145527 0.166496 -0.012458 0.206337 -0.061643 -9.806636 
51.101009 -0.070182 0.017629 1.936393 43.188660 51.944024 1.041546 0.000000 0.000000 0.000000 -3.051839 8.216673 -0.140280 0.000000 0.000000 0.000000 0.000458 0.000110 0.000058 0.143726 0.162446 -0.010519 0.205225 -0.062686 -9.806653 
51.199915 -0.067598 0.015925 1.937155 42.873913 52.786379 1.025491 0.000000 0.000000 0.000000 -3.083211 8.288954 -0.136431 0.000000 0.000000 0.000000 0.000469 0.000110 0.000045 0.141600 0.161376 -0.009428 0.203494 -0.062604 -9.806689 
51.301022 -0.066132 0.016122 1.936319 42.564357 53.617208 1.012487 0.000000 0.000000 0.000000 -3.091221 8.368286 -0.080801 0.000000 0.000000 0.000000 0.000474 0.000128 0.000021 0.142833 0.155912 -0.007562 0.205492 -0.064160 -9.806637 
51.401018 -0.065561 0.018617 1.934477 42.248668 54.454456 1.002445 0.000000 0.000000 0.000000 -3.122155 8.410535 -0.079936 0.000000 0.000000 0.000000 0.000459 0.000131 0.000034 0.143425 0.151089 -0.005645 0.206212 -0.066687 -9.806605 
51.499934 -0.066683 0.019105 1.933659 41.925453 55.302135 0.995608 0.000000 0.000000 0.000000 -3.157196 8.438144 -0.084131 0.000000 0.000000 0.000000 0.000451 0.000128 0.000006 0.144925 0.149670 -0.005953 0.207081 -0.069564 -9.806567 
51.601173 -0.066308 0.018891 1.932385 41.605193 56.142526 0.985747 0.000000 0.000000 0.000000 -3.185884 8.467603 -0.105369 0.000000 0.000000 0.000000 0.000438 0.000132 0.000004 0.146450 0.146900 -0.005289 0.208338 -0.071965 -9.806523 
51.701768 -0.066547 0.018476 1.931730 41.224369 57.167106 0.971445 0.000000 0.000000 0.000000 -3.168974 8.555964 -0.117261 0.000000 0.000000 0.000000 0.000436 0.000113 0.000022 0.145423 0.147062 -0.004571 0.207573 -0.070946 -9.806547 
51.801518 -0.065292 0.018957 1.929791 40.943016 57.910313 0.959660 0.000000 0.000000 0.000000 -3.169014 8.546629 -0.106871 0.000000 0.000000 0.000000 0.000426 0.000131 -0.000039 0.152621 0.139137 -0.002471 0.213929 -0.075584 -9.806376 
51.901027 -0.064327 0.019455 1.928647 40.622793 58.769506 0.948547 0.000000 0.000000 0.000000 -3.186531 8.607911 -0.103219 0.000000 0.000000 0.000000 0.000404 0.000140 -0.000031 0.152964 0.138310 -0.001995 0.214124 -0.076222 -9.806366 
51.999847 -0.064615 0.019642 1.928042 40.297350 59.648432 0.936110 0.000000 0.000000 0.000000 -3.193863 8.667687 -0.111708 0.000000 0.000000 0.000000 0.000409 0.000128 -0.000027 0.152687 0.137623 -0.000651 0.213860 -0.076063 -9.806373 
52.101869 -0.065530 0.019928 1.927278 39.909895 60.681979 0.924741 0.000000 0.000000 0.000000 -3.249028 8.702235 -0.089731 0.000000 0.000000 0.000000 0.000388 0.000124 -0.000040 0.153733 0.136719 -0.001162 0.214486 -0.077675 -9.806347 
52.200793 -0.065725 0.019273 1.923985 39.623432 61.445901 0.915256 0.000000 0.000000 0.000000 -3.217531 8.696713 -0.099451 0.000000 0.000000 0.000000 0.000378 0.000162 -0.000038 0.161169 0.131633 0.000212 0.220393 -0.080774 -9.806191 
52.301900 -0.066420 0.019737 1.922533 39.239774 62.478528 0.901939 0.000000 0.000000 0.000000 -3.215044 8.751523 -0.126815 0.000000 0.000000 0.000000 0.000355 0.000162 -0.000054 0.164155 0.129633 0.000963 0.222575 -0.082200 -9.806130 
52.401987 -0.066620 0.019566 1.921222 38.892569 63.419605 0.888295 0.000000 0.000000 0.000000 -3.218288 8.772778 -0.134551 0.000000 0.000000 0.000000 0.000350 0.000196 -0.000102 0.169554 0.126610 0.001799 0.226545 -0.084218 -9.806022 
52.500206 -0.066485 0.020383 1.918557 38.607566 64.199248 0.875587 0.000000 0.000000 0.000000 -3.190466 8.775323 -0.135659 0.000000 0.000000 0.000000 0.000319 0.000219 -0.000102 0.175975 0.123414 0.003100 0.231090 -0.086328 -9.805898 
52.603405 -0.067490 0.021590 1.915986 38.231168 65.221628 0.861420 0.000000 0.000000 0.000000 -3.214179 8.787875 -0.139294 0.000000 0.000000 0.000000 0.000316 0.000226 -0.000095 0.180258 0.121051 0.002141 0.233848 -0.088766 -9.805810 
52.701410 -0.068582 0.020658 1.914415 37.942865 65.991805 0.851654 0.000000 0.000000 0.000000 -3.229693 8.770493 -0.146252 0.000000 0.000000 0.000000 0.000311 0.000232 -0.000137 0.185376 0.118165 0.000286 0.237129 -0.091738 -9.805704 
52.802705 -0.069277 0.020728 1.913186 37.550880 67.034180 0.834794 0.000000 0.000000 0.000000 -3.238014 8.818456 -0.157964 0.000000 0.000000 0.000000 0.000289 0.000225 -0.000153 0.185037 0.117218 -0.000594 0.236269 -0.093697 -9.805706 
52.902840 -0.070199 0.019321 1.911356 37.202250 67.987094 0.819473 0.000000 0.000000 0.000000 -3.249589 8.840430 -0.151948 0.000000 0.000000 0.000000 0.000299 0.000220 -0.000162 0.187352 0.116374 -0.002076 0.237884 -0.094136 -9.805663 
53.001281 -0.070221 0.018325 1.909190 36.914039 68.772302 0.807886 0.000000 0.000000 0.000000 -3.242324 8.840757 -0.153840 0.000000 0.000000 0.000000 0.000263 0.000206 -0.000171 0.191525 0.114679 -0.003597 0.240472 -0.095512 -9.805587 
53.102893 -0.070214 0.016794 1.907572 36.526479 69.827690 0.790819 0.000000 0.000000 0.000000 -3.252454 8.917259 -0.152468 0.000000 0.000000 0.000000 0.000231 0.000192 -0.000195 0.190867 0.114771 -0.004965 0.239744 -0.095573 -9.805604 
53.201262 -0.071329 0.015126 1.904515 36.231401 70.631678 0.780026 0.000000 0.000000 0.000000 -3.257719 8.963396 -0.139728 0.000000 0.000000 0.000000 0.000223 0.000186 -0.000201 0.192061 0.114211 -0.006844 0.240049 -0.096239 -9.805590 
53.301721 -0.073187 0.014241 1.901094 35.839204 71.717655 0.767066 0.000000 0.000000 0.000000 -3.243067 9.066712 -0.117189 0.000000 0.000000 0.000000 0.000193 0.000201 -0.000249 0.191008 0.114842 -0.008484 0.239060 -0.095603 -9.805620 
53.403521 -0.075213 0.013537 1.895900 35.494417 72.691486 0.753000 0.000000 0.000000 0.000000 -3.178294 9.117528 -0.126559 0.000000 0.000000 0.000000 0.000243 0.000194 -0.000251 0.192548 0.113997 -0.007592 0.240225 -0.096438 -9.805584 
53.501574 -0.074302 0.015194 1.891597 35.150151 73.692575 0.734173 0.000000 0.000000 0.000000 -3.126687 9.153605 -0.154222 0.000000 0.000000 0.000000 0.000234 0.000191 -0.000278 0.191758 0.113072 -0.004553 0.240817 -0.096560 -9.805568 
53.603415 -0.073383 0.015705 1.884582 34.816439 74.657226 0.715139 0.000000 0.000000 0.000000 -3.105587 9.142321 -0.167048 0.000000 0.000000 0.000000 0.000244 0.000189 -0.000315 0.196550 0.109889 -0.002335 0.244464 -0.099524 -9.805448 
53.702920 -0.073845 0.015363 1.877948 34.480779 75.634920 0.698789 0.000000 0.000000 0.000000 -3.054856 9.170518 -0.161600 0.000000 0.000000 0.000000 0.000190 0.000163 -0.000340 0.201593 0.108732 -0.003355 0.246615 -0.101895 -9.805370 
53.802348 -0.072917 0.015751 1.871364 34.152623 76.627786 0.682015 0.000000 0.000000 0.000000 -2.986014 9.204116 -0.179276 0.000000 0.000000 0.000000 0.000196 0.000142 -0.000363 0.204420 0.108099 -0.003635 0.248145 -0.102958 -9.805320 
53.903442 -0.072222 0.014517 1.864020 33.830929 77.603723 0.663651 0.000000 0.000000 0.000000 -2.929559 9.201018 -0.163074 0.000000 0.000000 0.000000 0.000190 0.000101 -0.000392 0.208710 0.105743 -0.003180 0.250441 -0.105819 -9.805231 
54.001420 -0.069757 0.014743 1.860103 33.567057 78.441459 0.647662 0.000000 0.000000 0.000000 -2.893163 9.259946 -0.166198 0.000000 0.000000 0.000000 0.000156 0.000100 -0.000403 0.206310 0.105622 -0.002486 0.249489 -0.105094 -9.805263 
54.102995 -0.069174 0.014088 1.857638 33.220518 79.574361 0.633455 0.000000 0.000000 0.000000 -2.882892 9.389180 -0.138621 0.000000 0.000000 0.000000 0.000187 0.000104 -0.000431 0.202883 0.111224 -0.005261 0.245543 -0.101704 -9.805399 
54.202148 -0.067523 0.013156 1.853466 32.901151 80.617663 0.621846 0.000000 0.000000 0.000000 -2.874078 9.482567 -0.102190 0.000000 0.000000 0.000000 0.000127 0.000129 -0.000445 0.202406 0.113805 -0.006820 0.243758 -0.100807 -9.805453 
54.303236 -0.067706 0.012904 1.848107 32.587304 81.646431 0.611325 0.000000 0.000000 0.000000 -2.831838 9.557641 -0.087938 0.000000 0.000000 0.000000 0.000206 0.000130 -0.000482 0.202229 0.113034 -0.006678 0.243223 -0.101781 -9.805456 
54.402467 -0.068727 0.013063 1.842833 32.277501 82.693490 0.603688 0.000000 0.000000 0.000000 -2.834764 9.600888 -0.069655 0.000000 0.000000 0.000000 0.000139 0.000135 -0.000493 0.203101 0.114529 -0.007716 0.242886 -0.101575 -9.805466 
54.503146 -0.070868 0.011408 1.837511 31.962753 83.732868 0.598520 0.000000 0.000000 0.000000 -2.779045 9.633762 -0.090335 0.000000 0.000000 0.000000 0.000113 0.000128 -0.000512 0.205893 0.116244 -0.009766 0.242291 -0.102979 -9.805466 
54.603121 -0.071459 0.009834 1.832682 31.663059 84.773978 0.589979 0.000000 0.000000 0.000000 -2.732114 9.665698 -0.094603 0.000000 0.000000 0.000000 0.000104 0.000105 -0.000527 0.208197 0.117439 -0.010942 0.242591 -0.103499 -9.805454 
54.701446 -0.071547 0.009349 1.829459 31.417021 85.650677 0.582566 0.000000 0.000000 0.000000 -2.712254 9.717467 -0.092134 0.000000 0.000000 0.000000 0.000089 0.000082 -0.000545 0.208419 0.118908 -0.011748 0.242165 -0.102987 -9.805469 
54.803251 -0.071736 0.008196 1.827151 31.096912 86.825389 0.575928 0.000000 0.000000 0.000000 -2.676922 9.821467 -0.068616 0.000000 0.000000 0.000000 0.000073 0.000101 -0.000572 0.207535 0.123838 -0.014108 0.240293 -0.100667 -9.805540 
54.903047 -0.072725 0.005462 1.823607 30.799819 87.905008 0.568690 0.000000 0.000000 0.000000 -2.651048 9.893945 -0.049223 0.000000 0.000000 0.000000 0.000070 0.000102 -0.000559 0.204718 0.124231 -0.014092 0.238556 -0.099981 -9.805589 
55.001450 -0.071481 0.004970 1.821019 30.564134 88.804942 0.562512 0.000000 0.000000 0.000000 -2.612782 9.948612 -0.040710 0.000000 0.000000 0.000000 0.000025 0.000110 -0.000570 0.201838 0.123595 -0.012927 0.238132 -0.098943 -9.805610 
55.103483 -0.070116 0.003863 1.819939 30.253991 90.007012 0.553801 0.000000 0.000000 0.000000 -2.549541 10.050487 -0.032602 0.000000 0.000000 0.000000 0.000060 0.000118 -0.000607 0.194042 0.122245 -0.010451 0.235774 -0.096712 -9.805689 
55.201340 -0.067189 0.004247 1.819407 30.019591 90.937388 0.548224 0.000000 0.000000 0.000000 -2.513658 10.122963 -0.032992 0.000000 0.000000 0.000000 0.000075 0.000111 -0.000601 0.187775 0.121693 -0.008832 0.233463 -0.094796 -9.805763 
55.301974 -0.059999 0.004068 1.819354 29.708836 92.179125 0.542640 0.000000 0.000000 0.000000 -2.530655 10.226192 -0.004517 0.000000 0.000000 0.000000 0.000100 0.000113 -0.000617 0.180506 0.121297 -0.006976 0.230358 -0.092497 -9.805858 
55.403130 -0.054028 0.003083 1.816436 29.426753 93.296971 0.541228 0.000000 0.000000 0.000000 -2.557295 10.279401 0.048497 0.000000 0.000000 0.000000 0.000093 0.000087 -0.000596 0.176065 0.118730 -0.004521 0.229156 -0.092355 -9.805888 
55.501424 -0.049314 0.001561 1.814603 29.195591 94.227659 0.545891 0.000000 0.000000 0.000000 -2.552526 10.334091 0.103807 0.000000 0.000000 0.000000 0.000089 0.000102 -0.000605 0.174133 0.117861 -0.003383 0.228752 -0.092072 -9.805900 
55.604570 -0.046461 0.000469 1.813004 28.896260 95.450786 0.559092 0.000000 0.000000 0.000000 -2.555371 10.407886 0.165691 0.000000 0.000000 0.000000 0.000083 0.000117 -0.000622 0.171073 0.117355 -0.001549 0.227899 -0.090960 -9.805930 
55.702631 -0.045091 0.000740 1.811028 28.616586 96.592379 0.576333 0.000000 0.000000 0.000000 -2.555538 10.463465 0.198276 0.000000 0.000000 0.000000 0.000058 0.000158 -0.000641 0.168830 0.116542 0.000512 0.227369 -0.090506 -9.805947 
55.801409 -0.045749 0.000740 1.808475 28.385056 97.530439 0.590553 0.000000 0.000000 0.000000 -2.537168 10.476566 0.197418 0.000000 0.000000 0.000000 0.000071 0.000158 -0.000645 0.167450 0.115054 0.003178 0.227415 -0.090876 -9.805942 
55.903060 -0.047560 0.002098 1.806622 28.082976 98.791339 0.611585 0.000000 0.000000 0.000000 -2.524724 10.535030 0.187215 0.000000 0.000000 0.000000 0.000068 0.000170 -0.000659 0.165008 0.116140 0.004022 0.226140 -0.089474 -9.805985 
56.001425 -0.049115 0.003883 1.804474 27.858553 99.740529 0.626062 0.000000 0.000000 0.000000 -2.481164 10.534988 0.181045 0.000000 0.000000 0.000000 0.000069 0.000195 -0.000671 0.164484 0.116240 0.005592 0.226157 -0.089142 -9.805987 
56.102923 -0.052813 0.007199 1.802651 27.563575 101.009920 0.643890 0.000000 0.000000 0.000000 -2.468696 10.542717 0.149548 0.000000 0.000000 0.000000 0.000064 0.000228 -0.000694 0.160193 0.117833 0.006596 0.224710 -0.087346 -9.806037 
56.203547 -0.058249 0.008081 1.799121 27.296257 102.143707 0.657671 0.000000 0.000000 0.000000 -2.457853 10.494263 0.086458 0.000000 0.000000 0.000000 0.000046 0.000221 -0.000687 0.160505 0.117460 0.006110 0.224619 -0.087646 -9.806036 
56.304359 -0.062220 0.010341 1.794771 27.034313 103.255148 0.666069 0.000000 0.000000 0.000000 -2.407799 10.446316 0.041089 0.000000 0.000000 0.000000 -0.000020 0.000199 -0.000689 0.163812 0.116383 0.005484 0.225194 -0.088761 -9.806013 
56.404490 -0.066815 0.010424 1.790652 26.782405 104.356198 0.669362 0.000000 0.000000 0.000000 -2.340280 10.377557 -0.001602 0.000000 0.000000 0.000000 0.000007 0.000184 -0.000709 0.168183 0.115797 0.005279 0.226154 -0.089740 -9.805982 
56.502929 -0.070714 0.011237 1.786200 26.525893 105.475384 0.668879 0.000000 0.000000 0.000000 -2.290646 10.321480 -0.060852 0.000000 0.000000 0.000000 -0.000015 0.000134 -0.000720 0.170983 0.114571 0.003905 0.226043 -0.090636 -9.805976 
56.604770 -0.071600 0.011065 1.780777 26.281288 106.556983 0.665194 0.000000 0.000000 0.000000 -2.241722 10.239266 -0.083490 0.000000 0.000000 0.000000 -0.000056 0.000077 -0.000725 0.180893 0.113032 0.001686 0.226900 -0.092634 -9.805938 
56.703028 -0.071731 0.008356 1.776325 26.036989 107.668496 0.658699 0.000000 0.000000 0.000000 -2.191826 10.236781 -0.081831 0.000000 0.000000 0.000000 -0.000063 0.000040 -0.000741 0.185751 0.112895 -0.000541 0.226718 -0.092984 -9.805939 
56.804548 -0.070033 0.006173 1.770002 25.808507 108.745918 0.653314 0.000000 0.000000 0.000000 -2.117330 10.211079 -0.057410 0.000000 0.000000 0.000000 -0.000092 -0.000007 -0.000771 0.194495 0.112876 -0.001825 0.227851 -0.094244 -9.805900 
56.904684 -0.068360 0.005214 1.762607 25.584721 109.821683 0.650033 0.000000 0.000000 0.000000 -2.031920 10.219555 0.015591 0.000000 0.000000 0.000000 -0.000134 -0.000027 -0.000821 0.198107 0.111986 -0.001671 0.228590 -0.095596 -9.805870 
57.002788 -0.069787 0.005921 1.755344 25.362368 110.936779 0.651946 0.000000 0.000000 0.000000 -1.953493 10.269258 0.036772 0.000000 0.000000 0.000000 -0.000156 -0.000016 -0.000853 0.196455 0.111583 -0.001481 0.228182 -0.095548 -9.805880 
57.104567 -0.069438 0.008152 1.747640 25.155612 112.035971 0.652259 0.000000 0.000000 0.000000 -1.844026 10.289193 -0.001392 0.000000 0.000000 0.000000 -0.000176 -0.000007 -0.000862 0.191273 0.110417 0.000002 0.227855 -0.095487 -9.805888 
57.202788 -0.067799 0.011531 1.741508 24.964233 113.156149 0.650807 0.000000 0.000000 0.000000 -1.744527 10.288671 -0.030141 0.000000 0.000000 0.000000 -0.000203 0.000007 -0.000894 0.189425 0.110594 0.000436 0.228007 -0.095011 -9.805889 
57.304736 -0.067169 0.012544 1.735692 24.776546 114.258232 0.645715 0.000000 0.000000 0.000000 -1.710877 10.297754 -0.044175 0.000000 0.000000 0.000000 -0.000212 -0.000005 -0.000907 0.187648 0.110008 0.000659 0.227566 -0.094896 -9.805901 
57.404767 -0.066976 0.011464 1.731160 24.587730 115.369493 0.641122 0.000000 0.000000 0.000000 -1.665325 10.340876 -0.055694 0.000000 0.000000 0.000000 -0.000249 0.000019 -0.000921 0.186075 0.109616 0.000101 0.226483 -0.094519 -9.805929 
57.503526 -0.065255 0.010390 1.726347 24.399781 116.504023 0.635557 0.000000 0.000000 0.000000 -1.642699 10.372536 -0.036999 0.000000 0.000000 0.000000 -0.000273 0.000084 -0.000920 0.180554 0.108230 0.000532 0.225247 -0.093726 -9.805966 
57.604837 -0.065255 0.009085 1.721120 24.225183 117.613002 0.635008 0.000000 0.000000 0.000000 -1.574911 10.408939 0.009033 0.000000 0.000000 0.000000 -0.000311 0.000087 -0.000930 0.181796 0.108785 -0.000155 0.225029 -0.093697 -9.805971 
57.703290 -0.065150 0.009035 1.717084 24.050958 118.754104 0.636847 0.000000 0.000000 0.000000 -1.525462 10.466355 0.017529 0.000000 0.000000 0.000000 -0.000315 0.000146 -0.000950 0.179351 0.108629 -0.000434 0.224198 -0.093006 -9.805996 
57.804865 -0.065567 0.007740 1.712179 23.887452 119.864794 0.637312 0.000000 0.000000 0.000000 -1.475031 10.471424 0.009939 0.000000 0.000000 0.000000 -0.000333 0.000155 -0.000965 0.177603 0.106785 0.000559 0.224092 -0.093425 -9.805995 
57.904715 -0.065865 0.009440 1.707212 23.728287 120.984270 0.638571 0.000000 0.000000 0.000000 -1.438787 10.493215 0.002813 0.000000 0.000000 0.000000 -0.000380 0.000130 -0.000967 0.177154 0.106374 0.000511 0.223816 -0.093450 -9.806001 
58.002795 -0.067767 0.008002 1.704346 23.571362 122.146609 0.639206 0.000000 0.000000 0.000000 -1.378123 10.548340 -0.017367 0.000000 0.000000 0.000000 -0.000371 0.000197 -0.000969 0.173919 0.107165 -0.000062 0.223101 -0.092195 -9.806029 
58.104343 -0.065837 0.008122 1.699939 23.425821 123.267508 0.638918 0.000000 0.000000 0.000000 -1.299324 10.555654 -0.017030 0.000000 0.000000 0.000000 -0.000440 0.000190 -0.000982 0.176297 0.107677 -0.000711 0.223275 -0.092677 -9.806021 
58.202765 -0.064929 0.008034 1.697269 23.281482 124.431683 0.633579 0.000000 0.000000 0.000000 -1.259097 10.603256 -0.025879 0.000000 0.000000 0.000000 -0.000411 0.000231 -0.000991 0.171062 0.106053 0.000636 0.222638 -0.091736 -9.806044 
58.304624 -0.063778 0.007510 1.693120 23.140629 125.556312 0.632416 0.000000 0.000000 0.000000 -1.245004 10.602478 -0.007709 0.000000 0.000000 0.000000 -0.000455 0.000204 -0.000992 0.172786 0.105069 0.000332 0.222448 -0.092468 -9.806041 
58.404555 -0.062952 0.008732 1.689852 23.002350 126.697526 0.632887 0.000000 0.000000 0.000000 -1.225270 10.639775 0.027455 0.000000 0.000000 0.000000 -0.000494 0.000221 -0.000997 0.171477 0.104386 0.000108 0.221957 -0.092286 -9.806054 
58.503684 -0.063515 0.009683 1.687086 22.867897 127.852582 0.638985 0.000000 0.000000 0.000000 -1.215988 10.677566 0.025738 0.000000 0.000000 0.000000 -0.000518 0.000260 -0.001013 0.170701 0.105287 -0.001817 0.221580 -0.091968 -9.806066 
58.604859 -0.064505 0.010443 1.683336 22.734829 128.996966 0.642031 0.000000 0.000000 0.000000 -1.188096 10.687492 0.021977 0.000000 0.000000 0.000000 -0.000560 0.000271 -0.001000 0.169500 0.104888 -0.002156 0.221203 -0.091771 -9.806076 
58.704393 -0.064941 0.011088 1.680260 22.604013 130.156595 0.645231 0.000000 0.000000 0.000000 -1.161383 10.728626 0.007919 0.000000 0.000000 0.000000 -0.000582 0.000317 -0.001000 0.166288 0.105084 -0.003669 0.220591 -0.091031 -9.806097 
58.805367 -0.065307 0.011214 1.677044 22.486214 131.299616 0.641865 0.000000 0.000000 0.000000 -1.114352 10.740967 -0.011057 0.000000 0.000000 0.000000 -0.000560 0.000320 -0.001004 0.165488 0.105087 -0.001805 0.220660 -0.090682 -9.806098 
58.905356 -0.063810 0.012389 1.674236 22.365463 132.453360 0.643095 0.000000 0.000000 0.000000 -1.090924 10.768419 0.013947 0.000000 0.000000 0.000000 -0.000600 0.000390 -0.001018 0.162190 0.105005 -0.002805 0.220147 -0.089971 -9.806117 
59.003623 -0.065229 0.011527 1.672158 22.251472 133.633984 0.643247 0.000000 0.000000 0.000000 -1.046111 10.780692 0.023399 0.000000 0.000000 0.000000 -0.000552 0.000472 -0.001030 0.158029 0.105746 -0.002189 0.219819 -0.088771 -9.806135 
59.105225 -0.064715 0.011594 1.668145 22.141318 134.781341 0.645126 0.000000 0.000000 0.000000 -1.026587 10.757919 0.019602 0.000000 0.000000 0.000000 -0.000553 0.000494 -0.001025 0.157261 0.105844 -0.001910 0.219748 -0.088553 -9.806138 
59.204031 -0.064393 0.011944 1.665040 22.032933 135.948930 0.646852 0.000000 0.000000 0.000000 -0.978357 10.753113 0.022807 0.000000 0.000000 0.000000 -0.000578 0.000545 -0.001036 0.154524 0.105868 -0.001746 0.219399 -0.087888 -9.806152 
59.303189 -0.063406 0.012637 1.661404 21.927879 137.119398 0.649744 0.000000 0.000000 0.000000 -0.937090 10.748034 0.026613 0.000000 0.000000 0.000000 -0.000598 0.000573 -0.001047 0.152674 0.105755 -0.001867 0.219131 -0.087461 -9.806162 
59.404758 -0.063324 0.011972 1.657334 21.829624 138.261845 0.652213 0.000000 0.000000 0.000000 -0.899527 10.718275 0.022736 0.000000 0.000000 0.000000 -0.000567 0.000545 -0.001067 0.153049 0.105586 -0.001686 0.219120 -0.087615 -9.806161 
59.502644 -0.062957 0.011783 1.653779 21.735483 139.424581 0.654512 0.000000 0.000000 0.000000 -0.849833 10.697154 0.035392 0.000000 0.000000 0.000000 -0.000594 0.000537 -0.001101 0.152860 0.105584 -0.001185 0.219101 -0.087645 -9.806161 
59.604233 -0.063202 0.012930 1.648129 21.646422 140.558976 0.659681 0.000000 0.000000 0.000000 -0.784198 10.650807 0.053975 0.000000 0.000000 0.000000 -0.000609 0.000491 -0.001106 0.154902 0.105185 -0.001456 0.219161 -0.088172 -9.806155 
59.704822 -0.064382 0.012140 1.643503 21.565113 141.691237 0.664926 0.000000 0.000000 0.000000 -0.738722 10.597814 0.046273 0.000000 0.000000 0.000000 -0.000574 0.000484 -0.001130 0.154680 0.105135 -0.001382 0.219128 -0.088148 -9.806156 
59.804310 -0.065027 0.011487 1.638722 21.483103 142.828194 0.670591 0.000000 0.000000 0.000000 -0.695460 10.556219 0.037662 0.000000 0.000000 0.000000 -0.000643 0.000448 -0.001148 0.154101 0.104244 -0.002148 0.218778 -0.088043 -9.806165 
59.905877 -0.063795 0.009503 1.633632 21.413112 143.941476 0.672663 0.000000 0.000000 0.000000 -0.599367 10.527972 0.048174 0.000000 0.000000 0.000000 -0.000629 0.000432 -0.001170 0.152601 0.104166 -0.001111 0.218716 -0.088000 -9.806166 
60.004678 -0.062179 0.008659 1.629595 21.352013 145.080093 0.678362 0.000000 0.000000 0.000000 -0.526353 10.538376 0.082648 0.000000 0.000000 0.000000 -0.000610 0.000495 -0.001189 0.148332 0.104161 -0.000442 0.218502 -0.087156 -9.806179 
60.106154 -0.060530 0.007632 1.624698 21.293729 146.197320 0.682891 0.000000 0.000000 0.000000 -0.494144 10.541482 0.099148 0.000000 0.000000 0.000000 -0.000644 0.000535 -0.001202 0.142420 0.103450 0.002007 0.218209 -0.086646 -9.806190 
60.205119 -0.059619 0.008335 1.620628 21.241336 147.335330 0.691450 0.000000 0.000000 0.000000 -0.412487 10.567116 0.110741 0.000000 0.000000 0.000000 -0.000656 0.000637 -0.001219 0.136009 0.102678 0.003525 0.217855 -0.085684 -9.806206 
60.304921 -0.060403 0.010485 1.616122 21.198747 148.475724 0.702844 0.000000 0.000000 0.000000 -0.356862 10.572144 0.121768 0.000000 0.000000 0.000000 -0.000655 0.000719 -0.001214 0.130959 0.102212 0.004298 0.217669 -0.084781 -9.806218 
60.406318 -0.059972 0.014149 1.610865 21.158190 149.589147 0.714077 0.000000 0.000000 0.000000 -0.331688 10.515974 0.096897 0.000000 0.000000 0.000000 -0.000697 0.000737 -0.001232 0.128837 0.101281 0.004615 0.217386 -0.084520 -9.806227 
60.504541 -0.061957 0.013696 1.606649 21.121827 150.726455 0.725468 0.000000 0.000000 0.000000 -0.336447 10.471044 0.069743 0.000000 0.000000 0.000000 -0.000732 0.000819 -0.001232 0.127202 0.101140 0.003272 0.217201 -0.083768 -9.806237 
60.606042 -0.064386 0.009772 1.602577 21.084610 151.838026 0.731897 0.000000 0.000000 0.000000 -0.268319 10.450768 0.057808 0.000000 0.000000 0.000000 -0.000775 0.000836 -0.001231 0.123971 0.099885 0.003012 0.216839 -0.083269 -9.806249 
60.704975 -0.063024 0.009606 1.598735 21.058204 152.962396 0.738600 0.000000 0.000000 0.000000 -0.189765 10.488372 0.074653 0.000000 0.000000 0.000000 -0.000819 0.000937 -0.001234 0.119863 0.098938 0.003092 0.216627 -0.082652 -9.806259 
60.804201 -0.065057 0.012193 1.594522 21.035147 154.094010 0.752265 0.000000 0.000000 0.000000 -0.203164 10.518361 0.120833 0.000000 0.000000 0.000000 -0.000858 0.001047 -0.001244 0.119681 0.098484 0.001993 0.216405 -0.082361 -9.806267 
60.905814 -0.072680 0.013660 1.590092 21.012182 155.196131 0.765133 0.000000 0.000000 0.000000 -0.142742 10.427783 0.058106 0.000000 0.000000 0.000000 -0.000861 0.001043 -0.001256 0.122708 0.098280 0.000944 0.216206 -0.082619 -9.806269 
61.004297 -0.077697 0.016888 1.586235 20.996615 156.326418 0.764762 0.000000 0.000000 0.000000 -0.070126 10.402682 -0.009716 0.000000 0.000000 0.000000 -0.000830 0.001098 -0.001264 0.113494 0.096641 0.001836 0.216105 -0.081674 -9.806279 
61.104705 -0.081471 0.020197 1.581777 20.990037 157.430952 0.761923 0.000000 0.000000 0.000000 -0.063353 10.333807 -0.065885 0.000000 0.000000 0.000000 -0.000904 0.001103 -0.001259 0.114956 0.097227 0.001189 0.216146 -0.081689 -9.806278 
61.205072 -0.087622 0.022313 1.577079 20.982766 158.522221 0.755602 0.000000 0.000000 0.000000 -0.001791 10.261461 -0.121205 0.000000 0.000000 0.000000 -0.000924 0.001093 -0.001267 0.119245 0.097485 0.000190 0.216029 -0.081977 -9.806278 
61.307452 -0.091930 0.023933 1.572314 20.982746 159.571718 0.739983 0.000000 0.000000 0.000000 0.065835 10.130589 -0.166521 0.000000 0.000000 0.000000 -0.000928 0.001000 -0.001274 0.123264 0.097246 0.000578 0.215891 -0.082510 -9.806277 
61.407696 -0.093005 0.024427 1.568317 20.990157 160.621678 0.721061 0.000000 0.000000 0.000000 0.092180 10.036693 -0.232024 0.000000 0.000000 0.000000 -0.000916 0.000951 -0.001286 0.122750 0.097323 -0.000200 0.215885 -0.082268 -9.806279 
61.506275 -0.090976 0.021219 1.565465 21.004756 161.689238 0.696169 0.000000 0.000000 0.000000 0.142247 10.004270 -0.217158 0.000000 0.000000 0.000000 -0.000938 0.000983 -0.001292 0.114076 0.097063 -0.000129 0.216154 -0.081304 -9.806281 
61.607369 -0.088508 0.017773 1.561682 21.022117 162.738850 0.676940 0.000000 0.000000 0.000000 0.220487 9.979898 -0.157588 0.000000 0.000000 0.000000 -0.000916 0.001012 -0.001282 0.109416 0.096136 -0.000357 0.216179 -0.080695 -9.806286 
61.706416 -0.084131 0.014710 1.558959 21.049802 163.802806 0.659458 0.000000 0.000000 0.000000 0.252938 9.992333 -0.110772 0.000000 0.000000 0.000000 -0.000897 0.001095 -0.001284 0.096479 0.094358 0.001137 0.216562 -0.079592 -9.806286 
61.806113 -0.081530 0.012541 1.554876 21.077377 164.864572 0.647476 0.000000 0.000000 0.000000 0.298359 9.971104 -0.053571 0.000000 0.000000 0.000000 -0.000936 0.001166 -0.001283 0.086135 0.092082 0.002726 0.216726 -0.078909 -9.806288 
61.907157 -0.078987 0.011153 1.550105 21.106696 165.908549 0.639638 0.000000 0.000000 0.000000 0.361475 9.927564 -0.017337 0.000000 0.000000 0.000000 -0.000908 0.001187 -0.001307 0.077151 0.089575 0.004314 0.216735 -0.078442 -9.806292 
62.007376 -0.075551 0.009611 1.544930 21.139893 166.943467 0.632006 0.000000 0.000000 0.000000 0.361549 9.859712 -0.028745 0.000000 0.000000 0.000000 -0.000939 0.001205 -0.001325 0.065818 0.086352 0.006608 0.216748 -0.078002 -9.806295 
62.107618 -0.075323 0.008521 1.539281 21.173909 167.968009 0.634660 0.000000 0.000000 0.000000 0.385160 9.814706 0.028991 0.000000 0.000000 0.000000 -0.001039 0.001207 -0.001333 0.070764 0.087010 0.005191 0.216536 -0.077920 -9.806300 
62.206450 -0.076233 0.005245 1.534132 21.217092 169.011273 0.633756 0.000000 0.000000 0.000000 0.492528 9.786773 0.048450 0.000000 0.000000 0.000000 -0.000957 0.001297 -0.001321 0.060114 0.084240 0.007137 0.216814 -0.077117 -9.806300 
62.306305 -0.072941 0.005844 1.529294 21.272353 170.041486 0.630941 0.000000 0.000000 0.000000 0.555365 9.704912 0.043686 0.000000 0.000000 0.000000 -0.000983 0.001319 -0.001315 0.046456 0.080832 0.010352 0.217224 -0.076556 -9.806296 
62.407458 -0.073108 0.005301 1.523997 21.323021 171.040946 0.634267 0.000000 0.000000 0.000000 0.518821 9.594992 0.055898 0.000000 0.000000 0.000000 -0.001023 0.001323 -0.001338 0.044008 0.079707 0.011115 0.217095 -0.076604 -9.806298 
62.506208 -0.074305 0.006263 1.518691 21.380855 172.046019 0.635723 0.000000 0.000000 0.000000 0.671950 9.437454 0.088915 0.000000 0.000000 0.000000 -0.000997 0.001337 -0.001334 0.035435 0.077033 0.013227 0.217222 -0.076305 -9.806298 
62.607451 -0.070015 0.009311 1.513906 21.451005 173.019238 0.631643 0.000000 0.000000 0.000000 0.692557 9.252218 0.037336 0.000000 0.000000 0.000000 -0.000933 0.001305 -0.001330 0.017295 0.071693 0.017741 0.217619 -0.075830 -9.806293 
62.706032 -0.062829 0.012103 1.510159 21.530835 173.990390 0.625223 0.000000 0.000000 0.000000 0.816633 9.039857 -0.014889 0.000000 0.000000 0.000000 -0.000814 0.001219 -0.001326 0.002358 0.067890 0.020582 0.218126 -0.075197 -9.806286 
62.807134 -0.049144 0.012137 1.506609 21.605747 174.924177 0.615726 0.000000 0.000000 0.000000 0.781158 8.934634 0.021977 0.000000 0.000000 0.000000 -0.000791 0.001240 -0.001308 -0.012408 0.062779 0.023398 0.218054 -0.074851 -9.806290 
62.907177 -0.043433 0.015411 1.505158 21.677862 175.849176 0.620827 0.000000 0.000000 0.000000 0.625564 8.837054 0.049763 0.000000 0.000000 0.000000 -0.000991 0.001338 -0.001325 -0.009718 0.063119 0.022924 0.217951 -0.074924 -9.806292 
63.006093 -0.046685 0.020199 1.501974 21.742492 176.778014 0.634660 0.000000 0.000000 0.000000 0.625245 8.684003 0.129484 0.000000 0.000000 0.000000 -0.000936 0.001415 -0.001336 -0.006232 0.063269 0.021923 0.217890 -0.074863 -9.806294 
63.106165 -0.052941 0.024721 1.500771 21.816628 177.687995 0.650979 0.000000 0.000000 0.000000 0.661516 8.462432 0.082452 0.000000 0.000000 0.000000 -0.000941 0.001382 -0.001350 -0.000878 0.064408 0.020703 0.218143 -0.074849 -9.806288 
63.206081 -0.051761 0.026165 1.497877 21.891034 178.563933 0.654631 0.000000 0.000000 0.000000 0.680820 8.187279 -0.038342 0.000000 0.000000 0.000000 -0.000938 0.001266 -0.001355 0.001919 0.064981 0.020394 0.218250 -0.074928 -9.806285 
63.306467 -0.046663 0.024132 1.495461 21.970248 179.404481 0.654103 0.000000 0.000000 0.000000 0.720728 7.990054 -0.019203 0.000000 0.000000 0.000000 -0.000880 0.001176 -0.001361 0.012086 0.065961 0.019708 0.218279 -0.075372 -9.806281 
63.406206 -0.042086 0.021870 1.493077 22.051001 180.236846 0.656963 0.000000 0.000000 0.000000 0.737850 7.855994 0.026398 0.000000 0.000000 0.000000 -0.000863 0.001199 -0.001364 0.017961 0.066304 0.019113 0.218434 -0.075540 -9.806277 
63.506071 -0.039075 0.022009 1.489292 22.126224 181.056085 0.663191 0.000000 0.000000 0.000000 0.722480 7.707405 0.091781 0.000000 0.000000 0.000000 -0.000875 0.001244 -0.001365 0.017838 0.066096 0.019080 0.218389 -0.075531 -9.806278 
63.607392 -0.039574 0.023109 1.486270 22.202881 181.844081 0.674820 0.000000 0.000000 0.000000 0.729154 7.516832 0.134576 0.000000 0.000000 0.000000 -0.000862 0.001238 -0.001370 0.019499 0.066195 0.019090 0.218349 -0.075651 -9.806278 
63.707693 -0.039307 0.024340 1.483061 22.280074 182.618759 0.687393 0.000000 0.000000 0.000000 0.728957 7.320891 0.121807 0.000000 0.000000 0.000000 -0.000891 0.001232 -0.001372 0.014970 0.066700 0.019312 0.218532 -0.075381 -9.806276 
63.807566 -0.038744 0.023403 1.479571 22.356447 183.373357 0.698161 0.000000 0.000000 0.000000 0.731997 7.136340 0.097028 0.000000 0.000000 0.000000 -0.000874 0.001212 -0.001373 0.011319 0.067125 0.019532 0.218618 -0.075176 -9.806275 
63.908870 -0.037923 0.021264 1.475982 22.427964 184.103046 0.707482 0.000000 0.000000 0.000000 0.725458 6.985972 0.075869 0.000000 0.000000 0.000000 -0.000880 0.001220 -0.001373 0.007918 0.067047 0.019553 0.218650 -0.074938 -9.806276 
64.007752 -0.036789 0.019488 1.472992 22.503205 184.834915 0.716549 0.000000 0.000000 0.000000 0.730513 6.880580 0.082699 0.000000 0.000000 0.000000 -0.000887 0.001265 -0.001365 0.002336 0.067219 0.019434 0.218938 -0.074502 -9.806273 
64.108504 -0.035805 0.018247 1.470661 22.576753 185.543149 0.725217 0.000000 0.000000 0.000000 0.743837 6.764012 0.103142 0.000000 0.000000 0.000000 -0.000884 0.001278 -0.001356 -0.002373 0.067617 0.019697 0.218974 -0.074219 -9.806275 
64.207717 -0.034150 0.017310 1.469468 22.653047 186.244058 0.733059 0.000000 0.000000 0.000000 0.720882 6.676758 0.102360 0.000000 0.000000 0.000000 -0.000897 0.001261 -0.001351 -0.008660 0.069111 0.020497 0.219008 -0.073909 -9.806276 
64.307534 -0.032863 0.015004 1.467923 22.724066 186.946039 0.742316 0.000000 0.000000 0.000000 0.696161 6.661483 0.092746 0.000000 0.000000 0.000000 -0.000924 0.001272 -0.001363 -0.015655 0.070455 0.021222 0.219111 -0.073482 -9.806277 
64.408952 -0.031850 0.012768 1.466563 22.798243 187.622370 0.751231 0.000000 0.000000 0.000000 0.718832 6.632663 0.101768 0.000000 0.000000 0.000000 -0.000937 0.001245 -0.001347 -0.015289 0.071379 0.021527 0.219133 -0.073572 -9.806276 
64.507460 -0.031643 0.010753 1.465482 22.877906 188.314423 0.761161 0.000000 0.000000 0.000000 0.743705 6.618288 0.108379 0.000000 0.000000 0.000000 -0.000890 0.001264 -0.001347 -0.018013 0.074036 0.022551 0.219307 -0.073485 -9.806273 
64.608816 -0.031357 0.010231 1.464618 22.956054 188.982348 0.771166 0.000000 0.000000 0.000000 0.759949 6.574540 0.121201 0.000000 0.000000 0.000000 -0.000904 0.001243 -0.001348 -0.015877 0.076498 0.024290 0.219047 -0.073672 -9.806277 
64.707716 -0.031776 0.010429 1.463320 23.035956 189.658810 0.783208 0.000000 0.000000 0.000000 0.766565 6.526232 0.124811 0.000000 0.000000 0.000000 -0.000879 0.001230 -0.001347 -0.015136 0.077885 0.025067 0.219009 -0.073749 -9.806277 
64.807494 -0.031357 0.010755 1.462248 23.116014 190.331645 0.795334 0.000000 0.000000 0.000000 0.767311 6.461263 0.110520 0.000000 0.000000 0.000000 -0.000889 0.001226 -0.001348 -0.014642 0.078654 0.025460 0.219001 -0.073800 -9.806277 
64.908750 -0.031011 0.011294 1.461100 23.195155 190.980904 0.805712 0.000000 0.000000 0.000000 0.750854 6.367925 0.111918 0.000000 0.000000 0.000000 -0.000871 0.001187 -0.001352 -0.011542 0.079934 0.026483 0.218756 -0.074021 -9.806281 
65.007636 -0.031260 0.011413 1.460342 23.276476 191.638323 0.817236 0.000000 0.000000 0.000000 0.767266 6.289571 0.100558 0.000000 0.000000 0.000000 -0.000868 0.001184 -0.001366 -0.013219 0.079991 0.025748 0.218934 -0.074057 -9.806277 
65.108908 -0.030814 0.012034 1.459056 23.353228 192.272636 0.827676 0.000000 0.000000 0.000000 0.759739 6.184017 0.100138 0.000000 0.000000 0.000000 -0.000869 0.001151 -0.001355 -0.014404 0.078436 0.024701 0.218864 -0.074050 -9.806278 
65.207468 -0.030312 0.012234 1.457793 23.434140 192.910336 0.838665 0.000000 0.000000 0.000000 0.761987 6.087163 0.099476 0.000000 0.000000 0.000000 -0.000860 0.001128 -0.001349 -0.018221 0.077149 0.022869 0.219066 -0.074016 -9.806274 
65.308362 -0.028540 0.012207 1.456898 23.514642 193.527977 0.849211 0.000000 0.000000 0.000000 0.771780 5.977273 0.095778 0.000000 0.000000 0.000000 -0.000841 0.001104 -0.001347 -0.021533 0.075824 0.021061 0.219163 -0.074027 -9.806272 
65.400706 -0.026706 0.012472 1.455777 23.584084 194.080370 0.859812 0.000000 0.000000 0.000000 0.758819 5.939797 0.097883 0.000000 0.000000 0.000000 -0.000860 0.001123 -0.001352 -0.029003 0.073545 0.018371 0.219689 -0.073700 -9.806263 
65.499434 -0.025463 0.012813 1.454401 23.661955 194.695103 0.871689 0.000000 0.000000 0.000000 0.760834 5.895594 0.104348 0.000000 0.000000 0.000000 -0.000838 0.001149 -0.001359 -0.035360 0.071756 0.016244 0.220164 -0.073388 -9.806254 
65.600592 -0.024913 0.014498 1.452875 23.737993 195.290362 0.883034 0.000000 0.000000 0.000000 0.765681 5.821683 0.102113 0.000000 0.000000 0.000000 -0.000846 0.001144 -0.001345 -0.038014 0.070805 0.015405 0.220348 -0.073221 -9.806251 
65.699683 -0.024352 0.016307 1.451844 23.815185 195.886278 0.894471 0.000000 0.000000 0.000000 0.747247 5.754419 0.105152 0.000000 0.000000 0.000000 -0.000849 0.001127 -0.001346 -0.040672 0.070327 0.014781 0.220601 -0.073053 -9.806247 
65.800800 -0.023800 0.016803 1.450558 23.890977 196.458762 0.906305 0.000000 0.000000 0.000000 0.721965 5.690065 0.107135 0.000000 0.000000 0.000000 -0.000852 0.001107 -0.001337 -0.045169 0.068796 0.012167 0.220744 -0.073038 -9.806244 
65.900820 -0.023787 0.016615 1.449845 23.963790 197.024900 0.916937 0.000000 0.000000 0.000000 0.718791 5.624900 0.089972 0.000000 0.000000 0.000000 -0.000882 0.001085 -0.001356 -0.047939 0.067719 0.010384 0.220809 -0.073039 -9.806242 
66.000180 -0.024263 0.015955 1.448028 24.037947 197.590739 0.926742 0.000000 0.000000 0.000000 0.732481 5.568667 0.087412 0.000000 0.000000 0.000000 -0.000871 0.001074 -0.001329 -0.049997 0.067114 0.009255 0.220900 -0.073016 -9.806241 
66.100859 -0.024375 0.016606 1.447023 24.114369 198.142124 0.935377 0.000000 0.000000 0.000000 0.747558 5.485862 0.088348 0.000000 0.000000 0.000000 -0.000865 0.001074 -0.001338 -0.049756 0.067655 0.009103 0.220896 -0.073117 -9.806240 
66.199650 -0.024055 0.017829 1.445601 24.189983 198.694889 0.945553 0.000000 0.000000 0.000000 0.737226 5.399629 0.094990 0.000000 0.000000 0.000000 -0.000854 0.001056 -0.001342 -0.051960 0.066614 0.007647 0.220950 -0.073073 -9.806239 
66.300782 -0.023779 0.018831 1.444219 24.263908 199.228980 0.955520 0.000000 0.000000 0.000000 0.725439 5.297186 0.092795 0.000000 0.000000 0.000000 -0.000874 0.001054 -0.001337 -0.052853 0.066039 0.006623 0.220927 -0.073098 -9.806239 
66.400774 -0.023773 0.019489 1.443384 24.338429 199.750660 0.966030 0.000000 0.000000 0.000000 0.705188 5.190450 0.089907 0.000000 0.000000 0.000000 -0.000891 0.001053 -0.001349 -0.054630 0.065535 0.004629 0.220963 -0.073186 -9.806238 
66.500376 -0.024352 0.018956 1.441970 24.409105 200.262174 0.977458 0.000000 0.000000 0.000000 0.687191 5.074035 0.084134 0.000000 0.000000 0.000000 -0.000906 0.001048 -0.001339 -0.057957 0.063420 0.000753 0.220996 -0.073207 -9.806237 
66.600657 -0.024945 0.017759 1.440850 24.476269 200.759414 0.986047 0.000000 0.000000 0.000000 0.682502 4.959675 0.075992 0.000000 0.000000 0.000000 -0.000908 0.001066 -0.001336 -0.057735 0.062229 -0.000597 0.220828 -0.073244 -9.806240 
66.699576 -0.025467 0.017023 1.439769 24.547072 201.251939 0.992505 0.000000 0.000000 0.000000 0.694775 4.839300 0.070385 0.000000 0.000000 0.000000 -0.000873 0.001069 -0.001332 -0.056031 0.062866 0.000240 0.220691 -0.073336 -9.806243 
66.800664 -0.024361 0.016858 1.438458 24.615121 201.726355 0.999842 0.000000 0.000000 0.000000 0.682562 4.721904 0.080208 0.000000 0.000000 0.000000 -0.000883 0.001095 -0.001316 -0.054800 0.062314 -0.000250 0.220500 -0.073395 -9.806247 
66.902226 -0.023295 0.017142 1.437493 24.695603 202.270557 1.007541 0.000000 0.000000 0.000000 0.656789 4.576761 0.083677 0.000000 0.000000 0.000000 -0.000886 0.001129 -0.001323 -0.052476 0.062957 0.000616 0.220252 -0.073542 -9.806251 
67.000882 -0.023431 0.016930 1.436780 24.755330 202.659192 1.014198 0.000000 0.000000 0.000000 0.638991 4.421869 0.080853 0.000000 0.000000 0.000000 -0.000898 0.001181 -0.001313 -0.048834 0.063094 -0.000070 0.219861 -0.073799 -9.806258 
67.100672 -0.023539 0.017187 1.435361 24.819489 203.094775 1.022870 0.000000 0.000000 0.000000 0.631544 4.296412 0.089072 0.000000 0.000000 0.000000 -0.000893 0.001173 -0.001301 -0.048317 0.063034 -0.000587 0.219827 -0.073842 -9.806258 
67.199812 -0.023833 0.017703 1.434443 24.882420 203.520508 1.031977 0.000000 0.000000 0.000000 0.601428 4.157513 0.082544 0.000000 0.000000 0.000000 -0.000909 0.001160 -0.001300 -0.047526 0.062931 -0.001062 0.219767 -0.073886 -9.806259 
67.299927 -0.024319 0.017543 1.433292 24.941733 203.933368 1.040945 0.000000 0.000000 0.000000 0.583846 4.007770 0.091098 0.000000 0.000000 0.000000 -0.000898 0.001158 -0.001291 -0.047319 0.062719 -0.000932 0.219711 -0.073875 -9.806261 
67.400714 -0.024857 0.017441 1.432237 25.000759 204.328842 1.050024 0.000000 0.000000 0.000000 0.570229 3.873229 0.089015 0.000000 0.000000 0.000000 -0.000889 0.001135 -0.001288 -0.047272 0.062946 -0.000954 0.219730 -0.073898 -9.806260 
67.499738 -0.024549 0.017706 1.431397 25.060790 204.714837 1.057350 0.000000 0.000000 0.000000 0.565448 3.733447 0.074885 0.000000 0.000000 0.000000 -0.000907 0.001120 -0.001289 -0.048163 0.063577 -0.000211 0.219773 -0.073914 -9.806259 
67.600859 -0.024556 0.017934 1.430876 25.120188 205.084753 1.064154 0.000000 0.000000 0.000000 0.560241 3.596847 0.067651 0.000000 0.000000 0.000000 -0.000892 0.001089 -0.001298 -0.049439 0.064226 0.000211 0.219896 -0.073916 -9.806256 
67.699893 -0.023909 0.017751 1.429857 25.173703 205.441748 1.069786 0.000000 0.000000 0.000000 0.523502 3.457296 0.068922 0.000000 0.000000 0.000000 -0.000913 0.001076 -0.001289 -0.050345 0.063992 0.000934 0.219835 -0.073874 -9.806258 
67.799702 -0.024054 0.017490 1.428888 25.227396 205.787945 1.076686 0.000000 0.000000 0.000000 0.505202 3.330222 0.071959 0.000000 0.000000 0.000000 -0.000903 0.001053 -0.001282 -0.051234 0.064345 0.001127 0.219917 -0.073870 -9.806256 
67.900581 -0.024335 0.017646 1.428277 25.279359 206.111587 1.082822 0.000000 0.000000 0.000000 0.495372 3.174383 0.076647 0.000000 0.000000 0.000000 -0.000925 0.001040 -0.001280 -0.051274 0.064853 0.001722 0.219850 -0.073922 -9.806257 
68.000509 -0.024984 0.017296 1.427197 25.327312 206.421962 1.090566 0.000000 0.000000 0.000000 0.478593 3.016626 0.079384 0.000000 0.000000 0.000000 -0.000901 0.001026 -0.001272 -0.050531 0.064751 0.001605 0.219795 -0.073938 -9.806258 
68.100371 -0.024095 0.017068 1.426288 25.375010 206.720167 1.094746 0.000000 0.000000 0.000000 0.469174 2.882114 0.077653 0.000000 0.000000 0.000000 -0.000902 0.001027 -0.001266 -0.055357 0.064810 0.003594 0.219826 -0.073830 -9.806259 
68.199488 -0.023963 0.017741 1.425752 25.425208 207.010484 1.099661 0.000000 0.000000 0.000000 0.469001 2.758332 0.066497 0.000000 0.000000 0.000000 -0.000888 0.000999 -0.001269 -0.060285 0.065283 0.005180 0.219986 -0.073747 -9.806256 
68.299379 -0.023231 0.018447 1.424925 25.469908 207.281976 1.103924 0.000000 0.000000 0.000000 0.430517 2.627261 0.051667 0.000000 0.000000 0.000000 -0.000879 0.000985 -0.001269 -0.061382 0.065068 0.006004 0.219897 -0.073721 -9.806258 
68.400679 -0.022652 0.018600 1.424196 25.514162 207.535611 1.107163 0.000000 0.000000 0.000000 0.408770 2.500975 0.041026 0.000000 0.000000 0.000000 -0.000896 0.000969 -0.001260 -0.061519 0.065651 0.006569 0.219847 -0.073778 -9.806258 
68.499825 -0.021912 0.018105 1.423699 25.553189 207.780222 1.109610 0.000000 0.000000 0.000000 0.384147 2.391681 0.043206 0.000000 0.000000 0.000000 -0.000898 0.000966 -0.001265 -0.061834 0.065420 0.007304 0.219729 -0.073766 -9.806261 
68.601649 -0.021752 0.018058 1.422862 25.597654 208.054001 1.114066 0.000000 0.000000 0.000000 0.372313 2.266160 0.050460 0.000000 0.000000 0.000000 -0.000902 0.000960 -0.001256 -0.060997 0.065417 0.007735 0.219594 -0.073797 -9.806264 
68.701530 -0.021751 0.017740 1.422287 25.636280 208.284115 1.117105 0.000000 0.000000 0.000000 0.354371 2.136490 0.047981 0.000000 0.000000 0.000000 -0.000884 0.000965 -0.001253 -0.058813 0.065427 0.008773 0.219280 -0.073870 -9.806270 
68.801933 -0.021264 0.017583 1.421565 25.672114 208.496181 1.120620 0.000000 0.000000 0.000000 0.319703 1.999707 0.032681 0.000000 0.000000 0.000000 -0.000903 0.000968 -0.001237 -0.054624 0.065493 0.008907 0.218914 -0.073992 -9.806278 
68.901880 -0.021381 0.016699 1.421369 25.706132 208.701417 1.123557 0.000000 0.000000 0.000000 0.306651 1.899712 0.026485 0.000000 0.000000 0.000000 -0.000894 0.000949 -0.001242 -0.052272 0.065650 0.008748 0.218735 -0.074069 -9.806281 
68.999887 -0.021226 0.016121 1.420987 25.728917 208.864888 1.125627 0.000000 0.000000 0.000000 0.291653 1.823375 0.024633 0.000000 0.000000 0.000000 -0.000887 0.000954 -0.001237 -0.050193 0.064507 0.008587 0.218503 -0.074025 -9.806287 
69.101818 -0.020853 0.016119 1.420594 25.762936 209.073202 1.127238 0.000000 0.000000 0.000000 0.281162 1.738829 0.024641 0.000000 0.000000 0.000000 -0.000869 0.000964 -0.001247 -0.049134 0.064730 0.009620 0.218392 -0.074064 -9.806289 
69.199877 -0.021085 0.016915 1.420070 25.791443 209.222480 1.129422 0.000000 0.000000 0.000000 0.285136 1.667527 0.019195 0.000000 0.000000 0.000000 -0.000869 0.000940 -0.001239 -0.047816 0.065657 0.009431 0.218308 -0.074189 -9.806290 
69.299776 -0.019831 0.017011 1.419457 25.821728 209.393752 1.131375 0.000000 0.000000 0.000000 0.276076 1.655891 0.007661 0.000000 0.000000 0.000000 -0.000888 0.000920 -0.001236 -0.049007 0.066073 0.008967 0.218427 -0.074203 -9.806287 
69.401524 -0.019135 0.015715 1.418526 25.854151 209.596659 1.132361 0.000000 0.000000 0.000000 0.268675 1.667308 0.000409 0.000000 0.000000 0.000000 -0.000877 0.000900 -0.001234 -0.050552 0.065822 0.008415 0.218540 -0.074149 -9.806285 
69.500408 -0.017745 0.015556 1.418033 25.878925 209.743464 1.133205 0.000000 0.000000 0.000000 0.273169 1.660363 0.006431 0.000000 0.000000 0.000000 -0.000912 0.000894 -0.001229 -0.050810 0.065746 0.007468 0.218480 -0.074161 -9.806286 
69.601424 -0.018149 0.014561 1.417587 25.910702 209.939832 1.134502 0.000000 0.000000 0.000000 0.273839 1.669673 0.014137 0.000000 0.000000 0.000000 -0.000878 0.000883 -0.001232 -0.051070 0.065264 0.006858 0.218417 -0.074126 -9.806288 
69.699594 -0.017755 0.014852 1.416765 25.937198 210.091492 1.135704 0.000000 0.000000 0.000000 0.279843 1.678317 0.018784 0.000000 0.000000 0.000000 -0.000885 0.000895 -0.001229 -0.050129 0.065996 0.007282 0.218395 -0.074212 -9.806288 
69.802813 -0.017782 0.015183 1.415996 25.973406 210.283409 1.137576 0.000000 0.000000 0.000000 0.285960 1.662343 0.015135 0.000000 0.000000 0.000000 -0.000885 0.000901 -0.001237 -0.048190 0.067574 0.007802 0.218298 -0.074410 -9.806288 
69.902741 -0.017933 0.016090 1.414456 26.006308 210.462732 1.138612 0.000000 0.000000 0.000000 0.285665 1.667066 0.008433 0.000000 0.000000 0.000000 -0.000886 0.000875 -0.001216 -0.046904 0.068609 0.008403 0.218294 -0.074528 -9.806287 
70.000941 -0.017597 0.015835 1.414857 26.033163 210.640281 1.139824 0.000000 0.000000 0.000000 0.276819 1.666050 0.005304 0.000000 0.000000 0.000000 -0.000887 0.000879 -0.001243 -0.047936 0.066676 0.007445 0.218155 -0.074342 -9.806292 
70.102806 -0.017318 0.016946 1.413738 26.064435 210.811075 1.140629 0.000000 0.000000 0.000000 0.296504 1.649979 0.009071 0.000000 0.000000 0.000000 -0.000882 0.000879 -0.001228 -0.046468 0.067230 0.007459 0.217981 -0.074440 -9.806295 
70.201557 -0.017668 0.018522 1.413156 26.097654 210.982735 1.141746 0.000000 0.000000 0.000000 0.288169 1.632197 0.012061 0.000000 0.000000 0.000000 -0.000857 0.000871 -0.001235 -0.044868 0.067984 0.007575 0.217823 -0.074557 -9.806298 
70.304178 -0.017214 0.020238 1.412539 26.128435 211.150965 1.144486 0.000000 0.000000 0.000000 0.268671 1.611883 0.023566 0.000000 0.000000 0.000000 -0.000891 0.000861 -0.001245 -0.048721 0.067809 0.005793 0.217802 -0.074522 -9.806298 
70.406026 -0.017783 0.020801 1.411680 26.155617 211.315847 1.148491 0.000000 0.000000 0.000000 0.247490 1.578588 0.033932 0.000000 0.000000 0.000000 -0.000896 0.000860 -0.001243 -0.052960 0.067083 0.003969 0.217812 -0.074422 -9.806299 
70.502949 -0.019462 0.021451 1.411420 26.181338 211.484845 1.152783 0.000000 0.000000 0.000000 0.241031 1.533774 0.026849 0.000000 0.000000 0.000000 -0.000897 0.000841 -0.001252 -0.057041 0.066000 0.002395 0.217873 -0.074279 -9.806299 
70.604625 -0.019958 0.021542 1.410654 26.205883 211.642722 1.155664 0.000000 0.000000 0.000000 0.226000 1.473341 0.006991 0.000000 0.000000 0.000000 -0.000901 0.000811 -0.001249 -0.060398 0.065183 0.000852 0.217881 -0.074178 -9.806299 
70.703041 -0.020139 0.020127 1.409925 26.232754 211.802460 1.157581 0.000000 0.000000 0.000000 0.236457 1.434346 0.001621 0.000000 0.000000 0.000000 -0.000883 0.000795 -0.001251 -0.066154 0.065053 -0.001364 0.218054 -0.074110 -9.806296 
70.804453 -0.019575 0.019861 1.409299 26.258110 211.951063 1.159046 0.000000 0.000000 0.000000 0.241232 1.387699 0.013052 0.000000 0.000000 0.000000 -0.000869 0.000760 -0.001248 -0.068471 0.064575 -0.002621 0.218061 -0.074050 -9.806296 
70.904603 -0.019166 0.020016 1.408431 26.285512 212.096093 1.161571 0.000000 0.000000 0.000000 0.252354 1.355324 0.023514 0.000000 0.000000 0.000000 -0.000849 0.000754 -0.001247 -0.069842 0.064893 -0.003382 0.218090 -0.074066 -9.806296 
71.002794 -0.018459 0.022086 1.408263 26.314192 212.246354 1.164379 0.000000 0.000000 0.000000 0.242038 1.332165 0.030206 0.000000 0.000000 0.000000 -0.000852 0.000795 -0.001262 -0.070461 0.065295 -0.003159 0.218198 -0.074084 -9.806293 
71.104922 -0.019726 0.023880 1.407692 26.339546 212.386664 1.169786 0.000000 0.000000 0.000000 0.214966 1.265512 0.031438 0.000000 0.000000 0.000000 -0.000862 0.000796 -0.001247 -0.073826 0.065125 -0.005111 0.218321 -0.074026 -9.806291 
71.203139 -0.021931 0.024807 1.406928 26.366559 212.523180 1.174111 0.000000 0.000000 0.000000 0.197391 1.200866 0.023594 0.000000 0.000000 0.000000 -0.000830 0.000778 -0.001236 -0.076035 0.066407 -0.006150 0.218489 -0.074101 -9.806286 
71.302807 -0.022391 0.024488 1.406387 26.387505 212.650763 1.176012 0.000000 0.000000 0.000000 0.199023 1.123796 0.015589 0.000000 0.000000 0.000000 -0.000852 0.000777 -0.001230 -0.076223 0.066312 -0.005997 0.218515 -0.074090 -9.806286 
71.405018 -0.022834 0.023787 1.406250 26.409787 212.768560 1.175543 0.000000 0.000000 0.000000 0.197882 1.045413 0.011429 0.000000 0.000000 0.000000 -0.000823 0.000781 -0.001228 -0.075760 0.066934 -0.004280 0.218539 -0.074146 -9.806285 
71.504026 -0.022862 0.024256 1.405816 26.429343 212.876040 1.175434 0.000000 0.000000 0.000000 0.182316 0.954428 0.018298 0.000000 0.000000 0.000000 -0.000830 0.000756 -0.001218 -0.075375 0.066843 -0.002985 0.218501 -0.074149 -9.806286 
71.604461 -0.022916 0.024486 1.405571 26.444973 212.973479 1.176884 0.000000 0.000000 0.000000 0.156632 0.864311 0.024740 0.000000 0.000000 0.000000 -0.000825 0.000738 -0.001219 -0.075288 0.066137 -0.002500 0.218460 -0.074103 -9.806287 
71.704128 -0.023000 0.025053 1.405602 26.462276 213.062508 1.179492 0.000000 0.000000 0.000000 0.137936 0.783621 0.027111 0.000000 0.000000 0.000000 -0.000820 0.000722 -0.001219 -0.075539 0.066522 -0.002404 0.218490 -0.074127 -9.806286 
71.804066 -0.023164 0.025220 1.405691 26.476103 213.144139 1.182400 0.000000 0.000000 0.000000 0.118950 0.708504 0.022492 0.000000 0.000000 0.000000 -0.000827 0.000722 -0.001229 -0.075854 0.066527 -0.002454 0.218524 -0.074122 -9.806285 
71.905620 -0.023671 0.025088 1.405633 26.487486 213.212823 1.183982 0.000000 0.000000 0.000000 0.104959 0.620033 0.015409 0.000000 0.000000 0.000000 -0.000821 0.000690 -0.001232 -0.075687 0.066476 -0.002239 0.218487 -0.074123 -9.806286 
72.004112 -0.023155 0.024769 1.405441 26.497421 213.274492 1.183651 0.000000 0.000000 0.000000 0.093156 0.537179 0.010636 0.000000 0.000000 0.000000 -0.000832 0.000675 -0.001226 -0.076713 0.066260 -0.001236 0.218464 -0.074106 -9.806287 
72.105677 -0.023081 0.024788 1.405529 26.508830 213.327819 1.183418 0.000000 0.000000 0.000000 0.082776 0.464153 0.010592 0.000000 0.000000 0.000000 -0.000811 0.000650 -0.001224 -0.078084 0.066786 -0.000401 0.218499 -0.074132 -9.806286 
72.205855 -0.022662 0.024599 1.404977 26.516526 213.375945 1.182400 0.000000 0.000000 0.000000 0.068080 0.399738 0.010083 0.000000 0.000000 0.000000 -0.000814 0.000647 -0.001213 -0.080664 0.066547 0.000945 0.218543 -0.074100 -9.806285 
72.304475 -0.022527 0.024176 1.405071 26.524101 213.415941 1.182027 0.000000 0.000000 0.000000 0.056586 0.331837 0.009965 0.000000 0.000000 0.000000 -0.000803 0.000638 -0.001215 -0.082287 0.066698 0.001816 0.218571 -0.074100 -9.806285 
72.406001 -0.022427 0.024036 1.404749 26.529509 213.451386 1.181856 0.000000 0.000000 0.000000 0.042616 0.275138 0.009574 0.000000 0.000000 0.000000 -0.000807 0.000642 -0.001203 -0.084342 0.066544 0.002567 0.218637 -0.074074 -9.806283 
72.504177 -0.022364 0.023891 1.404668 26.537396 213.477371 1.181637 0.000000 0.000000 0.000000 0.043228 0.209800 0.006841 0.000000 0.000000 0.000000 -0.000781 0.000630 -0.001201 -0.085612 0.067521 0.003220 0.218683 -0.074131 -9.806282 
72.605648 -0.022073 0.023616 1.404560 26.542512 213.498905 1.181039 0.000000 0.000000 0.000000 0.038012 0.152310 0.006001 0.000000 0.000000 0.000000 -0.000774 0.000633 -0.001198 -0.087456 0.067591 0.004000 0.218737 -0.074123 -9.806281 
72.704380 -0.022007 0.023560 1.404492 26.546745 213.513181 1.181238 0.000000 0.000000 0.000000 0.025481 0.096547 0.006608 0.000000 0.000000 0.000000 -0.000763 0.000626 -0.001195 -0.088164 0.067776 0.004301 0.218762 -0.074131 -9.806280 
72.804115 -0.021814 0.023403 1.404459 26.545328 213.520348 1.180503 0.000000 0.000000 0.000000 0.005265 0.037926 0.003118 0.000000 0.000000 0.000000 -0.000786 0.000608 -0.001195 -0.088829 0.066760 0.005032 0.218722 -0.074064 -9.806281 
72.905423 -0.021724 0.023347 1.404494 26.545100 213.522296 1.179457 0.000000 0.000000 0.000000 0.000420 0.013608 0.001884 0.000000 0.000000 0.000000 -0.000784 0.000587 -0.001191 -0.089661 0.066564 0.005771 0.218718 -0.074050 -9.806282 
73.003983 -0.021260 0.022762 1.404365 26.545586 213.524214 1.178485 0.000000 0.000000 0.000000 0.004573 0.048650 0.004623 0.000000 0.000000 0.000000 -0.000778 0.000568 -0.001185 -0.090234 0.066658 0.006642 0.218705 -0.074059 -9.806282 
73.105527 -0.020814 0.022283 1.404568 26.544921 213.522102 1.178055 0.000000 0.000000 0.000000 0.001282 0.042902 -0.002698 0.000000 0.000000 0.000000 -0.000777 0.000520 -0.001187 -0.088510 0.066617 0.006933 0.218572 -0.074077 -9.806285 
73.205884 -0.020534 0.021988 1.404686 26.543344 213.521522 1.176864 0.000000 0.000000 0.000000 -0.005284 0.034499 -0.013316 0.000000 0.000000 0.000000 -0.000784 0.000493 -0.001185 -0.087339 0.066310 0.007113 0.218484 -0.074067 -9.806287 
73.306037 -0.020527 0.022051 1.404550 26.542454 213.526754 1.175844 0.000000 0.000000 0.000000 -0.003324 0.054057 -0.012227 0.000000 0.000000 0.000000 -0.000785 0.000478 -0.001184 -0.087485 0.066113 0.006721 0.218494 -0.074046 -9.806287 
73.407381 -0.020466 0.021939 1.404698 26.541992 213.527195 1.175508 0.000000 0.000000 0.000000 -0.005177 0.052258 -0.005119 0.000000 0.000000 0.000000 -0.000780 0.000442 -0.001183 -0.086403 0.066310 0.006221 0.218413 -0.074067 -9.806288 
73.505787 -0.020518 0.022186 1.404499 26.542728 213.531955 1.176109 0.000000 0.000000 0.000000 -0.002526 0.054660 -0.005950 0.000000 0.000000 0.000000 -0.000774 0.000429 -0.001180 -0.086888 0.066784 0.005193 0.218419 -0.074089 -9.806288 
73.606912 -0.020415 0.022021 1.404538 26.542591 213.530076 1.175445 0.000000 0.000000 0.000000 -0.000017 0.045839 -0.010147 0.000000 0.000000 0.000000 -0.000766 0.000378 -0.001177 -0.085406 0.067174 0.005073 0.218308 -0.074133 -9.806290 
73.705992 -0.020359 0.022049 1.404520 26.542466 213.531872 1.175269 0.000000 0.000000 0.000000 -0.001891 0.048806 -0.008709 0.000000 0.000000 0.000000 -0.000762 0.000346 -0.001172 -0.085550 0.067202 0.004243 0.218267 -0.074126 -9.806291 
73.805791 -0.020272 0.022071 1.404562 26.541822 213.533225 1.174826 0.000000 0.000000 0.000000 -0.003560 0.045922 -0.009591 0.000000 0.000000 0.000000 -0.000763 0.000312 -0.001171 -0.085372 0.067181 0.003722 0.218215 -0.074121 -9.806292 
73.907273 -0.020174 0.021726 1.404634 26.542308 213.531285 1.173989 0.000000 0.000000 0.000000 -0.000811 0.038175 -0.008981 0.000000 0.000000 0.000000 -0.000746 0.000273 -0.001170 -0.084148 0.067829 0.003683 0.218124 -0.074182 -9.806294 
74.005939 -0.020154 0.021896 1.404455 26.545935 213.532368 1.173692 0.000000 0.000000 0.000000 0.009249 0.040245 -0.008445 0.000000 0.000000 0.000000 -0.000722 0.000244 -0.001170 -0.084566 0.069282 0.003086 0.218109 -0.074285 -9.806293 
74.106679 -0.020042 0.021835 1.404446 26.547207 213.529722 1.173076 0.000000 0.000000 0.000000 0.011865 0.030447 -0.008945 0.000000 0.000000 0.000000 -0.000717 0.000202 -0.001166 -0.083589 0.069674 0.002853 0.218018 -0.074321 -9.806295 
74.205841 -0.019968 0.021630 1.404480 26.548131 213.531912 1.172418 0.000000 0.000000 0.000000 0.010095 0.033837 -0.008671 0.000000 0.000000 0.000000 -0.000714 0.000193 -0.001165 -0.083854 0.069578 0.002516 0.218004 -0.074309 -9.806296 
74.305820 -0.020057 0.021529 1.404305 26.549077 213.530609 1.172487 0.000000 0.000000 0.000000 0.010105 0.030317 -0.006867 0.000000 0.000000 0.000000 -0.000706 0.000149 -0.001156 -0.084453 0.069601 0.001507 0.217951 -0.074297 -9.806297 
74.407123 -0.019831 0.021425 1.404631 26.549441 213.527941 1.171974 0.000000 0.000000 0.000000 0.007983 0.024990 -0.008011 0.000000 0.000000 0.000000 -0.000705 0.000112 -0.001162 -0.083713 0.069590 0.001204 0.217871 -0.074301 -9.806299 
74.505601 -0.019766 0.021491 1.404809 26.548595 213.526523 1.172239 0.000000 0.000000 0.000000 0.003369 0.021614 -0.005859 0.000000 0.000000 0.000000 -0.000713 0.000072 -0.001164 -0.084610 0.068962 0.000036 0.217824 -0.074240 -9.806300 
74.607105 -0.019562 0.021253 1.404580 26.549693 213.526277 1.172163 0.000000 0.000000 0.000000 0.007180 0.022291 -0.005071 0.000000 0.000000 0.000000 -0.000704 0.000057 -0.001155 -0.084982 0.069231 -0.000537 0.217801 -0.074252 -9.806301 
74.706022 -0.019595 0.021182 1.404674 26.548463 213.528146 1.172439 0.000000 0.000000 0.000000 -0.000116 0.029318 -0.003558 0.000000 0.000000 0.000000 -0.000713 0.000040 -0.001154 -0.085965 0.068445 -0.001389 0.217791 -0.074184 -9.806301 
74.805999 -0.019563 0.021068 1.404749 26.548391 213.528332 1.172686 0.000000 0.000000 0.000000 -0.001034 0.028965 -0.003006 0.000000 0.000000 0.000000 -0.000708 0.000017 -0.001158 -0.086240 0.068490 -0.002027 0.217761 -0.074182 -9.806302 
74.907266 -0.019439 0.021145 1.404510 26.547643 213.528172 1.172777 0.000000 0.000000 0.000000 -0.002000 0.028914 -0.001314 0.000000 0.000000 0.000000 -0.000715 -0.000011 -0.001145 -0.086049 0.068367 -0.002421 0.217720 -0.074173 -9.806303 
75.005852 -0.019517 0.020989 1.404796 26.548396 213.526770 1.172665 0.000000 0.000000 0.000000 0.002834 0.025635 -0.000833 0.000000 0.000000 0.000000 -0.000697 -0.000037 -0.001156 -0.085149 0.068919 -0.002431 0.217668 -0.074217 -9.806304 
75.105881 -0.019502 0.021176 1.404965 26.545275 213.527240 1.172361 0.000000 0.000000 0.000000 -0.005547 0.025841 -0.001059 0.000000 0.000000 0.000000 -0.000714 -0.000063 -0.001154 -0.084308 0.067815 -0.002307 0.217619 -0.074151 -9.806305 
75.205835 -0.019495 0.020972 1.404925 26.545303 213.526891 1.172326 0.000000 0.000000 0.000000 -0.007694 0.024716 -0.000963 0.000000 0.000000 0.000000 -0.000702 -0.000078 -0.001147 -0.083744 0.068275 -0.002383 0.217585 -0.074186 -9.806306 
75.305681 -0.019434 0.021142 1.404931 26.544924 213.526597 1.172185 0.000000 0.000000 0.000000 -0.006460 0.024263 -0.001223 0.000000 0.000000 0.000000 -0.000703 -0.000100 -0.001146 -0.083103 0.068605 -0.002374 0.217550 -0.074212 -9.806306 
75.407144 -0.019377 0.020931 1.404840 26.544749 213.526862 1.171808 0.000000 0.000000 0.000000 -0.002218 0.026377 -0.001127 0.000000 0.000000 0.000000 -0.000695 -0.000113 -0.001142 -0.082394 0.068885 -0.002152 0.217521 -0.074236 -9.806307 
75.505636 -0.019391 0.021042 1.404883 26.544327 213.525246 1.171641 0.000000 0.000000 0.000000 -0.002188 0.021401 -0.000432 0.000000 0.000000 0.000000 -0.000691 -0.000143 -0.001142 -0.081379 0.069075 -0.002130 0.217467 -0.074256 -9.806308 
75.608374 -0.019301 0.021130 1.404764 26.546069 213.522533 1.171951 0.000000 0.000000 0.000000 0.001122 0.013918 -0.001017 0.000000 0.000000 0.000000 -0.000682 -0.000175 -0.001137 -0.080689 0.069989 -0.002449 0.217425 -0.074318 -9.806308 
75.707271 -0.019356 0.021017 1.404946 26.545250 213.521330 1.171764 0.000000 0.000000 0.000000 -0.002297 0.014936 -0.000168 0.000000 0.000000 0.000000 -0.000681 -0.000194 -0.001139 -0.079976 0.069881 -0.002401 0.217388 -0.074317 -9.806309 
75.808436 -0.019345 0.020944 1.404802 26.544499 213.521528 1.171901 0.000000 0.000000 0.000000 -0.000835 0.016823 -0.000028 0.000000 0.000000 0.000000 -0.000685 -0.000206 -0.001129 -0.079686 0.069723 -0.002561 0.217368 -0.074309 -9.806310 
75.908438 -0.019394 0.020898 1.404819 26.543784 213.522189 1.171844 0.000000 0.000000 0.000000 -0.003652 0.018489 0.000478 0.000000 0.000000 0.000000 -0.000680 -0.000216 -0.001126 -0.079377 0.069597 -0.002534 0.217352 -0.074304 -9.806310 
76.007177 -0.019468 0.021093 1.404931 26.542657 213.522590 1.172382 0.000000 0.000000 0.000000 -0.005139 0.021320 0.000757 0.000000 0.000000 0.000000 -0.000684 -0.000233 -0.001125 -0.079135 0.069434 -0.002992 0.217331 -0.074297 -9.806311 
76.107420 -0.019281 0.021003 1.404901 26.544934 213.522904 1.172303 0.000000 0.000000 0.000000 0.002267 0.022884 0.001782 0.000000 0.000000 0.000000 -0.000672 -0.000238 -0.001126 -0.078774 0.070522 -0.002819 0.217321 -0.074363 -9.806310 
76.207648 -0.019209 0.020905 1.404608 26.545472 213.527240 1.172140 0.000000 0.000000 0.000000 0.003001 0.030939 0.001292 0.000000 0.000000 0.000000 -0.000669 -0.000235 -0.001114 -0.079119 0.070585 -0.002583 0.217341 -0.074363 -9.806310 
76.307396 -0.019297 0.021026 1.404944 26.543914 213.529245 1.172485 0.000000 0.000000 0.000000 -0.002232 0.034000 0.001242 0.000000 0.000000 0.000000 -0.000675 -0.000254 -0.001125 -0.078741 0.070029 -0.002827 0.217318 -0.074335 -9.806311 
76.408746 -0.019238 0.020889 1.404794 26.543356 213.526965 1.172064 0.000000 0.000000 0.000000 -0.002567 0.025920 0.002239 0.000000 0.000000 0.000000 -0.000673 -0.000272 -0.001117 -0.077317 0.070213 -0.002344 0.217255 -0.074353 -9.806312 
76.507102 -0.019211 0.020844 1.404791 26.541892 213.529077 1.172059 0.000000 0.000000 0.000000 -0.005585 0.028699 0.001428 0.000000 0.000000 0.000000 -0.000675 -0.000281 -0.001115 -0.077055 0.069864 -0.002228 0.217242 -0.074335 -9.806312 
76.608113 -0.019248 0.021051 1.404976 26.541422 213.528614 1.172065 0.000000 0.000000 0.000000 -0.006625 0.025926 0.001555 0.000000 0.000000 0.000000 -0.000677 -0.000303 -0.001122 -0.076252 0.070108 -0.002138 0.217207 -0.074354 -9.806313 
76.706948 -0.019207 0.020948 1.404639 26.543688 213.527674 1.172086 0.000000 0.000000 0.000000 0.001857 0.021954 0.002333 0.000000 0.000000 0.000000 -0.000662 -0.000312 -0.001114 -0.075567 0.071290 -0.001981 0.217183 -0.074422 -9.806313 
76.808096 -0.019197 0.021087 1.404921 26.542495 213.526938 1.172254 0.000000 0.000000 0.000000 -0.001259 0.019039 0.001986 0.000000 0.000000 0.000000 -0.000669 -0.000329 -0.001121 -0.074762 0.070968 -0.001968 0.217146 -0.074410 -9.806314 
76.908612 -0.019153 0.020882 1.404762 26.545147 213.526939 1.172008 0.000000 0.000000 0.000000 0.005305 0.018420 0.001964 0.000000 0.000000 0.000000 -0.000657 -0.000335 -0.001118 -0.074451 0.072029 -0.001597 0.217138 -0.074466 -9.806314 
77.007096 -0.019095 0.020788 1.404879 26.545411 213.525332 1.171323 0.000000 0.000000 0.000000 0.005468 0.013768 0.000868 0.000000 0.000000 0.000000 -0.000658 -0.000347 -0.001121 -0.073605 0.072127 -0.000954 0.217103 -0.074474 -9.806314 
77.108697 -0.019201 0.020817 1.404870 26.545599 213.525611 1.171216 0.000000 0.000000 0.000000 0.005836 0.015241 0.000984 0.000000 0.000000 0.000000 -0.000657 -0.000356 -0.001118 -0.073288 0.072061 -0.000819 0.217089 -0.074472 -9.806315 
77.207382 -0.019410 0.021144 1.404739 26.544263 213.524916 1.171854 0.000000 0.000000 0.000000 -0.000317 0.013461 0.001382 0.000000 0.000000 0.000000 -0.000661 -0.000378 -0.001108 -0.072610 0.071550 -0.001275 0.217059 -0.074452 -9.806315 
77.307297 -0.019100 0.020988 1.404850 26.542866 213.525975 1.171288 0.000000 0.000000 0.000000 -0.004591 0.016225 -0.000002 0.000000 0.000000 0.000000 -0.000670 -0.000377 -0.001112 -0.072432 0.071161 -0.000806 0.217049 -0.074432 -9.806316 
77.407515 -0.019255 0.021145 1.404931 26.542524 213.525175 1.171570 0.000000 0.000000 0.000000 -0.003591 0.014641 0.000544 0.000000 0.000000 0.000000 -0.000669 -0.000394 -0.001117 -0.071834 0.071330 -0.001049 0.217026 -0.074444 -9.806316 
77.507201 -0.019081 0.020786 1.405055 26.540716 213.524373 1.170875 0.000000 0.000000 0.000000 -0.007321 0.012309 -0.000695 0.000000 0.000000 0.000000 -0.000669 -0.000393 -0.001118 -0.071217 0.070987 -0.000544 0.216999 -0.074429 -9.806317 
77.607682 -0.019105 0.020808 1.404935 26.542688 213.524356 1.170965 0.000000 0.000000 0.000000 -0.000516 0.012935 -0.000667 0.000000 0.000000 0.000000 -0.000659 -0.000402 -0.001117 -0.071051 0.071964 -0.000678 0.216998 -0.074478 -9.806317 
77.707307 -0.018975 0.020771 1.404846 26.543357 213.525341 1.170961 0.000000 0.000000 0.000000 0.001270 0.015216 -0.000377 0.000000 0.000000 0.000000 -0.000655 -0.000406 -0.001110 -0.070976 0.072241 -0.000767 0.216997 -0.074492 -9.806317 
77.806977 -0.019037 0.020658 1.404972 26.542356 213.524535 1.170432 0.000000 0.000000 0.000000 -0.001140 0.013642 -0.001233 0.000000 0.000000 0.000000 -0.000656 -0.000415 -0.001110 -0.070336 0.071994 -0.000433 0.216971 -0.074483 -9.806317 
77.908381 -0.019018 0.020886 1.405053 26.544255 213.524670 1.170267 0.000000 0.000000 0.000000 0.004538 0.013740 -0.000954 0.000000 0.000000 0.000000 -0.000651 -0.000427 -0.001116 -0.070149 0.072717 -0.000407 0.216967 -0.074517 -9.806317 
78.007074 -0.019152 0.020783 1.404878 26.545317 213.523486 1.170473 0.000000 0.000000 0.000000 0.006274 0.011437 -0.000624 0.000000 0.000000 0.000000 -0.000641 -0.000442 -0.001108 -0.069532 0.073041 -0.000671 0.216947 -0.074536 -9.806317 
78.107502 -0.019068 0.020779 1.405176 26.544297 213.522707 1.170323 0.000000 0.000000 0.000000 0.001750 0.010040 -0.000941 0.000000 0.000000 0.000000 -0.000651 -0.000456 -0.001117 -0.068952 0.072624 -0.000654 0.216924 -0.074520 -9.806318 
78.207486 -0.019016 0.020702 1.405067 26.544869 213.522243 1.170385 0.000000 0.000000 0.000000 0.002852 0.008715 -0.001074 0.000000 0.000000 0.000000 -0.000647 -0.000462 -0.001114 -0.068596 0.072836 -0.000817 0.216913 -0.074532 -9.806318 
78.307502 -0.019059 0.020683 1.405045 26.543816 213.519717 1.170446 0.000000 0.000000 0.000000 -0.000654 0.003702 -0.000473 0.000000 0.000000 0.000000 -0.000650 -0.000481 -0.001109 -0.067686 0.072572 -0.000965 0.216880 -0.074526 -9.806319 
78.408514 -0.019165 0.020677 1.405143 26.541572 213.518355 1.171163 0.000000 0.000000 0.000000 -0.006358 0.002710 0.000251 0.000000 0.000000 0.000000 -0.000652 -0.000495 -0.001112 -0.067094 0.071972 -0.001583 0.216857 -0.074505 -9.806320 
78.507179 -0.019244 0.021059 1.405446 26.538967 213.517943 1.171882 0.000000 0.000000 0.000000 -0.011528 0.003948 0.001308 0.000000 0.000000 0.000000 -0.000665 -0.000516 -0.001119 -0.066759 0.071394 -0.002162 0.216844 -0.074484 -9.806320 
78.608483 -0.019165 0.020681 1.405033 26.542512 213.523158 1.172071 0.000000 0.000000 0.000000 0.001318 0.018251 0.001932 0.000000 0.000000 0.000000 -0.000647 -0.000492 -0.001111 -0.068108 0.072701 -0.002196 0.216896 -0.074532 -9.806318 
78.707037 -0.019206 0.020799 1.405079 26.542818 213.523674 1.172410 0.000000 0.000000 0.000000 0.001700 0.017436 0.002069 0.000000 0.000000 0.000000 -0.000647 -0.000504 -0.001112 -0.067765 0.072841 -0.002332 0.216885 -0.074539 -9.806319 
78.806973 -0.019320 0.020858 1.404992 26.542723 213.525926 1.172651 0.000000 0.000000 0.000000 0.001561 0.021494 0.002364 0.000000 0.000000 0.000000 -0.000646 -0.000511 -0.001108 -0.067814 0.072752 -0.002375 0.216887 -0.074536 -9.806319 
78.908165 -0.019440 0.021071 1.405077 26.542608 213.523922 1.173244 0.000000 0.000000 0.000000 0.001112 0.015346 0.003305 0.000000 0.000000 0.000000 -0.000646 -0.000534 -0.001106 -0.066777 0.072870 -0.002626 0.216854 -0.074546 -9.806319 
79.007179 -0.019128 0.020900 1.405002 26.543715 213.524958 1.173464 0.000000 0.000000 0.000000 0.003335 0.016590 0.003575 0.000000 0.000000 0.000000 -0.000648 -0.000527 -0.001103 -0.066688 0.073240 -0.002551 0.216853 -0.074561 -9.806319 
79.108475 -0.019199 0.020800 1.404834 26.543910 213.525801 1.173495 0.000000 0.000000 0.000000 0.003214 0.017126 0.003159 0.000000 0.000000 0.000000 -0.000643 -0.000532 -0.001094 -0.066469 0.073254 -0.002338 0.216846 -0.074562 -9.806319 
79.207641 -0.019213 0.020802 1.404875 26.544803 213.525731 1.173452 0.000000 0.000000 0.000000 0.005114 0.015039 0.003135 0.000000 0.000000 0.000000 -0.000636 -0.000538 -0.001095 -0.066069 0.073528 -0.002072 0.216835 -0.074574 -9.806320 
79.307585 -0.019198 0.020740 1.404988 26.544061 213.523017 1.173193 0.000000 0.000000 0.000000 0.001846 0.007588 0.002582 0.000000 0.000000 0.000000 -0.000638 -0.000553 -0.001096 -0.065000 0.073339 -0.001652 0.216802 -0.074571 -9.806320 
79.408855 -0.019151 0.020845 1.405075 26.542548 213.522366 1.172969 0.000000 0.000000 0.000000 -0.002839 0.006096 0.002028 0.000000 0.000000 0.000000 -0.000645 -0.000565 -0.001095 -0.064573 0.072894 -0.001335 0.216787 -0.074556 -9.806321 
79.507647 -0.019312 0.020831 1.405054 26.542444 213.521896 1.173278 0.000000 0.000000 0.000000 -0.002001 0.005940 0.002133 0.000000 0.000000 0.000000 -0.000636 -0.000575 -0.001091 -0.064297 0.073015 -0.001440 0.216779 -0.074562 -9.806321 
79.608649 -0.019237 0.020717 1.404962 26.542915 213.522264 1.173218 0.000000 0.000000 0.000000 0.000076 0.007687 0.001693 0.000000 0.000000 0.000000 -0.000636 -0.000579 -0.001088 -0.064264 0.073255 -0.001257 0.216779 -0.074571 -9.806321 
79.707433 -0.019376 0.020904 1.405048 26.543103 213.523006 1.173569 0.000000 0.000000 0.000000 0.000177 0.008901 0.001394 0.000000 0.000000 0.000000 -0.000634 -0.000590 -0.001090 -0.064239 0.073335 -0.001434 0.216779 -0.074574 -9.806321 
79.807552 -0.019266 0.020941 1.405058 26.543144 213.522052 1.173606 0.000000 0.000000 0.000000 0.000438 0.007577 0.001567 0.000000 0.000000 0.000000 -0.000636 -0.000595 -0.001092 -0.063772 0.073453 -0.001371 0.216767 -0.074580 -9.806321 
79.907361 -0.019327 0.020814 1.405046 26.542252 213.520350 1.173732 0.000000 0.000000 0.000000 -0.001207 0.004367 0.001724 0.000000 0.000000 0.000000 -0.000633 -0.000598 -0.001091 -0.063103 0.073280 -0.001352 0.216747 -0.074577 -9.806321 
80.007066 -0.019169 0.020903 1.404951 26.544652 213.520886 1.173893 0.000000 0.000000 0.000000 0.005729 0.006089 0.001627 0.000000 0.000000 0.000000 -0.000632 -0.000602 -0.001088 -0.063258 0.074090 -0.001350 0.216755 -0.074604 -9.806321 
80.108117 -0.019232 0.020793 1.404907 26.545659 213.522909 1.173773 0.000000 0.000000 0.000000 0.006610 0.011388 0.000897 0.000000 0.000000 0.000000 -0.000626 -0.000604 -0.001085 -0.063605 0.074184 -0.001184 0.216765 -0.074606 -9.806321 
80.207392 -0.019142 0.020891 1.404894 26.546559 213.524666 1.173273 0.000000 0.000000 0.000000 0.007049 0.014399 0.000198 0.000000 0.000000 0.000000 -0.000629 -0.000607 -0.001084 -0.063754 0.074253 -0.000773 0.216769 -0.074607 -9.806321 
80.308228 -0.019142 0.020713 1.404850 26.546604 213.523191 1.173112 0.000000 0.000000 0.000000 0.005736 0.009784 -0.000479 0.000000 0.000000 0.000000 -0.000623 -0.000613 -0.001081 -0.062998 0.074189 -0.000662 0.216749 -0.074608 -9.806321 
80.408434 -0.019148 0.020748 1.404818 26.546370 213.524563 1.172923 0.000000 0.000000 0.000000 0.004103 0.012583 -0.000360 0.000000 0.000000 0.000000 -0.000626 -0.000619 -0.001075 -0.063029 0.073925 -0.000587 0.216748 -0.074599 -9.806321 
80.507362 -0.019193 0.020944 1.404999 26.547187 213.523604 1.173690 0.000000 0.000000 0.000000 0.004894 0.009288 0.000637 0.000000 0.000000 0.000000 -0.000625 -0.000635 -0.001084 -0.062463 0.074173 -0.001205 0.216736 -0.074610 -9.806321 
80.608691 -0.019218 0.020788 1.404920 26.546923 213.522132 1.173529 0.000000 0.000000 0.000000 0.002850 0.005436 0.000590 0.000000 0.000000 0.000000 -0.000625 -0.000638 -0.001079 -0.061832 0.074073 -0.001038 0.216719 -0.074609 -9.806322 
80.707514 -0.019274 0.020746 1.405022 26.545676 213.522131 1.173505 0.000000 0.000000 0.000000 -0.000444 0.005347 0.000260 0.000000 0.000000 0.000000 -0.000625 -0.000644 -0.001080 -0.061600 0.073618 -0.001037 0.216712 -0.074596 -9.806322 
80.807790 -0.019300 0.020818 1.404913 26.545502 213.522761 1.173780 0.000000 0.000000 0.000000 -0.000071 0.008126 0.000830 0.000000 0.000000 0.000000 -0.000623 -0.000651 -0.001075 -0.061571 0.073581 -0.001242 0.216711 -0.074595 -9.806322 
80.908408 -0.019249 0.020930 1.405040 26.545068 213.525213 1.173894 0.000000 0.000000 0.000000 -0.001692 0.014091 0.000922 0.000000 0.000000 0.000000 -0.000624 -0.000652 -0.001081 -0.061912 0.073391 -0.001311 0.216718 -0.074587 -9.806322 
81.006920 -0.019177 0.020848 1.404861 26.544825 213.525149 1.173949 0.000000 0.000000 0.000000 -0.001931 0.012284 0.000699 0.000000 0.000000 0.000000 -0.000625 -0.000656 -0.001075 -0.061532 0.073471 -0.001330 0.216710 -0.074591 -9.806322 
81.108182 -0.019321 0.020920 1.405127 26.544131 213.525149 1.173451 0.000000 0.000000 0.000000 -0.002422 0.011448 0.000331 0.000000 0.000000 0.000000 -0.000624 -0.000668 -0.001084 -0.061203 0.073382 -0.000927 0.216701 -0.074590 -9.806322 
81.207153 -0.019161 0.020846 1.405046 26.542510 213.526298 1.173385 0.000000 0.000000 0.000000 -0.006290 0.012936 0.000256 0.000000 0.000000 0.000000 -0.000628 -0.000664 -0.001082 -0.061100 0.072973 -0.000892 0.216697 -0.074578 -9.806323 
81.308743 -0.019281 0.020904 1.405238 26.544088 213.526720 1.173911 0.000000 0.000000 0.000000 -0.000635 0.012667 0.000865 0.000000 0.000000 0.000000 -0.000622 -0.000674 -0.001091 -0.060972 0.073724 -0.001269 0.216698 -0.074601 -9.806322 
81.408281 -0.019121 0.020734 1.404831 26.544853 213.527344 1.173203 0.000000 0.000000 0.000000 0.001420 0.012375 0.000057 0.000000 0.000000 0.000000 -0.000620 -0.000671 -0.001076 -0.060874 0.074044 -0.000681 0.216696 -0.074610 -9.806322 
81.507478 -0.019335 0.020899 1.405003 26.545888 213.526282 1.173134 0.000000 0.000000 0.000000 0.004455 0.008276 -0.000175 0.000000 0.000000 0.000000 -0.000613 -0.000685 -0.001080 -0.060339 0.074430 -0.000653 0.216686 -0.074623 -9.806322 
81.607797 -0.019148 0.020668 1.404953 26.544956 213.523705 1.172722 0.000000 0.000000 0.000000 0.001093 0.001722 -0.000846 0.000000 0.000000 0.000000 -0.000614 -0.000686 -0.001076 -0.059417 0.074157 -0.000388 0.216665 -0.074618 -9.806323 
81.707385 -0.019270 0.020639 1.405077 26.542782 213.520596 1.172419 0.000000 0.000000 0.000000 -0.005953 -0.005221 -0.001211 0.000000 0.000000 0.000000 -0.000612 -0.000696 -0.001081 -0.058475 0.073622 -0.000267 0.216643 -0.074606 -9.806324 
81.807745 -0.019140 0.020830 1.405197 26.541526 213.523908 1.172633 0.000000 0.000000 0.000000 -0.007137 0.005317 -0.001073 0.000000 0.000000 0.000000 -0.000622 -0.000693 -0.001086 -0.059358 0.073258 -0.000602 0.216660 -0.074593 -9.806323 
81.908504 -0.019173 0.020708 1.405069 26.541076 213.521310 1.172711 0.000000 0.000000 0.000000 -0.006218 -0.000615 -0.000885 0.000000 0.000000 0.000000 -0.000616 -0.000698 -0.001081 -0.058582 0.073495 -0.000753 0.216645 -0.074603 -9.806323 
82.006922 -0.019143 0.020861 1.404935 26.540976 213.522563 1.172747 0.000000 0.000000 0.000000 -0.004465 0.003786 -0.001349 0.000000 0.000000 0.000000 -0.000621 -0.000700 -0.001079 -0.058918 0.073612 -0.000923 0.216652 -0.074605 -9.806323 
82.108042 -0.019231 0.020592 1.404865 26.541291 213.521742 1.172836 0.000000 0.000000 0.000000 -0.002571 0.001924 -0.001061 0.000000 0.000000 0.000000 -0.000609 -0.000700 -0.001076 -0.058646 0.073916 -0.001109 0.216648 -0.074614 -9.806323 
82.207020 -0.019427 0.020771 1.404968 26.542387 213.520216 1.172949 0.000000 0.000000 0.000000 0.000684 -0.001111 0.000141 0.000000 0.000000 0.000000 -0.000603 -0.000716 -0.001082 -0.058278 0.074438 -0.001262 0.216643 -0.074629 -9.806323 
82.306901 -0.019224 0.020679 1.405058 26.542102 213.517379 1.172863 0.000000 0.000000 0.000000 -0.000547 -0.006261 -0.000561 0.000000 0.000000 0.000000 -0.000605 -0.000715 -0.001082 -0.057583 0.074476 -0.001231 0.216629 -0.074632 -9.806324 
82.407228 -0.019060 0.020694 1.404996 26.543127 213.520666 1.172274 0.000000 0.000000 0.000000 0.003199 0.003503 -0.001119 0.000000 0.000000 0.000000 -0.000606 -0.000706 -0.001082 -0.058610 0.074632 -0.000888 0.216650 -0.074633 -9.806323 
82.507225 -0.019084 0.020699 1.405085 26.544046 213.523124 1.172278 0.000000 0.000000 0.000000 0.004934 0.009201 -0.000901 0.000000 0.000000 0.000000 -0.000604 -0.000706 -0.001085 -0.059146 0.074731 -0.001030 0.216660 -0.074634 -9.806323 
82.608369 -0.019108 0.020745 1.405032 26.544000 213.525241 1.172324 0.000000 0.000000 0.000000 0.003823 0.013522 -0.000834 0.000000 0.000000 0.000000 -0.000603 -0.000706 -0.001082 -0.059382 0.074516 -0.001184 0.216664 -0.074628 -9.806323 
82.707180 -0.019200 0.020801 1.405069 26.543987 213.526282 1.172643 0.000000 0.000000 0.000000 0.002912 0.013269 -0.000266 0.000000 0.000000 0.000000 -0.000602 -0.000710 -0.001082 -0.059250 0.074411 -0.001518 0.216661 -0.074626 -9.806323 
82.807849 -0.019015 0.020532 1.404994 26.544679 213.525898 1.172065 0.000000 0.000000 0.000000 0.003914 0.010520 -0.001029 0.000000 0.000000 0.000000 -0.000598 -0.000705 -0.001077 -0.058841 0.074639 -0.001122 0.216655 -0.074632 -9.806323 
82.908147 -0.019083 0.020799 1.405174 26.544510 213.526532 1.172083 0.000000 0.000000 0.000000 0.003009 0.010446 -0.000205 0.000000 0.000000 0.000000 -0.000604 -0.000719 -0.001083 -0.058690 0.074492 -0.001243 0.216651 -0.074629 -9.806323 
83.007125 -0.019252 0.020779 1.404988 26.544860 213.526587 1.172650 0.000000 0.000000 0.000000 0.003311 0.008967 0.000725 0.000000 0.000000 0.000000 -0.000596 -0.000728 -0.001073 -0.058412 0.074560 -0.001710 0.216647 -0.074632 -9.806323 
83.107855 -0.019110 0.020725 1.405132 26.543986 213.525394 1.172818 0.000000 0.000000 0.000000 0.000573 0.004997 0.001152 0.000000 0.000000 0.000000 -0.000598 -0.000731 -0.001075 -0.057799 0.074290 -0.001806 0.216635 -0.074628 -9.806324 
83.206899 -0.019250 0.020770 1.404976 26.545103 213.524689 1.173361 0.000000 0.000000 0.000000 0.003153 0.002292 0.002215 0.000000 0.000000 0.000000 -0.000592 -0.000743 -0.001069 -0.057537 0.074683 -0.002115 0.216632 -0.074638 -9.806324 
83.307208 -0.019133 0.020674 1.404993 26.546734 213.524089 1.173453 0.000000 0.000000 0.000000 0.006853 0.001097 0.002278 0.000000 0.000000 0.000000 -0.000589 -0.000740 -0.001069 -0.057396 0.075138 -0.002007 0.216631 -0.074649 -9.806323 
83.408007 -0.019199 0.020763 1.405020 26.546788 213.524818 1.173534 0.000000 0.000000 0.000000 0.005621 0.003269 0.002481 0.000000 0.000000 0.000000 -0.000590 -0.000744 -0.001071 -0.057517 0.074918 -0.001936 0.216632 -0.074643 -9.806323 
83.506769 -0.019087 0.020791 1.405066 26.547422 213.522529 1.172974 0.000000 0.000000 0.000000 0.005716 -0.002393 0.001314 0.000000 0.000000 0.000000 -0.000592 -0.000752 -0.001072 -0.056883 0.075080 -0.001350 0.216622 -0.074648 -9.806324 
83.608049 -0.019058 0.020785 1.405008 26.547380 213.523769 1.172809 0.000000 0.000000 0.000000 0.004402 0.001913 0.000705 0.000000 0.000000 0.000000 -0.000595 -0.000752 -0.001069 -0.057224 0.074832 -0.001193 0.216627 -0.074641 -9.806324 
83.706905 -0.019077 0.020689 1.405135 26.544044 213.524880 1.172844 0.000000 0.000000 0.000000 -0.005037 0.004530 0.000602 0.000000 0.000000 0.000000 -0.000602 -0.000750 -0.001072 -0.057247 0.073649 -0.001258 0.216623 -0.074616 -9.806324 
83.806934 -0.019163 0.020793 1.405125 26.543185 213.525855 1.172428 0.000000 0.000000 0.000000 -0.005165 0.006631 -0.000012 0.000000 0.000000 0.000000 -0.000602 -0.000757 -0.001074 -0.057360 0.073535 -0.000938 0.216625 -0.074613 -9.806324 
83.908096 -0.019024 0.020683 1.405004 26.542567 213.528524 1.172016 0.000000 0.000000 0.000000 -0.005171 0.012629 -0.000883 0.000000 0.000000 0.000000 -0.000605 -0.000752 -0.001069 -0.057856 0.073430 -0.000699 0.216632 -0.074609 -9.806324 
84.007102 -0.019104 0.020658 1.404927 26.541638 213.528527 1.171364 0.000000 0.000000 0.000000 -0.006704 0.010058 -0.001174 0.000000 0.000000 0.000000 -0.000600 -0.000759 -0.001065 -0.057523 0.073398 -0.000301 0.216627 -0.074609 -9.806324 
84.107950 -0.019112 0.020783 1.405078 26.541305 213.527568 1.171670 0.000000 0.000000 0.000000 -0.005244 0.006367 -0.000817 0.000000 0.000000 0.000000 -0.000599 -0.000773 -0.001069 -0.057023 0.073601 -0.000642 0.216620 -0.074615 -9.806324 
84.206964 -0.019149 0.020707 1.405022 26.541158 213.525970 1.172094 0.000000 0.000000 0.000000 -0.004799 0.001714 0.000323 0.000000 0.000000 0.000000 -0.000595 -0.000780 -0.001067 -0.056459 0.073837 -0.001020 0.216612 -0.074621 -9.806324 
84.307451 -0.019078 0.020719 1.404826 26.542211 213.527157 1.172008 0.000000 0.000000 0.000000 -0.000692 0.004938 0.000042 0.000000 0.000000 0.000000 -0.000593 -0.000781 -0.001060 -0.056789 0.074285 -0.000967 0.216618 -0.074629 -9.806324 
84.407258 -0.019103 0.020650 1.404863 26.543390 213.527557 1.172305 0.000000 0.000000 0.000000 0.003237 0.005643 0.000924 0.000000 0.000000 0.000000 -0.000586 -0.000782 -0.001063 -0.056815 0.074669 -0.001197 0.216620 -0.074637 -9.806324 
84.507100 -0.019035 0.020802 1.405189 26.540237 213.527410 1.172381 0.000000 0.000000 0.000000 -0.006112 0.005110 0.000835 0.000000 0.000000 0.000000 -0.000601 -0.000786 -0.001073 -0.056443 0.073668 -0.001251 0.216612 -0.074619 -9.806324 
84.608204 -0.019075 0.020709 1.404993 26.540094 213.526712 1.172104 0.000000 0.000000 0.000000 -0.004463 0.002288 0.000447 0.000000 0.000000 0.000000 -0.000594 -0.000789 -0.001065 -0.056170 0.073888 -0.001004 0.216608 -0.074623 -9.806324 
84.707007 -0.019050 0.020803 1.405053 26.541352 213.527018 1.172005 0.000000 0.000000 0.000000 0.000120 0.002372 0.000219 0.000000 0.000000 0.000000 -0.000588 -0.000793 -0.001071 -0.056287 0.074414 -0.000919 0.216612 -0.074633 -9.806324 
84.807250 -0.019087 0.020657 1.404923 26.542415 213.526544 1.172470 0.000000 0.000000 0.000000 0.002580 0.003005 0.001014 0.000000 0.000000 0.000000 -0.000583 -0.000796 -0.001062 -0.056130 0.074780 -0.001257 0.216611 -0.074640 -9.806324 
84.908180 -0.019038 0.020665 1.405198 26.543209 213.527343 1.172537 0.000000 0.000000 0.000000 0.003974 0.004601 0.001312 0.000000 0.000000 0.000000 -0.000587 -0.000796 -0.001072 -0.056285 0.074934 -0.001257 0.216613 -0.074643 -9.806324 
85.006898 -0.018999 0.020682 1.404977 26.543812 213.529016 1.172376 0.000000 0.000000 0.000000 0.004660 0.007296 0.000879 0.000000 0.000000 0.000000 -0.000588 -0.000796 -0.001064 -0.056612 0.074955 -0.001090 0.216618 -0.074642 -9.806324 
85.108123 -0.019109 0.020693 1.405132 26.544030 213.528124 1.172759 0.000000 0.000000 0.000000 0.004029 0.004669 0.001404 0.000000 0.000000 0.000000 -0.000585 -0.000804 -0.001065 -0.056169 0.074962 -0.001323 0.216612 -0.074644 -9.806324 
85.207138 -0.019041 0.020695 1.405061 26.544590 213.528392 1.172739 0.000000 0.000000 0.000000 0.003922 0.003956 0.001660 0.000000 0.000000 0.000000 -0.000585 -0.000802 -0.001061 -0.056129 0.075037 -0.001219 0.216611 -0.074645 -9.806324 
85.306931 -0.018902 0.020650 1.404914 26.546130 213.529011 1.172579 0.000000 0.000000 0.000000 0.007560 0.005638 0.001460 0.000000 0.000000 0.000000 -0.000585 -0.000801 -0.001055 -0.056234 0.075388 -0.000982 0.216614 -0.074651 -9.806324 
85.408107 -0.019091 0.020627 1.405058 26.545969 213.525408 1.172594 0.000000 0.000000 0.000000 0.005177 -0.004384 0.001555 0.000000 0.000000 0.000000 -0.000583 -0.000818 -0.001059 -0.055127 0.075303 -0.000861 0.216599 -0.074651 -9.806324 
85.506858 -0.019134 0.020651 1.405089 26.545483 213.525110 1.172975 0.000000 0.000000 0.000000 0.002634 -0.003832 0.002207 0.000000 0.000000 0.000000 -0.000584 -0.000820 -0.001057 -0.055117 0.075002 -0.001076 0.216598 -0.074647 -9.806324 
85.608017 -0.018996 0.020569 1.405137 26.545455 213.522954 1.172778 0.000000 0.000000 0.000000 0.002337 -0.007735 0.002226 0.000000 0.000000 0.000000 -0.000586 -0.000821 -0.001058 -0.054663 0.075003 -0.000765 0.216593 -0.074647 -9.806324 
85.706902 -0.018980 0.020793 1.405184 26.544969 213.522670 1.172692 0.000000 0.000000 0.000000 -0.000304 -0.007138 0.001598 0.000000 0.000000 0.000000 -0.000594 -0.000826 -0.001054 -0.054768 0.074786 -0.000574 0.216593 -0.074643 -9.806324 
85.807990 -0.019102 0.020648 1.404925 26.543870 213.521383 1.172571 0.000000 0.000000 0.000000 -0.002875 -0.008247 0.000544 0.000000 0.000000 0.000000 -0.000590 -0.000828 -0.001044 -0.054575 0.074510 -0.000430 0.216590 -0.074639 -9.806324 
85.908288 -0.019107 0.020836 1.405022 26.544766 213.521700 1.173194 0.000000 0.000000 0.000000 0.001634 -0.004952 0.001869 0.000000 0.000000 0.000000 -0.000588 -0.000834 -0.001046 -0.054922 0.074800 -0.000880 0.216595 -0.074643 -9.806324 
86.007052 -0.019068 0.020694 1.405185 26.544517 213.523509 1.172938 0.000000 0.000000 0.000000 0.000114 0.000348 0.001227 0.000000 0.000000 0.000000 -0.000587 -0.000826 -0.001052 -0.055515 0.074595 -0.000614 0.216601 -0.074639 -9.806324 
86.108226 -0.019039 0.020690 1.405151 26.544602 213.522641 1.173203 0.000000 0.000000 0.000000 -0.000550 -0.001627 0.000696 0.000000 0.000000 0.000000 -0.000587 -0.000830 -0.001048 -0.055286 0.074682 -0.000791 0.216599 -0.074641 -9.806324 
86.207271 -0.019100 0.020635 1.405059 26.544673 213.524537 1.173158 0.000000 0.000000 0.000000 0.000093 0.003812 0.001815 0.000000 0.000000 0.000000 -0.000585 -0.000829 -0.001045 -0.055821 0.074645 -0.000713 0.216605 -0.074639 -9.806324 
86.307434 -0.019165 0.020765 1.405096 26.545899 213.524190 1.173636 0.000000 0.000000 0.000000 0.003559 0.002896 0.001782 0.000000 0.000000 0.000000 -0.000583 -0.000834 -0.001048 -0.055678 0.075048 -0.000945 0.216605 -0.074646 -9.806324 
86.408220 -0.019104 0.020624 1.405112 26.544605 213.526359 1.172587 0.000000 0.000000 0.000000 -0.000742 0.007884 0.000017 0.000000 0.000000 0.000000 -0.000587 -0.000829 -0.001046 -0.056098 0.074494 -0.000113 0.216608 -0.074636 -9.806324 
86.506754 -0.019093 0.020808 1.405075 26.542448 213.522335 1.172679 0.000000 0.000000 0.000000 -0.005977 -0.002897 0.000267 0.000000 0.000000 0.000000 -0.000593 -0.000845 -0.001044 -0.054750 0.074100 -0.000186 0.216592 -0.074633 -9.806324 
86.607921 -0.019088 0.020731 1.405141 26.541361 213.523574 1.172230 0.000000 0.000000 0.000000 -0.006472 0.000748 -0.000871 0.000000 0.000000 0.000000 -0.000595 -0.000844 -0.001045 -0.055132 0.073896 0.000103 0.216595 -0.074629 -9.806324 
86.706980 -0.019028 0.020818 1.405078 26.542269 213.523090 1.172146 0.000000 0.000000 0.000000 -0.002598 -0.001071 -0.001049 0.000000 0.000000 0.000000 -0.000594 -0.000846 -0.001042 -0.055081 0.074415 0.000081 0.216596 -0.074636 -9.806324 
86.806952 -0.019118 0.020684 1.405186 26.541425 213.522329 1.172296 0.000000 0.000000 0.000000 -0.004162 -0.001563 -0.000565 0.000000 0.000000 0.000000 -0.000592 -0.000849 -0.001046 -0.054871 0.074284 -0.000143 0.216594 -0.074635 -9.806324 
86.908429 -0.019037 0.020674 1.405210 26.540548 213.523937 1.172065 0.000000 0.000000 0.000000 -0.005784 0.002835 -0.000709 0.000000 0.000000 0.000000 -0.000595 -0.000844 -0.001049 -0.055311 0.074093 -0.000072 0.216598 -0.074631 -9.806324 
87.007400 -0.018968 0.020848 1.405089 26.541457 213.524796 1.172389 0.000000 0.000000 0.000000 -0.001488 0.004482 -0.000334 0.000000 0.000000 0.000000 -0.000599 -0.000845 -0.001042 -0.055541 0.074530 -0.000412 0.216601 -0.074637 -9.806324 
87.108205 -0.019010 0.020818 1.405086 26.542279 213.523875 1.172200 0.000000 0.000000 0.000000 0.001912 0.001598 -0.000457 0.000000 0.000000 0.000000 -0.000594 -0.000849 -0.001039 -0.055240 0.074889 -0.000313 0.216599 -0.074643 -9.806324 
87.207322 -0.018952 0.020746 1.405195 26.542199 213.524951 1.171637 0.000000 0.000000 0.000000 0.000419 0.003669 -0.001025 0.000000 0.000000 0.000000 -0.000596 -0.000847 -0.001043 -0.055473 0.074797 0.000023 0.216601 -0.074641 -9.806324 
87.307098 -0.018933 0.020805 1.405145 26.541840 213.525590 1.171818 0.000000 0.000000 0.000000 -0.000590 0.005371 -0.000470 0.000000 0.000000 0.000000 -0.000598 -0.000847 -0.001042 -0.055499 0.074675 -0.000238 0.216601 -0.074639 -9.806324 
87.408273 -0.018943 0.020879 1.405112 26.542935 213.526300 1.171828 0.000000 0.000000 0.000000 0.003204 0.006105 -0.000254 0.000000 0.000000 0.000000 -0.000596 -0.000849 -0.001040 -0.055602 0.075018 -0.000297 0.216603 -0.074644 -9.806324 
87.507011 -0.019035 0.020823 1.405092 26.544611 213.527777 1.171946 0.000000 0.000000 0.000000 0.007332 0.008143 -0.000941 0.000000 0.000000 0.000000 -0.000588 -0.000850 -0.001039 -0.055893 0.075383 -0.000469 0.216607 -0.074648 -9.806324 
87.608095 -0.019060 0.020836 1.405156 26.544209 213.525143 1.172382 0.000000 0.000000 0.000000 0.004561 0.000880 0.000271 0.000000 0.000000 0.000000 -0.000584 -0.000856 -0.001041 -0.054919 0.075190 -0.000854 0.216597 -0.074647 -9.806324 
87.706777 -0.019095 0.020789 1.405050 26.543858 213.522189 1.172440 0.000000 0.000000 0.000000 0.002791 -0.006600 -0.000427 0.000000 0.000000 0.000000 -0.000585 -0.000865 -0.001037 -0.054089 0.075084 -0.000906 0.216589 -0.074647 -9.806324 
87.807925 -0.019157 0.020812 1.405068 26.542648 213.523159 1.172690 0.000000 0.000000 0.000000 -0.000483 -0.002512 -0.000344 0.000000 0.000000 0.000000 -0.000585 -0.000864 -0.001040 -0.054430 0.074560 -0.001211 0.216591 -0.074640 -9.806324 
87.900115 -0.019090 0.020819 1.405137 26.542780 213.524067 1.172631 0.000000 0.000000 0.000000 -0.000072 0.000879 -0.000227 0.000000 0.000000 0.000000 -0.000584 -0.000862 -0.001042 -0.054734 0.074572 -0.001214 0.216594 -0.074640 -9.806324 
87.999589 -0.018993 0.020922 1.405090 26.542913 213.526381 1.172692 0.000000 0.000000 0.000000 0.000436 0.006602 -0.000510 0.000000 0.000000 0.000000 -0.000586 -0.000860 -0.001039 -0.055323 0.074522 -0.001317 0.216599 -0.074638 -9.806324 
88.100656 -0.018854 0.020710 1.405092 26.543287 213.524199 1.171798 0.000000 0.000000 0.000000 0.002180 -0.000056 -0.001406 0.000000 0.000000 0.000000 -0.000583 -0.000850 -0.001038 -0.054576 0.074761 -0.000723 0.216593 -0.074642 -9.806324 
88.199781 -0.018958 0.020811 1.404956 26.544240 213.524653 1.171538 0.000000 0.000000 0.000000 0.004194 0.001114 -0.002234 0.000000 0.000000 0.000000 -0.000582 -0.000856 -0.001034 -0.054738 0.074982 -0.000641 0.216595 -0.074645 -9.806324 
88.300319 -0.018950 0.020857 1.405223 26.544619 213.524191 1.171216 0.000000 0.000000 0.000000 0.003136 -0.000260 -0.002964 0.000000 0.000000 0.000000 -0.000584 -0.000859 -0.001042 -0.054603 0.074995 -0.000651 0.216594 -0.074645 -9.806324 
88.400763 -0.018966 0.020662 1.405186 26.545560 213.522580 1.170887 0.000000 0.000000 0.000000 0.005641 -0.002872 -0.000688 0.000000 0.000000 0.000000 -0.000583 -0.000854 -0.001041 -0.054233 0.075244 -0.000619 0.216591 -0.074648 -9.806324 
88.499497 -0.018984 0.020814 1.405023 26.544313 213.522763 1.171285 0.000000 0.000000 0.000000 0.001385 -0.002346 -0.000163 0.000000 0.000000 0.000000 -0.000580 -0.000863 -0.001036 -0.054254 0.074731 -0.001000 0.216590 -0.074642 -9.806324 
88.599600 -0.019061 0.020795 1.405025 26.543770 213.523597 1.171748 0.000000 0.000000 0.000000 -0.001915 0.000016 -0.000620 0.000000 0.000000 0.000000 -0.000574 -0.000870 -0.001038 -0.054484 0.074527 -0.001446 0.216592 -0.074640 -9.806324 
88.699338 -0.019021 0.020786 1.405105 26.543386 213.524624 1.172190 0.000000 0.000000 0.000000 -0.000849 0.003217 0.000201 0.000000 0.000000 0.000000 -0.000572 -0.000875 -0.001042 -0.054710 0.074416 -0.001831 0.216594 -0.074638 -9.806324 
88.799666 -0.019031 0.020946 1.405175 26.543232 213.524382 1.172313 0.000000 0.000000 0.000000 -0.001935 0.002412 0.000930 0.000000 0.000000 0.000000 -0.000573 -0.000879 -0.001046 -0.054567 0.074429 -0.001885 0.216593 -0.074639 -9.806324 
88.900418 -0.018983 0.020665 1.405117 26.545306 213.523922 1.172159 0.000000 0.000000 0.000000 0.003541 0.001420 0.000945 0.000000 0.000000 0.000000 -0.000582 -0.000872 -0.001043 -0.054500 0.075154 -0.001691 0.216594 -0.074647 -9.806324 
88.999160 -0.019013 0.020839 1.405019 26.544056 213.525665 1.172338 0.000000 0.000000 0.000000 -0.000050 0.005839 0.001282 0.000000 0.000000 0.000000 -0.000577 -0.000884 -0.001041 -0.054823 0.074642 -0.001822 0.216595 -0.074641 -9.806324 
89.100375 -0.019004 0.020769 1.405146 26.544223 213.524572 1.172238 0.000000 0.000000 0.000000 0.002113 0.001258 0.000784 0.000000 0.000000 0.000000 -0.000579 -0.000877 -0.001047 -0.054392 0.074751 -0.001624 0.216592 -0.074642 -9.806324 
89.199347 -0.018912 0.020822 1.405185 26.543038 213.525529 1.172061 0.000000 0.000000 0.000000 -0.001395 0.003642 -0.000344 0.000000 0.000000 0.000000 -0.000577 -0.000878 -0.001047 -0.054537 0.074341 -0.001501 0.216592 -0.074638 -9.806324 
89.299144 -0.018909 0.020847 1.405159 26.542877 213.525295 1.171812 0.000000 0.000000 0.000000 -0.002862 0.002604 -0.000222 0.000000 0.000000 0.000000 -0.000577 -0.000880 -0.001047 -0.054397 0.074389 -0.001314 0.216591 -0.074639 -9.806324 
89.400263 -0.018833 0.020884 1.405002 26.541319 213.524218 1.171419 0.000000 0.000000 0.000000 -0.005859 -0.000525 -0.000732 0.000000 0.000000 0.000000 -0.000576 -0.000873 -0.001043 -0.054012 0.074096 -0.001067 0.216588 -0.074636 -9.806324 
89.499141 -0.018954 0.020902 1.405021 26.541517 213.524194 1.171502 0.000000 0.000000 0.000000 -0.003094 0.000005 -0.000352 0.000000 0.000000 0.000000 -0.000576 -0.000879 -0.001046 -0.054057 0.074328 -0.001186 0.216589 -0.074638 -9.806324 
89.600225 -0.018857 0.020883 1.405021 26.542936 213.525710 1.171187 0.000000 0.000000 0.000000 0.002187 0.003388 -0.000885 0.000000 0.000000 0.000000 -0.000580 -0.000884 -0.001044 -0.054532 0.074759 -0.000982 0.216593 -0.074642 -9.806324 
89.699278 -0.018887 0.020925 1.405061 26.542329 213.525044 1.171002 0.000000 0.000000 0.000000 -0.001325 0.002020 -0.001585 0.000000 0.000000 0.000000 -0.000573 -0.000883 -0.001042 -0.054229 0.074574 -0.000948 0.216590 -0.074641 -9.806324 
89.799140 -0.018841 0.020707 1.405018 26.540748 213.523390 1.170578 0.000000 0.000000 0.000000 -0.005670 -0.002274 -0.000662 0.000000 0.000000 0.000000 -0.000571 -0.000876 -0.001039 -0.053679 0.074265 -0.000716 0.216586 -0.074638 -9.806325 
89.900165 -0.018837 0.020697 1.405014 26.540807 213.522749 1.170148 0.000000 0.000000 0.000000 -0.002270 -0.003938 -0.002032 0.000000 0.000000 0.000000 -0.000576 -0.000876 -0.001038 -0.053615 0.074465 -0.000466 0.216585 -0.074640 -9.806325 
89.999018 -0.018860 0.020889 1.405223 26.541401 213.521661 1.170146 0.000000 0.000000 0.000000 0.000112 -0.005748 -0.001815 0.000000 0.000000 0.000000 -0.000578 -0.000883 -0.001047 -0.053482 0.074732 -0.000629 0.216585 -0.074643 -9.806325 
90.100083 -0.018843 0.020989 1.405119 26.542071 213.519989 1.170772 0.000000 0.000000 0.000000 -0.000522 -0.007391 -0.000289 0.000000 0.000000 0.000000 -0.000584 -0.000885 -0.001044 -0.053215 0.075018 -0.001227 0.216584 -0.074646 -9.806325 
90.199340 -0.018862 0.020846 1.405196 26.541630 213.520663 1.170408 0.000000 0.000000 0.000000 -0.000568 -0.004242 -0.001198 0.000000 0.000000 0.000000 -0.000579 -0.000887 -0.001047 -0.053588 0.074842 -0.000989 0.216586 -0.074644 -9.806324 
90.299338 -0.018877 0.020747 1.404992 26.542857 213.521063 1.169978 0.000000 0.000000 0.000000 0.004628 -0.002547 -0.001754 0.000000 0.000000 0.000000 -0.000579 -0.000890 -0.001041 -0.053887 0.075182 -0.000770 0.216589 -0.074646 -9.806324 
90.400449 -0.018753 0.020826 1.405074 26.543568 213.519527 1.169771 0.000000 0.000000 0.000000 0.006265 -0.005668 -0.001344 0.000000 0.000000 0.000000 -0.000581 -0.000889 -0.001040 -0.053578 0.075266 -0.000772 0.216587 -0.074647 -9.806324 
90.499299 -0.018875 0.020919 1.405095 26.543281 213.522369 1.170116 0.000000 0.000000 0.000000 0.001514 0.002914 -0.000871 0.000000 0.000000 0.000000 -0.000577 -0.000906 -0.001040 -0.054421 0.074898 -0.001192 0.216592 -0.074643 -9.806324 
90.600913 -0.018780 0.020758 1.405246 26.540929 213.521484 1.169814 0.000000 0.000000 0.000000 -0.004233 0.000156 -0.000898 0.000000 0.000000 0.000000 -0.000572 -0.000900 -0.001042 -0.053973 0.074243 -0.001076 0.216588 -0.074638 -9.806324 
90.699941 -0.018872 0.020861 1.405257 26.542654 213.521430 1.169690 0.000000 0.000000 0.000000 0.002344 -0.000499 -0.001211 0.000000 0.000000 0.000000 -0.000577 -0.000903 -0.001043 -0.054074 0.074843 -0.001043 0.216590 -0.074643 -9.806324 
90.799760 -0.018895 0.020805 1.405195 26.541987 213.521731 1.169895 0.000000 0.000000 0.000000 0.000089 -0.000165 -0.000431 0.000000 0.000000 0.000000 -0.000570 -0.000905 -0.001039 -0.054129 0.074572 -0.001285 0.216590 -0.074641 -9.806324 
90.901497 -0.018849 0.020667 1.405103 26.540633 213.518372 1.170010 0.000000 0.000000 0.000000 -0.003564 -0.007190 0.000381 0.000000 0.000000 0.000000 -0.000565 -0.000894 -0.001033 -0.053221 0.074329 -0.001435 0.216584 -0.074640 -9.806325 
90.999654 -0.018884 0.020837 1.404981 26.539029 213.514472 1.170158 0.000000 0.000000 0.000000 -0.008562 -0.015165 0.000467 0.000000 0.000000 0.000000 -0.000567 -0.000894 -0.001029 -0.052359 0.074133 -0.001528 0.216578 -0.074639 -9.806325 
91.101311 -0.018853 0.020784 1.405252 26.537298 213.515642 1.169617 0.000000 0.000000 0.000000 -0.009319 -0.009139 -0.000495 0.000000 0.000000 0.000000 -0.000567 -0.000899 -0.001040 -0.053092 0.073826 -0.001173 0.216582 -0.074636 -9.806325 
91.199796 -0.018946 0.020826 1.405209 26.536973 213.514396 1.170177 0.000000 0.000000 0.000000 -0.007144 -0.010068 -0.000257 0.000000 0.000000 0.000000 -0.000567 -0.000907 -0.001039 -0.053007 0.073977 -0.001645 0.216582 -0.074638 -9.806325 
91.301302 -0.018953 0.020940 1.405296 26.537495 213.515181 1.170834 0.000000 0.000000 0.000000 -0.002574 -0.004714 0.001106 0.000000 0.000000 0.000000 -0.000569 -0.000913 -0.001042 -0.053554 0.074260 -0.002163 0.216586 -0.074640 -9.806325 
91.401271 -0.018882 0.020881 1.405118 26.538691 213.516083 1.171040 0.000000 0.000000 0.000000 0.000958 0.000222 0.003466 0.000000 0.000000 0.000000 -0.000570 -0.000914 -0.001036 -0.053949 0.074625 -0.002170 0.216588 -0.074642 -9.806324 
91.499298 -0.019015 0.020856 1.405128 26.537516 213.515819 1.171213 0.000000 0.000000 0.000000 -0.004052 -0.002031 0.001390 0.000000 0.000000 0.000000 -0.000563 -0.000915 -0.001040 -0.053848 0.074327 -0.002151 0.216587 -0.074640 -9.806324 
91.601150 -0.018954 0.020745 1.405137 26.538526 213.515707 1.171245 0.000000 0.000000 0.000000 0.002290 -0.000426 0.002850 0.000000 0.000000 0.000000 -0.000565 -0.000916 -0.001040 -0.053960 0.074716 -0.002053 0.216589 -0.074643 -9.806324 
91.699457 -0.018908 0.020865 1.405218 26.540109 213.517022 1.171308 0.000000 0.000000 0.000000 0.006323 0.003729 0.003465 0.000000 0.000000 0.000000 -0.000569 -0.000921 -0.001042 -0.054344 0.075041 -0.001860 0.216591 -0.074645 -9.806324 
91.801218 -0.018952 0.020744 1.405063 26.540220 213.518626 1.171201 0.000000 0.000000 0.000000 0.005053 0.004315 0.001215 0.000000 0.000000 0.000000 -0.000563 -0.000921 -0.001036 -0.054645 0.074827 -0.001567 0.216592 -0.074643 -9.806324 
91.901506 -0.018820 0.020632 1.405010 26.540550 213.521343 1.170925 0.000000 0.000000 0.000000 0.004522 0.012012 0.002777 0.000000 0.000000 0.000000 -0.000563 -0.000922 -0.001031 -0.055178 0.074694 -0.001285 0.216595 -0.074641 -9.806324 
91.999756 -0.018999 0.020819 1.405203 26.538952 213.520231 1.171113 0.000000 0.000000 0.000000 -0.002079 0.008164 0.003371 0.000000 0.000000 0.000000 -0.000561 -0.000927 -0.001039 -0.054535 0.074270 -0.001219 0.216591 -0.074638 -9.806324 
92.101795 -0.019194 0.021104 1.405102 26.537061 213.519274 1.171581 0.000000 0.000000 0.000000 -0.003371 0.001523 0.002829 0.000000 0.000000 0.000000 -0.000562 -0.000938 -0.001035 -0.054008 0.073841 -0.001324 0.216588 -0.074636 -9.806325 
92.199508 -0.018968 0.020904 1.405103 26.538626 213.519425 1.171607 0.000000 0.000000 0.000000 0.000040 0.002678 0.002500 0.000000 0.000000 0.000000 -0.000561 -0.000930 -0.001035 -0.054114 0.074387 -0.001167 0.216589 -0.074640 -9.806324 
92.301057 -0.018891 0.020870 1.405131 26.537255 213.519949 1.171581 0.000000 0.000000 0.000000 -0.004646 0.004754 0.003010 0.000000 0.000000 0.000000 -0.000561 -0.000928 -0.001035 -0.054085 0.074066 -0.000875 0.216588 -0.074637 -9.806324 
92.401221 -0.018989 0.020898 1.405071 26.539050 213.519253 1.171703 0.000000 0.000000 0.000000 0.004915 0.000766 0.001660 0.000000 0.000000 0.000000 -0.000559 -0.000928 -0.001030 -0.053912 0.074714 -0.000782 0.216588 -0.074642 -9.806324 
92.499457 -0.018865 0.020861 1.405091 26.539236 213.519004 1.171392 0.000000 0.000000 0.000000 0.003906 -0.001298 0.001855 0.000000 0.000000 0.000000 -0.000558 -0.000924 -0.001029 -0.053854 0.074673 -0.000455 0.216588 -0.074642 -9.806324 
92.600895 -0.018959 0.020873 1.405205 26.540668 213.519725 1.171699 0.000000 0.000000 0.000000 0.003396 0.003522 0.002396 0.000000 0.000000 0.000000 -0.000552 -0.000931 -0.001032 -0.054085 0.074922 -0.000533 0.216589 -0.074643 -9.806324 
92.699277 -0.018899 0.020872 1.405149 26.539744 213.518768 1.171793 0.000000 0.000000 0.000000 -0.002530 0.000522 0.000427 0.000000 0.000000 0.000000 -0.000557 -0.000929 -0.001029 -0.053726 0.074699 -0.000493 0.216588 -0.074642 -9.806324 
92.801352 -0.019023 0.020665 1.405101 26.539456 213.520324 1.171561 0.000000 0.000000 0.000000 0.004356 0.003117 0.000926 0.000000 0.000000 0.000000 -0.000554 -0.000929 -0.001027 -0.054100 0.074573 -0.000258 0.216589 -0.074641 -9.806324 
92.902223 -0.018870 0.020862 1.405191 26.540794 213.519504 1.170759 0.000000 0.000000 0.000000 0.007570 -0.000506 0.001268 0.000000 0.000000 0.000000 -0.000554 -0.000930 -0.001029 -0.053878 0.074832 0.000413 0.216588 -0.074643 -9.806324 
92.999706 -0.019041 0.020776 1.405164 26.539307 213.517849 1.170908 0.000000 0.000000 0.000000 0.000994 -0.004022 0.000348 0.000000 0.000000 0.000000 -0.000544 -0.000933 -0.001026 -0.053380 0.074318 0.000320 0.216585 -0.074640 -9.806325 
93.102664 -0.019001 0.020916 1.405174 26.538065 213.515813 1.171348 0.000000 0.000000 0.000000 -0.006048 -0.006406 0.000943 0.000000 0.000000 0.000000 -0.000549 -0.000935 -0.001026 -0.052915 0.074082 -0.000008 0.216583 -0.074639 -9.806325 
93.201014 -0.019223 0.021058 1.405099 26.536144 213.514023 1.172233 0.000000 0.000000 0.000000 -0.007064 -0.010079 0.001840 0.000000 0.000000 0.000000 -0.000551 -0.000944 -0.001025 -0.052576 0.073748 -0.000646 0.216581 -0.074637 -9.806325 
93.302623 -0.018986 0.020837 1.405229 26.536428 213.513728 1.172234 0.000000 0.000000 0.000000 -0.001629 -0.008503 0.001625 0.000000 0.000000 0.000000 -0.000553 -0.000935 -0.001027 -0.052818 0.073964 -0.000536 0.216582 -0.074638 -9.806325 
93.403014 -0.018981 0.020979 1.405178 26.536735 213.512741 1.172320 0.000000 0.000000 0.000000 -0.003521 -0.008115 0.001874 0.000000 0.000000 0.000000 -0.000557 -0.000943 -0.001024 -0.052840 0.074168 -0.000492 0.216583 -0.074639 -9.806325 
93.500767 -0.018961 0.020865 1.405277 26.538209 213.514732 1.172359 0.000000 0.000000 0.000000 0.001358 -0.001406 0.001836 0.000000 0.000000 0.000000 -0.000555 -0.000936 -0.001028 -0.053647 0.074577 -0.000444 0.216587 -0.074641 -9.806324 
93.602620 -0.019144 0.020863 1.405300 26.537364 213.517586 1.172472 0.000000 0.000000 0.000000 0.002004 0.005276 0.002642 0.000000 0.000000 0.000000 -0.000551 -0.000935 -0.001026 -0.054357 0.074175 -0.000405 0.216589 -0.074638 -9.806324 
93.701380 -0.019121 0.020920 1.405074 26.537849 213.518597 1.172580 0.000000 0.000000 0.000000 0.002400 0.006495 0.002039 0.000000 0.000000 0.000000 -0.000549 -0.000937 -0.001018 -0.054473 0.074218 -0.000349 0.216590 -0.074639 -9.806324 
93.801095 -0.019029 0.020958 1.405112 26.539232 213.520728 1.172390 0.000000 0.000000 0.000000 0.002985 0.010314 0.002333 0.000000 0.000000 0.000000 -0.000551 -0.000935 -0.001020 -0.054891 0.074542 -0.000067 0.216592 -0.074640 -9.806324 
93.902812 -0.018941 0.020809 1.404969 26.538453 213.517768 1.172273 0.000000 0.000000 0.000000 0.001756 0.001199 0.002253 0.000000 0.000000 0.000000 -0.000555 -0.000939 -0.001018 -0.053835 0.074427 0.000227 0.216587 -0.074640 -9.806324 
94.001135 -0.018894 0.020762 1.405028 26.540115 213.518460 1.171723 0.000000 0.000000 0.000000 0.007358 0.002030 0.000593 0.000000 0.000000 0.000000 -0.000550 -0.000941 -0.001022 -0.054060 0.074785 0.000748 0.216589 -0.074642 -9.806324 
94.102951 -0.019039 0.020908 1.405073 26.542083 213.519254 1.171619 0.000000 0.000000 0.000000 0.009135 0.003441 0.000623 0.000000 0.000000 0.000000 -0.000547 -0.000951 -0.001021 -0.054272 0.075140 0.000851 0.216590 -0.074644 -9.806324 
94.201347 -0.019080 0.020946 1.405138 26.542497 213.519008 1.171548 0.000000 0.000000 0.000000 0.007509 0.001917 0.000470 0.000000 0.000000 0.000000 -0.000548 -0.000957 -0.001026 -0.054096 0.075031 0.000915 0.216589 -0.074643 -9.806324 
94.301366 -0.018945 0.020722 1.405181 26.544076 213.522636 1.171133 0.000000 0.000000 0.000000 0.011775 0.010820 -0.000518 0.000000 0.000000 0.000000 -0.000545 -0.000949 -0.001023 -0.054981 0.075081 0.001156 0.216593 -0.074643 -9.806324 
94.401548 -0.019072 0.020834 1.405126 26.542978 213.526186 1.170860 0.000000 0.000000 0.000000 0.005271 0.015867 -0.001165 0.000000 0.000000 0.000000 -0.000544 -0.000952 -0.001024 -0.055484 0.074332 0.001220 0.216594 -0.074639 -9.806324 
94.501115 -0.018940 0.020743 1.405158 26.542540 213.527010 1.170696 0.000000 0.000000 0.000000 0.002524 0.013921 -0.001160 0.000000 0.000000 0.000000 -0.000542 -0.000950 -0.001026 -0.055217 0.074104 0.001197 0.216593 -0.074638 -9.806324 
94.604117 -0.018918 0.020828 1.405112 26.540851 213.524547 1.170922 0.000000 0.000000 0.000000 -0.002646 0.005602 -0.001106 0.000000 0.000000 0.000000 -0.000543 -0.000958 -0.001023 -0.054110 0.073730 0.000915 0.216588 -0.074636 -9.806324 
94.702361 -0.018907 0.020725 1.405134 26.540997 213.523668 1.170385 0.000000 0.000000 0.000000 -0.001965 0.000878 -0.001000 0.000000 0.000000 0.000000 -0.000544 -0.000959 -0.001022 -0.053780 0.073950 0.001223 0.216587 -0.074638 -9.806325 
94.802777 -0.019067 0.020831 1.405132 26.541229 213.524691 1.170780 0.000000 0.000000 0.000000 0.000893 0.003241 -0.000514 0.000000 0.000000 0.000000 -0.000543 -0.000964 -0.001022 -0.054034 0.074007 0.000791 0.216588 -0.074638 -9.806324 
94.904028 -0.018904 0.020644 1.405144 26.542206 213.525427 1.170224 0.000000 0.000000 0.000000 0.002315 0.004891 -0.001234 0.000000 0.000000 0.000000 -0.000540 -0.000956 -0.001020 -0.054182 0.074272 0.001130 0.216589 -0.074639 -9.806324 
95.002068 -0.018916 0.020802 1.405120 26.542682 213.526413 1.170192 0.000000 0.000000 0.000000 0.002344 0.005903 -0.000892 0.000000 0.000000 0.000000 -0.000544 -0.000956 -0.001022 -0.054321 0.074355 0.001010 0.216589 -0.074639 -9.806324 
95.103009 -0.018932 0.020743 1.405042 26.542758 213.523445 1.170001 0.000000 0.000000 0.000000 0.003333 -0.002505 -0.001697 0.000000 0.000000 0.000000 -0.000539 -0.000969 -0.001021 -0.053390 0.074445 0.001053 0.216586 -0.074640 -9.806325 
95.202167 -0.019030 0.020768 1.405135 26.542411 213.520876 1.170091 0.000000 0.000000 0.000000 0.001818 -0.008114 -0.000974 0.000000 0.000000 0.000000 -0.000536 -0.000978 -0.001024 -0.052758 0.074347 0.000819 0.216584 -0.074640 -9.806325 
95.302767 -0.019042 0.020718 1.405215 26.541019 213.522336 1.170186 0.000000 0.000000 0.000000 -0.002435 -0.002757 -0.001417 0.000000 0.000000 0.000000 -0.000541 -0.000973 -0.001024 -0.053277 0.073796 0.000588 0.216585 -0.074638 -9.806325 
95.404237 -0.019142 0.020891 1.405263 26.541461 213.521293 1.171405 0.000000 0.000000 0.000000 -0.002054 -0.004768 0.000922 0.000000 0.000000 0.000000 -0.000537 -0.000980 -0.001024 -0.053124 0.074049 -0.000447 0.216585 -0.074639 -9.806325 
95.502706 -0.019113 0.020802 1.405189 26.543193 213.523788 1.171904 0.000000 0.000000 0.000000 0.004691 0.002448 0.002059 0.000000 0.000000 0.000000 -0.000529 -0.000965 -0.001018 -0.054008 0.074483 -0.000771 0.216588 -0.074641 -9.806324 
95.604416 -0.019054 0.020892 1.405193 26.544181 213.525237 1.172430 0.000000 0.000000 0.000000 0.006792 0.006412 0.002129 0.000000 0.000000 0.000000 -0.000529 -0.000962 -0.001014 -0.054316 0.074568 -0.001053 0.216589 -0.074641 -9.806324 
95.702646 -0.019048 0.020761 1.405169 26.543185 213.524702 1.172101 0.000000 0.000000 0.000000 0.001368 0.001972 0.001956 0.000000 0.000000 0.000000 -0.000534 -0.000969 -0.001013 -0.053939 0.074155 -0.000676 0.216588 -0.074639 -9.806324 
95.804096 -0.019050 0.020747 1.405026 26.542204 213.523743 1.172718 0.000000 0.000000 0.000000 -0.001454 -0.000207 0.002351 0.000000 0.000000 0.000000 -0.000535 -0.000978 -0.001006 -0.053576 0.073878 -0.001026 0.216586 -0.074638 -9.806325 
95.904078 -0.019196 0.020877 1.405108 26.540991 213.522074 1.173069 0.000000 0.000000 0.000000 -0.004174 -0.003523 0.002943 0.000000 0.000000 0.000000 -0.000538 -0.000997 -0.001006 -0.053081 0.073657 -0.001111 0.216584 -0.074638 -9.806325 
96.002246 -0.019154 0.020807 1.405195 26.539766 213.524090 1.173206 0.000000 0.000000 0.000000 -0.006586 0.000983 0.003211 0.000000 0.000000 0.000000 -0.000543 -0.000987 -0.001010 -0.053704 0.073344 -0.001059 0.216586 -0.074636 -9.806325 
96.103875 -0.019104 0.020948 1.405203 26.539309 213.524475 1.173621 0.000000 0.000000 0.000000 -0.007349 0.002900 0.002918 0.000000 0.000000 0.000000 -0.000541 -0.000990 -0.001014 -0.053790 0.073435 -0.001165 0.216586 -0.074636 -9.806325 
96.202103 -0.018972 0.020942 1.405186 26.538804 213.523975 1.173658 0.000000 0.000000 0.000000 -0.006949 0.000479 0.003474 0.000000 0.000000 0.000000 -0.000541 -0.000990 -0.001013 -0.053593 0.073591 -0.000963 0.216586 -0.074637 -9.806325 
96.302609 -0.019193 0.021003 1.405213 26.539527 213.526792 1.174031 0.000000 0.000000 0.000000 -0.002850 0.006967 0.003474 0.000000 0.000000 0.000000 -0.000533 -0.000985 -0.001015 -0.054406 0.073908 -0.001015 0.216589 -0.074638 -9.806324 
96.403892 -0.019165 0.020855 1.405066 26.539901 213.526176 1.174170 0.000000 0.000000 0.000000 -0.000369 0.004904 0.003925 0.000000 0.000000 0.000000 -0.000525 -0.000986 -0.001009 -0.054076 0.074177 -0.000845 0.216588 -0.074639 -9.806324 
96.503564 -0.019224 0.020925 1.405020 26.542298 213.524117 1.174527 0.000000 0.000000 0.000000 0.005886 -0.000708 0.003682 0.000000 0.000000 0.000000 -0.000510 -0.000998 -0.001006 -0.053522 0.075012 -0.000797 0.216587 -0.074643 -9.806324 
96.603021 -0.019176 0.020802 1.405143 26.542241 213.524285 1.174117 0.000000 0.000000 0.000000 0.005053 -0.000023 0.002728 0.000000 0.000000 0.000000 -0.000511 -0.000993 -0.001012 -0.053567 0.074828 -0.000258 0.216587 -0.074642 -9.806324 
96.702734 -0.019179 0.020740 1.405072 26.543200 213.524209 1.173789 0.000000 0.000000 0.000000 0.006279 -0.000968 0.001950 0.000000 0.000000 0.000000 -0.000508 -0.000990 -0.001010 -0.053578 0.074963 0.000158 0.216587 -0.074643 -9.806324 
96.803873 -0.019059 0.020763 1.404955 26.543368 213.520023 1.173587 0.000000 0.000000 0.000000 0.003903 -0.011398 0.000871 0.000000 0.000000 0.000000 -0.000507 -0.001005 -0.001005 -0.052503 0.075027 0.000443 0.216584 -0.074644 -9.806325 
96.903948 -0.019080 0.020760 1.405050 26.543895 213.521392 1.173236 0.000000 0.000000 0.000000 0.003796 -0.003851 0.001529 0.000000 0.000000 0.000000 -0.000506 -0.000997 -0.001006 -0.053189 0.074987 0.000739 0.216586 -0.074643 -9.806324 
97.002072 -0.019163 0.020674 1.405165 26.543788 213.519627 1.173297 0.000000 0.000000 0.000000 0.004009 -0.006998 0.000775 0.000000 0.000000 0.000000 -0.000506 -0.001004 -0.001008 -0.052804 0.074895 0.000763 0.216585 -0.074643 -9.806325 
97.103923 -0.019061 0.020791 1.405145 26.543736 213.521087 1.172804 0.000000 0.000000 0.000000 0.005088 -0.003702 -0.000850 0.000000 0.000000 0.000000 -0.000513 -0.000995 -0.001006 -0.053390 0.074628 0.001068 0.216586 -0.074642 -9.806324 
97.202026 -0.019031 0.020676 1.405180 26.544136 213.521044 1.172300 0.000000 0.000000 0.000000 0.003325 -0.001220 0.000477 0.000000 0.000000 0.000000 -0.000508 -0.000992 -0.001003 -0.053479 0.074613 0.001378 0.216586 -0.074642 -9.806324 
97.302595 -0.019091 0.020780 1.405257 26.542519 213.522262 1.172558 0.000000 0.000000 0.000000 -0.002126 0.003413 0.000447 0.000000 0.000000 0.000000 -0.000518 -0.000989 -0.001006 -0.053697 0.074005 0.001192 0.216586 -0.074639 -9.806325 
97.403895 -0.019176 0.020842 1.405299 26.542106 213.525317 1.172508 0.000000 0.000000 0.000000 -0.002677 0.006332 -0.002308 0.000000 0.000000 0.000000 -0.000522 -0.000982 -0.001007 -0.054452 0.073848 0.001084 0.216588 -0.074638 -9.806324 
97.502761 -0.019038 0.020749 1.405057 26.542979 213.524497 1.171537 0.000000 0.000000 0.000000 0.000068 0.003586 -0.002682 0.000000 0.000000 0.000000 -0.000519 -0.000984 -0.000999 -0.054144 0.074282 0.001599 0.216588 -0.074640 -9.806324 
97.604042 -0.019114 0.020559 1.405238 26.542428 213.524047 1.171175 0.000000 0.000000 0.000000 -0.001538 0.004067 -0.002232 0.000000 0.000000 0.000000 -0.000516 -0.000985 -0.001005 -0.053857 0.074185 0.001666 0.216587 -0.074640 -9.806324 
97.702402 -0.019177 0.020806 1.405040 26.540384 213.521535 1.171662 0.000000 0.000000 0.000000 -0.005447 -0.005856 -0.002334 0.000000 0.000000 0.000000 -0.000526 -0.001002 -0.000995 -0.053006 0.073762 0.001038 0.216585 -0.074639 -9.806325 
97.803796 -0.019297 0.020798 1.405116 26.540768 213.523592 1.171893 0.000000 0.000000 0.000000 0.001547 0.000186 -0.001526 0.000000 0.000000 0.000000 -0.000519 -0.000996 -0.000998 -0.053758 0.073846 0.000621 0.216586 -0.074639 -9.806325 
97.903766 -0.019080 0.020859 1.405021 26.540535 213.525919 1.171626 0.000000 0.000000 0.000000 -0.003472 0.006130 -0.002342 0.000000 0.000000 0.000000 -0.000523 -0.000985 -0.000992 -0.054354 0.073685 0.000623 0.216588 -0.074638 -9.806324 
98.002028 -0.019121 0.020775 1.405308 26.540465 213.521303 1.171513 0.000000 0.000000 0.000000 -0.006310 -0.004139 -0.002750 0.000000 0.000000 0.000000 -0.000517 -0.001004 -0.001001 -0.052957 0.074096 0.000459 0.216585 -0.074640 -9.806325 
98.103498 -0.019127 0.020794 1.405165 26.539620 213.521948 1.172044 0.000000 0.000000 0.000000 -0.004532 -0.003205 -0.000652 0.000000 0.000000 0.000000 -0.000525 -0.001002 -0.000995 -0.053243 0.073992 -0.000150 0.216585 -0.074639 -9.806325 
98.202164 -0.019230 0.020705 1.405190 26.538764 213.519931 1.171852 0.000000 0.000000 0.000000 -0.001628 -0.008236 -0.001866 0.000000 0.000000 0.000000 -0.000522 -0.001011 -0.000995 -0.052801 0.073897 -0.000146 0.216584 -0.074639 -9.806325 
98.303556 -0.019181 0.020744 1.405108 26.538948 213.524085 1.171863 0.000000 0.000000 0.000000 -0.001979 0.006111 -0.000143 0.000000 0.000000 0.000000 -0.000522 -0.000995 -0.000989 -0.054114 0.073798 -0.000340 0.216587 -0.074638 -9.806324 
98.403925 -0.019050 0.020819 1.405143 26.539869 213.523851 1.172097 0.000000 0.000000 0.000000 -0.001265 0.004204 -0.000075 0.000000 0.000000 0.000000 -0.000521 -0.001001 -0.000991 -0.053944 0.074235 -0.000535 0.216587 -0.074640 -9.806324 
98.502342 -0.019211 0.020820 1.405147 26.540129 213.523774 1.172292 0.000000 0.000000 0.000000 0.002633 0.001728 0.000633 0.000000 0.000000 0.000000 -0.000515 -0.001011 -0.000991 -0.053852 0.074341 -0.000749 0.216587 -0.074640 -9.806324 
98.603930 -0.019085 0.020698 1.405095 26.540593 213.525545 1.172029 0.000000 0.000000 0.000000 0.005083 0.006327 0.000828 0.000000 0.000000 0.000000 -0.000516 -0.001002 -0.000992 -0.054265 0.074310 -0.000544 0.216588 -0.074640 -9.806324 
98.702230 -0.019099 0.020843 1.405123 26.542039 213.524634 1.171945 0.000000 0.000000 0.000000 0.004540 0.001710 0.000319 0.000000 0.000000 0.000000 -0.000513 -0.001012 -0.000992 -0.053905 0.074698 -0.000455 0.216587 -0.074641 -9.806324 
98.803776 -0.019116 0.020711 1.405267 26.542131 213.525047 1.171727 0.000000 0.000000 0.000000 0.003548 0.002337 0.000038 0.000000 0.000000 0.000000 -0.000512 -0.001008 -0.000996 -0.053964 0.074603 -0.000320 0.216587 -0.074641 -9.806324 
98.903932 -0.019089 0.020733 1.405150 26.541990 213.521816 1.171602 0.000000 0.000000 0.000000 0.004607 -0.004490 -0.000180 0.000000 0.000000 0.000000 -0.000514 -0.001022 -0.000990 -0.052994 0.074591 -0.000218 0.216585 -0.074641 -9.806325 
99.002293 -0.019151 0.020790 1.405225 26.541026 213.522130 1.171717 0.000000 0.000000 0.000000 0.002238 -0.005451 -0.001569 0.000000 0.000000 0.000000 -0.000517 -0.001027 -0.000993 -0.053171 0.074101 -0.000481 0.216585 -0.074640 -9.806325 
99.103920 -0.019138 0.020822 1.405367 26.541162 213.518794 1.171798 0.000000 0.000000 0.000000 0.003163 -0.009979 -0.000146 0.000000 0.000000 0.000000 -0.000512 -0.001042 -0.000998 -0.052423 0.074182 -0.000652 0.216584 -0.074640 -9.806325 
99.202475 -0.018788 0.020818 1.405312 26.540902 213.518040 1.171495 0.000000 0.000000 0.000000 -0.003480 -0.009085 0.001201 0.000000 0.000000 0.000000 -0.000520 -0.001035 -0.000995 -0.052470 0.074091 -0.000409 0.216584 -0.074640 -9.806325 
99.302389 -0.018976 0.020829 1.405363 26.542281 213.520213 1.171789 0.000000 0.000000 0.000000 -0.000066 -0.002104 0.000206 0.000000 0.000000 0.000000 -0.000514 -0.001032 -0.000999 -0.053415 0.074520 -0.000636 0.216586 -0.074641 -9.806325 
99.403888 -0.018954 0.020934 1.405167 26.540480 213.519939 1.171890 0.000000 0.000000 0.000000 -0.001085 -0.001445 0.001067 0.000000 0.000000 0.000000 -0.000526 -0.001037 -0.000988 -0.053301 0.073952 -0.000738 0.216585 -0.074639 -9.806325 
99.502292 -0.019013 0.020888 1.405253 26.539906 213.519070 1.171665 0.000000 0.000000 0.000000 -0.002493 -0.002907 -0.000718 0.000000 0.000000 0.000000 -0.000528 -0.001038 -0.000989 -0.053091 0.073877 -0.000562 0.216585 -0.074639 -9.806325 
99.603860 -0.018882 0.020787 1.405248 26.540226 213.516734 1.171576 0.000000 0.000000 0.000000 -0.003727 -0.008254 -0.001046 0.000000 0.000000 0.000000 -0.000525 -0.001041 -0.000985 -0.052599 0.074187 -0.000598 0.216584 -0.074640 -9.806325 
99.702689 -0.019032 0.020743 1.405275 26.538816 213.518672 1.171322 0.000000 0.000000 0.000000 -0.007372 -0.002349 0.001101 0.000000 0.000000 0.000000 -0.000530 -0.001035 -0.000988 -0.053318 0.073835 -0.000486 0.216585 -0.074639 -9.806325 
99.802509 -0.019210 0.020676 1.405133 26.539435 213.517865 1.171548 0.000000 0.000000 0.000000 0.001627 -0.003225 -0.000227 0.000000 0.000000 0.000000 -0.000524 -0.001035 -0.000980 -0.053222 0.074201 -0.000635 0.216585 -0.074640 -9.806325 
99.904906 -0.019302 0.020847 1.405000 26.540574 213.518187 1.172233 0.000000 0.000000 0.000000 0.008193 -0.002767 0.000816 0.000000 0.000000 0.000000 -0.000517 -0.001038 -0.000973 -0.053440 0.074365 -0.001222 0.216586 -0.074641 -9.806325 
100.004207 -0.019144 0.020772 1.405212 26.540408 213.517194 1.172055 0.000000 0.000000 0.000000 0.002292 -0.003704 0.001163 0.000000 0.000000 0.000000 -0.000516 -0.001034 -0.000982 -0.053223 0.074165 -0.001031 0.216585 -0.074640 -9.806325 
100.102862 -0.019104 0.020915 1.405196 26.540518 213.516370 1.172121 0.000000 0.000000 0.000000 -0.002073 -0.003358 0.000474 0.000000 0.000000 0.000000 -0.000518 -0.001039 -0.000982 -0.053098 0.074237 -0.001041 0.216585 -0.074640 -9.806325 
100.202426 -0.019178 0.020875 1.405243 26.540422 213.518762 1.172362 0.000000 0.000000 0.000000 -0.001768 0.001944 0.001761 0.000000 0.000000 0.000000 -0.000526 -0.001032 -0.000984 -0.053848 0.074196 -0.001229 0.216586 -0.074640 -9.806325 
100.304010 -0.019177 0.020786 1.405300 26.539002 213.518494 1.172365 0.000000 0.000000 0.000000 0.000314 0.000947 0.001608 0.000000 0.000000 0.000000 -0.000531 -0.001033 -0.000988 -0.053654 0.073801 -0.001133 0.216586 -0.074639 -9.806325 
100.404141 -0.019184 0.020854 1.405246 26.539837 213.520767 1.172590 0.000000 0.000000 0.000000 0.002909 0.006936 0.001195 0.000000 0.000000 0.000000 -0.000528 -0.001027 -0.000985 -0.054263 0.073915 -0.001249 0.216587 -0.074639 -9.806324 
100.502489 -0.019223 0.020912 1.405281 26.538754 213.520157 1.172303 0.000000 0.000000 0.000000 -0.003926 0.003484 0.001215 0.000000 0.000000 0.000000 -0.000532 -0.001035 -0.000986 -0.053856 0.073657 -0.000962 0.216586 -0.074639 -9.806325 
100.602596 -0.019146 0.020853 1.405216 26.539120 213.520324 1.172748 0.000000 0.000000 0.000000 -0.000818 0.004188 0.002423 0.000000 0.000000 0.000000 -0.000533 -0.001034 -0.000983 -0.053831 0.073905 -0.001172 0.216586 -0.074639 -9.806325 
100.702878 -0.019361 0.021001 1.404995 26.538724 213.522378 1.173970 0.000000 0.000000 0.000000 0.001380 0.008356 0.003318 0.000000 0.000000 0.000000 -0.000530 -0.001037 -0.000976 -0.054213 0.073696 -0.001977 0.216587 -0.074639 -9.806325 
100.803652 -0.019120 0.020801 1.405106 26.538220 213.520269 1.173259 0.000000 0.000000 0.000000 -0.001743 0.000617 0.002247 0.000000 0.000000 0.000000 -0.000526 -0.001036 -0.000978 -0.053410 0.073671 -0.001182 0.216585 -0.074639 -9.806325 
100.903895 -0.019048 0.020978 1.405209 26.537332 213.518122 1.172981 0.000000 0.000000 0.000000 -0.007376 -0.004070 0.002035 0.000000 0.000000 0.000000 -0.000529 -0.001046 -0.000980 -0.052814 0.073663 -0.000805 0.216584 -0.074639 -9.806325 
101.002001 -0.019094 0.020925 1.405167 26.537848 213.517768 1.172919 0.000000 0.000000 0.000000 -0.003421 -0.002680 0.000233 0.000000 0.000000 0.000000 -0.000528 -0.001045 -0.000976 -0.052889 0.074057 -0.000685 0.216585 -0.074640 -9.806325 
101.103655 -0.019200 0.021025 1.404983 26.539933 213.516837 1.173084 0.000000 0.000000 0.000000 0.003863 -0.005211 0.000532 0.000000 0.000000 0.000000 -0.000522 -0.001052 -0.000970 -0.052850 0.074795 -0.000799 0.216585 -0.074642 -9.806325 
101.202349 -0.019166 0.020858 1.405176 26.539510 213.516470 1.172907 0.000000 0.000000 0.000000 0.003969 -0.005577 0.000829 0.000000 0.000000 0.000000 -0.000523 -0.001048 -0.000976 -0.052874 0.074519 -0.000657 0.216585 -0.074641 -9.806325 
101.302398 -0.019141 0.020882 1.405108 26.540678 213.517828 1.172751 0.000000 0.000000 0.000000 0.004841 0.000696 0.000065 0.000000 0.000000 0.000000 -0.000519 -0.001042 -0.000975 -0.053403 0.074675 -0.000539 0.216586 -0.074642 -9.806325 
101.403939 -0.019147 0.020772 1.405125 26.541911 213.518213 1.172416 0.000000 0.000000 0.000000 0.006661 0.000745 -0.000552 0.000000 0.000000 0.000000 -0.000516 -0.001041 -0.000975 -0.053537 0.074903 -0.000341 0.216586 -0.074642 -9.806324 
101.502707 -0.019056 0.020836 1.405231 26.541849 213.520257 1.171998 0.000000 0.000000 0.000000 0.005402 0.004699 -0.000201 0.000000 0.000000 0.000000 -0.000521 -0.001039 -0.000978 -0.054039 0.074595 -0.000117 0.216586 -0.074641 -9.806324 
101.603893 -0.019131 0.020882 1.405121 26.541444 213.519305 1.171992 0.000000 0.000000 0.000000 0.002772 0.001924 -0.001574 0.000000 0.000000 0.000000 -0.000522 -0.001042 -0.000976 -0.053602 0.074396 -0.000197 0.216586 -0.074641 -9.806325 
101.702518 -0.019038 0.020985 1.405153 26.542807 213.517555 1.171730 0.000000 0.000000 0.000000 0.003975 -0.003693 -0.001411 0.000000 0.000000 0.000000 -0.000524 -0.001049 -0.000975 -0.053158 0.074824 -0.000162 0.216585 -0.074642 -9.806325 
101.802493 -0.019072 0.020928 1.405082 26.541074 213.517451 1.171861 0.000000 0.000000 0.000000 -0.001006 -0.002799 -0.000727 0.000000 0.000000 0.000000 -0.000531 -0.001051 -0.000973 -0.053127 0.074200 -0.000418 0.216585 -0.074641 -9.806325 
101.904095 -0.019152 0.020846 1.405251 26.540849 213.516755 1.171988 0.000000 0.000000 0.000000 0.001573 -0.003172 -0.001467 0.000000 0.000000 0.000000 -0.000526 -0.001051 -0.000982 -0.053006 0.074155 -0.000633 0.216585 -0.074641 -9.806325 
102.002426 -0.019083 0.020782 1.405115 26.541472 213.517416 1.171789 0.000000 0.000000 0.000000 0.002243 -0.001356 -0.001334 0.000000 0.000000 0.000000 -0.000521 -0.001043 -0.000977 -0.053302 0.074245 -0.000661 0.216585 -0.074641 -9.806325 
102.103504 -0.019102 0.020813 1.405227 26.541580 213.518411 1.171644 0.000000 0.000000 0.000000 0.000660 0.002245 -0.000402 0.000000 0.000000 0.000000 -0.000522 -0.001041 -0.000981 -0.053597 0.074209 -0.000659 0.216586 -0.074641 -9.806325 
102.202472 -0.019103 0.020924 1.405244 26.542410 213.519655 1.171644 0.000000 0.000000 0.000000 0.002980 0.004052 -0.000973 0.000000 0.000000 0.000000 -0.000521 -0.001040 -0.000981 -0.053892 0.074392 -0.000759 0.216586 -0.074641 -9.806324 
102.303229 -0.019072 0.020775 1.405185 26.541310 213.518059 1.171173 0.000000 0.000000 0.000000 0.000186 -0.000637 -0.001242 0.000000 0.000000 0.000000 -0.000523 -0.001045 -0.000979 -0.053305 0.074087 -0.000515 0.216585 -0.074640 -9.806325 
102.404069 -0.019060 0.020794 1.405120 26.540673 213.519265 1.171126 0.000000 0.000000 0.000000 -0.000774 0.003437 -0.002076 0.000000 0.000000 0.000000 -0.000526 -0.001043 -0.000978 -0.053598 0.073833 -0.000670 0.216586 -0.074640 -9.806325 
102.502395 -0.019173 0.020763 1.405113 26.541210 213.518391 1.171402 0.000000 0.000000 0.000000 -0.001257 0.000429 -0.001480 0.000000 0.000000 0.000000 -0.000526 -0.001048 -0.000977 -0.053308 0.074113 -0.001087 0.216585 -0.074641 -9.806325 
102.603809 -0.019165 0.020810 1.405255 26.539431 213.516784 1.171791 0.000000 0.000000 0.000000 -0.005765 -0.003551 0.001993 0.000000 0.000000 0.000000 -0.000538 -0.001059 -0.000983 -0.052798 0.073734 -0.001402 0.216585 -0.074640 -9.806325 
102.702334 -0.019203 0.020645 1.405276 26.540392 213.518207 1.171766 0.000000 0.000000 0.000000 0.000567 0.000028 -0.001354 0.000000 0.000000 0.000000 -0.000532 -0.001050 -0.000983 -0.053359 0.074116 -0.001352 0.216585 -0.074641 -9.806325 
102.802543 -0.019264 0.020759 1.405161 26.541091 213.515988 1.171492 0.000000 0.000000 0.000000 0.006452 -0.004749 -0.000075 0.000000 0.000000 0.000000 -0.000524 -0.001058 -0.000978 -0.052793 0.074308 -0.001319 0.216585 -0.074641 -9.806325 
102.903977 -0.019029 0.020792 1.405147 26.542041 213.517689 1.171210 0.000000 0.000000 0.000000 0.001348 0.000568 0.002495 0.000000 0.000000 0.000000 -0.000530 -0.001048 -0.000975 -0.053412 0.074381 -0.001043 0.216586 -0.074641 -9.806325 
103.002341 -0.019127 0.020777 1.405088 26.541384 213.519436 1.171586 0.000000 0.000000 0.000000 -0.003135 0.005123 0.000022 0.000000 0.000000 0.000000 -0.000535 -0.001045 -0.000975 -0.053839 0.074160 -0.001304 0.216586 -0.074640 -9.806325 
103.105748 -0.019266 0.020832 1.405272 26.539965 213.519135 1.171776 0.000000 0.000000 0.000000 -0.000136 0.002616 -0.000118 0.000000 0.000000 0.000000 -0.000541 -0.001056 -0.000982 -0.053540 0.073805 -0.001534 0.216586 -0.074640 -9.806325 
103.204143 -0.019099 0.020733 1.405197 26.540135 213.520704 1.171447 0.000000 0.000000 0.000000 -0.000753 0.003883 0.000599 0.000000 0.000000 0.000000 -0.000539 -0.001045 -0.000980 -0.053936 0.073799 -0.001291 0.216586 -0.074640 -9.806325 
103.303910 -0.019134 0.020728 1.405139 26.539558 213.518484 1.171170 0.000000 0.000000 0.000000 -0.003451 -0.000052 0.000140 0.000000 0.000000 0.000000 -0.000541 -0.001056 -0.000980 -0.053185 0.073824 -0.001051 0.216585 -0.074640 -9.806325 
103.405450 -0.019355 0.020844 1.405226 26.539435 213.516644 1.172021 0.000000 0.000000 0.000000 -0.002847 -0.003873 0.000657 0.000000 0.000000 0.000000 -0.000539 -0.001068 -0.000979 -0.052687 0.073978 -0.001706 0.216585 -0.074640 -9.806325 
103.503778 -0.019321 0.020685 1.405069 26.538773 213.516837 1.171723 0.000000 0.000000 0.000000 -0.002997 -0.004425 -0.000284 0.000000 0.000000 0.000000 -0.000545 -0.001061 -0.000974 -0.052867 0.073858 -0.001502 0.216585 -0.074640 -9.806325 
103.605240 -0.019447 0.020720 1.405201 26.538693 213.516945 1.171662 0.000000 0.000000 0.000000 0.000784 -0.002612 0.000831 0.000000 0.000000 0.000000 -0.000539 -0.001065 -0.000979 -0.053041 0.073859 -0.001497 0.216585 -0.074640 -9.806325 
103.703924 -0.019315 0.020644 1.405203 26.539223 213.516260 1.171629 0.000000 0.000000 0.000000 0.000951 -0.002486 0.001371 0.000000 0.000000 0.000000 -0.000537 -0.001064 -0.000977 -0.052927 0.074038 -0.001380 0.216585 -0.074640 -9.806325 
103.805492 -0.019402 0.020889 1.405313 26.538803 213.518764 1.172021 0.000000 0.000000 0.000000 -0.001540 0.002271 0.001361 0.000000 0.000000 0.000000 -0.000545 -0.001060 -0.000983 -0.053685 0.073798 -0.001644 0.216586 -0.074640 -9.806325 
103.905436 -0.019326 0.020837 1.405273 26.539343 213.517991 1.171986 0.000000 0.000000 0.000000 -0.000142 0.000817 -0.000050 0.000000 0.000000 0.000000 -0.000541 -0.001062 -0.000983 -0.053453 0.074062 -0.001595 0.216586 -0.074640 -9.806325 
104.004068 -0.019313 0.020694 1.405117 26.538411 213.517926 1.171393 0.000000 0.000000 0.000000 -0.001000 0.001898 0.001272 0.000000 0.000000 0.000000 -0.000545 -0.001059 -0.000979 -0.053340 0.073815 -0.001138 0.216586 -0.074640 -9.806325 
104.105242 -0.019339 0.020660 1.405102 26.540347 213.520056 1.171693 0.000000 0.000000 0.000000 0.006843 0.004112 0.000715 0.000000 0.000000 0.000000 -0.000537 -0.001050 -0.000975 -0.054006 0.074287 -0.001299 0.216586 -0.074640 -9.806324 
104.203675 -0.019391 0.020700 1.405134 26.539918 213.520240 1.171705 0.000000 0.000000 0.000000 0.005494 0.004306 0.001474 0.000000 0.000000 0.000000 -0.000539 -0.001053 -0.000976 -0.053875 0.073956 -0.001300 0.216586 -0.074640 -9.806325 
104.303783 -0.019288 0.020767 1.405115 26.539913 213.520078 1.171610 0.000000 0.000000 0.000000 0.003848 0.003658 0.001734 0.000000 0.000000 0.000000 -0.000542 -0.001055 -0.000971 -0.053656 0.073827 -0.001080 0.216586 -0.074640 -9.806325 
104.405265 -0.019144 0.020861 1.405154 26.541395 213.520326 1.171062 0.000000 0.000000 0.000000 0.007431 0.001256 -0.002286 0.000000 0.000000 0.000000 -0.000536 -0.001053 -0.000974 -0.053727 0.074163 -0.000670 0.216587 -0.074640 -9.806324 
104.503738 -0.019063 0.020795 1.405091 26.541741 213.518965 1.170471 0.000000 0.000000 0.000000 0.010713 -0.002170 -0.003107 0.000000 0.000000 0.000000 -0.000527 -0.001062 -0.000971 -0.053325 0.074041 -0.000562 0.216586 -0.074640 -9.806325 
104.605041 -0.018911 0.020884 1.405332 26.544065 213.518580 1.171009 0.000000 0.000000 0.000000 0.004883 0.005137 0.006808 0.000000 0.000000 0.000000 -0.000520 -0.001060 -0.000976 -0.053228 0.074520 -0.000874 0.216586 -0.074641 -9.806325 
104.703720 -0.019154 0.021216 1.405174 26.543216 213.516923 1.172232 0.000000 0.000000 0.000000 -0.001753 -0.006763 0.002321 0.000000 0.000000 0.000000 -0.000534 -0.001072 -0.000972 -0.052643 0.074351 -0.001336 0.216585 -0.074641 -9.806325 
104.803725 -0.019084 0.020699 1.405107 26.543610 213.515719 1.171789 0.000000 0.000000 0.000000 0.010953 -0.008445 -0.001271 0.000000 0.000000 0.000000 -0.000529 -0.001068 -0.000966 -0.052580 0.074387 -0.001116 0.216585 -0.074641 -9.806325 
104.907080 -0.019069 0.020852 1.405224 26.544240 213.516233 1.171412 0.000000 0.000000 0.000000 0.011182 -0.000933 0.001689 0.000000 0.000000 0.000000 -0.000521 -0.001068 -0.000974 -0.052840 0.074122 -0.000844 0.216586 -0.074640 -9.806325 
105.005115 -0.018876 0.021115 1.405062 26.545545 213.515089 1.171600 0.000000 0.000000 0.000000 0.006018 -0.007672 -0.000583 0.000000 0.000000 0.000000 -0.000524 -0.001073 -0.000971 -0.052643 0.074303 -0.000942 0.216585 -0.074640 -9.806325 
105.106508 -0.018860 0.020951 1.405233 26.544552 213.514292 1.171890 0.000000 0.000000 0.000000 -0.005648 -0.004586 0.003324 0.000000 0.000000 0.000000 -0.000530 -0.001077 -0.000978 -0.052571 0.073975 -0.001146 0.216585 -0.074640 -9.806325 
105.199657 -0.019000 0.020926 1.405104 26.544118 213.516216 1.172040 0.000000 0.000000 0.000000 -0.002116 0.002752 0.002854 0.000000 0.000000 0.000000 -0.000537 -0.001069 -0.000977 -0.053177 0.073898 -0.001031 0.216586 -0.074640 -9.806325 
105.299369 -0.019099 0.020836 1.405188 26.544539 213.516068 1.171972 0.000000 0.000000 0.000000 0.006714 -0.001610 -0.000675 0.000000 0.000000 0.000000 -0.000533 -0.001067 -0.000978 -0.053122 0.073981 -0.000917 0.216586 -0.074640 -9.806325 
105.401279 -0.019004 0.020870 1.405235 26.543451 213.513899 1.171605 0.000000 0.000000 0.000000 -0.001108 -0.005824 0.000778 0.000000 0.000000 0.000000 -0.000529 -0.001070 -0.000981 -0.052510 0.073532 -0.000654 0.216585 -0.074640 -9.806325 
105.499028 -0.018904 0.020954 1.405119 26.541675 213.515276 1.171419 0.000000 0.000000 0.000000 -0.008526 0.000220 0.000152 0.000000 0.000000 0.000000 -0.000532 -0.001075 -0.000978 -0.052953 0.073005 -0.000520 0.216585 -0.074639 -9.806325 
105.599870 -0.019054 0.020836 1.405126 26.539559 213.514009 1.171252 0.000000 0.000000 0.000000 -0.009877 -0.002077 0.000576 0.000000 0.000000 0.000000 -0.000533 -0.001073 -0.000975 -0.052540 0.072768 -0.000398 0.216584 -0.074639 -9.806325 
105.698809 -0.018908 0.020844 1.405089 26.538588 213.516258 1.170420 0.000000 0.000000 0.000000 -0.006137 0.002295 -0.001595 0.000000 0.000000 0.000000 -0.000533 -0.001074 -0.000976 -0.053210 0.072615 0.000191 0.216584 -0.074638 -9.806325 
105.800632 -0.019018 0.020853 1.405272 26.537822 213.518224 1.170141 0.000000 0.000000 0.000000 -0.007731 0.006996 -0.001513 0.000000 0.000000 0.000000 -0.000526 -0.001081 -0.000984 -0.053676 0.072540 0.000186 0.216585 -0.074638 -9.806325 
105.900639 -0.018862 0.020850 1.405127 26.538283 213.515681 1.170094 0.000000 0.000000 0.000000 -0.006430 0.000340 -0.001384 0.000000 0.000000 0.000000 -0.000539 -0.001073 -0.000980 -0.052888 0.073110 0.000107 0.216584 -0.074639 -9.806325 
105.998549 -0.018988 0.020899 1.405278 26.537222 213.515358 1.170055 0.000000 0.000000 0.000000 -0.005664 -0.000965 -0.001975 0.000000 0.000000 0.000000 -0.000537 -0.001075 -0.000984 -0.052787 0.072987 0.000012 0.216584 -0.074639 -9.806325 
106.100694 -0.019036 0.020819 1.405252 26.537529 213.516417 1.169544 0.000000 0.000000 0.000000 -0.002480 0.001913 -0.002115 0.000000 0.000000 0.000000 -0.000535 -0.001080 -0.000983 -0.053151 0.073205 0.000173 0.216584 -0.074639 -9.806325 
106.198955 -0.018916 0.020864 1.405227 26.539921 213.518790 1.169560 0.000000 0.000000 0.000000 0.003454 0.008672 -0.002887 0.000000 0.000000 0.000000 -0.000547 -0.001084 -0.000981 -0.053798 0.073838 -0.000009 0.216585 -0.074640 -9.806325 
106.300347 -0.018866 0.020893 1.404954 26.540076 213.520297 1.169574 0.000000 0.000000 0.000000 0.001095 0.008276 -0.002872 0.000000 0.000000 0.000000 -0.000550 -0.001085 -0.000975 -0.053946 0.073782 -0.000331 0.216586 -0.074640 -9.806325 
106.400448 -0.018889 0.020781 1.405296 26.541733 213.520230 1.169474 0.000000 0.000000 0.000000 0.007466 0.008448 -0.000905 0.000000 0.000000 0.000000 -0.000549 -0.001079 -0.000986 -0.053757 0.074228 -0.000459 0.216586 -0.074640 -9.806325 
106.498685 -0.018939 0.020802 1.405056 26.542510 213.521631 1.169657 0.000000 0.000000 0.000000 0.008862 0.010367 -0.001231 0.000000 0.000000 0.000000 -0.000545 -0.001083 -0.000979 -0.053911 0.074207 -0.000704 0.216586 -0.074640 -9.806325 
106.600640 -0.018988 0.020865 1.405075 26.542201 213.521756 1.170088 0.000000 0.000000 0.000000 0.003192 0.006593 0.000566 0.000000 0.000000 0.000000 -0.000535 -0.001084 -0.000981 -0.053615 0.073913 -0.001164 0.216586 -0.074640 -9.806325 
106.698917 -0.018960 0.020893 1.405177 26.543084 213.523323 1.170369 0.000000 0.000000 0.000000 0.005073 0.010332 0.001822 0.000000 0.000000 0.000000 -0.000539 -0.001083 -0.000984 -0.053881 0.074045 -0.001308 0.216587 -0.074640 -9.806324 
106.800409 -0.019014 0.020737 1.405148 26.541749 213.520370 1.170275 0.000000 0.000000 0.000000 0.001643 0.000810 0.000207 0.000000 0.000000 0.000000 -0.000530 -0.001071 -0.000984 -0.052718 0.073682 -0.001111 0.216586 -0.074640 -9.806325 
106.900707 -0.018897 0.020848 1.405138 26.541564 213.519405 1.169964 0.000000 0.000000 0.000000 0.000335 -0.003635 -0.000270 0.000000 0.000000 0.000000 -0.000530 -0.001070 -0.000982 -0.052476 0.073634 -0.000934 0.216585 -0.074640 -9.806325 
106.998572 -0.018987 0.020803 1.405134 26.541200 213.519028 1.169989 0.000000 0.000000 0.000000 -0.002933 -0.003390 0.000684 0.000000 0.000000 0.000000 -0.000526 -0.001069 -0.000981 -0.052463 0.073571 -0.000971 0.216585 -0.074640 -9.806325 
107.098413 -0.019035 0.020750 1.405057 26.539778 213.519628 1.169796 0.000000 0.000000 0.000000 -0.005048 0.000306 0.001072 0.000000 0.000000 0.000000 -0.000525 -0.001071 -0.000975 -0.052635 0.073240 -0.000777 0.216585 -0.074639 -9.806325 
107.198784 -0.018916 0.020871 1.405210 26.538169 213.516333 1.170105 0.000000 0.000000 0.000000 -0.006057 -0.008858 0.000728 0.000000 0.000000 0.000000 -0.000531 -0.001066 -0.000981 -0.051730 0.073034 -0.000916 0.216585 -0.074639 -9.806325 
107.300365 -0.018949 0.020835 1.405161 26.538132 213.513699 1.169711 0.000000 0.000000 0.000000 -0.005339 -0.013125 0.000615 0.000000 0.000000 0.000000 -0.000531 -0.001065 -0.000981 -0.051389 0.073334 -0.000531 0.216584 -0.074639 -9.806325 
107.400373 -0.018845 0.020854 1.405277 26.537217 213.511532 1.169842 0.000000 0.000000 0.000000 -0.006638 -0.014166 0.001905 0.000000 0.000000 0.000000 -0.000536 -0.001066 -0.000986 -0.051187 0.073303 -0.000582 0.216584 -0.074639 -9.806325 
107.498467 -0.018982 0.020924 1.405254 26.536567 213.510521 1.169864 0.000000 0.000000 0.000000 -0.006641 -0.014291 0.000772 0.000000 0.000000 0.000000 -0.000533 -0.001069 -0.000985 -0.051272 0.073289 -0.000514 0.216584 -0.074639 -9.806325 
107.600488 -0.018905 0.020870 1.405069 26.537065 213.509968 1.169926 0.000000 0.000000 0.000000 -0.002652 -0.012629 0.002418 0.000000 0.000000 0.000000 -0.000536 -0.001069 -0.000979 -0.051665 0.073604 -0.000467 0.216585 -0.074639 -9.806325 
107.699219 -0.018909 0.020813 1.405254 26.538649 213.512596 1.169412 0.000000 0.000000 0.000000 0.002630 -0.003771 -0.000373 0.000000 0.000000 0.000000 -0.000532 -0.001076 -0.000984 -0.052757 0.073948 -0.000082 0.216585 -0.074639 -9.806325 
107.798921 -0.018846 0.020905 1.405140 26.538958 213.513306 1.169484 0.000000 0.000000 0.000000 0.000607 0.000031 0.002280 0.000000 0.000000 0.000000 -0.000537 -0.001076 -0.000981 -0.053028 0.073959 -0.000049 0.216585 -0.074639 -9.806325 
107.900748 -0.018887 0.020784 1.405234 26.541276 213.514558 1.169375 0.000000 0.000000 0.000000 0.007647 0.001028 -0.000090 0.000000 0.000000 0.000000 -0.000544 -0.001078 -0.000984 -0.053497 0.074551 0.000088 0.216586 -0.074640 -9.806325 
107.998745 -0.018804 0.020709 1.405155 26.540691 213.512676 1.168531 0.000000 0.000000 0.000000 0.006125 -0.003567 -0.001100 0.000000 0.000000 0.000000 -0.000537 -0.001070 -0.000983 -0.052944 0.074259 0.000663 0.216585 -0.074639 -9.806325 
108.099143 -0.018921 0.020853 1.405088 26.541100 213.514419 1.168655 0.000000 0.000000 0.000000 0.005193 0.001744 0.000171 0.000000 0.000000 0.000000 -0.000535 -0.001079 -0.000982 -0.053481 0.074129 0.000504 0.216586 -0.074639 -9.806325 
108.198676 -0.018839 0.020848 1.405257 26.539485 213.514076 1.168483 0.000000 0.000000 0.000000 -0.001532 0.001168 -0.000566 0.000000 0.000000 0.000000 -0.000529 -0.001074 -0.000989 -0.053241 0.073557 0.000647 0.216585 -0.074639 -9.806325 
108.300763 -0.018910 0.020634 1.405249 26.540960 213.514616 1.168173 0.000000 0.000000 0.000000 0.002329 0.001114 -0.001235 0.000000 0.000000 0.000000 -0.000535 -0.001076 -0.000986 -0.053462 0.074054 0.000780 0.216586 -0.074639 -9.806325 
108.400149 -0.018953 0.020765 1.405254 26.541590 213.517485 1.168578 0.000000 0.000000 0.000000 0.005721 0.007158 -0.000020 0.000000 0.000000 0.000000 -0.000536 -0.001088 -0.000986 -0.054220 0.074004 0.000332 0.216586 -0.074639 -9.806325 
108.498581 -0.018845 0.020846 1.405153 26.543432 213.519569 1.168797 0.000000 0.000000 0.000000 0.008100 0.011769 -0.000149 0.000000 0.000000 0.000000 -0.000538 -0.001092 -0.000983 -0.054656 0.074332 0.000135 0.216587 -0.074639 -9.806325 
108.600283 -0.018880 0.020898 1.405134 26.545671 213.521104 1.168947 0.000000 0.000000 0.000000 0.011690 0.011535 0.000809 0.000000 0.000000 0.000000 -0.000544 -0.001094 -0.000985 -0.054761 0.074712 0.000026 0.216587 -0.074640 -9.806324 
108.698777 -0.018940 0.020742 1.405106 26.545562 213.518638 1.169156 0.000000 0.000000 0.000000 0.008377 0.003386 0.000132 0.000000 0.000000 0.000000 -0.000538 -0.001086 -0.000985 -0.053798 0.074546 -0.000100 0.216586 -0.074640 -9.806325 
108.798471 -0.018902 0.020763 1.405039 26.544074 213.517087 1.169114 0.000000 0.000000 0.000000 0.003615 -0.000463 0.000050 0.000000 0.000000 0.000000 -0.000533 -0.001083 -0.000981 -0.053184 0.073954 -0.000063 0.216586 -0.074639 -9.806325 
108.900420 -0.019038 0.020753 1.405161 26.543066 213.517302 1.169750 0.000000 0.000000 0.000000 -0.000337 0.000063 0.001433 0.000000 0.000000 0.000000 -0.000527 -0.001087 -0.000982 -0.053191 0.073526 -0.000571 0.216585 -0.074639 -9.806325 
108.998480 -0.018985 0.020805 1.405211 26.541019 213.517023 1.169811 0.000000 0.000000 0.000000 -0.006362 -0.000121 0.000796 0.000000 0.000000 0.000000 -0.000527 -0.001087 -0.000984 -0.053025 0.072986 -0.000574 0.216585 -0.074639 -9.806325 
109.100652 -0.019005 0.020846 1.405252 26.538305 213.513756 1.169860 0.000000 0.000000 0.000000 -0.010445 -0.007946 0.000770 0.000000 0.000000 0.000000 -0.000524 -0.001083 -0.000986 -0.052085 0.072574 -0.000523 0.216585 -0.074638 -9.806325 
109.200701 -0.019015 0.020959 1.405288 26.539628 213.514885 1.170132 0.000000 0.000000 0.000000 -0.005102 -0.003974 0.001753 0.000000 0.000000 0.000000 -0.000526 -0.001092 -0.000986 -0.052736 0.073199 -0.000696 0.216585 -0.074639 -9.806325 
109.301863 -0.019044 0.020846 1.405090 26.539997 213.515109 1.170167 0.000000 0.000000 0.000000 -0.003191 -0.001889 0.001739 0.000000 0.000000 0.000000 -0.000525 -0.001090 -0.000976 -0.052944 0.073447 -0.000607 0.216585 -0.074639 -9.806325 
109.402083 -0.018967 0.020845 1.405060 26.539909 213.513543 1.170098 0.000000 0.000000 0.000000 -0.001983 -0.005798 0.000543 0.000000 0.000000 0.000000 -0.000529 -0.001088 -0.000976 -0.052638 0.073585 -0.000479 0.216585 -0.074639 -9.806325 
109.500393 -0.018960 0.020924 1.405149 26.539712 213.514393 1.170123 0.000000 0.000000 0.000000 -0.000659 -0.000396 0.003030 0.000000 0.000000 0.000000 -0.000530 -0.001092 -0.000980 -0.052992 0.073527 -0.000428 0.216585 -0.074639 -9.806325 
109.601890 -0.019031 0.020901 1.405121 26.538310 213.513781 1.170665 0.000000 0.000000 0.000000 -0.005803 -0.003768 0.002053 0.000000 0.000000 0.000000 -0.000526 -0.001091 -0.000980 -0.052806 0.073219 -0.000646 0.216585 -0.074639 -9.806325 
109.700171 -0.018998 0.020889 1.405333 26.539900 213.511486 1.170927 0.000000 0.000000 0.000000 -0.000278 -0.009202 0.001804 0.000000 0.000000 0.000000 -0.000528 -0.001093 -0.000988 -0.052463 0.073933 -0.000752 0.216585 -0.074639 -9.806325 
109.800669 -0.019061 0.020899 1.405212 26.540144 213.513414 1.171543 0.000000 0.000000 0.000000 0.000889 0.000562 0.004415 0.000000 0.000000 0.000000 -0.000528 -0.001092 -0.000984 -0.053177 0.073891 -0.001045 0.216586 -0.074639 -9.806325 
109.902348 -0.019124 0.020809 1.405128 26.539909 213.515423 1.171819 0.000000 0.000000 0.000000 0.000368 0.004128 0.002801 0.000000 0.000000 0.000000 -0.000525 -0.001088 -0.000982 -0.053669 0.073737 -0.000990 0.216586 -0.074639 -9.806325 
109.999871 -0.019052 0.020880 1.405170 26.542344 213.515130 1.171877 0.000000 0.000000 0.000000 0.006300 0.001251 0.003277 0.000000 0.000000 0.000000 -0.000525 -0.001088 -0.000981 -0.053633 0.074448 -0.000835 0.216586 -0.074640 -9.806325 
110.101620 -0.019044 0.020876 1.405175 26.542015 213.512714 1.171733 0.000000 0.000000 0.000000 0.004091 -0.002353 0.003290 0.000000 0.000000 0.000000 -0.000523 -0.001088 -0.000983 -0.052905 0.074298 -0.000446 0.216585 -0.074640 -9.806325 
110.200327 -0.019012 0.020947 1.405219 26.542976 213.513055 1.171742 0.000000 0.000000 0.000000 0.006174 -0.002794 0.002338 0.000000 0.000000 0.000000 -0.000524 -0.001085 -0.000983 -0.053102 0.074423 -0.000270 0.216586 -0.074640 -9.806325 
110.300026 -0.019055 0.020961 1.405245 26.543176 213.514881 1.172081 0.000000 0.000000 0.000000 0.005384 0.002201 0.002671 0.000000 0.000000 0.000000 -0.000522 -0.001083 -0.000985 -0.053629 0.074203 -0.000400 0.216586 -0.074640 -9.806325 
110.402202 -0.018946 0.020956 1.405160 26.543417 213.515516 1.171928 0.000000 0.000000 0.000000 0.004804 0.004869 0.002370 0.000000 0.000000 0.000000 -0.000527 -0.001078 -0.000982 -0.053703 0.074112 -0.000116 0.216586 -0.074640 -9.806325 
110.500250 -0.018956 0.020849 1.405136 26.542215 213.517000 1.171162 0.000000 0.000000 0.000000 0.000804 0.006663 0.001371 0.000000 0.000000 0.000000 -0.000526 -0.001077 -0.000977 -0.053881 0.073609 0.000579 0.216586 -0.074639 -9.806325 
110.601742 -0.018929 0.020894 1.405012 26.540578 213.517034 1.170930 0.000000 0.000000 0.000000 -0.003801 0.004809 0.000327 0.000000 0.000000 0.000000 -0.000526 -0.001079 -0.000972 -0.053639 0.073182 0.000773 0.216586 -0.074639 -9.806325 
110.700502 -0.018866 0.020878 1.405096 26.540594 213.516770 1.170350 0.000000 0.000000 0.000000 -0.002880 0.002778 -0.000354 0.000000 0.000000 0.000000 -0.000527 -0.001079 -0.000976 -0.053466 0.073354 0.001202 0.216586 -0.074640 -9.806325 
110.800140 -0.018906 0.020789 1.405245 26.540061 213.515236 1.170005 0.000000 0.000000 0.000000 -0.003591 -0.001114 -0.001136 0.000000 0.000000 0.000000 -0.000524 -0.001081 -0.000979 -0.052979 0.073389 0.001400 0.216586 -0.074640 -9.806325 
110.902142 -0.018858 0.020867 1.405136 26.539744 213.514496 1.169475 0.000000 0.000000 0.000000 -0.003031 -0.004023 -0.001972 0.000000 0.000000 0.000000 -0.000527 -0.001085 -0.000975 -0.052862 0.073447 0.001652 0.216586 -0.074640 -9.806325 
111.000185 -0.019018 0.020869 1.405180 26.540784 213.514714 1.169805 0.000000 0.000000 0.000000 0.000407 -0.000989 -0.001358 0.000000 0.000000 0.000000 -0.000521 -0.001087 -0.000976 -0.053079 0.073809 0.001193 0.216586 -0.074640 -9.806325 
111.101571 -0.019007 0.020821 1.405255 26.540521 213.515238 1.169953 0.000000 0.000000 0.000000 -0.000476 0.000237 -0.001124 0.000000 0.000000 0.000000 -0.000522 -0.001089 -0.000981 -0.053225 0.073711 0.000933 0.216586 -0.074640 -9.806325 
111.200108 -0.018922 0.020790 1.405125 26.539478 213.515297 1.169546 0.000000 0.000000 0.000000 -0.002562 -0.000881 -0.001728 0.000000 0.000000 0.000000 -0.000525 -0.001088 -0.000977 -0.053204 0.073444 0.001069 0.216586 -0.074640 -9.806325 
111.301753 -0.018937 0.020896 1.405166 26.538419 213.514376 1.169280 0.000000 0.000000 0.000000 -0.003861 -0.001667 -0.001370 0.000000 0.000000 0.000000 -0.000526 -0.001090 -0.000979 -0.052943 0.073268 0.001091 0.216586 -0.074640 -9.806325 
111.401793 -0.018933 0.020820 1.405235 26.538215 213.513040 1.169470 0.000000 0.000000 0.000000 -0.003726 -0.003990 -0.000613 0.000000 0.000000 0.000000 -0.000525 -0.001090 -0.000984 -0.052648 0.073388 0.000836 0.216585 -0.074640 -9.806325 
111.499945 -0.019058 0.020863 1.405277 26.537258 213.511885 1.169582 0.000000 0.000000 0.000000 -0.005599 -0.006396 -0.000935 0.000000 0.000000 0.000000 -0.000524 -0.001092 -0.000986 -0.052454 0.073280 0.000620 0.216585 -0.074640 -9.806325 
111.601585 -0.019038 0.020860 1.405148 26.536092 213.511995 1.169631 0.000000 0.000000 0.000000 -0.006257 -0.003878 -0.001029 0.000000 0.000000 0.000000 -0.000524 -0.001093 -0.000983 -0.052623 0.073083 0.000439 0.216585 -0.074639 -9.806325 
111.700046 -0.018877 0.020869 1.405317 26.537963 213.511813 1.169505 0.000000 0.000000 0.000000 0.000431 -0.004010 0.000075 0.000000 0.000000 0.000000 -0.000525 -0.001090 -0.000989 -0.052812 0.073802 0.000446 0.216586 -0.074640 -9.806325 
111.801926 -0.018943 0.020900 1.405224 26.537543 213.514085 1.169960 0.000000 0.000000 0.000000 -0.001032 0.002150 -0.000083 0.000000 0.000000 0.000000 -0.000521 -0.001090 -0.000987 -0.053487 0.073562 0.000001 0.216586 -0.074640 -9.806325 
111.902143 -0.018923 0.020853 1.405124 26.538015 213.514365 1.170245 0.000000 0.000000 0.000000 0.000849 0.003013 0.000457 0.000000 0.000000 0.000000 -0.000520 -0.001088 -0.000987 -0.053524 0.073726 -0.000241 0.216586 -0.074640 -9.806325 
112.000494 -0.018947 0.020986 1.405278 26.541033 213.515345 1.170372 0.000000 0.000000 0.000000 0.008237 0.004347 0.001225 0.000000 0.000000 0.000000 -0.000517 -0.001089 -0.000994 -0.053831 0.074532 -0.000297 0.216586 -0.074640 -9.806325 
112.102184 -0.019026 0.020870 1.405088 26.540248 213.513699 1.171064 0.000000 0.000000 0.000000 0.004583 -0.000849 0.001003 0.000000 0.000000 0.000000 -0.000515 -0.001091 -0.000992 -0.053204 0.074145 -0.000771 0.216586 -0.074640 -9.806325 
112.200538 -0.018903 0.020807 1.405198 26.538254 213.514091 1.170689 0.000000 0.000000 0.000000 -0.002123 0.000140 0.001798 0.000000 0.000000 0.000000 -0.000521 -0.001090 -0.000994 -0.053228 0.073451 -0.000456 0.216586 -0.074640 -9.806325 
112.301965 -0.019029 0.020815 1.405270 26.539697 213.513789 1.171262 0.000000 0.000000 0.000000 0.003051 0.000463 0.002597 0.000000 0.000000 0.000000 -0.000514 -0.001096 -0.000997 -0.053201 0.073934 -0.000731 0.216586 -0.074640 -9.806325 
112.402198 -0.019101 0.020781 1.405001 26.536729 213.514376 1.171128 0.000000 0.000000 0.000000 -0.005738 0.000710 0.001498 0.000000 0.000000 0.000000 -0.000519 -0.001097 -0.000983 -0.053211 0.073000 -0.000538 0.216586 -0.074639 -9.806325 
112.500368 -0.019035 0.020734 1.405157 26.537050 213.515047 1.171644 0.000000 0.000000 0.000000 -0.003157 0.002174 0.002905 0.000000 0.000000 0.000000 -0.000517 -0.001095 -0.000987 -0.053419 0.073255 -0.000826 0.216586 -0.074639 -9.806325 
112.601998 -0.018879 0.020886 1.405129 26.538048 213.516181 1.171223 0.000000 0.000000 0.000000 0.000268 0.004976 0.001955 0.000000 0.000000 0.000000 -0.000521 -0.001093 -0.000984 -0.053722 0.073621 -0.000337 0.216586 -0.074640 -9.806325 
112.700427 -0.018930 0.020838 1.405243 26.538303 213.517407 1.170761 0.000000 0.000000 0.000000 -0.000110 0.005379 0.001042 0.000000 0.000000 0.000000 -0.000519 -0.001088 -0.000989 -0.053936 0.073697 0.000093 0.216586 -0.074640 -9.806325 
112.800245 -0.018958 0.020895 1.405180 26.537705 213.517960 1.170801 0.000000 0.000000 0.000000 -0.000961 0.005319 0.001031 0.000000 0.000000 0.000000 -0.000521 -0.001091 -0.000986 -0.053901 0.073538 0.000104 0.216586 -0.074640 -9.806325 
112.902213 -0.019054 0.020837 1.405261 26.536988 213.516517 1.170965 0.000000 0.000000 0.000000 -0.001706 0.001004 0.001276 0.000000 0.000000 0.000000 -0.000516 -0.001092 -0.000990 -0.053349 0.073447 0.000034 0.216586 -0.074639 -9.806325 
113.000149 -0.019008 0.020996 1.405018 26.540240 213.516736 1.171263 0.000000 0.000000 0.000000 0.006650 0.000868 0.001656 0.000000 0.000000 0.000000 -0.000517 -0.001094 -0.000983 -0.053556 0.074437 -0.000093 0.216586 -0.074640 -9.806325 
113.101905 -0.018981 0.020767 1.405137 26.540639 213.518268 1.171317 0.000000 0.000000 0.000000 0.006435 0.005031 0.002126 0.000000 0.000000 0.000000 -0.000514 -0.001084 -0.000989 -0.053916 0.074296 -0.000063 0.216586 -0.074640 -9.806325 
113.200168 -0.018988 0.020766 1.405113 26.540372 213.519453 1.171144 0.000000 0.000000 0.000000 0.005254 0.005718 0.001011 0.000000 0.000000 0.000000 -0.000515 -0.001085 -0.000991 -0.054038 0.073987 0.000159 0.216586 -0.074640 -9.806325 
113.302268 -0.018950 0.020838 1.405276 26.540407 213.522036 1.170846 0.000000 0.000000 0.000000 0.004220 0.010186 0.000461 0.000000 0.000000 0.000000 -0.000519 -0.001086 -0.000999 -0.054538 0.073767 0.000366 0.216586 -0.074640 -9.806325 
113.402246 -0.018995 0.020724 1.405182 26.541380 213.521348 1.170739 0.000000 0.000000 0.000000 0.004750 0.006488 0.000273 0.000000 0.000000 0.000000 -0.000517 -0.001086 -0.000995 -0.054103 0.074016 0.000494 0.216586 -0.074640 -9.806325 
113.502381 -0.018916 0.020854 1.405127 26.542185 213.520453 1.170998 0.000000 0.000000 0.000000 0.005723 0.002161 0.000463 0.000000 0.000000 0.000000 -0.000523 -0.001090 -0.000993 -0.053709 0.074179 0.000289 0.216586 -0.074640 -9.806325 
113.600428 -0.018994 0.020823 1.405252 26.541805 213.521337 1.170952 0.000000 0.000000 0.000000 0.002673 0.004108 0.001898 0.000000 0.000000 0.000000 -0.000524 -0.001092 -0.000998 -0.053834 0.073887 0.000352 0.216586 -0.074640 -9.806325 
113.700399 -0.018886 0.020715 1.405053 26.540704 213.521872 1.170412 0.000000 0.000000 0.000000 0.000061 0.003050 -0.001098 0.000000 0.000000 0.000000 -0.000524 -0.001089 -0.000991 -0.053823 0.073487 0.000779 0.216586 -0.074639 -9.806325 
113.802122 -0.018930 0.020792 1.405114 26.539107 213.519627 1.170331 0.000000 0.000000 0.000000 -0.004801 -0.002331 -0.000063 0.000000 0.000000 0.000000 -0.000530 -0.001100 -0.000993 -0.053060 0.073184 0.000754 0.216586 -0.074639 -9.806325 
113.902385 -0.018948 0.020816 1.405260 26.539267 213.518537 1.170775 0.000000 0.000000 0.000000 -0.003102 -0.004335 0.002180 0.000000 0.000000 0.000000 -0.000532 -0.001101 -0.000999 -0.052885 0.073417 0.000460 0.216586 -0.074640 -9.806325 
114.000845 -0.018976 0.020720 1.405165 26.539465 213.516880 1.170843 0.000000 0.000000 0.000000 0.000876 -0.006978 0.001198 0.000000 0.000000 0.000000 -0.000526 -0.001100 -0.000994 -0.052599 0.073591 0.000517 0.216586 -0.074640 -9.806325 
114.102272 -0.019042 0.021006 1.405255 26.540098 213.516326 1.171096 0.000000 0.000000 0.000000 0.001941 -0.007091 0.000885 0.000000 0.000000 0.000000 -0.000527 -0.001102 -0.000997 -0.052679 0.073752 0.000371 0.216586 -0.074640 -9.806325 
114.200441 -0.019010 0.020918 1.405093 26.539652 213.516263 1.171081 0.000000 0.000000 0.000000 -0.002275 -0.004955 0.001279 0.000000 0.000000 0.000000 -0.000529 -0.001097 -0.000992 -0.052849 0.073589 0.000454 0.216586 -0.074640 -9.806325 
114.302356 -0.018876 0.020672 1.405146 26.539017 213.516234 1.170519 0.000000 0.000000 0.000000 -0.002847 0.007235 -0.012089 0.000000 0.000000 0.000000 -0.000535 -0.001099 -0.000992 -0.052832 0.073502 0.000504 0.216586 -0.074639 -9.806325 
114.402561 -0.018643 0.020214 1.405290 26.538624 213.513833 1.168379 0.000000 0.000000 0.000000 0.003852 0.026767 -0.026621 0.000000 0.000000 0.000000 -0.000532 -0.001123 -0.000998 -0.051655 0.073600 0.000641 0.216586 -0.074640 -9.806325 
114.500279 -0.017984 0.019081 1.405089 26.537783 213.516986 1.165451 0.000000 0.000000 0.000000 0.010053 0.069964 -0.023778 0.000000 0.000000 0.000000 -0.000524 -0.001126 -0.000989 -0.051033 0.073165 0.000549 0.216586 -0.074638 -9.806325 
114.600135 -0.017248 0.018921 1.405184 26.540071 213.523749 1.164650 0.000000 0.000000 0.000000 0.021285 0.117395 -0.002769 0.000000 0.000000 0.000000 -0.000529 -0.001138 -0.000995 -0.050219 0.073540 -0.000132 0.216585 -0.074639 -9.806325 
114.700093 -0.016987 0.018540 1.405370 26.542835 213.539002 1.164764 0.000000 0.000000 0.000000 0.029063 0.168940 0.013349 0.000000 0.000000 0.000000 -0.000524 -0.001119 -0.001002 -0.050053 0.073578 0.000221 0.216584 -0.074641 -9.806325 
114.800487 -0.017215 0.018899 1.405274 26.546710 213.559044 1.166559 0.000000 0.000000 0.000000 0.035131 0.212971 0.015843 0.000000 0.000000 0.000000 -0.000527 -0.001119 -0.000999 -0.049985 0.073734 0.000098 0.216584 -0.074642 -9.806325 
114.901280 -0.017515 0.019246 1.405286 26.551342 213.578318 1.168653 0.000000 0.000000 0.000000 0.044242 0.240759 0.008049 0.000000 0.000000 0.000000 -0.000530 -0.001129 -0.001002 -0.048778 0.074119 -0.000310 0.216581 -0.074642 -9.806325 
114.999972 -0.017683 0.019151 1.404989 26.558390 213.602405 1.169715 0.000000 0.000000 0.000000 0.054230 0.271521 -0.002017 0.000000 0.000000 0.000000 -0.000528 -0.001135 -0.000996 -0.048128 0.074861 -0.000780 0.216576 -0.074648 -9.806325 
115.102319 -0.017541 0.019058 1.404898 26.565425 213.633796 1.169547 0.000000 0.000000 0.000000 0.065199 0.313988 -0.005289 0.000000 0.000000 0.000000 -0.000531 -0.001141 -0.000995 -0.048445 0.075091 -0.001031 0.216575 -0.074649 -9.806325 
115.200482 -0.017489 0.018628 1.404843 26.572908 213.665321 1.169656 0.000000 0.000000 0.000000 0.072201 0.349508 -0.002974 0.000000 0.000000 0.000000 -0.000531 -0.001147 -0.000995 -0.047563 0.075305 -0.001436 0.216573 -0.074646 -9.806325 
115.300472 -0.017075 0.018075 1.404801 26.578594 213.703559 1.168977 0.000000 0.000000 0.000000 0.072453 0.391975 0.002695 0.000000 0.000000 0.000000 -0.000538 -0.001130 -0.000994 -0.046367 0.074705 -0.000843 0.216577 -0.074644 -9.806325 
115.400590 -0.017417 0.017546 1.405013 26.586598 213.751078 1.168949 0.000000 0.000000 0.000000 0.079548 0.441692 0.003999 0.000000 0.000000 0.000000 -0.000521 -0.001126 -0.001001 -0.046769 0.074522 -0.000567 0.216579 -0.074646 -9.806325 
115.500226 -0.017360 0.017585 1.404946 26.595719 213.801333 1.168883 0.000000 0.000000 0.000000 0.086405 0.483477 0.003251 0.000000 0.000000 0.000000 -0.000531 -0.001124 -0.000999 -0.046321 0.074614 -0.000113 0.216578 -0.074654 -9.806325 
115.601678 -0.017184 0.017527 1.404901 26.604074 213.854464 1.168429 0.000000 0.000000 0.000000 0.089721 0.520503 0.000743 0.000000 0.000000 0.000000 -0.000537 -0.001119 -0.000999 -0.045438 0.074351 0.000479 0.216580 -0.074659 -9.806325 
115.699961 -0.017056 0.017197 1.404774 26.614820 213.912880 1.168859 0.000000 0.000000 0.000000 0.097861 0.557878 -0.000796 0.000000 0.000000 0.000000 -0.000535 -0.001117 -0.000997 -0.045868 0.074498 0.000012 0.216579 -0.074654 -9.806325 
115.801346 -0.016962 0.017189 1.405087 26.622238 213.969269 1.169483 0.000000 0.000000 0.000000 0.096882 0.582491 -0.000923 0.000000 0.000000 0.000000 -0.000534 -0.001130 -0.001004 -0.044754 0.073570 -0.000452 0.216583 -0.074634 -9.806325 
115.901491 -0.016682 0.017047 1.404842 26.634724 214.034195 1.169280 0.000000 0.000000 0.000000 0.107754 0.620066 -0.000925 0.000000 0.000000 0.000000 -0.000533 -0.001132 -0.000994 -0.044831 0.074090 -0.000367 0.216580 -0.074642 -9.806325 
116.001140 -0.016123 0.017017 1.404444 26.647261 214.106151 1.168288 0.000000 0.000000 0.000000 0.115345 0.664690 0.000977 0.000000 0.000000 0.000000 -0.000542 -0.001124 -0.000986 -0.044959 0.074257 0.000344 0.216581 -0.074653 -9.806325 
116.101814 -0.016161 0.016601 1.404666 26.660949 214.177191 1.168297 0.000000 0.000000 0.000000 0.123143 0.694436 0.004340 0.000000 0.000000 0.000000 -0.000532 -0.001123 -0.000991 -0.044264 0.074671 0.000562 0.216579 -0.074660 -9.806325 
116.200776 -0.015799 0.016476 1.404656 26.673860 214.251297 1.168389 0.000000 0.000000 0.000000 0.121983 0.721463 0.006708 0.000000 0.000000 0.000000 -0.000538 -0.001117 -0.000993 -0.043171 0.074751 0.000956 0.216578 -0.074664 -9.806324 
116.301039 -0.015881 0.016425 1.404327 26.686381 214.326243 1.169155 0.000000 0.000000 0.000000 0.126181 0.738828 0.010302 0.000000 0.000000 0.000000 -0.000541 -0.001127 -0.000988 -0.041713 0.074689 0.001272 0.216578 -0.074665 -9.806324 
116.402116 -0.015820 0.016654 1.404546 26.696671 214.405990 1.170498 0.000000 0.000000 0.000000 0.122225 0.767066 0.014361 0.000000 0.000000 0.000000 -0.000555 -0.001127 -0.000996 -0.041298 0.073667 0.001286 0.216583 -0.074653 -9.806324 
116.500270 -0.015767 0.016371 1.404177 26.713466 214.491240 1.171286 0.000000 0.000000 0.000000 0.134083 0.791081 0.012052 0.000000 0.000000 0.000000 -0.000551 -0.001105 -0.000986 -0.041255 0.074648 0.001810 0.216580 -0.074665 -9.806324 
116.602013 -0.015716 0.016702 1.404278 26.731861 214.574191 1.172130 0.000000 0.000000 0.000000 0.154298 0.806925 0.009252 0.000000 0.000000 0.000000 -0.000543 -0.001113 -0.000993 -0.040541 0.075810 0.002031 0.216575 -0.074676 -9.806324 
116.700450 -0.015782 0.016580 1.404256 26.748734 214.657595 1.172704 0.000000 0.000000 0.000000 0.159859 0.817685 0.009646 0.000000 0.000000 0.000000 -0.000532 -0.001116 -0.000993 -0.038883 0.075989 0.002476 0.216575 -0.074676 -9.806324 
116.800723 -0.015664 0.017137 1.404417 26.766484 214.749062 1.174022 0.000000 0.000000 0.000000 0.168804 0.844485 0.003173 0.000000 0.000000 0.000000 -0.000532 -0.001123 -0.001001 -0.039442 0.075978 0.002008 0.216574 -0.074678 -9.806324 
116.902173 -0.015413 0.016910 1.404627 26.783128 214.843816 1.172706 0.000000 0.000000 0.000000 0.169687 0.875527 -0.020886 0.000000 0.000000 0.000000 -0.000529 -0.001122 -0.001007 -0.040139 0.075434 0.002432 0.216578 -0.074671 -9.806324 
117.000241 -0.014578 0.016386 1.404311 26.799981 214.937531 1.170579 0.000000 0.000000 0.000000 0.156671 0.890498 -0.039943 0.000000 0.000000 0.000000 -0.000533 -0.001148 -0.001000 -0.039474 0.075166 0.001270 0.216574 -0.074679 -9.806324 
117.102100 -0.013745 0.014967 1.403885 26.818232 215.033849 1.167924 0.000000 0.000000 0.000000 0.160870 0.912028 -0.033402 0.000000 0.000000 0.000000 -0.000534 -0.001158 -0.000999 -0.039599 0.075732 -0.000086 0.216568 -0.074699 -9.806324 
117.200264 -0.012825 0.014065 1.403930 26.837426 215.134881 1.167411 0.000000 0.000000 0.000000 0.177749 0.929084 -0.001696 0.000000 0.000000 0.000000 -0.000534 -0.001155 -0.000993 -0.039875 0.075862 -0.001472 0.216564 -0.074719 -9.806324 
117.302054 -0.012779 0.013501 1.403795 26.857382 215.236423 1.168559 0.000000 0.000000 0.000000 0.172042 0.949059 0.013371 0.000000 0.000000 0.000000 -0.000520 -0.001147 -0.000992 -0.040125 0.076098 -0.001864 0.216562 -0.074726 -9.806324 
117.401909 -0.012228 0.013378 1.403625 26.875799 215.338956 1.170550 0.000000 0.000000 0.000000 0.172412 0.963327 0.016141 0.000000 0.000000 0.000000 -0.000538 -0.001144 -0.001000 -0.040044 0.076139 -0.002199 0.216562 -0.074732 -9.806324 
117.500244 -0.012714 0.012920 1.403378 26.894749 215.445193 1.173534 0.000000 0.000000 0.000000 0.172071 0.972426 0.009309 0.000000 0.000000 0.000000 -0.000531 -0.001159 -0.000989 -0.040079 0.076134 -0.003539 0.216559 -0.074757 -9.806324 
117.602309 -0.012756 0.012130 1.403442 26.909934 215.547549 1.175288 0.000000 0.000000 0.000000 0.165394 0.978341 0.006285 0.000000 0.000000 0.000000 -0.000555 -0.001168 -0.000990 -0.039235 0.075317 -0.004282 0.216558 -0.074768 -9.806324 
117.700666 -0.012155 0.011053 1.403279 26.928155 215.656677 1.174916 0.000000 0.000000 0.000000 0.178836 1.002833 0.009501 0.000000 0.000000 0.000000 -0.000548 -0.001158 -0.000997 -0.040031 0.075196 -0.003395 0.216561 -0.074748 -9.806324 
117.800276 -0.012450 0.009888 1.403395 26.946136 215.763290 1.175731 0.000000 0.000000 0.000000 0.185648 1.015326 0.011613 0.000000 0.000000 0.000000 -0.000539 -0.001166 -0.001004 -0.039101 0.074826 -0.003122 0.216561 -0.074738 -9.806324 
117.902128 -0.011920 0.009667 1.402734 26.963520 215.868515 1.176764 0.000000 0.000000 0.000000 0.180742 1.022224 0.012789 0.000000 0.000000 0.000000 -0.000542 -0.001181 -0.000993 -0.037905 0.074359 -0.002889 0.216561 -0.074729 -9.806324 
118.000274 -0.011561 0.009091 1.402178 26.984925 215.983081 1.178086 0.000000 0.000000 0.000000 0.190273 1.051074 0.014325 0.000000 0.000000 0.000000 -0.000552 -0.001176 -0.000990 -0.038534 0.074804 -0.002743 0.216562 -0.074727 -9.806324 
118.101910 -0.011350 0.008810 1.401695 27.005948 216.098839 1.179062 0.000000 0.000000 0.000000 0.195947 1.090631 0.007445 0.000000 0.000000 0.000000 -0.000555 -0.001187 -0.000989 -0.038986 0.074893 -0.002516 0.216564 -0.074722 -9.806324 
118.200495 -0.010706 0.007170 1.401593 27.023766 216.218290 1.177816 0.000000 0.000000 0.000000 0.187912 1.149744 -0.012696 0.000000 0.000000 0.000000 -0.000565 -0.001195 -0.001007 -0.038390 0.073977 -0.001846 0.216570 -0.074694 -9.806324 
118.301741 -0.009165 0.005325 1.400881 27.044220 216.342188 1.174856 0.000000 0.000000 0.000000 0.208677 1.223722 -0.013430 0.000000 0.000000 0.000000 -0.000574 -0.001199 -0.001017 -0.037505 0.073946 -0.000723 0.216576 -0.074662 -9.806325 
118.401963 -0.008906 0.003589 1.399969 27.072773 216.479418 1.175103 0.000000 0.000000 0.000000 0.245591 1.317626 0.009284 0.000000 0.000000 0.000000 -0.000538 -0.001199 -0.001017 -0.038243 0.075407 -0.001258 0.216562 -0.074702 -9.806325 
118.500176 -0.007944 0.003267 1.398749 27.103733 216.632422 1.176688 0.000000 0.000000 0.000000 0.271868 1.422410 0.033942 0.000000 0.000000 0.000000 -0.000539 -0.001175 -0.001011 -0.039472 0.076181 -0.000807 0.216565 -0.074708 -9.806324 
118.601924 -0.008111 0.003496 1.397891 27.132035 216.782722 1.180668 0.000000 0.000000 0.000000 0.282508 1.488906 0.043860 0.000000 0.000000 0.000000 -0.000537 -0.001181 -0.001016 -0.037502 0.075982 -0.000335 0.216564 -0.074694 -9.806325 
118.700641 -0.007953 0.003886 1.397102 27.162387 216.948846 1.184670 0.000000 0.000000 0.000000 0.293018 1.563748 0.036928 0.000000 0.000000 0.000000 -0.000548 -0.001175 -0.001019 -0.037396 0.075629 0.000031 0.216573 -0.074678 -9.806325 
118.800515 -0.008107 0.003544 1.396381 27.192431 217.115990 1.187235 0.000000 0.000000 0.000000 0.301147 1.629630 0.020307 0.000000 0.000000 0.000000 -0.000540 -0.001185 -0.001030 -0.034804 0.075295 0.000907 0.216576 -0.074655 -9.806325 
118.903416 -0.007603 0.003278 1.395062 27.224763 217.280202 1.188220 0.000000 0.000000 0.000000 0.319066 1.686765 0.007360 0.000000 0.000000 0.000000 -0.000547 -0.001210 -0.001024 -0.030558 0.075924 0.001929 0.216559 -0.074663 -9.806325 
119.001736 -0.007380 0.002105 1.393802 27.262702 217.461727 1.189380 0.000000 0.000000 0.000000 0.345019 1.771539 0.011007 0.000000 0.000000 0.000000 -0.000524 -0.001224 -0.001024 -0.029680 0.077150 0.001883 0.216533 -0.074706 -9.806325 
119.103473 -0.006334 0.001317 1.393211 27.296345 217.650615 1.190067 0.000000 0.000000 0.000000 0.352447 1.865311 0.021560 0.000000 0.000000 0.000000 -0.000541 -0.001213 -0.001042 -0.027286 0.076183 0.002857 0.216553 -0.074662 -9.806325 
119.201951 -0.006381 0.001288 1.391863 27.335020 217.855543 1.193410 0.000000 0.000000 0.000000 0.374902 1.966051 0.035252 0.000000 0.000000 0.000000 -0.000542 -0.001222 -0.001039 -0.027747 0.076074 0.002551 0.216550 -0.074660 -9.806325 
119.301646 -0.006333 0.001181 1.390747 27.376650 218.069387 1.197686 0.000000 0.000000 0.000000 0.395242 2.060793 0.044634 0.000000 0.000000 0.000000 -0.000538 -0.001220 -0.001048 -0.027089 0.076349 0.002587 0.216541 -0.074670 -9.806325 
119.403227 -0.006659 0.001367 1.389324 27.420302 218.294853 1.203127 0.000000 0.000000 0.000000 0.414497 2.163185 0.049557 0.000000 0.000000 0.000000 -0.000546 -0.001218 -0.001046 -0.028965 0.076501 0.001963 0.216538 -0.074679 -9.806325 
119.501592 -0.006992 0.001392 1.387837 27.468926 218.529373 1.208845 0.000000 0.000000 0.000000 0.444654 2.255471 0.050672 0.000000 0.000000 0.000000 -0.000531 -0.001219 -0.001051 -0.028467 0.077634 0.001872 0.216511 -0.074726 -9.806326 
119.603220 -0.007257 0.001577 1.386395 27.516705 218.765133 1.214365 0.000000 0.000000 0.000000 0.468305 2.335480 0.043574 0.000000 0.000000 0.000000 -0.000523 -0.001250 -0.001056 -0.026428 0.077871 0.001868 0.216482 -0.074733 -9.806326 
119.703402 -0.007050 0.001662 1.385227 27.564764 219.010716 1.218291 0.000000 0.000000 0.000000 0.479685 2.424829 0.034756 0.000000 0.000000 0.000000 -0.000538 -0.001275 -0.001065 -0.023510 0.077522 0.002402 0.216471 -0.074716 -9.806326 
119.803646 -0.006884 0.001129 1.383966 27.615184 219.274866 1.222668 0.000000 0.000000 0.000000 0.493652 2.537941 0.034278 0.000000 0.000000 0.000000 -0.000555 -0.001274 -0.001074 -0.026342 0.076795 0.001409 0.216483 -0.074685 -9.806326 
119.904985 -0.006371 0.000330 1.382324 27.667913 219.539775 1.226610 0.000000 0.000000 0.000000 0.518738 2.638678 0.041231 0.000000 0.000000 0.000000 -0.000556 -0.001293 -0.001076 -0.024916 0.077118 0.001514 0.216461 -0.074697 -9.806327 
120.003319 -0.006503 -0.000735 1.380592 27.725909 219.828952 1.232104 0.000000 0.000000 0.000000 0.553870 2.768203 0.051692 0.000000 0.000000 0.000000 -0.000554 -0.001274 -0.001078 -0.027873 0.077358 0.000662 0.216467 -0.074711 -9.806327 
120.104787 -0.006780 -0.001290 1.378838 27.786375 220.122355 1.237805 0.000000 0.000000 0.000000 0.588632 2.880353 0.056409 0.000000 0.000000 0.000000 -0.000538 -0.001273 -0.001082 -0.027651 0.077772 0.000662 0.216456 -0.074731 -9.806327 
120.203683 -0.006981 -0.001936 1.377446 27.848192 220.434317 1.244062 0.000000 0.000000 0.000000 0.611823 3.013869 0.052057 0.000000 0.000000 0.000000 -0.000552 -0.001269 -0.001089 -0.029875 0.077098 -0.000162 0.216471 -0.074697 -9.806327 
120.304240 -0.007244 -0.002577 1.375499 27.914210 220.752911 1.249711 0.000000 0.000000 0.000000 0.646476 3.121491 0.047946 0.000000 0.000000 0.000000 -0.000535 -0.001295 -0.001093 -0.029445 0.077434 -0.000442 0.216443 -0.074712 -9.806327 
120.404536 -0.006902 -0.003284 1.373404 27.985178 221.086730 1.255373 0.000000 0.000000 0.000000 0.682021 3.258046 0.051364 0.000000 0.000000 0.000000 -0.000532 -0.001282 -0.001096 -0.030991 0.078130 -0.001025 0.216431 -0.074748 -9.806327 
120.503626 -0.007632 -0.004565 1.371614 28.059314 221.437696 1.261440 0.000000 0.000000 0.000000 0.721260 3.376624 0.055567 0.000000 0.000000 0.000000 -0.000521 -0.001280 -0.001099 -0.032862 0.078082 -0.001720 0.216437 -0.074744 -9.806327 
120.604277 -0.007104 -0.005213 1.369722 28.133976 221.791861 1.267828 0.000000 0.000000 0.000000 0.747729 3.486725 0.064935 0.000000 0.000000 0.000000 -0.000523 -0.001310 -0.001109 -0.030852 0.077660 -0.001620 0.216405 -0.074717 -9.806328 
120.702966 -0.007715 -0.005984 1.367583 28.212392 222.163587 1.276305 0.000000 0.000000 0.000000 0.770355 3.617759 0.075449 0.000000 0.000000 0.000000 -0.000538 -0.001352 -0.001115 -0.030219 0.077209 -0.002193 0.216367 -0.074684 -9.806329 
120.804644 -0.007279 -0.006362 1.364887 28.293402 222.543225 1.284593 0.000000 0.000000 0.000000 0.808684 3.740588 0.082670 0.000000 0.000000 0.000000 -0.000558 -0.001356 -0.001115 -0.028724 0.077107 -0.002094 0.216336 -0.074675 -9.806330 
120.904548 -0.007856 -0.006993 1.362169 28.381006 222.936522 1.293079 0.000000 0.000000 0.000000 0.842609 3.861542 0.085501 0.000000 0.000000 0.000000 -0.000542 -0.001368 -0.001131 -0.026739 0.077915 -0.001606 0.216291 -0.074729 -9.806330 
121.003134 -0.008264 -0.007254 1.359188 28.472951 223.350462 1.301876 0.000000 0.000000 0.000000 0.895567 3.985752 0.088177 0.000000 0.000000 0.000000 -0.000547 -0.001371 -0.001141 -0.025738 0.078162 -0.001207 0.216280 -0.074749 -9.806330 
121.105150 -0.008511 -0.007359 1.356256 28.565535 223.769490 1.310634 0.000000 0.000000 0.000000 0.930246 4.106036 0.089991 0.000000 0.000000 0.000000 -0.000556 -0.001371 -0.001150 -0.024250 0.077454 -0.000602 0.216289 -0.074708 -9.806331 
121.203445 -0.008807 -0.007133 1.353136 28.665154 224.201776 1.320744 0.000000 0.000000 0.000000 0.977377 4.200786 0.091310 0.000000 0.000000 0.000000 -0.000564 -0.001408 -0.001163 -0.022602 0.077782 -0.000732 0.216217 -0.074725 -9.806332 
121.304679 -0.008628 -0.007143 1.349653 28.768396 224.638238 1.329965 0.000000 0.000000 0.000000 1.010925 4.300230 0.092328 0.000000 0.000000 0.000000 -0.000545 -0.001432 -0.001167 -0.019490 0.078090 -0.000054 0.216142 -0.074753 -9.806333 
121.404746 -0.008681 -0.007593 1.346751 28.871433 225.088572 1.340444 0.000000 0.000000 0.000000 1.019904 4.414357 0.093055 0.000000 0.000000 0.000000 -0.000581 -0.001454 -0.001185 -0.018766 0.077397 -0.000585 0.216096 -0.074694 -9.806335 
121.503726 -0.009156 -0.008043 1.343456 28.979448 225.564149 1.350393 0.000000 0.000000 0.000000 1.067356 4.550591 0.098196 0.000000 0.000000 0.000000 -0.000607 -0.001435 -0.001188 -0.019811 0.076230 -0.000638 0.216164 -0.074614 -9.806334 
121.603675 -0.009654 -0.008813 1.339629 29.098247 226.055933 1.360950 0.000000 0.000000 0.000000 1.144106 4.688071 0.102443 0.000000 0.000000 0.000000 -0.000595 -0.001389 -0.001187 -0.022295 0.076740 -0.001046 0.216231 -0.074651 -9.806332 
121.703612 -0.009179 -0.008400 1.336363 29.219126 226.554992 1.371268 0.000000 0.000000 0.000000 1.195890 4.812434 0.100287 0.000000 0.000000 0.000000 -0.000618 -0.001388 -0.001201 -0.020889 0.075836 -0.000394 0.216233 -0.074593 -9.806333 
121.803288 -0.008648 -0.007914 1.332493 29.347400 227.065256 1.381983 0.000000 0.000000 0.000000 1.240713 4.929154 0.101534 0.000000 0.000000 0.000000 -0.000612 -0.001411 -0.001213 -0.019272 0.076079 -0.000231 0.216156 -0.074611 -9.806334 
121.904476 -0.009455 -0.008038 1.328227 29.480238 227.575602 1.394157 0.000000 0.000000 0.000000 1.294690 5.027224 0.106755 0.000000 0.000000 0.000000 -0.000587 -0.001479 -0.001224 -0.016816 0.077553 -0.000668 0.215959 -0.074707 -9.806338 
122.003046 -0.009257 -0.008462 1.324207 29.621187 228.113909 1.407043 0.000000 0.000000 0.000000 1.358353 5.144286 0.110507 0.000000 0.000000 0.000000 -0.000580 -0.001483 -0.001238 -0.017637 0.078468 -0.001722 0.215915 -0.074756 -9.806338 
122.104461 -0.009923 -0.009269 1.320151 29.763612 228.654044 1.420745 0.000000 0.000000 0.000000 1.408316 5.254448 0.116980 0.000000 0.000000 0.000000 -0.000580 -0.001521 -0.001243 -0.017392 0.078912 -0.002770 0.215826 -0.074762 -9.806340 
122.203153 -0.009178 -0.010019 1.315834 29.916943 229.228461 1.432102 0.000000 0.000000 0.000000 1.471571 5.408643 0.121892 0.000000 0.000000 0.000000 -0.000605 -0.001434 -0.001232 -0.020150 0.077968 -0.002178 0.216061 -0.074716 -9.806336 
122.304648 -0.009530 -0.011064 1.311989 30.068374 229.795422 1.444786 0.000000 0.000000 0.000000 1.517152 5.515234 0.120986 0.000000 0.000000 0.000000 -0.000617 -0.001439 -0.001252 -0.018728 0.076952 -0.002066 0.216005 -0.074621 -9.806337 
122.405228 -0.010262 -0.011198 1.307431 30.232041 230.372982 1.457441 0.000000 0.000000 0.000000 1.583297 5.625645 0.124281 0.000000 0.000000 0.000000 -0.000589 -0.001453 -0.001253 -0.018997 0.077971 -0.002213 0.215984 -0.074709 -9.806337 
122.503505 -0.010513 -0.011984 1.303712 30.401012 230.973485 1.471591 0.000000 0.000000 0.000000 1.630715 5.742205 0.140331 0.000000 0.000000 0.000000 -0.000604 -0.001440 -0.001280 -0.019656 0.078064 -0.002806 0.216002 -0.074704 -9.806337 
122.604918 -0.011479 -0.012445 1.299109 30.569493 231.568931 1.489322 0.000000 0.000000 0.000000 1.685772 5.840113 0.158652 0.000000 0.000000 0.000000 -0.000636 -0.001482 -0.001275 -0.017937 0.078372 -0.003964 0.215816 -0.074679 -9.806341 
122.703782 -0.012953 -0.012385 1.295408 30.749151 232.195300 1.506407 0.000000 0.000000 0.000000 1.747065 5.980256 0.167146 0.000000 0.000000 0.000000 -0.000628 -0.001446 -0.001284 -0.019125 0.077415 -0.004066 0.215939 -0.074596 -9.806339 
122.804915 -0.013881 -0.011777 1.291668 30.935713 232.827777 1.522394 0.000000 0.000000 0.000000 1.814941 6.081239 0.156147 0.000000 0.000000 0.000000 -0.000649 -0.001401 -0.001283 -0.020356 0.077129 -0.003855 0.216057 -0.074591 -9.806337 
122.904762 -0.015208 -0.011756 1.287792 31.129724 233.468933 1.538337 0.000000 0.000000 0.000000 1.879260 6.185327 0.145743 0.000000 0.000000 0.000000 -0.000622 -0.001407 -0.001273 -0.021350 0.077683 -0.004333 0.216110 -0.074640 -9.806335 
123.003030 -0.014751 -0.012352 1.284557 31.339445 234.139733 1.554415 0.000000 0.000000 0.000000 1.966445 6.307293 0.147284 0.000000 0.000000 0.000000 -0.000621 -0.001348 -0.001269 -0.024626 0.078890 -0.005049 0.216346 -0.074776 -9.806329 
123.104376 -0.013465 -0.012143 1.281436 31.544044 234.800087 1.569647 0.000000 0.000000 0.000000 1.984863 6.397279 0.132976 0.000000 0.000000 0.000000 -0.000623 -0.001394 -0.001268 -0.023223 0.078651 -0.005294 0.216223 -0.074724 -9.806332 
123.203283 -0.013676 -0.015126 1.278178 31.762161 235.481306 1.586307 0.000000 0.000000 0.000000 2.045292 6.509559 0.145181 0.000000 0.000000 0.000000 -0.000625 -0.001386 -0.001267 -0.023828 0.081930 -0.007744 0.216142 -0.074984 -9.806332 
123.304491 -0.012987 -0.015966 1.275214 31.973779 236.160357 1.604545 0.000000 0.000000 0.000000 2.094739 6.610493 0.178067 0.000000 0.000000 0.000000 -0.000660 -0.001386 -0.001272 -0.021586 0.081415 -0.008206 0.215940 -0.074877 -9.806337 
123.404680 -0.014624 -0.016138 1.272558 32.195760 236.850189 1.622321 0.000000 0.000000 0.000000 2.183270 6.690919 0.202549 0.000000 0.000000 0.000000 -0.000616 -0.001398 -0.001285 -0.020686 0.080420 -0.006183 0.215885 -0.074811 -9.806339 
123.503941 -0.014139 -0.014342 1.269625 32.426707 237.557603 1.642151 0.000000 0.000000 0.000000 2.250392 6.793898 0.246565 0.000000 0.000000 0.000000 -0.000643 -0.001396 -0.001284 -0.020644 0.079176 -0.004593 0.215918 -0.074725 -9.806339 
123.603747 -0.013563 -0.012699 1.266767 32.661284 238.277223 1.661784 0.000000 0.000000 0.000000 2.263632 6.890742 0.183682 0.000000 0.000000 0.000000 -0.000636 -0.001393 -0.001292 -0.020570 0.076441 -0.001874 0.215987 -0.074511 -9.806339 
123.703718 -0.014034 -0.012577 1.263614 32.899651 239.004185 1.680274 0.000000 0.000000 0.000000 2.317322 6.980160 0.165888 0.000000 0.000000 0.000000 -0.000658 -0.001419 -0.001300 -0.019786 0.075897 -0.001696 0.215922 -0.074439 -9.806341 
123.804995 -0.014408 -0.011847 1.260094 33.142122 239.729778 1.701175 0.000000 0.000000 0.000000 2.350034 7.137408 0.191122 0.000000 0.000000 0.000000 -0.000704 -0.001400 -0.001295 -0.017429 0.077456 -0.003604 0.215637 -0.074507 -9.806346 
123.904809 -0.020747 -0.009904 1.257863 33.387477 240.477146 1.723863 0.000000 0.000000 0.000000 2.374890 7.242135 0.185793 0.000000 0.000000 0.000000 -0.000710 -0.001367 -0.001303 -0.016468 0.077528 -0.005325 0.215554 -0.074453 -9.806349 
124.005363 -0.026786 -0.007394 1.256233 33.636472 241.230884 1.742575 0.000000 0.000000 0.000000 2.454313 7.284990 0.198593 0.000000 0.000000 0.000000 -0.000688 -0.001408 -0.001332 -0.016969 0.076488 -0.005188 0.215643 -0.074354 -9.806347 
124.104730 -0.025875 -0.006524 1.253602 33.902461 241.995631 1.756641 0.000000 0.000000 0.000000 2.567447 7.305774 0.093183 0.000000 0.000000 0.000000 -0.000690 -0.001414 -0.001332 -0.019279 0.075987 -0.002771 0.215858 -0.074406 -9.806342 
124.203449 -0.019915 -0.008814 1.250865 34.171430 242.778455 1.760172 0.000000 0.000000 0.000000 2.560825 7.406918 0.007402 0.000000 0.000000 0.000000 -0.000669 -0.001462 -0.001336 -0.021619 0.074070 -0.002337 0.216176 -0.074277 -9.806336 
124.304790 -0.016036 -0.015869 1.248477 34.439471 243.559305 1.766752 0.000000 0.000000 0.000000 2.643985 7.557877 0.124255 0.000000 0.000000 0.000000 -0.000705 -0.001426 -0.001311 -0.021257 0.073995 -0.005376 0.216256 -0.074256 -9.806335 
124.404752 -0.013715 -0.017689 1.246666 34.717072 244.351608 1.783095 0.000000 0.000000 0.000000 2.703745 7.690743 0.200799 0.000000 0.000000 0.000000 -0.000633 -0.001352 -0.001340 -0.021053 0.074107 -0.004092 0.216172 -0.074262 -9.806337 
124.504943 -0.015024 -0.016116 1.244742 35.005255 245.161678 1.807276 0.000000 0.000000 0.000000 2.751850 7.789218 0.274211 0.000000 0.000000 0.000000 -0.000676 -0.001326 -0.001331 -0.023288 0.074747 -0.003169 0.216375 -0.074410 -9.806331 
124.605037 -0.015074 -0.016427 1.243151 35.286617 245.973428 1.835591 0.000000 0.000000 0.000000 2.764942 7.836900 0.226030 0.000000 0.000000 0.000000 -0.000715 -0.001322 -0.001332 -0.022123 0.073708 -0.004357 0.216330 -0.074250 -9.806333 
124.703774 -0.016599 -0.017365 1.242078 35.579504 246.811007 1.858637 0.000000 0.000000 0.000000 2.846059 7.954562 0.202529 0.000000 0.000000 0.000000 -0.000689 -0.001336 -0.001340 -0.023116 0.072683 -0.005512 0.216551 -0.074176 -9.806329 
124.804153 -0.015727 -0.017706 1.240833 35.884174 247.648454 1.878714 0.000000 0.000000 0.000000 2.936013 8.106970 0.259706 0.000000 0.000000 0.000000 -0.000673 -0.001285 -0.001326 -0.023506 0.073449 -0.005237 0.216553 -0.074275 -9.806328 
124.905174 -0.016198 -0.016167 1.240253 36.191091 248.481676 1.905989 0.000000 0.000000 0.000000 2.924047 8.150322 0.211131 0.000000 0.000000 0.000000 -0.000669 -0.001287 -0.001318 -0.021413 0.075320 -0.005697 0.216234 -0.074409 -9.806334 
125.003249 -0.018429 -0.016375 1.241612 36.503597 249.355621 1.929131 0.000000 0.000000 0.000000 2.947744 8.253813 0.200872 0.000000 0.000000 0.000000 -0.000650 -0.001298 -0.001322 -0.023532 0.074768 -0.006321 0.216524 -0.074434 -9.806327 
125.104900 -0.017609 -0.018318 1.242118 36.808604 250.211663 1.953425 0.000000 0.000000 0.000000 2.982191 8.310417 0.159286 0.000000 0.000000 0.000000 -0.000697 -0.001359 -0.001300 -0.020898 0.075052 -0.010341 0.216331 -0.074435 -9.806332 
125.203427 -0.014536 -0.020784 1.243821 37.117939 251.094006 1.974799 0.000000 0.000000 0.000000 2.974671 8.435642 0.218165 0.000000 0.000000 0.000000 -0.000711 -0.001333 -0.001317 -0.020128 0.073094 -0.011672 0.216359 -0.074236 -9.806333 
125.304431 -0.014032 -0.022072 1.244267 37.430769 251.973029 1.999035 0.000000 0.000000 0.000000 3.021181 8.520794 0.281627 0.000000 0.000000 0.000000 -0.000670 -0.001298 -0.001310 -0.018644 0.073507 -0.010471 0.216153 -0.074176 -9.806338 
125.404849 -0.015350 -0.020016 1.244570 37.744181 252.863486 2.031440 0.000000 0.000000 0.000000 3.049395 8.606461 0.294836 0.000000 0.000000 0.000000 -0.000660 -0.001280 -0.001319 -0.017573 0.073241 -0.011766 0.216065 -0.074146 -9.806340 
125.504907 -0.017744 -0.017256 1.244534 38.062791 253.763667 2.063687 0.000000 0.000000 0.000000 3.061606 8.669573 0.279749 0.000000 0.000000 0.000000 -0.000712 -0.001273 -0.001324 -0.017449 0.073180 -0.012173 0.216058 -0.074149 -9.806340 
125.603746 -0.018526 -0.015367 1.243401 38.390994 254.684985 2.091319 0.000000 0.000000 0.000000 3.114801 8.747878 0.259699 0.000000 0.000000 0.000000 -0.000691 -0.001299 -0.001325 -0.018917 0.073034 -0.013238 0.216223 -0.074238 -9.806336 
125.703533 -0.019116 -0.018019 1.242729 38.723271 255.603925 2.116870 0.000000 0.000000 0.000000 3.185494 8.777833 0.196547 0.000000 0.000000 0.000000 -0.000629 -0.001305 -0.001346 -0.017831 0.074216 -0.013733 0.216072 -0.074336 -9.806338 
125.803759 -0.016631 -0.018418 1.241494 39.054529 256.534926 2.140582 0.000000 0.000000 0.000000 3.222913 8.899343 0.256000 0.000000 0.000000 0.000000 -0.000754 -0.001328 -0.001317 -0.017431 0.072127 -0.015346 0.216128 -0.074188 -9.806338 
125.904622 -0.015852 -0.019176 1.240007 39.389636 257.461496 2.167913 0.000000 0.000000 0.000000 3.248574 8.980592 0.260442 0.000000 0.000000 0.000000 -0.000706 -0.001315 -0.001322 -0.015677 0.072351 -0.015642 0.215945 -0.074158 -9.806342 
126.003154 -0.017771 -0.018793 1.239532 39.737785 258.422624 2.198628 0.000000 0.000000 0.000000 3.348065 9.089468 0.320164 0.000000 0.000000 0.000000 -0.000706 -0.001257 -0.001336 -0.017387 0.071886 -0.015293 0.216132 -0.074161 -9.806338 
126.104523 -0.016380 -0.015188 1.237836 40.088218 259.369300 2.228567 0.000000 0.000000 0.000000 3.402246 9.138594 0.297667 0.000000 0.000000 0.000000 -0.000717 -0.001244 -0.001336 -0.016567 0.072932 -0.012457 0.215981 -0.074165 -9.806341 
126.203601 -0.015887 -0.012461 1.236703 40.447586 260.336176 2.257148 0.000000 0.000000 0.000000 3.461073 9.208161 0.259060 0.000000 0.000000 0.000000 -0.000667 -0.001247 -0.001355 -0.017037 0.072876 -0.011447 0.216018 -0.074157 -9.806341 
126.304729 -0.012868 -0.010290 1.235320 40.800370 261.293957 2.278407 0.000000 0.000000 0.000000 3.506542 9.233508 0.219011 0.000000 0.000000 0.000000 -0.000715 -0.001282 -0.001344 -0.015890 0.070730 -0.007965 0.215929 -0.073896 -9.806345 
126.404645 -0.009229 -0.009019 1.234715 41.163834 262.264258 2.298879 0.000000 0.000000 0.000000 3.523842 9.310306 0.210277 0.000000 0.000000 0.000000 -0.000674 -0.001294 -0.001355 -0.017071 0.069252 -0.006319 0.216062 -0.073785 -9.806343 
126.503191 -0.006796 -0.008924 1.234207 41.531616 263.259470 2.324465 0.000000 0.000000 0.000000 3.540139 9.419199 0.226652 0.000000 0.000000 0.000000 -0.000759 -0.001290 -0.001356 -0.017042 0.067732 -0.008928 0.216184 -0.073674 -9.806341 
126.604669 -0.004809 -0.009518 1.232942 41.899110 264.250379 2.352812 0.000000 0.000000 0.000000 3.587417 9.514909 0.270646 0.000000 0.000000 0.000000 -0.000797 -0.001261 -0.001338 -0.016888 0.067010 -0.011855 0.216282 -0.073645 -9.806339 
126.705266 -0.000581 -0.007432 1.232172 42.276323 265.245289 2.375697 0.000000 0.000000 0.000000 3.693999 9.588446 0.302107 0.000000 0.000000 0.000000 -0.000739 -0.001194 -0.001351 -0.019900 0.065083 -0.005708 0.216423 -0.073495 -9.806337 
126.806201 0.004948 -0.003280 1.231022 42.652255 266.238686 2.405170 0.000000 0.000000 0.000000 3.624342 9.688837 0.277430 0.000000 0.000000 0.000000 -0.000661 -0.001166 -0.001362 -0.021181 0.063942 -0.005027 0.216561 -0.073424 -9.806334 
126.906275 0.000489 -0.002811 1.231831 43.028116 267.245662 2.441874 0.000000 0.000000 0.000000 3.621643 9.801847 0.304886 0.000000 0.000000 0.000000 -0.000787 -0.001197 -0.001362 -0.021079 0.064382 -0.011437 0.216835 -0.073614 -9.806327 
127.005962 -0.003434 -0.006169 1.231747 43.397475 268.270162 2.485876 0.000000 0.000000 0.000000 3.602073 9.888411 0.280695 0.000000 0.000000 0.000000 -0.000871 -0.001090 -0.001371 -0.020503 0.062166 -0.021681 0.217323 -0.073843 -9.806314 
127.106348 -0.008856 -0.010026 1.231558 43.776112 269.303446 2.522283 0.000000 0.000000 0.000000 3.634745 10.010936 0.299592 0.000000 0.000000 0.000000 -0.000957 -0.001095 -0.001324 -0.022902 0.060341 -0.028666 0.217931 -0.074181 -9.806298 
127.204976 -0.013480 -0.015049 1.231338 44.154199 270.370159 2.555848 0.000000 0.000000 0.000000 3.716729 10.131861 0.297486 0.000000 0.000000 0.000000 -0.000770 -0.001023 -0.001384 -0.029111 0.057330 -0.028322 0.218550 -0.074165 -9.806285 
127.307533 -0.014617 -0.017961 1.231415 44.530504 271.396605 2.587177 0.000000 0.000000 0.000000 3.696118 10.193118 0.338294 0.000000 0.000000 0.000000 -0.000889 -0.001056 -0.001357 -0.028695 0.057312 -0.027978 0.218493 -0.074116 -9.806286 
127.407497 -0.015598 -0.020599 1.231233 44.917646 272.441748 2.621076 0.000000 0.000000 0.000000 3.838820 10.268066 0.355413 0.000000 0.000000 0.000000 -0.000921 -0.000992 -0.001344 -0.032610 0.058347 -0.026567 0.218753 -0.074275 -9.806279 
127.506179 -0.014857 -0.020786 1.231843 45.312750 273.519356 2.650433 0.000000 0.000000 0.000000 3.941199 10.377760 0.389141 0.000000 0.000000 0.000000 -0.000800 -0.000972 -0.001383 -0.039347 0.058386 -0.021180 0.219082 -0.074191 -9.806272 
127.607517 -0.012335 -0.019165 1.231448 45.712729 274.582323 2.683650 0.000000 0.000000 0.000000 3.919880 10.467527 0.348399 0.000000 0.000000 0.000000 -0.000816 -0.000921 -0.001378 -0.042717 0.060112 -0.018144 0.219181 -0.074290 -9.806270 
127.706239 -0.012324 -0.018159 1.231818 46.118562 275.676435 2.721185 0.000000 0.000000 0.000000 3.921005 10.573757 0.359410 0.000000 0.000000 0.000000 -0.000843 -0.000931 -0.001399 -0.046494 0.059134 -0.019429 0.219627 -0.074427 -9.806258 
127.807374 -0.012072 -0.017755 1.231568 46.521216 276.755359 2.755889 0.000000 0.000000 0.000000 3.985045 10.656541 0.349516 0.000000 0.000000 0.000000 -0.000843 -0.000918 -0.001385 -0.047394 0.059233 -0.019310 0.219702 -0.074463 -9.806257 
127.907172 -0.011355 -0.015464 1.231855 46.929957 277.853619 2.792041 0.000000 0.000000 0.000000 3.999384 10.765388 0.344283 0.000000 0.000000 0.000000 -0.000840 -0.000883 -0.001399 -0.050157 0.058417 -0.019293 0.219977 -0.074495 -9.806250 
128.006242 -0.012504 -0.012781 1.231524 47.346363 278.980409 2.829724 0.000000 0.000000 0.000000 4.047773 10.876017 0.351028 0.000000 0.000000 0.000000 -0.000840 -0.000899 -0.001396 -0.054377 0.056713 -0.021210 0.220458 -0.074558 -9.806239 
128.107234 -0.012074 -0.011014 1.231302 47.759622 280.088399 2.862926 0.000000 0.000000 0.000000 4.104443 10.912547 0.297255 0.000000 0.000000 0.000000 -0.000843 -0.000912 -0.001388 -0.054683 0.056414 -0.022175 0.220519 -0.074568 -9.806237 
128.198687 -0.011553 -0.010163 1.232249 48.142771 281.119770 2.891598 0.000000 0.000000 0.000000 4.124915 11.083328 0.300160 0.000000 0.000000 0.000000 -0.000814 -0.000953 -0.001414 -0.066438 0.054097 -0.025144 0.221615 -0.074802 -9.806211 
128.298210 -0.010497 -0.011068 1.232563 48.567400 282.261531 2.922586 0.000000 0.000000 0.000000 4.141534 11.203709 0.285414 0.000000 0.000000 0.000000 -0.000842 -0.000985 -0.001407 -0.073263 0.053041 -0.027356 0.222235 -0.074968 -9.806196 
128.399454 -0.010581 -0.013424 1.232942 49.069668 283.619473 2.963709 0.000000 0.000000 0.000000 4.180851 11.330401 0.328709 0.000000 0.000000 0.000000 -0.000862 -0.000998 -0.001405 -0.076617 0.052244 -0.030817 0.222574 -0.075094 -9.806187 
128.498346 -0.010675 -0.014445 1.232461 49.437229 284.635149 2.994979 0.000000 0.000000 0.000000 4.214668 11.370870 0.371539 0.000000 0.000000 0.000000 -0.000829 -0.000951 -0.001380 -0.072290 0.050300 -0.030808 0.222280 -0.074823 -9.806196 
128.599473 -0.009596 -0.013660 1.232701 49.940139 285.991432 3.038057 0.000000 0.000000 0.000000 4.245420 11.449845 0.385278 0.000000 0.000000 0.000000 -0.000808 -0.000913 -0.001365 -0.071347 0.051156 -0.028188 0.222154 -0.074803 -9.806199 
128.698636 -0.008722 -0.013587 1.232833 50.310893 287.002826 3.071389 0.000000 0.000000 0.000000 4.218687 11.450227 0.373552 0.000000 0.000000 0.000000 -0.000770 -0.000823 -0.001345 -0.065322 0.051164 -0.026732 0.221667 -0.074590 -9.806211 
128.798410 -0.007452 -0.013490 1.234377 50.732365 288.141390 3.107123 0.000000 0.000000 0.000000 4.212301 11.485260 0.365896 0.000000 0.000000 0.000000 -0.000816 -0.000794 -0.001345 -0.062425 0.052484 -0.024954 0.221396 -0.074562 -9.806218 
128.899360 -0.006258 -0.014039 1.235662 51.231839 289.518262 3.152109 0.000000 0.000000 0.000000 4.193537 11.579845 0.401546 0.000000 0.000000 0.000000 -0.000785 -0.000804 -0.001353 -0.061920 0.051623 -0.025307 0.221382 -0.074494 -9.806219 
128.998383 -0.005977 -0.016215 1.236354 51.600201 290.539948 3.187815 0.000000 0.000000 0.000000 4.158342 11.575278 0.417943 0.000000 0.000000 0.000000 -0.000787 -0.000656 -0.001328 -0.055180 0.052257 -0.023698 0.220863 -0.074280 -9.806232 
129.099505 -0.005741 -0.016916 1.237641 52.106000 291.920743 3.238558 0.000000 0.000000 0.000000 4.198599 11.652788 0.443118 0.000000 0.000000 0.000000 -0.000828 -0.000656 -0.001333 -0.055211 0.054982 -0.022732 0.220800 -0.074441 -9.806232 
129.198370 -0.006097 -0.018578 1.239299 52.482128 292.945971 3.276017 0.000000 0.000000 0.000000 4.211964 11.636751 0.453852 0.000000 0.000000 0.000000 -0.000836 -0.000530 -0.001342 -0.049135 0.058356 -0.019151 0.220284 -0.074359 -9.806244 
129.298629 -0.005969 -0.017718 1.240111 52.900885 294.109672 3.319896 0.000000 0.000000 0.000000 4.237732 11.693857 0.466983 0.000000 0.000000 0.000000 -0.000817 -0.000516 -0.001342 -0.048005 0.058711 -0.016872 0.220182 -0.074283 -9.806247 
129.399656 -0.005176 -0.016268 1.241817 53.417091 295.510821 3.371400 0.000000 0.000000 0.000000 4.279559 11.774092 0.470688 0.000000 0.000000 0.000000 -0.000837 -0.000519 -0.001373 -0.050025 0.062244 -0.013252 0.220212 -0.074475 -9.806245 
129.498149 -0.005375 -0.014355 1.241845 53.798993 296.563811 3.410270 0.000000 0.000000 0.000000 4.269163 11.778239 0.443083 0.000000 0.000000 0.000000 -0.000844 -0.000480 -0.001342 -0.046725 0.063691 -0.010116 0.219944 -0.074392 -9.806252 
129.599269 -0.003350 -0.013094 1.242404 54.303345 297.969652 3.461720 0.000000 0.000000 0.000000 4.214880 11.815584 0.413015 0.000000 0.000000 0.000000 -0.000846 -0.000484 -0.001364 -0.045614 0.063065 -0.010100 0.219888 -0.074326 -9.806253 
129.698456 -0.003446 -0.015252 1.242887 54.679829 299.020101 3.498807 0.000000 0.000000 0.000000 4.224722 11.813589 0.413043 0.000000 0.000000 0.000000 -0.000843 -0.000441 -0.001368 -0.041479 0.063922 -0.009827 0.219627 -0.074259 -9.806260 
129.798162 -0.002742 -0.017221 1.242440 55.104160 300.219978 3.542518 0.000000 0.000000 0.000000 4.235945 11.884098 0.439056 0.000000 0.000000 0.000000 -0.000847 -0.000475 -0.001354 -0.042889 0.062219 -0.010680 0.219748 -0.074234 -9.806257 
129.899490 -0.003321 -0.019630 1.242861 55.616050 301.657637 3.597712 0.000000 0.000000 0.000000 4.299288 12.008824 0.490844 0.000000 0.000000 0.000000 -0.000798 -0.000491 -0.001378 -0.046573 0.061648 -0.010533 0.219963 -0.074290 -9.806252 
129.998244 -0.003436 -0.018529 1.242333 56.002637 302.739461 3.642796 0.000000 0.000000 0.000000 4.317727 12.056097 0.515441 0.000000 0.000000 0.000000 -0.000798 -0.000438 -0.001358 -0.044933 0.061619 -0.009980 0.219862 -0.074231 -9.806255 
130.099474 -0.001909 -0.013744 1.242045 56.516031 304.183559 3.706592 0.000000 0.000000 0.000000 4.343208 12.106689 0.498290 0.000000 0.000000 0.000000 -0.000827 -0.000411 -0.001361 -0.044694 0.059555 -0.012312 0.219921 -0.074194 -9.806254 
130.198321 -0.004086 -0.012307 1.242027 56.903302 305.267187 3.750226 0.000000 0.000000 0.000000 4.330317 12.108097 0.463307 0.000000 0.000000 0.000000 -0.000774 -0.000401 -0.001359 -0.041658 0.059545 -0.012244 0.219755 -0.074130 -9.806258 
130.298570 -0.003578 -0.011647 1.242292 57.341378 306.488227 3.793789 0.000000 0.000000 0.000000 4.355367 12.155055 0.419373 0.000000 0.000000 0.000000 -0.000809 -0.000436 -0.001369 -0.043261 0.059640 -0.012450 0.219841 -0.074171 -9.806256 
130.398403 -0.002896 -0.011181 1.241957 57.790067 307.734164 3.836401 0.000000 0.000000 0.000000 4.410556 12.257148 0.416519 0.000000 0.000000 0.000000 -0.000797 -0.000508 -0.001371 -0.049031 0.059339 -0.013183 0.220156 -0.074281 -9.806248 
130.498360 -0.003856 -0.011843 1.242434 58.244812 308.997390 3.878692 0.000000 0.000000 0.000000 4.406755 12.373184 0.425416 0.000000 0.000000 0.000000 -0.000793 -0.000613 -0.001395 -0.056795 0.059248 -0.013517 0.220554 -0.074422 -9.806238 
130.599852 -0.003655 -0.014684 1.242563 58.776058 310.499082 3.933928 0.000000 0.000000 0.000000 4.435347 12.487853 0.433801 0.000000 0.000000 0.000000 -0.000832 -0.000695 -0.001403 -0.062538 0.057226 -0.017254 0.220926 -0.074558 -9.806228 
130.698952 -0.004468 -0.018215 1.242613 59.254827 311.872546 3.987911 0.000000 0.000000 0.000000 4.408594 12.562806 0.494566 0.000000 0.000000 0.000000 -0.000816 -0.000667 -0.001405 -0.060980 0.054536 -0.019434 0.220913 -0.074483 -9.806229 
130.798304 -0.007315 -0.021465 1.241587 59.646469 312.989494 4.028580 0.000000 0.000000 0.000000 4.411958 12.575751 0.528259 0.000000 0.000000 0.000000 -0.000772 -0.000609 -0.001362 -0.056730 0.054972 -0.016169 0.220648 -0.074303 -9.806237 
130.899802 -0.009473 -0.022791 1.241663 60.168465 314.486459 4.092143 0.000000 0.000000 0.000000 4.449450 12.628270 0.535201 0.000000 0.000000 0.000000 -0.000764 -0.000560 -0.001360 -0.055926 0.053675 -0.015765 0.220616 -0.074214 -9.806238 
130.998466 -0.010279 -0.021284 1.241428 60.568403 315.618326 4.137815 0.000000 0.000000 0.000000 4.496071 12.624096 0.530265 0.000000 0.000000 0.000000 -0.000736 -0.000555 -0.001356 -0.053905 0.053837 -0.013805 0.220491 -0.074124 -9.806241 
131.099643 -0.008411 -0.019956 1.242648 61.110810 317.130632 4.194581 0.000000 0.000000 0.000000 4.563366 12.674315 0.511626 0.000000 0.000000 0.000000 -0.000705 -0.000586 -0.001384 -0.056632 0.054061 -0.011301 0.220600 -0.074121 -9.806239 
131.198632 -0.006160 -0.018112 1.242788 61.520008 318.264314 4.237656 0.000000 0.000000 0.000000 4.543211 12.720560 0.507101 0.000000 0.000000 0.000000 -0.000732 -0.000577 -0.001380 -0.054718 0.054987 -0.010183 0.220481 -0.074105 -9.806242 
131.298907 -0.008247 -0.017442 1.243418 62.068415 319.799754 4.302035 0.000000 0.000000 0.000000 4.525865 12.821827 0.511080 0.000000 0.000000 0.000000 -0.000792 -0.000555 -0.001368 -0.055916 0.056164 -0.012167 0.220533 -0.074206 -9.806240 
131.399909 -0.011592 -0.016955 1.243468 62.557041 321.183756 4.354233 0.000000 0.000000 0.000000 4.507765 12.835503 0.480777 0.000000 0.000000 0.000000 -0.000810 -0.000508 -0.001358 -0.053077 0.056824 -0.010679 0.220394 -0.074166 -9.806243 
131.498589 -0.014396 -0.017183 1.243148 62.956715 322.325812 4.394498 0.000000 0.000000 0.000000 4.507594 12.805451 0.433487 0.000000 0.000000 0.000000 -0.000813 -0.000506 -0.001344 -0.049245 0.056889 -0.009934 0.220226 -0.074099 -9.806248 
131.599778 -0.014989 -0.019632 1.244073 63.500922 323.860175 4.444088 0.000000 0.000000 0.000000 4.599504 12.847023 0.432556 0.000000 0.000000 0.000000 -0.000812 -0.000555 -0.001360 -0.051957 0.057291 -0.009689 0.220338 -0.074149 -9.806245 
131.698874 -0.010875 -0.020626 1.243796 64.006297 325.267345 4.490377 0.000000 0.000000 0.000000 4.663781 12.871507 0.464747 0.000000 0.000000 0.000000 -0.000785 -0.000526 -0.001340 -0.050724 0.057358 -0.008172 0.220291 -0.074118 -9.806246 
131.798278 -0.006416 -0.020060 1.243244 64.425499 326.420692 4.528379 0.000000 0.000000 0.000000 4.696709 12.866985 0.498573 0.000000 0.000000 0.000000 -0.000734 -0.000497 -0.001322 -0.048581 0.056684 -0.004748 0.220220 -0.074039 -9.806248 
131.899438 0.000189 -0.018362 1.244778 64.988320 327.969824 4.588550 0.000000 0.000000 0.000000 4.676469 12.973086 0.536716 0.000000 0.000000 0.000000 -0.000764 -0.000504 -0.001366 -0.051293 0.056139 -0.004009 0.220354 -0.074042 -9.806245 
131.997964 0.001495 -0.017719 1.244254 65.407747 329.154351 4.639544 0.000000 0.000000 0.000000 4.618145 13.051147 0.564165 0.000000 0.000000 0.000000 -0.000773 -0.000496 -0.001352 -0.051763 0.054915 -0.004551 0.220384 -0.074010 -9.806245 
132.099182 -0.001878 -0.018421 1.245152 65.963212 330.729549 4.712857 0.000000 0.000000 0.000000 4.608227 13.093382 0.557423 0.000000 0.000000 0.000000 -0.000803 -0.000497 -0.001384 -0.054093 0.055383 -0.006928 0.220455 -0.074074 -9.806243 
132.197864 -0.005408 -0.018903 1.245020 66.378811 331.910203 4.764332 0.000000 0.000000 0.000000 4.600179 13.083325 0.558354 0.000000 0.000000 0.000000 -0.000797 -0.000506 -0.001395 -0.051870 0.055730 -0.007658 0.220355 -0.074060 -9.806245 
132.297904 -0.007825 -0.019027 1.245101 66.861226 333.254530 4.820801 0.000000 0.000000 0.000000 4.687233 13.131765 0.538007 0.000000 0.000000 0.000000 -0.000799 -0.000570 -0.001407 -0.058306 0.057341 -0.008802 0.220587 -0.074215 -9.806239 
132.399074 -0.004351 -0.018277 1.245637 67.435086 334.852918 4.884776 0.000000 0.000000 0.000000 4.759364 13.189470 0.511808 0.000000 0.000000 0.000000 -0.000791 -0.000583 -0.001429 -0.065088 0.056569 -0.009350 0.220848 -0.074280 -9.806232 
132.497988 -0.002080 -0.017080 1.245190 67.867704 336.057989 4.931411 0.000000 0.000000 0.000000 4.778521 13.224410 0.524513 0.000000 0.000000 0.000000 -0.000764 -0.000607 -0.001413 -0.066481 0.055525 -0.009550 0.220906 -0.074269 -9.806231 
132.598331 -0.000610 -0.015487 1.246015 68.356067 337.408278 4.987412 0.000000 0.000000 0.000000 4.788602 13.322940 0.529250 0.000000 0.000000 0.000000 -0.000760 -0.000639 -0.001436 -0.070923 0.056442 -0.011610 0.221060 -0.074360 -9.806227 
132.698212 -0.000800 -0.013862 1.246552 68.849185 338.777532 5.046582 0.000000 0.000000 0.000000 4.794558 13.448523 0.538050 0.000000 0.000000 0.000000 -0.000812 -0.000676 -0.001462 -0.077367 0.058030 -0.015021 0.221277 -0.074512 -9.806221 
132.798312 -0.002674 -0.013851 1.246793 69.342320 340.152195 5.102599 0.000000 0.000000 0.000000 4.832962 13.507217 0.510805 0.000000 0.000000 0.000000 -0.000832 -0.000702 -0.001480 -0.083580 0.059243 -0.016774 0.221484 -0.074637 -9.806215 
132.899393 -0.004671 -0.013933 1.246136 69.927366 341.785442 5.163557 0.000000 0.000000 0.000000 4.846738 13.566345 0.489831 0.000000 0.000000 0.000000 -0.000815 -0.000785 -0.001479 -0.089416 0.059240 -0.017658 0.221682 -0.074713 -9.806210 
132.998284 -0.004508 -0.014806 1.244502 70.360218 343.013825 5.210291 0.000000 0.000000 0.000000 4.876344 13.566907 0.493444 0.000000 0.000000 0.000000 -0.000771 -0.000803 -0.001448 -0.088747 0.057195 -0.018887 0.221676 -0.074679 -9.806210 
133.099685 -0.001003 -0.015085 1.243752 70.943669 344.645091 5.271178 0.000000 0.000000 0.000000 4.920529 13.611224 0.542719 0.000000 0.000000 0.000000 -0.000748 -0.000840 -0.001449 -0.092504 0.055706 -0.018803 0.221812 -0.074677 -9.806207 
133.198605 0.001717 -0.015319 1.243301 71.371570 345.855255 5.321988 0.000000 0.000000 0.000000 4.865652 13.593426 0.590793 0.000000 0.000000 0.000000 -0.000689 -0.000758 -0.001458 -0.087197 0.053097 -0.018928 0.221639 -0.074569 -9.806212 
133.298124 0.000226 -0.016368 1.243889 71.862546 347.228106 5.384820 0.000000 0.000000 0.000000 4.838278 13.619985 0.608716 0.000000 0.000000 0.000000 -0.000740 -0.000755 -0.001485 -0.087881 0.053736 -0.020179 0.221676 -0.074622 -9.806211 
133.398585 -0.002500 -0.018506 1.243106 72.352741 348.605748 5.450918 0.000000 0.000000 0.000000 4.862067 13.667237 0.630998 0.000000 0.000000 0.000000 -0.000762 -0.000772 -0.001481 -0.089594 0.054651 -0.023019 0.221774 -0.074742 -9.806208 
133.498392 -0.006760 -0.020107 1.242386 72.842055 349.998063 5.516914 0.000000 0.000000 0.000000 4.876341 13.722251 0.628517 0.000000 0.000000 0.000000 -0.000739 -0.000841 -0.001514 -0.093369 0.053800 -0.024786 0.221931 -0.074825 -9.806204 
133.599327 -0.008960 -0.021251 1.240378 73.437796 351.656131 5.596332 0.000000 0.000000 0.000000 4.999733 13.733367 0.652191 0.000000 0.000000 0.000000 -0.000740 -0.000888 -0.001504 -0.096935 0.054592 -0.027208 0.222096 -0.074958 -9.806199 
133.698592 -0.008166 -0.021390 1.238398 73.885986 352.891327 5.653665 0.000000 0.000000 0.000000 5.025166 13.723097 0.658029 0.000000 0.000000 0.000000 -0.000748 -0.000843 -0.001468 -0.097085 0.053790 -0.026317 0.222088 -0.074917 -9.806199 
133.798102 -0.007177 -0.018529 1.238061 74.394049 354.283974 5.718067 0.000000 0.000000 0.000000 5.076245 13.706553 0.650992 0.000000 0.000000 0.000000 -0.000740 -0.000873 -0.001491 -0.100579 0.052275 -0.025068 0.222202 -0.074884 -9.806197 
133.900720 -0.004805 -0.016210 1.235957 74.977383 355.905571 5.790043 0.000000 0.000000 0.000000 5.026702 13.683539 0.627229 0.000000 0.000000 0.000000 -0.000693 -0.000863 -0.001475 -0.103103 0.047490 -0.021880 0.222255 -0.074734 -9.806197 
133.998081 -0.004460 -0.016735 1.234925 75.429235 357.142268 5.841811 0.000000 0.000000 0.000000 5.016836 13.647230 0.622923 0.000000 0.000000 0.000000 -0.000667 -0.000851 -0.001458 -0.104249 0.046042 -0.019047 0.222250 -0.074641 -9.806198 
134.099114 -0.001821 -0.016064 1.235037 76.028083 358.775835 5.914081 0.000000 0.000000 0.000000 4.988515 13.607994 0.615643 0.000000 0.000000 0.000000 -0.000671 -0.000859 -0.001470 -0.106365 0.045021 -0.017671 0.222309 -0.074598 -9.806197 
134.198162 -0.000869 -0.016932 1.234826 76.475028 359.988686 5.968104 0.000000 0.000000 0.000000 4.978682 13.519458 0.628965 0.000000 0.000000 0.000000 -0.000664 -0.000861 -0.001463 -0.103322 0.045314 -0.016850 0.222171 -0.074559 -9.806200 
134.297752 0.004954 -0.017362 1.234740 76.973100 361.353976 6.029789 0.000000 0.000000 0.000000 4.969847 13.476286 0.640103 0.000000 0.000000 0.000000 -0.000663 -0.000870 -0.001473 -0.105278 0.043156 -0.015591 0.222220 -0.074503 -9.806199 
134.398916 0.004499 -0.018763 1.235348 77.568744 362.972915 6.115332 0.000000 0.000000 0.000000 4.945564 13.539255 0.757768 0.000000 0.000000 0.000000 -0.000683 -0.000817 -0.001471 -0.103779 0.044687 -0.017577 0.222211 -0.074584 -9.806199 
134.497906 0.005878 -0.015001 1.234850 78.008584 364.177973 6.180595 0.000000 0.000000 0.000000 4.975509 13.452034 0.732300 0.000000 0.000000 0.000000 -0.000674 -0.000757 -0.001460 -0.100903 0.043143 -0.015897 0.222048 -0.074470 -9.806204 
134.598617 0.005610 -0.012008 1.235522 78.505101 365.518300 6.246702 0.000000 0.000000 0.000000 4.892044 13.423997 0.637008 0.000000 0.000000 0.000000 -0.000691 -0.000743 -0.001469 -0.102517 0.043460 -0.013989 0.222056 -0.074416 -9.806204 
134.698012 0.002949 -0.008853 1.235335 79.000079 366.873540 6.311205 0.000000 0.000000 0.000000 4.896917 13.383677 0.616845 0.000000 0.000000 0.000000 -0.000709 -0.000753 -0.001441 -0.105174 0.042840 -0.012851 0.222118 -0.074394 -9.806203 
134.798010 0.000520 -0.006524 1.237072 79.501998 368.243724 6.373868 0.000000 0.000000 0.000000 4.885430 13.355497 0.536458 0.000000 0.000000 0.000000 -0.000705 -0.000850 -0.001482 -0.109641 0.043569 -0.014619 0.222327 -0.074530 -9.806197 
134.898970 0.000426 -0.009337 1.236560 80.085367 369.865772 6.440851 0.000000 0.000000 0.000000 4.809816 13.370396 0.512071 0.000000 0.000000 0.000000 -0.000691 -0.000904 -0.001464 -0.113554 0.041605 -0.016418 0.222519 -0.074633 -9.806192 
134.997985 0.005642 -0.010244 1.237620 80.526351 371.067637 6.486102 0.000000 0.000000 0.000000 4.900233 13.302828 0.560548 0.000000 0.000000 0.000000 -0.000710 -0.000929 -0.001496 -0.113418 0.042303 -0.015207 0.222467 -0.074583 -9.806193 
135.099372 0.012809 -0.016791 1.236931 81.102449 372.653923 6.552064 0.000000 0.000000 0.000000 4.885495 13.323073 0.594353 0.000000 0.000000 0.000000 -0.000708 -0.000891 -0.001473 -0.115940 0.042294 -0.013515 0.222476 -0.074534 -9.806193 
135.198590 0.013965 -0.016738 1.238486 81.533696 373.835147 6.613475 0.000000 0.000000 0.000000 4.941250 13.313466 0.764513 0.000000 0.000000 0.000000 -0.000752 -0.000812 -0.001464 -0.110635 0.041215 -0.014191 0.222333 -0.074474 -9.806197 
135.300328 0.004387 -0.012965 1.239791 82.112788 375.427186 6.706695 0.000000 0.000000 0.000000 4.892574 13.313090 0.734785 0.000000 0.000000 0.000000 -0.000598 -0.000733 -0.001490 -0.113181 0.041862 -0.013475 0.222382 -0.074493 -9.806196 
135.399826 0.001029 -0.009155 1.239873 82.628091 376.849670 6.778514 0.000000 0.000000 0.000000 4.726681 13.174828 0.547732 0.000000 0.000000 0.000000 -0.000752 -0.000792 -0.001497 -0.106055 0.042535 -0.015270 0.222255 -0.074464 -9.806199 
135.498164 -0.004169 -0.015546 1.240199 83.045944 378.020233 6.824679 0.000000 0.000000 0.000000 4.708078 13.055683 0.490369 0.000000 0.000000 0.000000 -0.000720 -0.000902 -0.001500 -0.101339 0.041320 -0.015855 0.222146 -0.074400 -9.806202 
135.598177 0.002002 -0.024080 1.238870 83.517567 379.345826 6.872703 0.000000 0.000000 0.000000 4.803278 13.056094 0.587375 0.000000 0.000000 0.000000 -0.000711 -0.000906 -0.001494 -0.106007 0.037995 -0.014260 0.222215 -0.074351 -9.806201 
135.698621 0.006073 -0.026969 1.238649 83.994859 380.663037 6.939022 0.000000 0.000000 0.000000 4.843556 13.122850 0.751701 0.000000 0.000000 0.000000 -0.000621 -0.000881 -0.001517 -0.107675 0.035908 -0.013809 0.222248 -0.074332 -9.806200 
135.798505 0.010405 -0.023456 1.237984 84.477291 382.004602 7.018219 0.000000 0.000000 0.000000 4.848283 13.218325 0.836219 0.000000 0.000000 0.000000 -0.000683 -0.000805 -0.001512 -0.113267 0.032766 -0.012644 0.222378 -0.074328 -9.806197 
135.900105 0.008612 -0.016576 1.235891 85.050389 383.590852 7.116395 0.000000 0.000000 0.000000 4.789593 13.250230 0.764443 0.000000 0.000000 0.000000 -0.000659 -0.000827 -0.001470 -0.116343 0.031281 -0.013104 0.222501 -0.074359 -9.806194 
135.998301 0.005308 -0.015659 1.235550 85.477444 384.793820 7.185030 0.000000 0.000000 0.000000 4.751903 13.225992 0.671895 0.000000 0.000000 0.000000 -0.000689 -0.000867 -0.001471 -0.116645 0.029442 -0.014661 0.222574 -0.074385 -9.806192 
136.099848 0.003951 -0.019200 1.234919 86.045032 386.379882 7.261828 0.000000 0.000000 0.000000 4.711691 13.242591 0.623630 0.000000 0.000000 0.000000 -0.000683 -0.000904 -0.001486 -0.120382 0.029143 -0.014642 0.222688 -0.074420 -9.806190 
136.198341 0.002551 -0.022827 1.233961 86.467614 387.555693 7.319881 0.000000 0.000000 0.000000 4.758851 13.194638 0.662323 0.000000 0.000000 0.000000 -0.000696 -0.000939 -0.001479 -0.116304 0.029886 -0.015327 0.222584 -0.074410 -9.806192 
136.297940 0.004458 -0.025622 1.233594 86.954117 388.891814 7.389994 0.000000 0.000000 0.000000 4.808789 13.222123 0.727179 0.000000 0.000000 0.000000 -0.000709 -0.000868 -0.001506 -0.118297 0.030789 -0.015094 0.222635 -0.074441 -9.806191 
136.399740 0.002999 -0.025197 1.231695 87.525801 390.464145 7.477710 0.000000 0.000000 0.000000 4.839894 13.238321 0.764500 0.000000 0.000000 0.000000 -0.000703 -0.000881 -0.001481 -0.118533 0.030417 -0.014311 0.222629 -0.074416 -9.806191 
136.497859 0.003827 -0.024934 1.231445 87.967951 391.669319 7.544018 0.000000 0.000000 0.000000 4.880440 13.251112 0.753479 0.000000 0.000000 0.000000 -0.000706 -0.000850 -0.001511 -0.119672 0.030582 -0.013140 0.222647 -0.074403 -9.806191 
136.597820 0.003199 -0.023518 1.229372 88.462296 393.019348 7.618230 0.000000 0.000000 0.000000 4.889389 13.268942 0.735079 0.000000 0.000000 0.000000 -0.000692 -0.000868 -0.001490 -0.122629 0.029764 -0.012413 0.222744 -0.074396 -9.806188 
136.697929 0.003886 -0.022157 1.227997 88.956794 394.366076 7.690665 0.000000 0.000000 0.000000 4.915187 13.283908 0.710699 0.000000 0.000000 0.000000 -0.000719 -0.000875 -0.001496 -0.124693 0.028831 -0.011909 0.222819 -0.074382 -9.806187 
136.798174 0.004101 -0.022235 1.226846 89.462827 395.724740 7.761181 0.000000 0.000000 0.000000 4.947552 13.333019 0.701535 0.000000 0.000000 0.000000 -0.000701 -0.000878 -0.001519 -0.130299 0.029096 -0.011518 0.223010 -0.074425 -9.806182 
136.899856 0.003590 -0.023528 1.224512 90.058789 397.325822 7.842325 0.000000 0.000000 0.000000 4.996607 13.377828 0.690300 0.000000 0.000000 0.000000 -0.000745 -0.000861 -0.001516 -0.133988 0.028835 -0.010046 0.223157 -0.074424 -9.806179 
136.998185 0.003321 -0.024841 1.221539 90.510124 398.536910 7.903857 0.000000 0.000000 0.000000 5.047830 13.385755 0.698139 0.000000 0.000000 0.000000 -0.000707 -0.000848 -0.001505 -0.133855 0.028158 -0.009288 0.223170 -0.074394 -9.806179 
137.099977 0.004759 -0.025177 1.218963 91.107436 400.113918 7.986042 0.000000 0.000000 0.000000 5.114572 13.340218 0.706236 0.000000 0.000000 0.000000 -0.000732 -0.000856 -0.001525 -0.131855 0.028086 -0.008821 0.223104 -0.074375 -9.806180 
137.198195 0.007273 -0.025020 1.216089 91.567534 401.315112 8.049597 0.000000 0.000000 0.000000 5.143572 13.329261 0.719963 0.000000 0.000000 0.000000 -0.000700 -0.000870 -0.001517 -0.130764 0.027434 -0.008472 0.223077 -0.074347 -9.806181 
137.298113 0.007854 -0.026778 1.213322 92.085333 402.660547 8.126359 0.000000 0.000000 0.000000 5.159974 13.337458 0.756715 0.000000 0.000000 0.000000 -0.000719 -0.000892 -0.001510 -0.132840 0.027570 -0.010234 0.223108 -0.074377 -9.806180 
137.400114 0.008735 -0.029805 1.211006 92.703687 404.245756 8.219569 0.000000 0.000000 0.000000 5.206610 13.348370 0.811082 0.000000 0.000000 0.000000 -0.000743 -0.000896 -0.001529 -0.134930 0.028394 -0.011151 0.223156 -0.074423 -9.806179 
137.498159 0.006926 -0.032043 1.208463 93.171858 405.442993 8.294700 0.000000 0.000000 0.000000 5.213341 13.356297 0.858126 0.000000 0.000000 0.000000 -0.000715 -0.000891 -0.001536 -0.132962 0.028995 -0.011222 0.223058 -0.074431 -9.806181 
137.599784 0.005101 -0.031585 1.204665 93.794965 407.032160 8.397732 0.000000 0.000000 0.000000 5.309068 13.354441 0.897628 0.000000 0.000000 0.000000 -0.000733 -0.000857 -0.001521 -0.133301 0.028012 -0.010593 0.223114 -0.074394 -9.806180 
137.698143 0.003663 -0.030971 1.202874 94.274133 408.238020 8.478322 0.000000 0.000000 0.000000 5.322195 13.333994 0.857254 0.000000 0.000000 0.000000 -0.000717 -0.000829 -0.001541 -0.133353 0.027870 -0.011055 0.223095 -0.074389 -9.806180 
137.798212 0.002085 -0.030375 1.200063 94.809651 409.581446 8.559054 0.000000 0.000000 0.000000 5.373927 13.329198 0.821783 0.000000 0.000000 0.000000 -0.000725 -0.000846 -0.001528 -0.133300 0.025686 -0.009260 0.223214 -0.074300 -9.806178 
137.899827 0.001961 -0.028727 1.195946 95.446176 411.174811 8.653859 0.000000 0.000000 0.000000 5.418275 13.360397 0.802106 0.000000 0.000000 0.000000 -0.000736 -0.000834 -0.001516 -0.134473 0.022735 -0.008363 0.223367 -0.074184 -9.806176 
137.998181 0.000885 -0.028104 1.193143 95.932467 412.366406 8.723460 0.000000 0.000000 0.000000 5.452671 13.320938 0.769211 0.000000 0.000000 0.000000 -0.000729 -0.000830 -0.001527 -0.131030 0.022143 -0.007214 0.223259 -0.074139 -9.806179 
138.099705 0.002276 -0.026096 1.189299 96.583904 413.956727 8.813581 0.000000 0.000000 0.000000 5.524050 13.300281 0.754745 0.000000 0.000000 0.000000 -0.000733 -0.000812 -0.001536 -0.132290 0.019614 -0.006433 0.223415 -0.074038 -9.806176 
138.198996 0.004237 -0.024377 1.184789 97.179983 415.397349 8.891030 0.000000 0.000000 0.000000 5.581857 13.252232 0.737880 0.000000 0.000000 0.000000 -0.000675 -0.000805 -0.001532 -0.127466 0.016244 -0.004360 0.223328 -0.073874 -9.806179 
138.298164 0.007740 -0.021878 1.182163 97.670589 416.570345 8.955606 0.000000 0.000000 0.000000 5.610664 13.186662 0.726068 0.000000 0.000000 0.000000 -0.000696 -0.000806 -0.001561 -0.121324 0.014258 -0.003412 0.223074 -0.073760 -9.806186 
138.400018 0.010629 -0.021143 1.178601 98.338314 418.118007 9.037520 0.000000 0.000000 0.000000 5.605500 13.140583 0.718779 0.000000 0.000000 0.000000 -0.000696 -0.000838 -0.001589 -0.117961 0.015147 -0.001529 0.222955 -0.073802 -9.806188 
138.498195 0.009718 -0.025185 1.175004 98.836620 419.290119 9.104988 0.000000 0.000000 0.000000 5.566477 13.097848 0.731898 0.000000 0.000000 0.000000 -0.000724 -0.000869 -0.001574 -0.115261 0.016785 -0.003171 0.222678 -0.073843 -9.806194 
138.599854 0.006397 -0.034376 1.169891 99.486690 420.828343 9.194941 0.000000 0.000000 0.000000 5.573130 13.069522 0.817974 0.000000 0.000000 0.000000 -0.000733 -0.000910 -0.001556 -0.111846 0.016386 -0.003303 0.222466 -0.073779 -9.806199 
138.698839 0.004336 -0.040926 1.167185 100.108789 422.261715 9.291675 0.000000 0.000000 0.000000 5.712821 13.060912 0.936981 0.000000 0.000000 0.000000 -0.000729 -0.000887 -0.001594 -0.112675 0.018362 -0.004457 0.222426 -0.073892 -9.806199 
138.798052 0.005293 -0.041969 1.162687 100.618844 423.433388 9.373270 0.000000 0.000000 0.000000 5.793867 13.029790 0.988345 0.000000 0.000000 0.000000 -0.000718 -0.000841 -0.001552 -0.109700 0.014878 -0.001402 0.222438 -0.073666 -9.806201 
138.899704 0.004832 -0.040325 1.159669 101.312021 424.978537 9.489531 0.000000 0.000000 0.000000 5.845218 13.000467 0.999821 0.000000 0.000000 0.000000 -0.000721 -0.000835 -0.001574 -0.109290 0.014723 -0.000388 0.222458 -0.073665 -9.806200 
138.997768 0.003481 -0.038425 1.156440 101.836066 426.158156 9.578975 0.000000 0.000000 0.000000 5.862497 12.984380 0.981133 0.000000 0.000000 0.000000 -0.000733 -0.000843 -0.001564 -0.108624 0.013092 -0.000037 0.222466 -0.073546 -9.806201 
139.099886 0.000301 -0.038224 1.152195 102.531573 427.708086 9.693287 0.000000 0.000000 0.000000 5.866439 12.984578 0.933601 0.000000 0.000000 0.000000 -0.000758 -0.000837 -0.001584 -0.110180 0.012499 -0.000524 0.222586 -0.073528 -9.806199 
139.198914 -0.000143 -0.040039 1.146110 103.167561 429.113278 9.788105 0.000000 0.000000 0.000000 5.924643 12.901051 0.868714 0.000000 0.000000 0.000000 -0.000802 -0.000823 -0.001594 -0.106633 0.010536 0.001448 0.222440 -0.073346 -9.806203 
139.297648 -0.000547 -0.040713 1.140840 103.700002 430.261796 9.861722 0.000000 0.000000 0.000000 6.008210 12.807239 0.860982 0.000000 0.000000 0.000000 -0.000801 -0.000886 -0.001620 -0.102224 0.009406 0.003626 0.222200 -0.073208 -9.806210 
139.399400 0.003853 -0.040845 1.133706 104.425782 431.795904 9.961805 0.000000 0.000000 0.000000 6.162532 12.788750 0.911103 0.000000 0.000000 0.000000 -0.000756 -0.000810 -0.001634 -0.103813 0.004694 0.007120 0.222629 -0.072968 -9.806202 
139.497645 0.005415 -0.039429 1.129003 104.987136 432.946436 10.039999 0.000000 0.000000 0.000000 6.238636 12.732292 0.916583 0.000000 0.000000 0.000000 -0.000778 -0.000792 -0.001665 -0.101815 0.003421 0.009651 0.222582 -0.072891 -9.806203 
139.598511 0.008123 -0.034988 1.122064 105.742410 434.491107 10.149443 0.000000 0.000000 0.000000 6.354746 12.722368 0.906948 0.000000 0.000000 0.000000 -0.000752 -0.000799 -0.001662 -0.105158 -0.000442 0.010197 0.223061 -0.072678 -9.806194 
139.698510 0.008772 -0.034120 1.115694 106.442226 435.887648 10.243112 0.000000 0.000000 0.000000 6.372193 12.688169 0.867905 0.000000 0.000000 0.000000 -0.000712 -0.000777 -0.001674 -0.104965 -0.003122 0.012548 0.223213 -0.072541 -9.806192 
139.797934 0.009681 -0.035095 1.113009 107.015357 437.023665 10.318461 0.000000 0.000000 0.000000 6.428036 12.600351 0.826463 0.000000 0.000000 0.000000 -0.000759 -0.000801 -0.001759 -0.102956 -0.003456 0.012873 0.223044 -0.072485 -9.806196 
139.899792 0.011767 -0.038098 1.105866 107.776057 438.524610 10.421068 0.000000 0.000000 0.000000 6.495729 12.579763 0.890896 0.000000 0.000000 0.000000 -0.000727 -0.000820 -0.001689 -0.103852 -0.005209 0.011647 0.223175 -0.072328 -9.806194 
139.997905 0.014538 -0.039163 1.102404 108.361560 439.669908 10.504115 0.000000 0.000000 0.000000 6.534225 12.576109 0.937647 0.000000 0.000000 0.000000 -0.000772 -0.000773 -0.001679 -0.104576 -0.007702 0.011716 0.223353 -0.072142 -9.806191 
140.099023 0.013969 -0.038612 1.099483 109.158207 441.191630 10.621269 0.000000 0.000000 0.000000 6.638719 12.598015 0.955868 0.000000 0.000000 0.000000 -0.000723 -0.000783 -0.001692 -0.109320 -0.006753 0.010612 0.223793 -0.072326 -9.806180 
140.198729 0.013773 -0.038399 1.095647 109.879079 442.572874 10.727629 0.000000 0.000000 0.000000 6.656837 12.575249 0.959626 0.000000 0.000000 0.000000 -0.000741 -0.000771 -0.001684 -0.108567 -0.007907 0.009999 0.223757 -0.072175 -9.806182 
140.299401 0.014512 -0.038113 1.091974 110.601672 443.942480 10.832986 0.000000 0.000000 0.000000 6.684295 12.531419 0.935288 0.000000 0.000000 0.000000 -0.000771 -0.000754 -0.001694 -0.108177 -0.008371 0.009207 0.223731 -0.072094 -9.806183 
140.401054 0.013351 -0.040054 1.088331 111.308088 445.264811 10.934552 0.000000 0.000000 0.000000 6.704997 12.445692 0.924184 0.000000 0.000000 0.000000 -0.000733 -0.000729 -0.001736 -0.103191 -0.006754 0.007666 0.223097 -0.072017 -9.806198 
140.499527 0.010833 -0.041124 1.084671 112.029083 446.610881 11.038250 0.000000 0.000000 0.000000 6.744102 12.381466 0.943526 0.000000 0.000000 0.000000 -0.000746 -0.000758 -0.001795 -0.100625 -0.006957 0.006339 0.222814 -0.071867 -9.806206 
140.601532 0.011343 -0.042444 1.078428 112.736825 447.918794 11.141401 0.000000 0.000000 0.000000 6.786610 12.297049 0.949471 0.000000 0.000000 0.000000 -0.000767 -0.000765 -0.001794 -0.096865 -0.006992 0.004369 0.222385 -0.071677 -9.806217 
140.699532 0.012524 -0.043162 1.071817 113.463195 449.253687 11.246825 0.000000 0.000000 0.000000 6.875982 12.236146 0.963239 0.000000 0.000000 0.000000 -0.000788 -0.000761 -0.001786 -0.094776 -0.010440 0.003701 0.222328 -0.071224 -9.806221 
140.799634 0.014307 -0.042364 1.065133 114.204813 450.583510 11.353809 0.000000 0.000000 0.000000 6.919525 12.207434 0.981383 0.000000 0.000000 0.000000 -0.000826 -0.000762 -0.001789 -0.093745 -0.012265 0.003245 0.222313 -0.070984 -9.806223 
140.901101 0.013200 -0.043143 1.059254 114.937805 451.879926 11.463854 0.000000 0.000000 0.000000 6.976894 12.134613 0.991105 0.000000 0.000000 0.000000 -0.000840 -0.000783 -0.001835 -0.090592 -0.011670 0.000527 0.221905 -0.070887 -9.806233 
140.999477 0.012039 -0.043514 1.053373 115.701909 453.203908 11.571844 0.000000 0.000000 0.000000 7.095205 12.090508 1.004141 0.000000 0.000000 0.000000 -0.000855 -0.000767 -0.001903 -0.091409 -0.012689 0.000578 0.222067 -0.070819 -9.806230 
141.101458 0.012247 -0.041869 1.045010 116.451948 454.482445 11.677385 0.000000 0.000000 0.000000 7.184429 11.990123 0.985633 0.000000 0.000000 0.000000 -0.000882 -0.000774 -0.001921 -0.088152 -0.014039 0.001396 0.221742 -0.070499 -9.806240 
141.199421 0.012349 -0.039582 1.037983 117.239318 455.795640 11.782441 0.000000 0.000000 0.000000 7.292938 11.917066 0.960628 0.000000 0.000000 0.000000 -0.000892 -0.000785 -0.001941 -0.089518 -0.017004 0.002245 0.222107 -0.070246 -9.806233 
141.301743 0.013890 -0.039258 1.030801 118.006933 457.073604 11.886072 0.000000 0.000000 0.000000 7.363264 11.851256 0.926801 0.000000 0.000000 0.000000 -0.000936 -0.000797 -0.001926 -0.089880 -0.021487 0.001009 0.222473 -0.069754 -9.806229 
141.401367 0.017140 -0.040171 1.025504 118.798803 458.353390 11.986986 0.000000 0.000000 0.000000 7.430491 11.825203 0.949337 0.000000 0.000000 0.000000 -0.000949 -0.000761 -0.001939 -0.092430 -0.024462 0.001276 0.223014 -0.069565 -9.806218 
141.499382 0.017280 -0.041903 1.021512 119.627445 459.656081 12.095624 0.000000 0.000000 0.000000 7.538855 11.813877 0.991176 0.000000 0.000000 0.000000 -0.000879 -0.000697 -0.001961 -0.096864 -0.023229 -0.000380 0.223559 -0.069939 -9.806203 
141.599560 0.019816 -0.040240 1.015936 120.445131 460.948678 12.205861 0.000000 0.000000 0.000000 7.587015 11.812686 1.033737 0.000000 0.000000 0.000000 -0.000960 -0.000652 -0.001931 -0.097289 -0.026878 0.000260 0.223876 -0.069549 -9.806198 
141.701807 0.018759 -0.039203 1.012327 121.246741 462.210359 12.318983 0.000000 0.000000 0.000000 7.616691 11.777649 1.024624 0.000000 0.000000 0.000000 -0.000980 -0.000651 -0.001964 -0.096862 -0.028681 -0.001467 0.223987 -0.069275 -9.806198 
141.799422 0.017386 -0.039524 1.008409 122.071942 463.507840 12.427948 0.000000 0.000000 0.000000 7.633518 11.763262 0.992324 0.000000 0.000000 0.000000 -0.001036 -0.000624 -0.001979 -0.099311 -0.033531 -0.000644 0.224684 -0.068859 -9.806185 
141.902875 0.016248 -0.040979 1.003912 122.871015 464.755537 12.533002 0.000000 0.000000 0.000000 7.661594 11.724492 0.983659 0.000000 0.000000 0.000000 -0.001099 -0.000663 -0.001992 -0.099621 -0.036323 -0.001462 0.224946 -0.068534 -9.806181 
142.000778 0.015215 -0.044867 0.998611 123.704614 466.036833 12.639871 0.000000 0.000000 0.000000 7.735987 11.724243 1.010667 0.000000 0.000000 0.000000 -0.001107 -0.000575 -0.001962 -0.104589 -0.039276 -0.000812 0.225878 -0.068549 -9.806159 
142.102269 0.014017 -0.046743 0.994291 124.522991 467.284681 12.750098 0.000000 0.000000 0.000000 7.826511 11.692515 1.064493 0.000000 0.000000 0.000000 -0.001147 -0.000563 -0.001991 -0.105072 -0.041544 -0.001164 0.226127 -0.068302 -9.806155 
142.200745 0.014414 -0.046614 0.988614 125.375091 468.559634 12.863482 0.000000 0.000000 0.000000 7.948967 11.669692 1.086517 0.000000 0.000000 0.000000 -0.001108 -0.000467 -0.001986 -0.108715 -0.044703 0.001172 0.226944 -0.068159 -9.806137 
142.301450 0.015174 -0.044346 0.983320 126.221228 469.813475 12.977546 0.000000 0.000000 0.000000 7.994480 11.632695 1.071492 0.000000 0.000000 0.000000 -0.001146 -0.000433 -0.002007 -0.109512 -0.047923 0.003012 0.227371 -0.067767 -9.806130 
142.402165 0.016070 -0.043490 0.978569 127.074261 471.057546 13.088943 0.000000 0.000000 0.000000 8.070764 11.561446 1.032717 0.000000 0.000000 0.000000 -0.001154 -0.000405 -0.002032 -0.111975 -0.050661 0.003803 0.228005 -0.067610 -9.806117 
142.500821 0.019746 -0.043751 0.972704 127.945146 472.323777 13.198588 0.000000 0.000000 0.000000 8.101004 11.587157 1.029243 0.000000 0.000000 0.000000 -0.001261 -0.000335 -0.002003 -0.116344 -0.055739 0.004938 0.229160 -0.067317 -9.806092 
142.602490 0.019413 -0.046548 0.968885 128.809998 473.553170 13.312456 0.000000 0.000000 0.000000 8.186176 11.541801 1.059346 0.000000 0.000000 0.000000 -0.001295 -0.000321 -0.002043 -0.117622 -0.055566 0.002265 0.229314 -0.067524 -9.806087 
142.702306 0.019651 -0.048765 0.963539 129.682251 474.791993 13.427967 0.000000 0.000000 0.000000 8.233401 11.540724 1.099344 0.000000 0.000000 0.000000 -0.001337 -0.000238 -0.002012 -0.121025 -0.058658 0.002486 0.230137 -0.067426 -9.806068 
142.800983 0.018833 -0.051234 0.958401 130.566394 476.045174 13.549905 0.000000 0.000000 0.000000 8.273149 11.540056 1.152302 0.000000 0.000000 0.000000 -0.001405 -0.000191 -0.002003 -0.123693 -0.062174 0.001658 0.230877 -0.067232 -9.806052 
142.902296 0.017900 -0.053349 0.952988 131.447207 477.275048 13.673357 0.000000 0.000000 0.000000 8.342839 11.514282 1.192586 0.000000 0.000000 0.000000 -0.001433 -0.000145 -0.001984 -0.124688 -0.063764 0.002509 0.231226 -0.067078 -9.806045 
143.000910 0.015766 -0.052274 0.948250 132.357263 478.523690 13.801640 0.000000 0.000000 0.000000 8.462084 11.517373 1.228246 0.000000 0.000000 0.000000 -0.001416 -0.000033 -0.001976 -0.127540 -0.064679 0.005073 0.231900 -0.067171 -9.806028 
143.102396 0.014364 -0.049190 0.944667 133.259022 479.748776 13.924558 0.000000 0.000000 0.000000 8.548751 11.477022 1.157740 0.000000 0.000000 0.000000 -0.001380 0.000068 -0.002008 -0.128158 -0.065816 0.009331 0.232363 -0.066964 -9.806019 
143.202133 0.016353 -0.043684 0.939600 134.167899 480.975103 14.039457 0.000000 0.000000 0.000000 8.582135 11.435344 1.048999 0.000000 0.000000 0.000000 -0.001461 0.000081 -0.001987 -0.129620 -0.067875 0.011798 0.232956 -0.066775 -9.806006 
143.300799 0.017358 -0.043509 0.934561 135.094284 482.215146 14.148967 0.000000 0.000000 0.000000 8.623727 11.382594 0.973585 0.000000 0.000000 0.000000 -0.001469 0.000073 -0.001964 -0.132993 -0.071246 0.010630 0.233739 -0.066682 -9.805988 
143.402378 0.020802 -0.046367 0.931251 136.006511 483.420058 14.254191 0.000000 0.000000 0.000000 8.662034 11.349649 1.015320 0.000000 0.000000 0.000000 -0.001486 0.000044 -0.002023 -0.132409 -0.072221 0.009755 0.233710 -0.066517 -9.805990 
143.500756 0.023114 -0.049446 0.927169 136.953756 484.654234 14.369687 0.000000 0.000000 0.000000 8.739931 11.367756 1.106789 0.000000 0.000000 0.000000 -0.001477 0.000179 -0.002054 -0.137683 -0.073639 0.008861 0.234577 -0.066914 -9.805966 
143.601803 0.019336 -0.051499 0.921425 137.882894 485.861835 14.502517 0.000000 0.000000 0.000000 8.760591 11.312089 1.166242 0.000000 0.000000 0.000000 -0.001586 0.000159 -0.002035 -0.138745 -0.075111 -0.000849 0.234199 -0.067211 -9.805973 
143.700930 0.019522 -0.051079 0.915044 138.832468 487.081837 14.625341 0.000000 0.000000 0.000000 8.876735 11.256694 1.190617 0.000000 0.000000 0.000000 -0.001508 0.000139 -0.002051 -0.139820 -0.076567 0.002074 0.234737 -0.067006 -9.805962 
143.801470 0.018927 -0.053560 0.908936 139.774521 488.269739 14.751788 0.000000 0.000000 0.000000 8.998628 11.146044 1.199429 0.000000 0.000000 0.000000 -0.001442 0.000063 -0.002137 -0.137170 -0.075845 0.000340 0.234107 -0.066866 -9.805978 
143.902363 0.021657 -0.055219 0.902769 140.739548 489.452290 14.874053 0.000000 0.000000 0.000000 9.154778 11.046551 1.198081 0.000000 0.000000 0.000000 -0.001373 0.000136 -0.002175 -0.138147 -0.075406 0.004126 0.234490 -0.066942 -9.805968 
144.000882 0.026364 -0.053620 0.895094 141.717694 490.647781 15.003571 0.000000 0.000000 0.000000 9.232964 11.005257 1.205381 0.000000 0.000000 0.000000 -0.001466 0.000143 -0.002143 -0.138518 -0.079337 0.005229 0.235139 -0.066404 -9.805956 
144.102686 0.029089 -0.053360 0.888407 142.689042 491.809253 15.133886 0.000000 0.000000 0.000000 9.302277 10.967680 1.235314 0.000000 0.000000 0.000000 -0.001463 0.000159 -0.002158 -0.137667 -0.080638 0.004822 0.235151 -0.066102 -9.805958 
144.201352 0.028766 -0.051868 0.882374 143.689354 492.990220 15.268227 0.000000 0.000000 0.000000 9.380978 10.952853 1.266228 0.000000 0.000000 0.000000 -0.001465 0.000235 -0.002178 -0.138948 -0.082811 0.004520 0.235647 -0.065932 -9.805947 
144.300782 0.028632 -0.048032 0.875555 144.694373 494.176632 15.406790 0.000000 0.000000 0.000000 9.438034 10.895126 1.182041 0.000000 0.000000 0.000000 -0.001584 0.000260 -0.002182 -0.140730 -0.085604 0.001288 0.236159 -0.065620 -9.805937 
144.402265 0.027120 -0.046181 0.869588 145.689065 495.333096 15.531288 0.000000 0.000000 0.000000 9.512953 10.823143 1.138832 0.000000 0.000000 0.000000 -0.001598 0.000233 -0.002213 -0.140392 -0.088113 0.000620 0.236399 -0.065169 -9.805934 
144.500710 0.027337 -0.045137 0.861968 146.713023 496.501040 15.653849 0.000000 0.000000 0.000000 9.575303 10.748517 1.096345 0.000000 0.000000 0.000000 -0.001618 0.000246 -0.002175 -0.141507 -0.090211 -0.000229 0.236804 -0.064956 -9.805926 
144.602412 0.028415 -0.044725 0.857343 147.718522 497.635179 15.771681 0.000000 0.000000 0.000000 9.606718 10.644752 1.075401 0.000000 0.000000 0.000000 -0.001662 0.000151 -0.002242 -0.140281 -0.091631 -0.001597 0.236751 -0.064555 -9.805930 
144.700958 0.029568 -0.048709 0.851013 148.751661 498.780403 15.890873 0.000000 0.000000 0.000000 9.658613 10.586063 1.124630 0.000000 0.000000 0.000000 -0.001681 0.000107 -0.002222 -0.142186 -0.092781 -0.003368 0.237151 -0.064580 -9.805920 
144.801489 0.031235 -0.053094 0.844729 149.795210 499.923706 16.020113 0.000000 0.000000 0.000000 9.751356 10.584346 1.245336 0.000000 0.000000 0.000000 -0.001701 0.000158 -0.002207 -0.146951 -0.093999 -0.005917 0.238041 -0.064984 -9.805896 
144.902476 0.030201 -0.056526 0.840577 150.828933 501.038012 16.156060 0.000000 0.000000 0.000000 9.815307 10.561883 1.336781 0.000000 0.000000 0.000000 -0.001685 0.000230 -0.002284 -0.145818 -0.093392 -0.005276 0.237778 -0.064924 -9.805903 
145.000959 0.026805 -0.055899 0.833850 151.882717 502.179902 16.303122 0.000000 0.000000 0.000000 9.883669 10.521222 1.342585 0.000000 0.000000 0.000000 -0.001759 0.000264 -0.002250 -0.147408 -0.095903 -0.006643 0.238377 -0.064746 -9.805889 
145.102556 0.024463 -0.054471 0.827546 152.927654 503.298471 16.442485 0.000000 0.000000 0.000000 9.972286 10.452917 1.303998 0.000000 0.000000 0.000000 -0.001753 0.000287 -0.002236 -0.147721 -0.098921 -0.005623 0.238915 -0.064299 -9.805879 
145.201829 0.023566 -0.052888 0.823037 153.993960 504.414693 16.576455 0.000000 0.000000 0.000000 10.043984 10.382645 1.248232 0.000000 0.000000 0.000000 -0.001732 0.000319 -0.002281 -0.148718 -0.100852 -0.003310 0.239459 -0.064141 -9.805867 
145.300860 0.025293 -0.051481 0.818347 155.080543 505.537265 16.705225 0.000000 0.000000 0.000000 10.128652 10.307729 1.191418 0.000000 0.000000 0.000000 -0.001750 0.000324 -0.002305 -0.151173 -0.103530 -0.001219 0.240333 -0.064086 -9.805846 
145.402582 0.027477 -0.052695 0.812715 156.140227 506.619931 16.829462 0.000000 0.000000 0.000000 10.153406 10.232475 1.192010 0.000000 0.000000 0.000000 -0.001753 0.000254 -0.002306 -0.148094 -0.104732 0.000046 0.240022 -0.063426 -9.805858 
145.500743 0.029211 -0.055193 0.806980 157.235694 507.733269 16.961538 0.000000 0.000000 0.000000 10.198858 10.241456 1.260155 0.000000 0.000000 0.000000 -0.001792 0.000316 -0.002296 -0.150652 -0.107883 -0.000229 0.240911 -0.063344 -9.805837 
145.602253 0.029116 -0.056548 0.801137 158.315436 508.823935 17.097373 0.000000 0.000000 0.000000 10.240773 10.215269 1.303426 0.000000 0.000000 0.000000 -0.001858 0.000321 -0.002291 -0.151296 -0.110305 0.000017 0.241395 -0.063065 -9.805826 
145.701592 0.027084 -0.058548 0.795647 159.412519 509.911109 17.238338 0.000000 0.000000 0.000000 10.311343 10.159466 1.344055 0.000000 0.000000 0.000000 -0.001810 0.000344 -0.002306 -0.151846 -0.110200 -0.000481 0.241451 -0.063186 -9.805824 
145.800877 0.025885 -0.058352 0.790188 160.523552 511.008845 17.385079 0.000000 0.000000 0.000000 10.385840 10.124107 1.342673 0.000000 0.000000 0.000000 -0.001857 0.000368 -0.002303 -0.153771 -0.112492 -0.001660 0.242086 -0.063174 -9.805809 
145.902829 0.024408 -0.057886 0.786371 161.609963 512.077346 17.522522 0.000000 0.000000 0.000000 10.449247 10.076674 1.337885 0.000000 0.000000 0.000000 -0.001860 0.000381 -0.002353 -0.151795 -0.114892 0.001939 0.242368 -0.062344 -9.805807 
146.000860 0.024833 -0.054385 0.780003 162.740896 513.169645 17.664651 0.000000 0.000000 0.000000 10.534701 10.042257 1.318920 0.000000 0.000000 0.000000 -0.001885 0.000460 -0.002318 -0.154015 -0.116915 0.003480 0.243193 -0.062362 -9.805787 
146.102151 0.024454 -0.050703 0.774988 163.859451 514.233488 17.797980 0.000000 0.000000 0.000000 10.569811 9.952056 1.240479 0.000000 0.000000 0.000000 -0.001856 0.000494 -0.002325 -0.153992 -0.117733 0.006081 0.243506 -0.062184 -9.805780 
146.201316 0.025360 -0.047972 0.770370 164.986249 515.299389 17.928208 0.000000 0.000000 0.000000 10.539380 9.800113 1.159288 0.000000 0.000000 0.000000 -0.001872 0.000439 -0.002351 -0.155174 -0.120440 0.005116 0.244060 -0.061981 -9.805767 
146.300851 0.029457 -0.050579 0.765297 166.121985 516.352776 18.054047 0.000000 0.000000 0.000000 10.535833 9.697764 1.148471 0.000000 0.000000 0.000000 -0.001871 0.000375 -0.002361 -0.157639 -0.121983 0.002589 0.244586 -0.062265 -9.805752 
146.402185 0.032167 -0.056309 0.760326 167.237683 517.376012 18.183631 0.000000 0.000000 0.000000 10.574623 9.617820 1.293998 0.000000 0.000000 0.000000 -0.001833 0.000359 -0.002382 -0.156308 -0.122254 0.001252 0.244394 -0.062103 -9.805758 
146.500641 0.035442 -0.058092 0.754888 168.387090 518.419431 18.328148 0.000000 0.000000 0.000000 10.664797 9.594768 1.373113 0.000000 0.000000 0.000000 -0.001864 0.000435 -0.002384 -0.159643 -0.123428 0.001721 0.245136 -0.062464 -9.805737 
146.602240 0.035186 -0.056204 0.749508 169.512061 519.430974 18.474449 0.000000 0.000000 0.000000 10.724847 9.533091 1.437961 0.000000 0.000000 0.000000 -0.001834 0.000514 -0.002374 -0.158388 -0.123259 0.004646 0.244879 -0.061971 -9.805747 
146.701275 0.035737 -0.049450 0.745243 170.654640 520.454826 18.618820 0.000000 0.000000 0.000000 10.710585 9.452030 1.279055 0.000000 0.000000 0.000000 -0.001881 0.000534 -0.002389 -0.160237 -0.125230 0.007526 0.245503 -0.061702 -9.805733 
146.801045 0.036029 -0.046062 0.741787 171.805672 521.467177 18.753195 0.000000 0.000000 0.000000 10.674202 9.348409 1.162578 0.000000 0.000000 0.000000 -0.001860 0.000486 -0.002406 -0.160837 -0.126432 0.005148 0.245831 -0.061892 -9.805724 
146.902701 0.038425 -0.048082 0.737478 172.921609 522.460000 18.873675 0.000000 0.000000 0.000000 10.666876 9.292080 1.137762 0.000000 0.000000 0.000000 -0.001866 0.000451 -0.002413 -0.160546 -0.130790 0.004247 0.246444 -0.061296 -9.805712 
147.002950 0.041535 -0.049901 0.733381 174.047931 523.445043 19.000545 0.000000 0.000000 0.000000 10.689710 9.277925 1.206114 0.000000 0.000000 0.000000 -0.001905 0.000468 -0.002415 -0.161334 -0.133629 0.001743 0.247051 -0.061405 -9.805696 
147.102937 0.042508 -0.052072 0.729163 175.179676 524.424613 19.134079 0.000000 0.000000 0.000000 10.731964 9.251974 1.276052 0.000000 0.000000 0.000000 -0.001878 0.000519 -0.002422 -0.162106 -0.135334 -0.000423 0.247475 -0.061673 -9.805684 
147.201419 0.041573 -0.052815 0.725048 176.343394 525.430731 19.279219 0.000000 0.000000 0.000000 10.818668 9.256285 1.324278 0.000000 0.000000 0.000000 -0.001916 0.000658 -0.002429 -0.166975 -0.139999 -0.003687 0.248994 -0.062485 -9.805640 
147.300948 0.040287 -0.051229 0.721677 177.511311 526.426809 19.421781 0.000000 0.000000 0.000000 10.875807 9.193380 1.305915 0.000000 0.000000 0.000000 -0.001913 0.000668 -0.002459 -0.169565 -0.140861 -0.003362 0.249553 -0.062784 -9.805624 
147.402382 0.040289 -0.052504 0.717376 178.648458 527.398603 19.558857 0.000000 0.000000 0.000000 10.839930 9.127835 1.254717 0.000000 0.000000 0.000000 -0.001902 0.000616 -0.002459 -0.167144 -0.142903 -0.003674 0.249485 -0.062031 -9.805631 
147.500580 0.040613 -0.055842 0.713391 179.820509 528.388275 19.696895 0.000000 0.000000 0.000000 10.848035 9.103310 1.292448 0.000000 0.000000 0.000000 -0.001965 0.000615 -0.002452 -0.169833 -0.145814 -0.004737 0.250355 -0.062312 -9.805607 
147.601181 0.040423 -0.060673 0.709709 180.985604 529.358818 19.835693 0.000000 0.000000 0.000000 10.903778 9.017653 1.373462 0.000000 0.000000 0.000000 -0.001938 0.000605 -0.002463 -0.170636 -0.144812 -0.003802 0.250375 -0.062453 -9.805605 
147.700426 0.042612 -0.062859 0.704146 182.164845 530.329858 19.985266 0.000000 0.000000 0.000000 10.968642 9.031144 1.422842 0.000000 0.000000 0.000000 -0.001959 0.000659 -0.002408 -0.171096 -0.143486 -0.002245 0.250348 -0.062472 -9.805606 
147.800706 0.040742 -0.060447 0.700897 183.338908 531.296830 20.141243 0.000000 0.000000 0.000000 11.039457 9.027910 1.459422 0.000000 0.000000 0.000000 -0.001943 0.000715 -0.002420 -0.169161 -0.142456 -0.000517 0.250044 -0.061936 -9.805617 
147.902159 0.038351 -0.055455 0.697378 184.501873 532.237222 20.289879 0.000000 0.000000 0.000000 11.018830 8.949728 1.332587 0.000000 0.000000 0.000000 -0.001945 0.000654 -0.002423 -0.166345 -0.139205 0.000351 0.249098 -0.061753 -9.805642 
148.000682 0.035802 -0.054250 0.693788 185.688214 533.188982 20.430808 0.000000 0.000000 0.000000 11.002465 8.864672 1.232605 0.000000 0.000000 0.000000 -0.001874 0.000558 -0.002453 -0.166936 -0.139527 -0.001960 0.248876 -0.062085 -9.805646 
148.102380 0.036041 -0.057185 0.690203 186.857399 534.119517 20.561900 0.000000 0.000000 0.000000 11.065866 8.791844 1.233416 0.000000 0.000000 0.000000 -0.001902 0.000535 -0.002468 -0.167448 -0.139150 -0.003148 0.248692 -0.062359 -9.805649 
148.202596 0.037950 -0.058645 0.686189 188.031274 535.050496 20.694751 0.000000 0.000000 0.000000 11.163921 8.718414 1.311580 0.000000 0.000000 0.000000 -0.001846 0.000563 -0.002462 -0.168206 -0.139953 -0.002366 0.249068 -0.062328 -9.805639 
148.301064 0.040393 -0.059867 0.683463 189.235230 535.994246 20.831968 0.000000 0.000000 0.000000 11.216009 8.699914 1.344821 0.000000 0.000000 0.000000 -0.001754 0.000641 -0.002490 -0.170108 -0.139586 0.000939 0.249845 -0.062582 -9.805618 
148.402614 0.043507 -0.060009 0.680717 190.411438 536.918827 20.974351 0.000000 0.000000 0.000000 11.208801 8.757449 1.387216 0.000000 0.000000 0.000000 -0.001913 0.000616 -0.002420 -0.169837 -0.143174 -0.000139 0.250266 -0.062060 -9.805610 
148.500985 0.045511 -0.059152 0.679542 191.624688 537.867260 21.129103 0.000000 0.000000 0.000000 11.265171 8.802273 1.410073 0.000000 0.000000 0.000000 -0.001953 0.000709 -0.002421 -0.175212 -0.147064 -0.003040 0.251184 -0.062615 -9.805583 
148.601904 0.042604 -0.056980 0.678323 192.813974 538.806772 21.283501 0.000000 0.000000 0.000000 11.214735 8.855443 1.372254 0.000000 0.000000 0.000000 -0.001950 0.000677 -0.002406 -0.175891 -0.150816 -0.005186 0.251514 -0.062203 -9.805578 
148.701535 0.041036 -0.059176 0.676195 194.013756 539.745235 21.426140 0.000000 0.000000 0.000000 11.248276 8.774400 1.292980 0.000000 0.000000 0.000000 -0.001836 0.000606 -0.002431 -0.177768 -0.149671 -0.005822 0.251416 -0.062754 -9.805577 
148.802749 0.042959 -0.063217 0.674136 195.204145 540.659556 21.562569 0.000000 0.000000 0.000000 11.342127 8.704287 1.367144 0.000000 0.000000 0.000000 -0.001802 0.000577 -0.002422 -0.175812 -0.144087 -0.003709 0.250675 -0.063168 -9.805593 
148.902652 0.047160 -0.065339 0.671945 196.409190 541.572594 21.709257 0.000000 0.000000 0.000000 11.413968 8.716931 1.451610 0.000000 0.000000 0.000000 -0.001729 0.000668 -0.002426 -0.175342 -0.139682 -0.002588 0.250082 -0.063709 -9.805605 
149.001054 0.050113 -0.063217 0.669443 197.642126 542.506048 21.862473 0.000000 0.000000 0.000000 11.486533 8.629349 1.444404 0.000000 0.000000 0.000000 -0.001695 0.000734 -0.002431 -0.174712 -0.135492 0.000865 0.250152 -0.064283 -9.805599 
149.102452 0.052333 -0.063187 0.667311 198.854220 543.422322 22.012011 0.000000 0.000000 0.000000 11.475926 8.704188 1.407268 0.000000 0.000000 0.000000 -0.001658 0.000710 -0.002463 -0.174593 -0.135739 0.001105 0.250252 -0.064235 -9.805597 
149.201170 0.052687 -0.060539 0.663818 200.092635 544.355331 22.177331 0.000000 0.000000 0.000000 11.518701 8.770202 1.582204 0.000000 0.000000 0.000000 -0.001743 0.000803 -0.002498 -0.182389 -0.140659 -0.004597 0.250527 -0.064812 -9.805586 
149.300880 0.042051 -0.056866 0.660170 201.328408 545.291025 22.341502 0.000000 0.000000 0.000000 11.482817 8.703748 1.377698 0.000000 0.000000 0.000000 -0.001785 0.000740 -0.002535 -0.186165 -0.143744 -0.008161 0.250525 -0.064941 -9.805585 
149.402595 0.036794 -0.058071 0.653044 202.529698 546.201476 22.484170 0.000000 0.000000 0.000000 11.454989 8.566756 1.280459 0.000000 0.000000 0.000000 -0.001802 0.000539 -0.002565 -0.187017 -0.147206 -0.011881 0.250236 -0.064527 -9.805595 
149.502485 0.033786 -0.065925 0.644299 203.735103 547.102444 22.622784 0.000000 0.000000 0.000000 11.569390 8.377907 1.309901 0.000000 0.000000 0.000000 -0.001776 0.000441 -0.002547 -0.188284 -0.151996 -0.014496 0.250540 -0.064034 -9.805591 
149.603441 0.035372 -0.073174 0.637044 204.949452 547.976526 22.768340 0.000000 0.000000 0.000000 11.713581 8.259939 1.496104 0.000000 0.000000 0.000000 -0.001683 0.000473 -0.002582 -0.187854 -0.152377 -0.014069 0.250631 -0.063908 -9.805589 
149.702547 0.037339 -0.075089 0.629265 206.203783 548.865143 22.929813 0.000000 0.000000 0.000000 11.846773 8.269691 1.614840 0.000000 0.000000 0.000000 -0.001687 0.000623 -0.002574 -0.189819 -0.155171 -0.010633 0.251989 -0.064085 -9.805553 
149.802130 0.037148 -0.072666 0.621844 207.471431 549.747572 23.100978 0.000000 0.000000 0.000000 11.956075 8.235616 1.625055 0.000000 0.000000 0.000000 -0.001737 0.000757 -0.002594 -0.190709 -0.156673 -0.008554 0.252701 -0.064239 -9.805534 
149.903600 0.035735 -0.068040 0.613316 208.713532 550.600977 23.263992 0.000000 0.000000 0.000000 12.000808 8.118418 1.507314 0.000000 0.000000 0.000000 -0.001705 0.000712 -0.002618 -0.187085 -0.156818 -0.007049 0.252346 -0.063670 -9.805547 
150.002224 0.034444 -0.065542 0.605393 209.987352 551.465695 23.421852 0.000000 0.000000 0.000000 12.070693 8.034302 1.432458 0.000000 0.000000 0.000000 -0.001716 0.000692 -0.002625 -0.188462 -0.159728 -0.007889 0.253105 -0.063413 -9.805529 
150.103671 0.035662 -0.064242 0.597318 211.257386 552.309510 23.570767 0.000000 0.000000 0.000000 12.173971 7.914510 1.391654 0.000000 0.000000 0.000000 -0.001750 0.000697 -0.002606 -0.190627 -0.162156 -0.008539 0.253885 -0.063388 -9.805509 
150.202595 0.038241 -0.062507 0.589946 212.549284 553.151576 23.718254 0.000000 0.000000 0.000000 12.260030 7.857465 1.379046 0.000000 0.000000 0.000000 -0.001761 0.000708 -0.002579 -0.192082 -0.165956 -0.008329 0.254798 -0.063182 -9.805487 
150.303100 0.038101 -0.061962 0.585140 213.846712 553.987348 23.865739 0.000000 0.000000 0.000000 12.364381 7.800416 1.407920 0.000000 0.000000 0.000000 -0.001748 0.000776 -0.002586 -0.194730 -0.170432 -0.008174 0.255985 -0.063083 -9.805456 
150.403429 0.041037 -0.060669 0.579163 215.137042 554.808775 24.014892 0.000000 0.000000 0.000000 12.359189 7.741067 1.365902 0.000000 0.000000 0.000000 -0.001881 0.000729 -0.002531 -0.195380 -0.171350 -0.010090 0.256437 -0.062761 -9.805447 
150.502859 0.042458 -0.063891 0.575851 216.442171 555.627127 24.159827 0.000000 0.000000 0.000000 12.415817 7.683291 1.398757 0.000000 0.000000 0.000000 -0.001866 0.000662 -0.002572 -0.197170 -0.172427 -0.010875 0.256982 -0.062814 -9.805432 
150.603382 0.043706 -0.068566 0.571026 217.761520 556.436000 24.313304 0.000000 0.000000 0.000000 12.556710 7.654072 1.521125 0.000000 0.000000 0.000000 -0.001818 0.000757 -0.002578 -0.201462 -0.170392 -0.011251 0.257324 -0.063814 -9.805417 
150.702883 0.043885 -0.068995 0.564778 219.100309 557.258259 24.477352 0.000000 0.000000 0.000000 12.671666 7.669120 1.604618 0.000000 0.000000 0.000000 -0.001849 0.000903 -0.002518 -0.206172 -0.175043 -0.009906 0.258886 -0.064322 -9.805372 
150.803464 0.044530 -0.066309 0.558840 220.430421 558.067416 24.641215 0.000000 0.000000 0.000000 12.721255 7.648675 1.549699 0.000000 0.000000 0.000000 -0.001943 0.000964 -0.002498 -0.206646 -0.179051 -0.007996 0.259599 -0.064176 -9.805354 
150.903553 0.041310 -0.064131 0.553519 221.761052 558.864348 24.801173 0.000000 0.000000 0.000000 12.758517 7.593493 1.477902 0.000000 0.000000 0.000000 -0.001908 0.000937 -0.002542 -0.206578 -0.178931 -0.008425 0.259607 -0.064108 -9.805354 
151.002277 0.039244 -0.063323 0.546175 223.113724 559.668170 24.955456 0.000000 0.000000 0.000000 12.836965 7.496383 1.452993 0.000000 0.000000 0.000000 -0.001950 0.000914 -0.002525 -0.206643 -0.180954 -0.008191 0.260015 -0.063865 -9.805345 
151.104033 0.039846 -0.063574 0.539465 224.439271 560.439646 25.102175 0.000000 0.000000 0.000000 12.880238 7.373460 1.412397 0.000000 0.000000 0.000000 -0.001935 0.000844 -0.002544 -0.203612 -0.182896 -0.007133 0.259848 -0.063134 -9.805354 
151.202629 0.040339 -0.065039 0.532625 225.813589 561.226287 25.254641 0.000000 0.000000 0.000000 12.988406 7.319621 1.461932 0.000000 0.000000 0.000000 -0.001917 0.000875 -0.002538 -0.207786 -0.185009 -0.007897 0.260982 -0.063597 -9.805321 
151.302719 0.041326 -0.067389 0.526400 227.189173 561.995352 25.407147 0.000000 0.000000 0.000000 13.085426 7.264552 1.511353 0.000000 0.000000 0.000000 -0.001883 0.000977 -0.002567 -0.208058 -0.186784 -0.005681 0.261255 -0.063670 -9.805313 
151.403603 0.042366 -0.065058 0.519936 228.557049 562.753166 25.564000 0.000000 0.000000 0.000000 13.159105 7.191420 1.507847 0.000000 0.000000 0.000000 -0.001911 0.000991 -0.002579 -0.207285 -0.189503 -0.004037 0.261622 -0.063333 -9.805306 
151.501961 0.042272 -0.063105 0.512521 229.964143 563.517343 25.723122 0.000000 0.000000 0.000000 13.244270 7.117881 1.479553 0.000000 0.000000 0.000000 -0.001889 0.000987 -0.002561 -0.209654 -0.190074 -0.004198 0.262128 -0.063742 -9.805290 
151.603285 0.041832 -0.062735 0.506479 231.343098 564.259233 25.879331 0.000000 0.000000 0.000000 13.273063 7.042573 1.457539 0.000000 0.000000 0.000000 -0.001938 0.000935 -0.002571 -0.207895 -0.190469 -0.006166 0.262035 -0.063116 -9.805296 
151.702445 0.042794 -0.063097 0.500470 232.752175 565.000395 26.032141 0.000000 0.000000 0.000000 13.358011 6.936278 1.453441 0.000000 0.000000 0.000000 -0.001917 0.000930 -0.002560 -0.208878 -0.191643 -0.005488 0.262409 -0.063235 -9.805285 
151.803231 0.044700 -0.064184 0.495802 234.154943 565.726742 26.186186 0.000000 0.000000 0.000000 13.415911 6.875321 1.461690 0.000000 0.000000 0.000000 -0.001888 0.000913 -0.002559 -0.209476 -0.191950 -0.006674 0.262609 -0.063232 -9.805280 
151.903398 0.047029 -0.065633 0.491372 235.566059 566.442512 26.341162 0.000000 0.000000 0.000000 13.486864 6.829335 1.496837 0.000000 0.000000 0.000000 -0.001883 0.000945 -0.002528 -0.210557 -0.191200 -0.006575 0.262604 -0.063572 -9.805278 
152.002773 0.047878 -0.065034 0.489014 236.988751 567.168371 26.505200 0.000000 0.000000 0.000000 13.549023 6.820066 1.554967 0.000000 0.000000 0.000000 -0.001889 0.000947 -0.002533 -0.211781 -0.192995 -0.009292 0.263225 -0.063453 -9.805262 
152.103794 0.048358 -0.064457 0.485357 238.404418 567.881845 26.666940 0.000000 0.000000 0.000000 13.586474 6.806908 1.539250 0.000000 0.000000 0.000000 -0.001877 0.000977 -0.002489 -0.212694 -0.193383 -0.009688 0.263445 -0.063590 -9.805255 
152.202826 0.048937 -0.062980 0.483288 239.825409 568.595126 26.828944 0.000000 0.000000 0.000000 13.594530 6.779111 1.523951 0.000000 0.000000 0.000000 -0.001903 0.000913 -0.002477 -0.210971 -0.193787 -0.010498 0.263256 -0.063113 -9.805264 
152.302519 0.049795 -0.063175 0.482083 241.259269 569.316519 26.987903 0.000000 0.000000 0.000000 13.621156 6.777951 1.523549 0.000000 0.000000 0.000000 -0.001916 0.000915 -0.002453 -0.210624 -0.196077 -0.009452 0.263805 -0.062752 -9.805251 
152.403887 0.050172 -0.063697 0.481537 242.668832 570.015485 27.144852 0.000000 0.000000 0.000000 13.613675 6.761601 1.506842 0.000000 0.000000 0.000000 -0.001910 0.000879 -0.002416 -0.208073 -0.194835 -0.008518 0.263256 -0.062327 -9.805269 
152.502288 0.051173 -0.064277 0.481346 244.113098 570.735929 27.305594 0.000000 0.000000 0.000000 13.638346 6.790839 1.532004 0.000000 0.000000 0.000000 -0.001887 0.000873 -0.002409 -0.209579 -0.195794 -0.008829 0.263638 -0.062556 -9.805257 
152.603517 0.052282 -0.064867 0.481707 245.525670 571.435637 27.465775 0.000000 0.000000 0.000000 13.635605 6.805981 1.560281 0.000000 0.000000 0.000000 -0.001894 0.000838 -0.002414 -0.206157 -0.193561 -0.008610 0.262708 -0.062044 -9.805285 
152.702151 0.051433 -0.064502 0.480484 246.969096 572.154993 27.631491 0.000000 0.000000 0.000000 13.658430 6.821029 1.577053 0.000000 0.000000 0.000000 -0.001870 0.000868 -0.002384 -0.205822 -0.192603 -0.008005 0.262570 -0.062059 -9.805289 
152.801880 0.049565 -0.063496 0.480503 248.417229 572.876161 27.797005 0.000000 0.000000 0.000000 13.672526 6.814831 1.558645 0.000000 0.000000 0.000000 -0.001836 0.000849 -0.002396 -0.204862 -0.191693 -0.007690 0.262320 -0.061933 -9.805296 
152.903465 0.049420 -0.062511 0.479821 249.846448 573.582246 27.954073 0.000000 0.000000 0.000000 13.696032 6.791997 1.522018 0.000000 0.000000 0.000000 -0.001876 0.000830 -0.002382 -0.203918 -0.185978 -0.004496 0.261753 -0.062197 -9.805310 
153.001794 0.049324 -0.062113 0.478991 251.303240 574.296703 28.115041 0.000000 0.000000 0.000000 13.716662 6.767100 1.502463 0.000000 0.000000 0.000000 -0.001825 0.000794 -0.002378 -0.203970 -0.183682 -0.004201 0.261322 -0.062486 -9.805319 
153.103509 0.048508 -0.063480 0.478522 252.731557 574.995735 28.270206 0.000000 0.000000 0.000000 13.738809 6.752678 1.507149 0.000000 0.000000 0.000000 -0.001764 0.000762 -0.002380 -0.202378 -0.179955 -0.002886 0.260713 -0.062461 -9.805336 
153.202347 0.050791 -0.064793 0.477533 254.177619 575.708759 28.429108 0.000000 0.000000 0.000000 13.757081 6.751124 1.525077 0.000000 0.000000 0.000000 -0.001840 0.000791 -0.002358 -0.200796 -0.178750 -0.001862 0.260589 -0.062132 -9.805341 
153.302343 0.049467 -0.064363 0.476533 255.626328 576.413876 28.589722 0.000000 0.000000 0.000000 13.776131 6.742233 1.551036 0.000000 0.000000 0.000000 -0.001775 0.000774 -0.002343 -0.198915 -0.174526 -0.000479 0.259901 -0.062073 -9.805360 
153.403748 0.048845 -0.064157 0.475750 257.057036 577.112094 28.748981 0.000000 0.000000 0.000000 13.777818 6.722568 1.532308 0.000000 0.000000 0.000000 -0.001788 0.000757 -0.002325 -0.197508 -0.172807 0.000070 0.259561 -0.061901 -9.805370 
153.502380 0.049297 -0.063330 0.476009 258.504204 577.812620 28.912731 0.000000 0.000000 0.000000 13.777314 6.689986 1.518823 0.000000 0.000000 0.000000 -0.001715 0.000668 -0.002345 -0.195668 -0.174134 -0.001790 0.259137 -0.061532 -9.805383 
153.603829 0.049968 -0.065606 0.475579 259.932399 578.501119 29.067253 0.000000 0.000000 0.000000 13.782604 6.669043 1.539427 0.000000 0.000000 0.000000 -0.001722 0.000669 -0.002318 -0.193429 -0.167971 0.000792 0.258376 -0.061472 -9.805404 
153.702732 0.051918 -0.066607 0.475302 261.378761 579.203546 29.228849 0.000000 0.000000 0.000000 13.796550 6.684035 1.560173 0.000000 0.000000 0.000000 -0.001751 0.000664 -0.002288 -0.192591 -0.167753 0.001187 0.258360 -0.061265 -9.805406 
153.803422 0.051555 -0.067119 0.475894 262.831803 579.908995 29.395700 0.000000 0.000000 0.000000 13.818008 6.724495 1.583310 0.000000 0.000000 0.000000 -0.001705 0.000698 -0.002311 -0.194994 -0.170114 0.000350 0.258837 -0.061622 -9.805391 
153.903484 0.051484 -0.066954 0.475968 264.287398 580.616267 29.563234 0.000000 0.000000 0.000000 13.855163 6.737103 1.598882 0.000000 0.000000 0.000000 -0.001699 0.000719 -0.002319 -0.197409 -0.172256 -0.000582 0.259247 -0.062012 -9.805377 
154.001872 0.051578 -0.066477 0.475562 265.766669 581.338024 29.732817 0.000000 0.000000 0.000000 13.884901 6.763189 1.583510 0.000000 0.000000 0.000000 -0.001692 0.000743 -0.002314 -0.199543 -0.173628 -0.000591 0.259704 -0.062327 -9.805363 
154.103333 0.050762 -0.066549 0.475332 267.231118 582.048743 29.899922 0.000000 0.000000 0.000000 13.911179 6.767152 1.568456 0.000000 0.000000 0.000000 -0.001666 0.000759 -0.002315 -0.202184 -0.174423 -0.000937 0.260011 -0.062852 -9.805352 
154.202381 0.051806 -0.067390 0.474749 268.706733 582.764781 30.064357 0.000000 0.000000 0.000000 13.945249 6.762187 1.585168 0.000000 0.000000 0.000000 -0.001693 0.000773 -0.002306 -0.203176 -0.172523 0.000192 0.259980 -0.063178 -9.805351 
154.302943 0.050801 -0.067815 0.474268 270.166469 583.476417 30.232392 0.000000 0.000000 0.000000 13.965239 6.774472 1.591478 0.000000 0.000000 0.000000 -0.001665 0.000771 -0.002281 -0.202480 -0.174679 -0.000912 0.260098 -0.062880 -9.805349 
154.403670 0.051044 -0.067550 0.474798 271.619558 584.183147 30.397671 0.000000 0.000000 0.000000 13.965634 6.771037 1.598603 0.000000 0.000000 0.000000 -0.001674 0.000764 -0.002290 -0.201726 -0.174132 -0.000240 0.260056 -0.062727 -9.805351 
154.502230 0.051016 -0.067574 0.474368 273.102921 584.906667 30.568064 0.000000 0.000000 0.000000 13.972426 6.798930 1.601803 0.000000 0.000000 0.000000 -0.001667 0.000759 -0.002280 -0.203141 -0.177036 -0.001391 0.260506 -0.062784 -9.805339 
154.603525 0.051140 -0.068630 0.474351 274.560216 585.616001 30.735935 0.000000 0.000000 0.000000 13.985026 6.804091 1.607688 0.000000 0.000000 0.000000 -0.001655 0.000759 -0.002276 -0.202588 -0.177695 -0.001816 0.260506 -0.062627 -9.805340 
154.702464 0.051714 -0.069358 0.473344 276.031764 586.334207 30.905753 0.000000 0.000000 0.000000 13.984481 6.816985 1.619178 0.000000 0.000000 0.000000 -0.001655 0.000758 -0.002234 -0.201809 -0.177874 -0.001597 0.260501 -0.062436 -9.805341 
154.802233 0.051351 -0.069692 0.474512 277.519580 587.053496 31.081476 0.000000 0.000000 0.000000 14.014540 6.803343 1.642045 0.000000 0.000000 0.000000 -0.001590 0.000744 -0.002277 -0.203325 -0.179281 -0.004045 0.260547 -0.062733 -9.805338 
154.905001 0.052404 -0.070229 0.474094 278.951740 587.750278 31.251197 0.000000 0.000000 0.000000 14.008094 6.811105 1.654771 0.000000 0.000000 0.000000 -0.001606 0.000724 -0.002237 -0.201440 -0.179459 -0.004777 0.260314 -0.062382 -9.805347 
155.002040 0.051188 -0.071139 0.474311 280.443764 588.472035 31.429464 0.000000 0.000000 0.000000 14.029348 6.807425 1.670028 0.000000 0.000000 0.000000 -0.001565 0.000726 -0.002239 -0.202745 -0.179585 -0.005812 0.260329 -0.062678 -9.805345 
155.103434 0.051905 -0.071835 0.475099 281.907324 589.185835 31.603708 0.000000 0.000000 0.000000 14.043968 6.833484 1.704356 0.000000 0.000000 0.000000 -0.001579 0.000747 -0.002261 -0.202467 -0.179796 -0.005157 0.260415 -0.062572 -9.805343 
155.202338 0.051265 -0.071235 0.473823 283.404656 589.915112 31.783825 0.000000 0.000000 0.000000 14.073209 6.864636 1.695802 0.000000 0.000000 0.000000 -0.001571 0.000786 -0.002231 -0.205322 -0.180683 -0.005007 0.260843 -0.063018 -9.805329 
155.301999 0.050240 -0.070472 0.473676 284.901650 590.642550 31.963741 0.000000 0.000000 0.000000 14.086222 6.868812 1.673662 0.000000 0.000000 0.000000 -0.001569 0.000778 -0.002229 -0.206292 -0.180481 -0.005379 0.260860 -0.063236 -9.805327 
155.403481 0.049924 -0.070726 0.473619 286.369753 591.352802 32.136849 0.000000 0.000000 0.000000 14.106190 6.851405 1.665580 0.000000 0.000000 0.000000 -0.001518 0.000768 -0.002227 -0.205543 -0.179016 -0.005107 0.260576 -0.063245 -9.805334 
155.502292 0.049970 -0.069963 0.473092 287.856837 592.073487 32.314829 0.000000 0.000000 0.000000 14.117281 6.842358 1.674872 0.000000 0.000000 0.000000 -0.001494 0.000752 -0.002200 -0.204609 -0.178990 -0.006260 0.260391 -0.063108 -9.805340 
155.604039 0.050291 -0.069580 0.473838 289.313387 592.781098 32.485978 0.000000 0.000000 0.000000 14.109761 6.853202 1.651727 0.000000 0.000000 0.000000 -0.001480 0.000737 -0.002215 -0.202958 -0.178678 -0.005480 0.260253 -0.062835 -9.805346 
155.702145 0.050960 -0.069785 0.473547 290.810898 593.506964 32.657942 0.000000 0.000000 0.000000 14.121067 6.876095 1.656773 0.000000 0.000000 0.000000 -0.001511 0.000741 -0.002208 -0.204023 -0.177706 -0.003532 0.260332 -0.063083 -9.805342 
155.802722 0.050734 -0.070280 0.473369 292.303983 594.229657 32.832464 0.000000 0.000000 0.000000 14.147545 6.863666 1.665330 0.000000 0.000000 0.000000 -0.001501 0.000728 -0.002212 -0.205390 -0.177111 -0.003730 0.260352 -0.063376 -9.805339 
155.903800 0.050469 -0.070857 0.473445 293.771474 594.940470 33.007447 0.000000 0.000000 0.000000 14.160789 6.845178 1.669770 0.000000 0.000000 0.000000 -0.001458 0.000695 -0.002209 -0.204350 -0.177130 -0.004771 0.260201 -0.063215 -9.805344 
156.001932 0.051032 -0.071818 0.472606 295.283204 595.671360 33.187602 0.000000 0.000000 0.000000 14.192135 6.860556 1.698980 0.000000 0.000000 0.000000 -0.001426 0.000729 -0.002188 -0.206718 -0.177984 -0.005445 0.260504 -0.063525 -9.805334 
156.103101 0.051584 -0.071952 0.472438 296.766275 596.389252 33.365877 0.000000 0.000000 0.000000 14.204151 6.874642 1.725028 0.000000 0.000000 0.000000 -0.001435 0.000731 -0.002175 -0.205845 -0.177724 -0.004995 0.260409 -0.063406 -9.805338 
156.202337 0.052334 -0.071326 0.472437 298.262951 597.114223 33.544785 0.000000 0.000000 0.000000 14.208859 6.872679 1.709955 0.000000 0.000000 0.000000 -0.001461 0.000731 -0.002167 -0.205335 -0.177452 -0.003058 0.260413 -0.063344 -9.805338 
156.302149 0.052015 -0.070788 0.471906 299.771571 597.846636 33.726564 0.000000 0.000000 0.000000 14.220925 6.887403 1.704405 0.000000 0.000000 0.000000 -0.001441 0.000706 -0.002150 -0.206954 -0.178509 -0.003886 0.260677 -0.063498 -9.805330 
156.403497 0.051952 -0.071689 0.472225 301.263738 598.566443 33.905691 0.000000 0.000000 0.000000 14.241832 6.885045 1.710008 0.000000 0.000000 0.000000 -0.001413 0.000712 -0.002146 -0.208299 -0.178272 -0.004454 0.260739 -0.063732 -9.805327 
156.503486 0.052691 -0.072496 0.472897 302.746104 599.284705 34.085154 0.000000 0.000000 0.000000 14.233964 6.893284 1.724068 0.000000 0.000000 0.000000 -0.001392 0.000673 -0.002149 -0.207810 -0.178504 -0.005252 0.260701 -0.063636 -9.805328 
156.602719 0.052885 -0.074139 0.472952 304.248993 600.011138 34.268611 0.000000 0.000000 0.000000 14.248527 6.921796 1.756924 0.000000 0.000000 0.000000 -0.001389 0.000684 -0.002131 -0.208928 -0.177968 -0.005732 0.260707 -0.063859 -9.805327 
156.702157 0.052923 -0.074853 0.472303 305.766342 600.749960 34.457687 0.000000 0.000000 0.000000 14.278026 6.946243 1.789166 0.000000 0.000000 0.000000 -0.001395 0.000724 -0.002102 -0.211152 -0.178610 -0.005964 0.260986 -0.064136 -9.805318 
156.802271 0.051925 -0.074682 0.472299 307.281714 601.483562 34.648556 0.000000 0.000000 0.000000 14.296505 6.948439 1.811703 0.000000 0.000000 0.000000 -0.001364 0.000730 -0.002090 -0.212138 -0.177699 -0.006133 0.260937 -0.064373 -9.805317 
156.904914 0.052097 -0.074316 0.473180 308.762274 602.202795 34.833962 0.000000 0.000000 0.000000 14.316336 6.969783 1.798210 0.000000 0.000000 0.000000 -0.001352 0.000730 -0.002105 -0.213881 -0.178025 -0.005804 0.261146 -0.064602 -9.805310 
157.003559 0.051964 -0.074518 0.473715 310.255225 602.930682 35.021239 0.000000 0.000000 0.000000 14.310663 6.995901 1.795507 0.000000 0.000000 0.000000 -0.001341 0.000725 -0.002106 -0.213989 -0.178336 -0.005500 0.261209 -0.064589 -9.805309 
157.103907 0.051961 -0.075149 0.473952 311.749349 603.662086 35.206946 0.000000 0.000000 0.000000 14.344357 6.995094 1.811990 0.000000 0.000000 0.000000 -0.001347 0.000726 -0.002110 -0.215115 -0.178902 -0.004879 0.261404 -0.064699 -9.805303 
157.203976 0.051604 -0.075472 0.473537 313.243533 604.390553 35.393839 0.000000 0.000000 0.000000 14.361588 7.010011 1.813617 0.000000 0.000000 0.000000 -0.001316 0.000751 -0.002096 -0.215707 -0.178370 -0.003851 0.261424 -0.064831 -9.805301 
157.303648 0.051164 -0.075155 0.473216 314.753089 605.125689 35.582331 0.000000 0.000000 0.000000 14.381654 7.028631 1.817640 0.000000 0.000000 0.000000 -0.001327 0.000788 -0.002086 -0.217864 -0.178263 -0.002781 0.261631 -0.065146 -9.805294 
157.404798 0.051256 -0.074859 0.471967 316.241227 605.851019 35.767176 0.000000 0.000000 0.000000 14.389396 7.030800 1.794588 0.000000 0.000000 0.000000 -0.001320 0.000768 -0.002073 -0.218973 -0.178165 -0.002089 0.261736 -0.065308 -9.805290 
157.505223 0.050696 -0.075687 0.470837 317.729032 606.576072 35.951854 0.000000 0.000000 0.000000 14.427595 7.026489 1.810745 0.000000 0.000000 0.000000 -0.001306 0.000774 -0.002086 -0.221130 -0.178324 -0.001904 0.261938 -0.065586 -9.805283 
157.606220 0.050354 -0.076188 0.469477 319.216046 607.296335 36.138351 0.000000 0.000000 0.000000 14.484700 7.013691 1.819924 0.000000 0.000000 0.000000 -0.001288 0.000791 -0.002095 -0.225092 -0.178343 -0.002544 0.262237 -0.066110 -9.805271 
157.705458 0.050368 -0.077033 0.468131 320.713720 608.020624 36.327027 0.000000 0.000000 0.000000 14.524633 7.015575 1.836699 0.000000 0.000000 0.000000 -0.001256 0.000816 -0.002078 -0.228097 -0.178811 -0.002823 0.262525 -0.066465 -9.805261 
157.805212 0.051162 -0.077937 0.467084 322.222681 608.748274 36.516187 0.000000 0.000000 0.000000 14.562145 7.008766 1.840300 0.000000 0.000000 0.000000 -0.001245 0.000814 -0.002043 -0.231589 -0.179481 -0.002310 0.262897 -0.066865 -9.805248 
157.906238 0.053219 -0.079150 0.467420 323.721390 609.467120 36.705963 0.000000 0.000000 0.000000 14.624531 7.079585 1.885066 0.000000 0.000000 0.000000 -0.001209 0.000859 -0.002040 -0.235066 -0.179588 -0.002235 0.263187 -0.067304 -9.805238 
158.005157 0.053165 -0.077021 0.467857 325.233095 610.200201 36.901242 0.000000 0.000000 0.000000 14.667080 7.104154 1.921859 0.000000 0.000000 0.000000 -0.001224 0.000945 -0.002014 -0.236554 -0.180232 -0.000492 0.263432 -0.067463 -9.805230 
158.106139 0.053214 -0.074055 0.468884 326.738603 610.927029 37.091474 0.000000 0.000000 0.000000 14.639437 7.130787 1.786061 0.000000 0.000000 0.000000 -0.001267 0.000861 -0.002022 -0.239748 -0.179358 -0.001723 0.263538 -0.067915 -9.805224 
158.205017 0.053058 -0.075394 0.469677 328.265489 611.667167 37.280943 0.000000 0.000000 0.000000 14.672951 7.147740 1.807978 0.000000 0.000000 0.000000 -0.001237 0.000817 -0.002039 -0.244146 -0.178877 -0.004035 0.263748 -0.068467 -9.805214 
158.305261 0.053009 -0.078516 0.469564 329.788061 612.407632 37.470691 0.000000 0.000000 0.000000 14.713166 7.172124 1.856814 0.000000 0.000000 0.000000 -0.001215 0.000813 -0.002012 -0.247732 -0.179082 -0.005317 0.264000 -0.068874 -9.805205 
158.406132 0.053971 -0.079873 0.470227 331.294522 613.142551 37.664743 0.000000 0.000000 0.000000 14.752741 7.210141 1.935571 0.000000 0.000000 0.000000 -0.001213 0.000830 -0.002015 -0.249780 -0.179075 -0.006146 0.264124 -0.069116 -9.805200 
158.505064 0.053396 -0.080302 0.470456 332.837924 613.894095 37.866199 0.000000 0.000000 0.000000 14.801649 7.259954 1.961807 0.000000 0.000000 0.000000 -0.001220 0.000871 -0.002011 -0.254559 -0.178644 -0.006075 0.264436 -0.069727 -9.805187 
158.606362 0.052363 -0.079151 0.470845 334.320270 614.618168 38.060888 0.000000 0.000000 0.000000 14.781415 7.248951 1.948635 0.000000 0.000000 0.000000 -0.001223 0.000875 -0.001985 -0.250672 -0.177005 -0.004182 0.264041 -0.069408 -9.805200 
158.705571 0.051130 -0.078512 0.471424 335.848506 615.363874 38.259545 0.000000 0.000000 0.000000 14.796523 7.256216 1.907920 0.000000 0.000000 0.000000 -0.001191 0.000840 -0.002004 -0.253433 -0.176145 -0.004218 0.264146 -0.069803 -9.805194 
158.805295 0.050758 -0.078964 0.471480 337.375970 616.110098 38.457575 0.000000 0.000000 0.000000 14.821557 7.278612 1.913121 0.000000 0.000000 0.000000 -0.001198 0.000806 -0.002002 -0.255318 -0.175499 -0.005222 0.264166 -0.070066 -9.805192 
158.906343 0.050454 -0.080018 0.471275 338.895232 616.853100 38.653552 0.000000 0.000000 0.000000 14.854099 7.284915 1.923814 0.000000 0.000000 0.000000 -0.001167 0.000816 -0.001992 -0.258001 -0.175589 -0.005265 0.264365 -0.070368 -9.805184 
159.005141 0.051108 -0.080501 0.471461 340.422551 617.602151 38.851690 0.000000 0.000000 0.000000 14.874353 7.305370 1.946299 0.000000 0.000000 0.000000 -0.001149 0.000836 -0.001995 -0.258072 -0.175640 -0.004942 0.264391 -0.070375 -9.805184 
159.106204 0.050371 -0.079902 0.471987 341.928058 618.340154 39.049421 0.000000 0.000000 0.000000 14.855989 7.298022 1.943632 0.000000 0.000000 0.000000 -0.001136 0.000828 -0.002002 -0.257038 -0.175137 -0.004703 0.264279 -0.070298 -9.805187 
159.205427 0.050641 -0.080061 0.471321 343.456435 619.086596 39.249081 0.000000 0.000000 0.000000 14.831705 7.258959 1.959725 0.000000 0.000000 0.000000 -0.001164 0.000808 -0.001984 -0.258975 -0.174288 -0.005244 0.264303 -0.070568 -9.805185 
159.306358 0.050050 -0.078815 0.471233 344.958682 619.823181 39.449601 0.000000 0.000000 0.000000 14.790517 7.243649 2.008170 0.000000 0.000000 0.000000 -0.001135 0.000860 -0.001981 -0.259021 -0.174187 -0.003959 0.264345 -0.070581 -9.805183 
159.406654 0.049608 -0.076783 0.470183 346.463689 620.565247 39.649670 0.000000 0.000000 0.000000 14.717835 7.250683 1.953099 0.000000 0.000000 0.000000 -0.001166 0.000821 -0.001943 -0.261728 -0.175716 -0.003786 0.264671 -0.070758 -9.805173 
159.505277 0.048119 -0.076093 0.470740 347.976194 621.308004 39.849404 0.000000 0.000000 0.000000 14.660988 7.214441 1.929789 0.000000 0.000000 0.000000 -0.001127 0.000771 -0.001968 -0.262813 -0.175739 -0.004157 0.264734 -0.070873 -9.805171 
159.606423 0.048252 -0.077571 0.469678 349.477892 622.041722 40.045053 0.000000 0.000000 0.000000 14.629057 7.173524 1.906897 0.000000 0.000000 0.000000 -0.001139 0.000727 -0.001934 -0.266030 -0.175269 -0.004668 0.264888 -0.071236 -9.805164 
159.705510 0.048618 -0.079208 0.469839 351.001844 622.785700 40.246458 0.000000 0.000000 0.000000 14.633654 7.156115 1.947692 0.000000 0.000000 0.000000 -0.001105 0.000747 -0.001951 -0.270893 -0.175596 -0.005602 0.265211 -0.071724 -9.805152 
159.805305 0.049307 -0.079014 0.469230 352.516677 623.527303 40.448316 0.000000 0.000000 0.000000 14.614291 7.169242 1.960819 0.000000 0.000000 0.000000 -0.001098 0.000766 -0.001923 -0.274035 -0.176172 -0.005320 0.265449 -0.071973 -9.805143 
159.906347 0.048441 -0.077885 0.470064 354.007474 624.257645 40.648503 0.000000 0.000000 0.000000 14.529939 7.176567 1.921250 0.000000 0.000000 0.000000 -0.001138 0.000705 -0.001931 -0.275659 -0.175535 -0.006334 0.265508 -0.072223 -9.805140 
160.005156 0.046908 -0.080770 0.470164 355.512407 624.995152 40.848890 0.000000 0.000000 0.000000 14.517665 7.134866 1.911050 0.000000 0.000000 0.000000 -0.001100 0.000619 -0.001918 -0.276912 -0.174759 -0.008670 0.265566 -0.072547 -9.805136 
160.106217 0.047925 -0.085092 0.470719 357.002574 625.718138 41.048890 0.000000 0.000000 0.000000 14.569527 7.158934 2.051359 0.000000 0.000000 0.000000 -0.001079 0.000682 -0.001915 -0.279645 -0.172728 -0.007805 0.265550 -0.072851 -9.805134 
160.205252 0.047054 -0.084618 0.471019 358.518034 626.462295 41.258710 0.000000 0.000000 0.000000 14.597246 7.177776 2.029648 0.000000 0.000000 0.000000 -0.001108 0.000739 -0.001903 -0.284761 -0.173414 -0.006679 0.265896 -0.073210 -9.805122 
160.305713 0.045018 -0.081040 0.471525 360.007788 627.196278 41.460876 0.000000 0.000000 0.000000 14.563749 7.209260 1.993081 0.000000 0.000000 0.000000 -0.001072 0.000722 -0.001914 -0.287318 -0.173446 -0.003989 0.265990 -0.073255 -9.805119 
160.406324 0.043516 -0.078512 0.471025 361.482399 627.925536 41.658391 0.000000 0.000000 0.000000 14.519246 7.189293 1.861219 0.000000 0.000000 0.000000 -0.001119 0.000677 -0.001919 -0.286607 -0.172956 -0.004966 0.265929 -0.073283 -9.805121 
160.505197 0.042196 -0.078304 0.469790 362.981480 628.659980 41.851433 0.000000 0.000000 0.000000 14.504874 7.150831 1.857388 0.000000 0.000000 0.000000 -0.001085 0.000613 -0.001929 -0.288105 -0.171604 -0.005413 0.265922 -0.073523 -9.805119 
160.606644 0.040697 -0.080568 0.468487 364.467763 629.387686 42.044081 0.000000 0.000000 0.000000 14.547773 7.086050 1.882372 0.000000 0.000000 0.000000 -0.001032 0.000556 -0.001937 -0.289714 -0.171554 -0.007792 0.266068 -0.073816 -9.805113 
160.705410 0.043810 -0.083804 0.466508 365.962614 630.114625 42.237099 0.000000 0.000000 0.000000 14.571724 7.029266 1.945653 0.000000 0.000000 0.000000 -0.000984 0.000577 -0.001920 -0.292388 -0.172529 -0.005609 0.266256 -0.073879 -9.805107 
160.805071 0.047261 -0.085236 0.465400 367.468456 630.837047 42.438543 0.000000 0.000000 0.000000 14.584404 7.023950 2.015198 0.000000 0.000000 0.000000 -0.000954 0.000573 -0.001918 -0.294891 -0.171872 -0.004455 0.266327 -0.074076 -9.805104 
160.905862 0.050133 -0.085544 0.464538 368.955322 631.558633 42.643380 0.000000 0.000000 0.000000 14.590078 7.048739 2.058912 0.000000 0.000000 0.000000 -0.001009 0.000624 -0.001904 -0.296604 -0.173815 -0.002278 0.266544 -0.074041 -9.805098 
161.005080 0.050006 -0.083383 0.463724 370.456974 632.289472 42.852383 0.000000 0.000000 0.000000 14.586405 7.091139 2.022245 0.000000 0.000000 0.000000 -0.001037 0.000645 -0.001898 -0.298377 -0.175197 -0.000780 0.266741 -0.074083 -9.805093 
161.105456 0.048728 -0.081211 0.463017 371.961568 633.022005 43.056606 0.000000 0.000000 0.000000 14.586541 7.085332 1.959872 0.000000 0.000000 0.000000 -0.001025 0.000644 -0.001882 -0.301107 -0.176249 0.000095 0.266985 -0.074255 -9.805085 
161.205655 0.047460 -0.079757 0.462853 373.453600 633.744830 43.255060 0.000000 0.000000 0.000000 14.552722 7.072322 1.881257 0.000000 0.000000 0.000000 -0.001023 0.000577 -0.001856 -0.301364 -0.175400 -0.000953 0.266948 -0.074338 -9.805085 
161.306212 0.047038 -0.081116 0.463266 374.938341 634.460637 43.449800 0.000000 0.000000 0.000000 14.542520 7.043424 1.883435 0.000000 0.000000 0.000000 -0.001005 0.000513 -0.001853 -0.302005 -0.173625 -0.002968 0.266870 -0.074510 -9.805086 
161.405528 0.048575 -0.085159 0.462852 376.428752 635.177851 43.643755 0.000000 0.000000 0.000000 14.556050 7.047510 1.943720 0.000000 0.000000 0.000000 -0.000945 0.000519 -0.001831 -0.302676 -0.172754 -0.002582 0.266843 -0.074612 -9.805086 
161.505443 0.050039 -0.087512 0.463352 377.929774 635.898645 43.846409 0.000000 0.000000 0.000000 14.601724 7.054630 2.028938 0.000000 0.000000 0.000000 -0.000963 0.000578 -0.001839 -0.304498 -0.171656 -0.001316 0.266868 -0.074827 -9.805084 
161.605655 0.051320 -0.086834 0.463970 379.431850 636.620025 44.052736 0.000000 0.000000 0.000000 14.613051 7.077330 2.052311 0.000000 0.000000 0.000000 -0.000963 0.000600 -0.001853 -0.306685 -0.171096 0.000714 0.266965 -0.075061 -9.805079 
161.704930 0.050943 -0.086006 0.464476 380.931047 637.339989 44.259671 0.000000 0.000000 0.000000 14.598483 7.077959 2.041737 0.000000 0.000000 0.000000 -0.000931 0.000596 -0.001857 -0.305914 -0.169897 0.002284 0.266837 -0.075082 -9.805082 
161.805897 0.050924 -0.085076 0.464760 382.422883 638.060407 44.466575 0.000000 0.000000 0.000000 14.607328 7.101126 2.007228 0.000000 0.000000 0.000000 -0.000961 0.000582 -0.001840 -0.306913 -0.169147 0.001541 0.266824 -0.075194 -9.805082 
161.906036 0.050269 -0.083867 0.464891 383.911676 638.783212 44.670892 0.000000 0.000000 0.000000 14.615509 7.110514 2.008773 0.000000 0.000000 0.000000 -0.000957 0.000593 -0.001819 -0.307288 -0.168962 0.001786 0.266838 -0.075242 -9.805081 
162.005041 0.048842 -0.083457 0.465963 385.408040 639.509648 44.873669 0.000000 0.000000 0.000000 14.576644 7.114324 1.945696 0.000000 0.000000 0.000000 -0.000985 0.000579 -0.001827 -0.306669 -0.167763 0.001729 0.266712 -0.075257 -9.805085 
162.106429 0.047399 -0.084043 0.466283 386.884288 640.227130 45.071404 0.000000 0.000000 0.000000 14.581989 7.107183 1.942123 0.000000 0.000000 0.000000 -0.000967 0.000506 -0.001823 -0.307070 -0.166591 0.000571 0.266610 -0.075318 -9.805087 
162.205359 0.046563 -0.086668 0.466390 388.389466 640.956587 45.273843 0.000000 0.000000 0.000000 14.619436 7.118222 1.975295 0.000000 0.000000 0.000000 -0.000934 0.000486 -0.001821 -0.309553 -0.165479 -0.000552 0.266624 -0.075537 -9.805085 
162.306374 0.047238 -0.088882 0.467937 389.874167 641.675826 45.474286 0.000000 0.000000 0.000000 14.651954 7.120829 2.035865 0.000000 0.000000 0.000000 -0.000944 0.000536 -0.001864 -0.309155 -0.164530 0.001280 0.266617 -0.075620 -9.805084 
162.406287 0.046997 -0.088255 0.467242 391.369056 642.404506 45.681488 0.000000 0.000000 0.000000 14.682340 7.154093 2.063608 0.000000 0.000000 0.000000 -0.000905 0.000563 -0.001853 -0.310308 -0.164858 0.002576 0.266762 -0.075742 -9.805079 
162.505974 0.046825 -0.086323 0.466427 392.872716 643.141823 45.890479 0.000000 0.000000 0.000000 14.695950 7.174969 2.042188 0.000000 0.000000 0.000000 -0.000939 0.000580 -0.001839 -0.312100 -0.166284 0.003521 0.267002 -0.075843 -9.805072 
162.606374 0.046645 -0.084816 0.465674 394.375389 643.877198 46.097151 0.000000 0.000000 0.000000 14.702354 7.170213 2.008813 0.000000 0.000000 0.000000 -0.000923 0.000555 -0.001843 -0.315250 -0.167162 0.003373 0.267213 -0.076022 -9.805065 
162.705175 0.045728 -0.084742 0.464847 395.902793 644.617404 46.303644 0.000000 0.000000 0.000000 14.725011 7.156680 1.989879 0.000000 0.000000 0.000000 -0.000894 0.000516 -0.001835 -0.319190 -0.166524 0.002759 0.267333 -0.076307 -9.805059 
162.806463 0.046677 -0.086244 0.464501 397.408367 645.346629 46.506028 0.000000 0.000000 0.000000 14.756020 7.137139 1.984419 0.000000 0.000000 0.000000 -0.000903 0.000501 -0.001830 -0.322523 -0.166369 0.002148 0.267452 -0.076518 -9.805055 
162.906556 0.047861 -0.087433 0.464687 398.894412 646.066214 46.708127 0.000000 0.000000 0.000000 14.748405 7.150846 2.021168 0.000000 0.000000 0.000000 -0.000861 0.000514 -0.001827 -0.321634 -0.166132 0.001980 0.267389 -0.076464 -9.805057 
162.997751 0.048556 -0.087515 0.464663 400.553625 646.868094 46.936904 0.000000 0.000000 0.000000 14.796735 7.198666 2.056419 0.000000 0.000000 0.000000 -0.000908 0.000504 -0.001808 -0.330373 -0.166154 0.000500 0.267727 -0.076978 -9.805043 
163.098262 0.048245 -0.086987 0.465091 402.166943 647.652179 47.162491 0.000000 0.000000 0.000000 14.786392 7.208967 2.063934 0.000000 0.000000 0.000000 -0.000906 0.000504 -0.001809 -0.329805 -0.165498 -0.000304 0.267630 -0.076944 -9.805046 
163.197474 0.047722 -0.087182 0.465239 403.485626 648.292104 47.345708 0.000000 0.000000 0.000000 14.748731 7.203063 2.043556 0.000000 0.000000 0.000000 -0.000914 0.000529 -0.001806 -0.326673 -0.163983 0.000357 0.267426 -0.076841 -9.805053 
163.297591 0.046638 -0.086827 0.465434 404.951975 649.006893 47.549774 0.000000 0.000000 0.000000 14.724221 7.189742 2.033493 0.000000 0.000000 0.000000 -0.000929 0.000517 -0.001794 -0.324711 -0.163447 0.000100 0.267300 -0.076736 -9.805057 
163.397985 0.046475 -0.088233 0.466084 406.705640 649.860163 47.791231 0.000000 0.000000 0.000000 14.694865 7.172102 2.021398 0.000000 0.000000 0.000000 -0.000927 0.000517 -0.001803 -0.323100 -0.162623 0.000471 0.267197 -0.076687 -9.805060 
163.497045 0.046854 -0.089130 0.466621 408.020483 650.499582 47.972893 0.000000 0.000000 0.000000 14.683017 7.143056 2.044978 0.000000 0.000000 0.000000 -0.000900 0.000531 -0.001807 -0.319300 -0.161696 0.001143 0.267007 -0.076516 -9.805067 
163.598078 0.048056 -0.089563 0.466944 409.770356 651.349236 48.218011 0.000000 0.000000 0.000000 14.674881 7.146735 2.072055 0.000000 0.000000 0.000000 -0.000906 0.000581 -0.001797 -0.317481 -0.160728 0.001893 0.266899 -0.076468 -9.805070 
163.697731 0.048000 -0.088681 0.466503 411.359647 652.126173 48.440703 0.000000 0.000000 0.000000 14.619378 7.155120 2.069446 0.000000 0.000000 0.000000 -0.000917 0.000632 -0.001759 -0.312562 -0.160292 0.004226 0.266742 -0.076246 -9.805076 
163.798115 0.047228 -0.088171 0.467219 412.946804 652.899318 48.662788 0.000000 0.000000 0.000000 14.592793 7.125155 2.046275 0.000000 0.000000 0.000000 -0.000945 0.000648 -0.001774 -0.309742 -0.158910 0.005251 0.266580 -0.076163 -9.805081 
163.898673 0.046627 -0.088851 0.467202 414.506885 653.657103 48.880341 0.000000 0.000000 0.000000 14.530581 7.093831 2.029030 0.000000 0.000000 0.000000 -0.000940 0.000685 -0.001784 -0.304030 -0.156952 0.005803 0.266262 -0.075931 -9.805092 
163.997575 0.045773 -0.089733 0.467109 415.782077 654.273910 49.059516 0.000000 0.000000 0.000000 14.482965 7.053676 2.046891 0.000000 0.000000 0.000000 -0.000968 0.000768 -0.001788 -0.297274 -0.154578 0.006843 0.265896 -0.075668 -9.805103 
164.099034 0.045780 -0.090093 0.466751 417.494122 655.099656 49.300840 0.000000 0.000000 0.000000 14.478293 7.010779 2.043131 0.000000 0.000000 0.000000 -0.000983 0.000795 -0.001788 -0.295681 -0.152834 0.007985 0.265770 -0.075666 -9.805107 
164.197350 0.045455 -0.090467 0.466292 418.787600 655.727379 49.481945 0.000000 0.000000 0.000000 14.465824 6.999046 2.044011 0.000000 0.000000 0.000000 -0.000954 0.000829 -0.001781 -0.293258 -0.152935 0.009650 0.265720 -0.075546 -9.805109 
164.297245 0.045829 -0.089903 0.465972 420.239231 656.435575 49.685253 0.000000 0.000000 0.000000 14.461577 6.998750 2.036867 0.000000 0.000000 0.000000 -0.000930 0.000832 -0.001770 -0.293502 -0.154753 0.011293 0.265860 -0.075500 -9.805106 
164.398069 0.047551 -0.088972 0.466059 421.966673 657.274885 49.927333 0.000000 0.000000 0.000000 14.432806 7.007607 2.014283 0.000000 0.000000 0.000000 -0.000916 0.000790 -0.001748 -0.294063 -0.155759 0.011444 0.265935 -0.075492 -9.805104 
164.496771 0.047549 -0.090280 0.466889 423.265765 657.907249 50.107932 0.000000 0.000000 0.000000 14.397989 7.013820 1.997627 0.000000 0.000000 0.000000 -0.000906 0.000799 -0.001746 -0.292327 -0.155779 0.011837 0.265878 -0.075404 -9.805106 
164.597866 0.048200 -0.091941 0.468054 424.987708 658.748274 50.349254 0.000000 0.000000 0.000000 14.393954 7.021439 2.036637 0.000000 0.000000 0.000000 -0.000903 0.000808 -0.001761 -0.292290 -0.155939 0.011278 0.265875 -0.075394 -9.805106 
164.697298 0.048150 -0.092004 0.468165 426.278274 659.376182 50.533640 0.000000 0.000000 0.000000 14.368654 7.035392 2.060569 0.000000 0.000000 0.000000 -0.000910 0.000846 -0.001756 -0.290561 -0.154789 0.011148 0.265753 -0.075350 -9.805110 
164.797127 0.047481 -0.091409 0.467717 427.723066 660.079239 50.740211 0.000000 0.000000 0.000000 14.357957 7.018346 2.054057 0.000000 0.000000 0.000000 -0.000923 0.000848 -0.001734 -0.290770 -0.154039 0.011217 0.265726 -0.075389 -9.805110 
164.899237 0.047593 -0.090657 0.467504 429.443523 660.917382 50.984500 0.000000 0.000000 0.000000 14.366869 7.019575 2.035203 0.000000 0.000000 0.000000 -0.000916 0.000769 -0.001735 -0.294736 -0.154013 0.010451 0.265856 -0.075586 -9.805105 
164.997499 0.048075 -0.091781 0.467472 430.730975 661.548065 51.166549 0.000000 0.000000 0.000000 14.338984 7.005891 2.014581 0.000000 0.000000 0.000000 -0.000920 0.000770 -0.001733 -0.293543 -0.154390 0.010399 0.265830 -0.075514 -9.805106 
165.099329 0.048974 -0.093582 0.467406 432.444564 662.380472 51.410200 0.000000 0.000000 0.000000 14.363562 7.016923 2.055794 0.000000 0.000000 0.000000 -0.000914 0.000730 -0.001739 -0.296686 -0.153552 0.008886 0.265880 -0.075701 -9.805104 
165.197518 0.048385 -0.094101 0.467383 433.737790 663.010642 51.598079 0.000000 0.000000 0.000000 14.373955 7.021724 2.095025 0.000000 0.000000 0.000000 -0.000918 0.000747 -0.001738 -0.296418 -0.153038 0.007751 0.265829 -0.075711 -9.805105 
165.299905 0.047835 -0.093024 0.467243 435.427009 663.834651 51.844216 0.000000 0.000000 0.000000 14.374477 7.018212 2.092048 0.000000 0.000000 0.000000 -0.000922 0.000788 -0.001737 -0.296155 -0.152635 0.007956 0.265805 -0.075712 -9.805106 
165.400313 0.046682 -0.091749 0.466927 436.953620 664.577553 52.064717 0.000000 0.000000 0.000000 14.334351 6.990100 2.043730 0.000000 0.000000 0.000000 -0.000899 0.000825 -0.001725 -0.293456 -0.151745 0.008522 0.265681 -0.075615 -9.805110 
165.499341 0.046093 -0.089514 0.467192 438.504959 665.329197 52.286344 0.000000 0.000000 0.000000 14.312505 6.971432 1.997129 0.000000 0.000000 0.000000 -0.000911 0.000767 -0.001731 -0.293294 -0.150425 0.006896 0.265591 -0.075655 -9.805112 
165.600326 0.045272 -0.089939 0.466902 440.016327 666.065969 52.499126 0.000000 0.000000 0.000000 14.260895 6.949186 1.982797 0.000000 0.000000 0.000000 -0.000888 0.000755 -0.001713 -0.289359 -0.150175 0.005474 0.265427 -0.075491 -9.805118 
165.698735 0.045407 -0.091477 0.467591 441.538083 666.808546 52.712766 0.000000 0.000000 0.000000 14.188443 6.918519 1.967424 0.000000 0.000000 0.000000 -0.000869 0.000735 -0.001718 -0.283966 -0.149830 0.004571 0.265222 -0.075271 -9.805125 
165.799076 0.046556 -0.093346 0.468335 443.064069 667.551812 52.928343 0.000000 0.000000 0.000000 14.151714 6.919221 1.999209 0.000000 0.000000 0.000000 -0.000857 0.000724 -0.001724 -0.281981 -0.149340 0.003749 0.265127 -0.075207 -9.805128 
165.900402 0.047301 -0.094699 0.468185 444.563445 668.282536 53.143904 0.000000 0.000000 0.000000 14.101639 6.914873 2.058071 0.000000 0.000000 0.000000 -0.000847 0.000713 -0.001691 -0.279016 -0.148537 0.003894 0.265002 -0.075104 -9.805132 
165.999472 0.047020 -0.096099 0.469198 446.080914 669.023945 53.366447 0.000000 0.000000 0.000000 14.086501 6.900223 2.095831 0.000000 0.000000 0.000000 -0.000839 0.000716 -0.001702 -0.277974 -0.147649 0.003998 0.264935 -0.075087 -9.805134 
166.099829 0.046530 -0.096624 0.469576 447.580061 669.757660 53.590474 0.000000 0.000000 0.000000 14.046609 6.890437 2.099632 0.000000 0.000000 0.000000 -0.000820 0.000722 -0.001694 -0.274972 -0.146896 0.004524 0.264818 -0.074976 -9.805138 
166.199307 0.046254 -0.095280 0.469556 449.092712 670.497925 53.816947 0.000000 0.000000 0.000000 14.008572 6.880968 2.104841 0.000000 0.000000 0.000000 -0.000827 0.000704 -0.001685 -0.273842 -0.146159 0.005002 0.264761 -0.074947 -9.805140 
166.300653 0.045653 -0.095357 0.469402 450.578161 671.226344 54.036416 0.000000 0.000000 0.000000 13.963048 6.865903 2.064636 0.000000 0.000000 0.000000 -0.000825 0.000692 -0.001681 -0.272079 -0.145841 0.006467 0.264717 -0.074875 -9.805141 
166.402034 0.044483 -0.095105 0.469504 452.031684 671.942027 54.251938 0.000000 0.000000 0.000000 13.911069 6.821787 2.056157 0.000000 0.000000 0.000000 -0.000788 0.000615 -0.001688 -0.268850 -0.146116 0.006524 0.264630 -0.074731 -9.805145 
166.500391 0.045459 -0.097387 0.469238 453.527536 672.671430 54.471497 0.000000 0.000000 0.000000 13.908760 6.801847 2.059347 0.000000 0.000000 0.000000 -0.000748 0.000637 -0.001690 -0.269762 -0.145333 0.006684 0.264632 -0.074791 -9.805144 
166.601801 0.045777 -0.098339 0.469143 455.005859 673.392222 54.690635 0.000000 0.000000 0.000000 13.899573 6.805698 2.094337 0.000000 0.000000 0.000000 -0.000763 0.000661 -0.001682 -0.271162 -0.144872 0.007407 0.264670 -0.074857 -9.805143 
166.700791 0.045932 -0.098286 0.468574 456.495634 674.117873 54.913616 0.000000 0.000000 0.000000 13.895339 6.797250 2.114264 0.000000 0.000000 0.000000 -0.000759 0.000672 -0.001670 -0.272264 -0.144152 0.008260 0.264691 -0.074917 -9.805142 
166.801948 0.044543 -0.098501 0.468439 457.978858 674.844189 55.137113 0.000000 0.000000 0.000000 13.905471 6.793478 2.104088 0.000000 0.000000 0.000000 -0.000737 0.000718 -0.001691 -0.275467 -0.144550 0.008490 0.264804 -0.075032 -9.805138 
166.901964 0.044999 -0.098200 0.467809 459.456306 675.563221 55.358783 0.000000 0.000000 0.000000 13.909706 6.781349 2.094722 0.000000 0.000000 0.000000 -0.000751 0.000743 -0.001682 -0.277378 -0.144178 0.009056 0.264858 -0.075114 -9.805136 
167.002022 0.045036 -0.097786 0.467077 460.945021 676.286138 55.581132 0.000000 0.000000 0.000000 13.923669 6.790987 2.091097 0.000000 0.000000 0.000000 -0.000719 0.000796 -0.001674 -0.281385 -0.144306 0.008998 0.264978 -0.075263 -9.805131 
167.102125 0.044490 -0.097773 0.467190 462.431071 677.010353 55.803507 0.000000 0.000000 0.000000 13.930155 6.785786 2.074104 0.000000 0.000000 0.000000 -0.000737 0.000824 -0.001693 -0.284899 -0.144774 0.007961 0.265075 -0.075384 -9.805128 
167.200570 0.045443 -0.098576 0.466407 463.930154 677.739234 56.027124 0.000000 0.000000 0.000000 13.938332 6.771572 2.086941 0.000000 0.000000 0.000000 -0.000741 0.000846 -0.001688 -0.286809 -0.144590 0.007525 0.265115 -0.075460 -9.805126 
167.302314 0.045508 -0.099838 0.465935 465.399565 678.451901 56.247548 0.000000 0.000000 0.000000 13.938252 6.766538 2.099780 0.000000 0.000000 0.000000 -0.000716 0.000876 -0.001685 -0.287198 -0.144137 0.007523 0.265111 -0.075486 -9.805126 
167.402200 0.045387 -0.099180 0.465568 466.876782 679.169171 56.470271 0.000000 0.000000 0.000000 13.953300 6.751953 2.117426 0.000000 0.000000 0.000000 -0.000731 0.000927 -0.001659 -0.289172 -0.144686 0.007907 0.265192 -0.075541 -9.805124 
167.500383 0.046094 -0.097935 0.466004 468.388454 679.906111 56.697481 0.000000 0.000000 0.000000 13.957817 6.768806 2.099219 0.000000 0.000000 0.000000 -0.000736 0.000983 -0.001655 -0.293177 -0.146283 0.007813 0.265354 -0.075639 -9.805118 
167.601799 0.046277 -0.098133 0.465728 469.867627 680.627850 56.919009 0.000000 0.000000 0.000000 13.933193 6.808249 2.074795 0.000000 0.000000 0.000000 -0.000750 0.001018 -0.001623 -0.294539 -0.147046 0.007816 0.265416 -0.075665 -9.805117 
167.700657 0.046902 -0.097623 0.466347 471.371980 681.362230 57.144124 0.000000 0.000000 0.000000 13.921580 6.828847 2.069737 0.000000 0.000000 0.000000 -0.000768 0.001047 -0.001632 -0.297342 -0.147008 0.006755 0.265469 -0.075761 -9.805114 
167.801779 0.045519 -0.098210 0.466195 472.848218 682.083360 57.365077 0.000000 0.000000 0.000000 13.916347 6.818834 2.064558 0.000000 0.000000 0.000000 -0.000751 0.001037 -0.001616 -0.298288 -0.146068 0.005383 0.265436 -0.075818 -9.805115 
167.903259 0.045751 -0.099119 0.466728 474.305833 682.789880 57.581734 0.000000 0.000000 0.000000 13.921183 6.786132 2.074661 0.000000 0.000000 0.000000 -0.000727 0.001047 -0.001629 -0.299237 -0.143917 0.004824 0.265381 -0.075906 -9.805116 
168.002413 0.045410 -0.099857 0.467266 475.781784 683.505855 57.804105 0.000000 0.000000 0.000000 13.923982 6.789798 2.094692 0.000000 0.000000 0.000000 -0.000660 0.001073 -0.001648 -0.301557 -0.142734 0.003405 0.265374 -0.076012 -9.805115 
168.103195 0.045850 -0.100283 0.466900 477.261279 684.221929 58.026701 0.000000 0.000000 0.000000 13.947899 6.810240 2.126405 0.000000 0.000000 0.000000 -0.000657 0.001187 -0.001629 -0.306346 -0.141732 0.003264 0.265460 -0.076195 -9.805111 
168.201954 0.045521 -0.098971 0.466997 478.752655 684.946762 58.254833 0.000000 0.000000 0.000000 13.968167 6.816077 2.128416 0.000000 0.000000 0.000000 -0.000641 0.001240 -0.001630 -0.309663 -0.141118 0.001882 0.265495 -0.076317 -9.805109 
168.303069 0.044986 -0.097677 0.467384 480.219795 685.664458 58.478447 0.000000 0.000000 0.000000 13.966278 6.821538 2.101306 0.000000 0.000000 0.000000 -0.000648 0.001275 -0.001637 -0.311692 -0.141431 0.000798 0.265532 -0.076371 -9.805108 
168.403086 0.044973 -0.096645 0.467129 481.683518 686.382417 58.698926 0.000000 0.000000 0.000000 13.952312 6.831689 2.055146 0.000000 0.000000 0.000000 -0.000667 0.001273 -0.001621 -0.313512 -0.142205 -0.000667 0.265571 -0.076404 -9.805107 
168.501739 0.044807 -0.096934 0.467254 483.173011 687.105997 58.918920 0.000000 0.000000 0.000000 13.945208 6.827272 2.051016 0.000000 0.000000 0.000000 -0.000651 0.001265 -0.001616 -0.316031 -0.140960 -0.001892 0.265571 -0.076508 -9.805106 
168.604645 0.045081 -0.098468 0.467033 484.623823 687.811061 59.134578 0.000000 0.000000 0.000000 13.957280 6.823013 2.077165 0.000000 0.000000 0.000000 -0.000610 0.001294 -0.001609 -0.318962 -0.139902 -0.003720 0.265575 -0.076618 -9.805105 
168.704806 0.045591 -0.099815 0.467222 486.076332 688.514591 59.351845 0.000000 0.000000 0.000000 13.977481 6.840574 2.109530 0.000000 0.000000 0.000000 -0.000565 0.001360 -0.001622 -0.322536 -0.138278 -0.004552 0.265596 -0.076762 -9.805103 
168.804666 0.045118 -0.100432 0.467422 487.535968 689.223089 59.572215 0.000000 0.000000 0.000000 14.011245 6.846004 2.137180 0.000000 0.000000 0.000000 -0.000577 0.001444 -0.001627 -0.326522 -0.136994 -0.004579 0.265648 -0.076912 -9.805101 
168.904696 0.045007 -0.099489 0.467864 488.990812 689.933018 59.793348 0.000000 0.000000 0.000000 14.036048 6.858268 2.159181 0.000000 0.000000 0.000000 -0.000592 0.001515 -0.001633 -0.329127 -0.136924 -0.003996 0.265713 -0.076995 -9.805098 
169.005096 0.043995 -0.097978 0.467311 490.448233 690.645963 60.013905 0.000000 0.000000 0.000000 14.051811 6.873501 2.116007 0.000000 0.000000 0.000000 -0.000576 0.001569 -0.001616 -0.333247 -0.137374 -0.003905 0.265816 -0.077108 -9.805094 
169.104990 0.043653 -0.097007 0.467147 491.923910 691.368522 60.234857 0.000000 0.000000 0.000000 14.084499 6.893902 2.072514 0.000000 0.000000 0.000000 -0.000597 0.001626 -0.001609 -0.340252 -0.138334 -0.005481 0.265971 -0.077279 -9.805089 
169.206168 0.043863 -0.097107 0.467576 493.355838 692.067248 60.446966 0.000000 0.000000 0.000000 14.070778 6.883468 2.073776 0.000000 0.000000 0.000000 -0.000564 0.001588 -0.001622 -0.341379 -0.137914 -0.006522 0.265970 -0.077313 -9.805089 
169.303750 0.043847 -0.098912 0.467313 494.844805 692.792737 60.668337 0.000000 0.000000 0.000000 14.098160 6.907107 2.090642 0.000000 0.000000 0.000000 -0.000566 0.001608 -0.001614 -0.346859 -0.137546 -0.008843 0.266045 -0.077459 -9.805085 
169.405281 0.044371 -0.101162 0.467339 496.300670 693.502594 60.886431 0.000000 0.000000 0.000000 14.128305 6.914261 2.148759 0.000000 0.000000 0.000000 -0.000561 0.001667 -0.001623 -0.349754 -0.136931 -0.008899 0.266089 -0.077553 -9.805084 
169.503836 0.043653 -0.101392 0.466971 497.772353 694.224029 61.111768 0.000000 0.000000 0.000000 14.147323 6.934462 2.204278 0.000000 0.000000 0.000000 -0.000540 0.001717 -0.001615 -0.351045 -0.137182 -0.008459 0.266128 -0.077587 -9.805082 
169.605129 0.042236 -0.099322 0.466668 499.244013 694.944802 61.338885 0.000000 0.000000 0.000000 14.170937 6.941054 2.174944 0.000000 0.000000 0.000000 -0.000552 0.001741 -0.001602 -0.355317 -0.137649 -0.008722 0.266227 -0.077693 -9.805079 
169.703859 0.042298 -0.097624 0.466357 500.725193 695.667214 61.563043 0.000000 0.000000 0.000000 14.185821 6.940460 2.152742 0.000000 0.000000 0.000000 -0.000531 0.001754 -0.001603 -0.357715 -0.137054 -0.008138 0.266267 -0.077779 -9.805077 
169.803981 0.042388 -0.096590 0.466341 502.219211 696.396653 61.786552 0.000000 0.000000 0.000000 14.197039 6.957005 2.106747 0.000000 0.000000 0.000000 -0.000527 0.001745 -0.001605 -0.362311 -0.137334 -0.008970 0.266360 -0.077886 -9.805074 
169.905013 0.043294 -0.097565 0.466688 503.677116 697.105662 62.002009 0.000000 0.000000 0.000000 14.210010 6.944841 2.101546 0.000000 0.000000 0.000000 -0.000523 0.001746 -0.001618 -0.363008 -0.136339 -0.008987 0.266348 -0.077925 -9.805074 
170.003528 0.043917 -0.098510 0.466365 505.193657 697.847437 62.226205 0.000000 0.000000 0.000000 14.254918 6.981936 2.122435 0.000000 0.000000 0.000000 -0.000512 0.001798 -0.001615 -0.370301 -0.137508 -0.009919 0.266516 -0.078076 -9.805068 
170.104656 0.044298 -0.098994 0.465786 506.678560 698.572490 62.447354 0.000000 0.000000 0.000000 14.291610 6.995574 2.152303 0.000000 0.000000 0.000000 -0.000552 0.001811 -0.001592 -0.373963 -0.137316 -0.010194 0.266582 -0.078169 -9.805065 
170.203639 0.044663 -0.099175 0.465521 508.172306 699.298248 62.672513 0.000000 0.000000 0.000000 14.318464 6.992149 2.167929 0.000000 0.000000 0.000000 -0.000503 0.001819 -0.001597 -0.375590 -0.136000 -0.010177 0.266581 -0.078238 -9.805065 
170.304360 0.043989 -0.099472 0.465522 509.662552 700.023686 62.898032 0.000000 0.000000 0.000000 14.327363 7.002357 2.182087 0.000000 0.000000 0.000000 -0.000492 0.001846 -0.001610 -0.378030 -0.135451 -0.009847 0.266619 -0.078314 -9.805063 
170.404619 0.043787 -0.099275 0.464913 511.171936 700.757863 63.127554 0.000000 0.000000 0.000000 14.370809 7.008960 2.189008 0.000000 0.000000 0.000000 -0.000511 0.001868 -0.001605 -0.385002 -0.135318 -0.011055 0.266745 -0.078474 -9.805058 
170.505034 0.042884 -0.100583 0.464408 512.649237 701.476484 63.351747 0.000000 0.000000 0.000000 14.381545 7.005666 2.202765 0.000000 0.000000 0.000000 -0.000460 0.001853 -0.001614 -0.386289 -0.134960 -0.011286 0.266759 -0.078510 -9.805058 
170.604692 0.043325 -0.101861 0.464036 514.149759 702.199803 63.580064 0.000000 0.000000 0.000000 14.418397 6.995852 2.201369 0.000000 0.000000 0.000000 -0.000457 0.001881 -0.001617 -0.389778 -0.133637 -0.011302 0.266796 -0.078622 -9.805056 
170.703624 0.043887 -0.102556 0.463059 515.669952 702.936444 63.812800 0.000000 0.000000 0.000000 14.452870 7.008860 2.245660 0.000000 0.000000 0.000000 -0.000428 0.001920 -0.001600 -0.394296 -0.134026 -0.011153 0.266899 -0.078726 -9.805052 
170.804769 0.044090 -0.102900 0.462453 517.172672 703.662567 64.044731 0.000000 0.000000 0.000000 14.496603 7.017777 2.273384 0.000000 0.000000 0.000000 -0.000422 0.001950 -0.001583 -0.397745 -0.134024 -0.010851 0.266972 -0.078814 -9.805049 
170.904551 0.044441 -0.102539 0.462569 518.685755 704.392560 64.279597 0.000000 0.000000 0.000000 14.548275 7.033820 2.282934 0.000000 0.000000 0.000000 -0.000413 0.002030 -0.001586 -0.401503 -0.133900 -0.010260 0.267051 -0.078916 -9.805047 
171.003486 0.044622 -0.100475 0.462872 520.213113 705.132596 64.515649 0.000000 0.000000 0.000000 14.562255 7.068213 2.246177 0.000000 0.000000 0.000000 -0.000423 0.002063 -0.001582 -0.404484 -0.134369 -0.009557 0.267130 -0.078990 -9.805044 
171.104519 0.044207 -0.099257 0.463281 521.729688 705.870642 64.745644 0.000000 0.000000 0.000000 14.576400 7.093005 2.203405 0.000000 0.000000 0.000000 -0.000454 0.002078 -0.001579 -0.408279 -0.135021 -0.009200 0.267225 -0.079073 -9.805041 
171.203567 0.043313 -0.098538 0.463650 523.260191 706.612684 64.977312 0.000000 0.000000 0.000000 14.594775 7.097640 2.185740 0.000000 0.000000 0.000000 -0.000446 0.002042 -0.001580 -0.411782 -0.134151 -0.010974 0.267252 -0.079148 -9.805039 
171.304714 0.042564 -0.099216 0.463169 524.768415 707.345441 65.204568 0.000000 0.000000 0.000000 14.602338 7.113415 2.190534 0.000000 0.000000 0.000000 -0.000429 0.002008 -0.001552 -0.414323 -0.133766 -0.012488 0.267274 -0.079194 -9.805038 
171.404916 0.042864 -0.100996 0.464096 526.276604 708.075558 65.431801 0.000000 0.000000 0.000000 14.621786 7.120392 2.228725 0.000000 0.000000 0.000000 -0.000430 0.002030 -0.001580 -0.416365 -0.132639 -0.012674 0.267282 -0.079260 -9.805037 
171.503544 0.042737 -0.102269 0.463112 527.816923 708.819757 65.666731 0.000000 0.000000 0.000000 14.659862 7.132605 2.267393 0.000000 0.000000 0.000000 -0.000371 0.002052 -0.001545 -0.419944 -0.131583 -0.012748 0.267322 -0.079361 -9.805036 
171.606424 0.042139 -0.103119 0.464108 529.308843 709.543439 65.897315 0.000000 0.000000 0.000000 14.692444 7.159459 2.315687 0.000000 0.000000 0.000000 -0.000368 0.002093 -0.001571 -0.421986 -0.131227 -0.011945 0.267360 -0.079423 -9.805034 
171.705495 0.042035 -0.101470 0.464416 530.822868 710.276929 66.132640 0.000000 0.000000 0.000000 14.727123 7.170600 2.309722 0.000000 0.000000 0.000000 -0.000375 0.002112 -0.001579 -0.424808 -0.130488 -0.010934 0.267404 -0.079514 -9.805032 
171.805275 0.040975 -0.100585 0.464124 532.322909 711.008038 66.364895 0.000000 0.000000 0.000000 14.734934 7.175312 2.283194 0.000000 0.000000 0.000000 -0.000344 0.002112 -0.001570 -0.424079 -0.130684 -0.009467 0.267413 -0.079514 -9.805032 
171.906295 0.041152 -0.099166 0.463950 533.828243 711.737114 66.594598 0.000000 0.000000 0.000000 14.753573 7.181432 2.243364 0.000000 0.000000 0.000000 -0.000381 0.002103 -0.001559 -0.426618 -0.129736 -0.009009 0.267440 -0.079595 -9.805030 
172.006194 0.040456 -0.099177 0.463834 535.339942 712.468768 66.822869 0.000000 0.000000 0.000000 14.791748 7.187499 2.238439 0.000000 0.000000 0.000000 -0.000338 0.002102 -0.001562 -0.429905 -0.128986 -0.009242 0.267476 -0.079679 -9.805029 
172.106142 0.040865 -0.099609 0.463745 536.848159 713.203730 67.049397 0.000000 0.000000 0.000000 14.814045 7.194424 2.231382 0.000000 0.000000 0.000000 -0.000364 0.002086 -0.001555 -0.432445 -0.129732 -0.009113 0.267536 -0.079721 -9.805027 
172.205085 0.041428 -0.100275 0.463170 538.381671 713.947114 67.279752 0.000000 0.000000 0.000000 14.856176 7.212880 2.249743 0.000000 0.000000 0.000000 -0.000323 0.002077 -0.001545 -0.435886 -0.129452 -0.008915 0.267589 -0.079801 -9.805025 
172.305345 0.041838 -0.100411 0.463537 539.906269 714.685049 67.511773 0.000000 0.000000 0.000000 14.883169 7.229404 2.292322 0.000000 0.000000 0.000000 -0.000304 0.002058 -0.001561 -0.437535 -0.128996 -0.009043 0.267604 -0.079842 -9.805024 
172.406390 0.043098 -0.099984 0.463225 541.425768 715.421149 67.744280 0.000000 0.000000 0.000000 14.907625 7.242421 2.322187 0.000000 0.000000 0.000000 -0.000340 0.002094 -0.001545 -0.440745 -0.128805 -0.008311 0.267658 -0.079921 -9.805022 
172.504827 0.042797 -0.098164 0.463352 542.958042 716.167700 67.980251 0.000000 0.000000 0.000000 14.874868 7.233055 2.310040 0.000000 0.000000 0.000000 -0.000320 0.002101 -0.001552 -0.442023 -0.129199 -0.006968 0.267698 -0.079960 -9.805020 
172.606172 0.041958 -0.096221 0.463629 544.476866 716.904252 68.211090 0.000000 0.000000 0.000000 14.855972 7.232030 2.284629 0.000000 0.000000 0.000000 -0.000333 0.002061 -0.001557 -0.444958 -0.128726 -0.005793 0.267742 -0.080041 -9.805019 
172.705492 0.042269 -0.095113 0.463010 545.995525 717.637802 68.442418 0.000000 0.000000 0.000000 14.833828 7.194504 2.240712 0.000000 0.000000 0.000000 -0.000348 0.002025 -0.001526 -0.446084 -0.127597 -0.005810 0.267737 -0.080081 -9.805018 
172.806693 0.042705 -0.095436 0.463747 547.494488 718.360871 68.666737 0.000000 0.000000 0.000000 14.813591 7.194397 2.237675 0.000000 0.000000 0.000000 -0.000292 0.002006 -0.001545 -0.447357 -0.126591 -0.005292 0.267739 -0.080123 -9.805018 
172.906551 0.042986 -0.095547 0.463881 549.004976 719.087629 68.894224 0.000000 0.000000 0.000000 14.818197 7.186684 2.235473 0.000000 0.000000 0.000000 -0.000333 0.001980 -0.001523 -0.450536 -0.124987 -0.006301 0.267755 -0.080200 -9.805017 
173.005372 0.043461 -0.096037 0.464653 550.521917 719.827215 69.122099 0.000000 0.000000 0.000000 14.798201 7.209372 2.243547 0.000000 0.000000 0.000000 -0.000316 0.001972 -0.001529 -0.452455 -0.125925 -0.005778 0.267798 -0.080221 -9.805016 
173.106417 0.042951 -0.096305 0.465455 552.018018 720.555780 69.347071 0.000000 0.000000 0.000000 14.776914 7.219886 2.243486 0.000000 0.000000 0.000000 -0.000319 0.001956 -0.001528 -0.453546 -0.125591 -0.004671 0.267805 -0.080242 -9.805015 
173.197568 0.043316 -0.096966 0.466003 553.682461 721.366086 69.596367 0.000000 0.000000 0.000000 14.813172 7.242309 2.247314 0.000000 0.000000 0.000000 -0.000323 0.001922 -0.001512 -0.462015 -0.125542 -0.004091 0.267917 -0.080386 -9.805011 
173.298391 0.042658 -0.098050 0.467360 555.297827 722.156646 69.838026 0.000000 0.000000 0.000000 14.808426 7.253417 2.251806 0.000000 0.000000 0.000000 -0.000278 0.001883 -0.001510 -0.463163 -0.125586 -0.002343 0.267925 -0.080394 -9.805011 
173.398299 0.043514 -0.098736 0.468260 556.900421 722.941676 70.081495 0.000000 0.000000 0.000000 14.784975 7.276972 2.257435 0.000000 0.000000 0.000000 -0.000324 0.001882 -0.001473 -0.461642 -0.124748 -0.001385 0.267886 -0.080370 -9.805012 
173.497121 0.043288 -0.098067 0.469494 558.217356 723.590646 70.280567 0.000000 0.000000 0.000000 14.782183 7.312211 2.283241 0.000000 0.000000 0.000000 -0.000322 0.001913 -0.001473 -0.459576 -0.124082 0.001090 0.267830 -0.080325 -9.805014 
173.598183 0.041805 -0.094787 0.470990 559.964406 724.454612 70.545751 0.000000 0.000000 0.000000 14.727847 7.305585 2.166714 0.000000 0.000000 0.000000 -0.000331 0.001950 -0.001478 -0.458012 -0.123421 0.003291 0.267782 -0.080296 -9.805015 
173.697206 0.041866 -0.090664 0.472438 561.564030 725.244237 70.779844 0.000000 0.000000 0.000000 14.645456 7.273186 2.105968 0.000000 0.000000 0.000000 -0.000347 0.001967 -0.001500 -0.454449 -0.121710 0.004994 0.267696 -0.080253 -9.805018 
173.797297 0.039032 -0.089467 0.473310 563.156188 726.033137 71.005016 0.000000 0.000000 0.000000 14.550238 7.258985 2.035224 0.000000 0.000000 0.000000 -0.000371 0.001928 -0.001510 -0.451071 -0.120481 0.004356 0.267646 -0.080220 -9.805020 
173.898039 0.039466 -0.090805 0.472219 564.717035 726.805570 71.223336 0.000000 0.000000 0.000000 14.484196 7.208326 1.992615 0.000000 0.000000 0.000000 -0.000461 0.001930 -0.001476 -0.445185 -0.118076 0.004019 0.267552 -0.080173 -9.805023 
173.996864 0.038263 -0.093708 0.471818 566.019390 727.447967 71.406139 0.000000 0.000000 0.000000 14.465607 7.172024 2.039229 0.000000 0.000000 0.000000 -0.000410 0.001898 -0.001486 -0.442834 -0.116769 0.002506 0.267529 -0.080170 -9.805023 
174.097913 0.039327 -0.098173 0.471068 567.753575 728.300474 71.656552 0.000000 0.000000 0.000000 14.514660 7.146987 2.137160 0.000000 0.000000 0.000000 -0.000445 0.001890 -0.001483 -0.443053 -0.115366 0.001349 0.267531 -0.080198 -9.805023 
174.197019 0.039446 -0.100201 0.470257 569.044081 728.936506 71.848006 0.000000 0.000000 0.000000 14.498182 7.128684 2.208939 0.000000 0.000000 0.000000 -0.000404 0.001935 -0.001468 -0.440403 -0.114988 0.002944 0.267474 -0.080157 -9.805025 
174.297993 0.039213 -0.099556 0.470554 570.750944 729.779085 72.110311 0.000000 0.000000 0.000000 14.471477 7.103571 2.236461 0.000000 0.000000 0.000000 -0.000379 0.001966 -0.001482 -0.437342 -0.115449 0.004093 0.267426 -0.080108 -9.805027 
174.398146 0.041087 -0.099221 0.470462 572.297211 730.538530 72.346422 0.000000 0.000000 0.000000 14.434289 7.067414 2.205757 0.000000 0.000000 0.000000 -0.000386 0.002031 -0.001481 -0.433017 -0.114718 0.005804 0.267344 -0.080051 -9.805029 
174.497710 0.040477 -0.097568 0.470111 573.859446 731.305157 72.583878 0.000000 0.000000 0.000000 14.407079 7.081643 2.189061 0.000000 0.000000 0.000000 -0.000400 0.002094 -0.001472 -0.430494 -0.114047 0.007209 0.267289 -0.080023 -9.805031 
174.598353 0.040020 -0.095050 0.470439 575.395583 732.063337 72.813628 0.000000 0.000000 0.000000 14.314929 7.047585 2.081460 0.000000 0.000000 0.000000 -0.000452 0.002106 -0.001483 -0.425875 -0.114068 0.007774 0.267226 -0.079967 -9.805033 
174.697366 0.038944 -0.096050 0.470708 576.948332 732.827967 73.039386 0.000000 0.000000 0.000000 14.258124 7.001899 2.034877 0.000000 0.000000 0.000000 -0.000433 0.002057 -0.001503 -0.422660 -0.113674 0.006303 0.267192 -0.079932 -9.805034 
174.797173 0.039250 -0.098866 0.469366 578.222908 733.457960 73.224987 0.000000 0.000000 0.000000 14.229649 6.999634 2.069524 0.000000 0.000000 0.000000 -0.000394 0.002035 -0.001454 -0.421262 -0.114532 0.005004 0.267191 -0.079906 -9.805035 
174.898246 0.040720 -0.102545 0.470567 579.912725 734.287934 73.477062 0.000000 0.000000 0.000000 14.229826 6.990753 2.178933 0.000000 0.000000 0.000000 -0.000386 0.002045 -0.001472 -0.420871 -0.114342 0.004827 0.267185 -0.079904 -9.805035 
174.997194 0.041184 -0.103752 0.470682 581.479939 735.057839 73.717590 0.000000 0.000000 0.000000 14.242638 7.031076 2.247880 0.000000 0.000000 0.000000 -0.000371 0.002069 -0.001451 -0.421345 -0.114358 0.006550 0.267189 -0.079910 -9.805035 
175.098442 0.041371 -0.101584 0.471596 583.011575 735.812698 73.958568 0.000000 0.000000 0.000000 14.225322 7.021406 2.258910 0.000000 0.000000 0.000000 -0.000393 0.002140 -0.001462 -0.418451 -0.113956 0.008966 0.267151 -0.079887 -9.805036 
175.196967 0.041031 -0.099212 0.472004 584.277931 736.439252 74.155251 0.000000 0.000000 0.000000 14.170654 7.008906 2.169617 0.000000 0.000000 0.000000 -0.000407 0.002155 -0.001467 -0.416178 -0.113889 0.010609 0.267126 -0.079870 -9.805037 
175.297354 0.039658 -0.098122 0.472447 585.973386 737.280234 74.411635 0.000000 0.000000 0.000000 14.136215 7.027962 2.092671 0.000000 0.000000 0.000000 -0.000378 0.002097 -0.001471 -0.416373 -0.114165 0.009932 0.267128 -0.079865 -9.805037 
175.398082 0.041105 -0.098379 0.472212 587.510604 738.045008 74.639202 0.000000 0.000000 0.000000 14.102749 7.020451 2.095762 0.000000 0.000000 0.000000 -0.000423 0.002068 -0.001457 -0.415722 -0.114330 0.009557 0.267121 -0.079855 -9.805037 
175.496928 0.041122 -0.101031 0.472126 589.051333 738.806205 74.870681 0.000000 0.000000 0.000000 14.040891 6.997423 2.058290 0.000000 0.000000 0.000000 -0.000449 0.002035 -0.001455 -0.413363 -0.112148 0.007278 0.267059 -0.079845 -9.805039 
175.598009 0.039315 -0.103579 0.472840 590.567705 739.556069 75.100160 0.000000 0.000000 0.000000 14.046375 6.955893 2.198189 0.000000 0.000000 0.000000 -0.000415 0.002053 -0.001481 -0.409960 -0.110641 0.008102 0.267020 -0.079832 -9.805040 
175.696847 0.040403 -0.104538 0.473137 591.828744 740.180285 75.294754 0.000000 0.000000 0.000000 14.038658 6.944129 2.210647 0.000000 0.000000 0.000000 -0.000432 0.002108 -0.001497 -0.408606 -0.110473 0.010580 0.267031 -0.079830 -9.805040 
175.796637 0.040065 -0.103292 0.472753 593.248373 740.882013 75.516879 0.000000 0.000000 0.000000 14.038667 6.940362 2.206942 0.000000 0.000000 0.000000 -0.000406 0.002069 -0.001479 -0.410257 -0.110347 0.011661 0.267058 -0.079851 -9.805039 
175.897680 0.038841 -0.102540 0.473671 594.936392 741.719520 75.781113 0.000000 0.000000 0.000000 14.038744 6.961826 2.196955 0.000000 0.000000 0.000000 -0.000404 0.002020 -0.001500 -0.412743 -0.110892 0.011188 0.267077 -0.079868 -9.805038 
175.996555 0.040193 -0.102043 0.472968 596.217925 742.357324 75.980079 0.000000 0.000000 0.000000 14.037099 6.981009 2.158755 0.000000 0.000000 0.000000 -0.000478 0.002024 -0.001464 -0.414689 -0.111577 0.010810 0.267094 -0.079878 -9.805038 
176.097644 0.039822 -0.099922 0.472877 597.912651 743.197639 76.241027 0.000000 0.000000 0.000000 14.037250 6.972632 2.123769 0.000000 0.000000 0.000000 -0.000431 0.001962 -0.001462 -0.417762 -0.111346 0.009134 0.267095 -0.079897 -9.805037 
176.196871 0.039651 -0.099583 0.472581 599.174273 743.822552 76.434436 0.000000 0.000000 0.000000 13.992926 6.966205 2.086710 0.000000 0.000000 0.000000 -0.000429 0.001928 -0.001452 -0.416793 -0.110298 0.006805 0.267045 -0.079890 -9.805039 
176.296894 0.039120 -0.100847 0.473211 600.609921 744.534700 76.651758 0.000000 0.000000 0.000000 14.022134 6.983737 2.109695 0.000000 0.000000 0.000000 -0.000421 0.001835 -0.001470 -0.423172 -0.110289 0.003730 0.267046 -0.079926 -9.805038 
176.398203 0.039265 -0.102914 0.473321 602.311417 745.383248 76.912008 0.000000 0.000000 0.000000 14.052259 7.030373 2.177361 0.000000 0.000000 0.000000 -0.000425 0.001773 -0.001464 -0.429919 -0.111272 0.001479 0.267066 -0.079961 -9.805038 
176.497089 0.039115 -0.104065 0.472631 603.609566 746.024559 77.113614 0.000000 0.000000 0.000000 14.111676 7.022402 2.191751 0.000000 0.000000 0.000000 -0.000417 0.001722 -0.001440 -0.435739 -0.109746 0.000143 0.267077 -0.080011 -9.805037 
176.597088 0.038845 -0.104695 0.472952 605.053156 746.743421 77.339225 0.000000 0.000000 0.000000 14.173465 7.068663 2.259720 0.000000 0.000000 0.000000 -0.000396 0.001686 -0.001453 -0.441782 -0.109923 -0.000422 0.267111 -0.080052 -9.805036 
176.697069 0.038574 -0.103607 0.472353 606.503421 747.464464 77.566703 0.000000 0.000000 0.000000 14.221575 7.102432 2.216000 0.000000 0.000000 0.000000 -0.000419 0.001628 -0.001424 -0.448061 -0.109705 -0.000715 0.267147 -0.080099 -9.805034 
176.798095 0.036877 -0.103141 0.472303 608.226387 748.325545 77.835859 0.000000 0.000000 0.000000 14.265916 7.128367 2.197793 0.000000 0.000000 0.000000 -0.000398 0.001549 -0.001418 -0.454144 -0.110027 -0.002336 0.267162 -0.080136 -9.805034 
176.898042 0.036218 -0.103411 0.472378 609.794746 749.103606 78.077072 0.000000 0.000000 0.000000 14.288327 7.129129 2.201905 0.000000 0.000000 0.000000 -0.000421 0.001516 -0.001422 -0.456153 -0.108240 -0.002776 0.267155 -0.080162 -9.805034 
176.997058 0.036480 -0.103451 0.471674 611.094462 749.748006 78.277648 0.000000 0.000000 0.000000 14.310350 7.134443 2.203587 0.000000 0.000000 0.000000 -0.000460 0.001499 -0.001406 -0.458341 -0.107306 -0.003437 0.267151 -0.080183 -9.805033 
177.097360 0.035731 -0.102552 0.470931 612.832582 750.608953 78.547138 0.000000 0.000000 0.000000 14.348282 7.140905 2.205523 0.000000 0.000000 0.000000 -0.000438 0.001472 -0.001408 -0.462588 -0.106204 -0.004662 0.267150 -0.080214 -9.805033 
177.197238 0.034732 -0.102871 0.470787 614.409338 751.391456 78.788473 0.000000 0.000000 0.000000 14.352832 7.112180 2.191719 0.000000 0.000000 0.000000 -0.000437 0.001454 -0.001416 -0.462382 -0.105718 -0.005386 0.267132 -0.080212 -9.805034 
177.296962 0.035791 -0.103300 0.470803 615.693711 752.023433 78.983806 0.000000 0.000000 0.000000 14.354912 7.088810 2.184903 0.000000 0.000000 0.000000 -0.000444 0.001462 -0.001420 -0.460138 -0.104578 -0.004725 0.267119 -0.080212 -9.805034 
177.398333 0.035397 -0.103962 0.470291 617.400668 752.864186 79.245927 0.000000 0.000000 0.000000 14.363480 7.074337 2.209387 0.000000 0.000000 0.000000 -0.000411 0.001430 -0.001392 -0.460680 -0.104098 -0.005507 0.267104 -0.080213 -9.805035 
177.496979 0.037795 -0.104095 0.470668 618.693021 753.500345 79.445438 0.000000 0.000000 0.000000 14.368234 7.080778 2.232223 0.000000 0.000000 0.000000 -0.000475 0.001431 -0.001394 -0.460457 -0.103703 -0.005782 0.267095 -0.080212 -9.805035 
177.597960 0.038133 -0.102810 0.470674 620.402347 754.344693 79.712934 0.000000 0.000000 0.000000 14.339370 7.103083 2.246668 0.000000 0.000000 0.000000 -0.000428 0.001428 -0.001389 -0.460154 -0.103706 -0.006136 0.267087 -0.080207 -9.805035 
177.697160 0.037117 -0.102255 0.470345 621.977048 755.122706 79.959148 0.000000 0.000000 0.000000 14.297775 7.105911 2.239813 0.000000 0.000000 0.000000 -0.000461 0.001427 -0.001370 -0.460109 -0.102689 -0.006206 0.267078 -0.080214 -9.805035 
177.796850 0.037769 -0.101338 0.470770 623.261065 755.759373 80.159936 0.000000 0.000000 0.000000 14.263192 7.066926 2.218435 0.000000 0.000000 0.000000 -0.000517 0.001400 -0.001385 -0.459065 -0.102117 -0.006158 0.267068 -0.080211 -9.805036 
177.898152 0.036869 -0.102169 0.470590 624.959971 756.601441 80.423220 0.000000 0.000000 0.000000 14.220838 7.049577 2.223768 0.000000 0.000000 0.000000 -0.000459 0.001377 -0.001383 -0.460095 -0.102239 -0.004992 0.267092 -0.080228 -9.805035 
177.996870 0.037391 -0.102693 0.470104 626.243260 757.233905 80.623168 0.000000 0.000000 0.000000 14.194564 7.025546 2.237871 0.000000 0.000000 0.000000 -0.000467 0.001371 -0.001372 -0.459905 -0.101311 -0.004253 0.267095 -0.080239 -9.805035 
178.098113 0.037988 -0.102236 0.470306 627.943191 758.070506 80.889920 0.000000 0.000000 0.000000 14.197385 6.999502 2.249560 0.000000 0.000000 0.000000 -0.000449 0.001376 -0.001381 -0.461597 -0.100614 -0.003285 0.267114 -0.080259 -9.805034 
178.197151 0.037115 -0.100815 0.469587 629.505939 758.839062 81.134575 0.000000 0.000000 0.000000 14.168595 7.005863 2.233414 0.000000 0.000000 0.000000 -0.000433 0.001378 -0.001359 -0.462223 -0.100022 -0.001691 0.267133 -0.080274 -9.805033 
178.297746 0.037353 -0.098771 0.469287 631.043775 759.597719 81.373841 0.000000 0.000000 0.000000 14.116896 6.988616 2.190149 0.000000 0.000000 0.000000 -0.000503 0.001380 -0.001350 -0.460440 -0.099224 -0.000699 0.267128 -0.080272 -9.805033 
178.398353 0.036210 -0.097684 0.469353 632.561702 760.346243 81.606230 0.000000 0.000000 0.000000 14.057145 6.941381 2.129326 0.000000 0.000000 0.000000 -0.000490 0.001363 -0.001359 -0.456987 -0.098301 -0.000340 0.267105 -0.080259 -9.805034 
178.497009 0.035673 -0.097972 0.469522 633.825499 760.965715 81.795978 0.000000 0.000000 0.000000 14.026062 6.914275 2.101032 0.000000 0.000000 0.000000 -0.000492 0.001352 -0.001365 -0.456516 -0.096929 0.000081 0.267097 -0.080266 -9.805034 
178.598076 0.035629 -0.098674 0.469695 635.508287 761.796047 82.047713 0.000000 0.000000 0.000000 14.011601 6.911602 2.115229 0.000000 0.000000 0.000000 -0.000464 0.001303 -0.001374 -0.460118 -0.097849 0.000119 0.267125 -0.080278 -9.805033 
178.696874 0.035753 -0.099748 0.468976 636.777009 762.420524 82.240494 0.000000 0.000000 0.000000 14.002273 6.894835 2.134316 0.000000 0.000000 0.000000 -0.000459 0.001290 -0.001349 -0.460993 -0.097586 -0.000675 0.267126 -0.080287 -9.805033 
178.797840 0.036712 -0.100003 0.469723 638.475209 763.254433 82.500813 0.000000 0.000000 0.000000 14.040343 6.913612 2.176717 0.000000 0.000000 0.000000 -0.000457 0.001296 -0.001374 -0.467166 -0.097132 -0.000925 0.267162 -0.080326 -9.805032 
178.897789 0.035252 -0.098046 0.469072 640.016193 764.012806 82.740955 0.000000 0.000000 0.000000 14.018283 6.908157 2.180699 0.000000 0.000000 0.000000 -0.000439 0.001289 -0.001350 -0.468856 -0.096778 -0.001251 0.267172 -0.080340 -9.805032 
178.996682 0.035292 -0.096996 0.469598 641.282906 764.634681 82.934577 0.000000 0.000000 0.000000 13.980436 6.893330 2.130345 0.000000 0.000000 0.000000 -0.000474 0.001284 -0.001365 -0.469623 -0.096194 -0.000130 0.267173 -0.080343 -9.805032 
179.097657 0.034425 -0.096842 0.469444 642.962691 765.462985 83.188487 0.000000 0.000000 0.000000 13.966330 6.883365 2.097124 0.000000 0.000000 0.000000 -0.000459 0.001234 -0.001353 -0.472588 -0.096544 -0.000302 0.267196 -0.080361 -9.805031 
179.196664 0.034696 -0.097074 0.469053 644.231004 766.089003 83.378252 0.000000 0.000000 0.000000 13.955184 6.881193 2.094756 0.000000 0.000000 0.000000 -0.000462 0.001219 -0.001334 -0.474370 -0.096999 -0.000110 0.267210 -0.080368 -9.805030 
179.297673 0.034777 -0.096967 0.469054 645.916577 766.921124 83.629972 0.000000 0.000000 0.000000 13.952585 6.906322 2.097213 0.000000 0.000000 0.000000 -0.000432 0.001206 -0.001330 -0.479119 -0.097679 0.000371 0.267246 -0.080392 -9.805029 
179.397819 0.034938 -0.096597 0.469488 647.435945 767.668861 83.858697 0.000000 0.000000 0.000000 13.924687 6.856377 2.083970 0.000000 0.000000 0.000000 -0.000457 0.001189 -0.001337 -0.478262 -0.096559 0.000113 0.267236 -0.080393 -9.805029 
179.496576 0.036134 -0.097009 0.469632 648.696925 768.288219 84.046961 0.000000 0.000000 0.000000 13.888822 6.844537 2.077673 0.000000 0.000000 0.000000 -0.000462 0.001163 -0.001345 -0.478892 -0.095821 0.000106 0.267236 -0.080401 -9.805029 
179.597916 0.036192 -0.098702 0.469343 650.371396 769.112271 84.298185 0.000000 0.000000 0.000000 13.888514 6.864481 2.103610 0.000000 0.000000 0.000000 -0.000434 0.001123 -0.001337 -0.483385 -0.095647 -0.000100 0.267271 -0.080432 -9.805028 
179.696763 0.036678 -0.099925 0.468754 651.636098 769.731743 84.490020 0.000000 0.000000 0.000000 13.895350 6.856184 2.143996 0.000000 0.000000 0.000000 -0.000461 0.001121 -0.001317 -0.485406 -0.094281 0.000198 0.267277 -0.080451 -9.805028 
179.797854 0.035529 -0.100318 0.468468 653.324596 770.562150 84.749265 0.000000 0.000000 0.000000 13.947152 6.891824 2.169123 0.000000 0.000000 0.000000 -0.000432 0.001144 -0.001329 -0.492388 -0.093859 0.000922 0.267320 -0.080500 -9.805026 
179.898164 0.035276 -0.098119 0.468266 654.845159 771.308203 84.983607 0.000000 0.000000 0.000000 13.934616 6.857779 2.140811 0.000000 0.000000 0.000000 -0.000482 0.001138 -0.001336 -0.493328 -0.092751 0.001961 0.267312 -0.080508 -9.805026 
179.997021 0.033475 -0.096589 0.467784 656.372655 772.058124 85.215565 0.000000 0.000000 0.000000 13.901560 6.829788 2.102595 0.000000 0.000000 0.000000 -0.000451 0.001121 -0.001326 -0.492476 -0.092315 0.002479 0.267298 -0.080504 -9.805027 
180.098651 0.033054 -0.095884 0.467671 657.856024 772.787061 85.438277 0.000000 0.000000 0.000000 13.853672 6.785661 2.064775 0.000000 0.000000 0.000000 -0.000464 0.001140 -0.001328 -0.488145 -0.092086 0.003328 0.267255 -0.080477 -9.805028 
180.197177 0.034030 -0.094855 0.466885 659.368753 773.525971 85.660558 0.000000 0.000000 0.000000 13.801182 6.746605 2.008971 0.000000 0.000000 0.000000 -0.000468 0.001103 -0.001309 -0.486797 -0.091280 0.004092 0.267231 -0.080474 -9.805029 
180.296864 0.034155 -0.096623 0.467276 660.593178 774.124356 85.837494 0.000000 0.000000 0.000000 13.733502 6.720199 1.993969 0.000000 0.000000 0.000000 -0.000475 0.001103 -0.001328 -0.482779 -0.090719 0.005404 0.267184 -0.080456 -9.805030 
180.397863 0.033764 -0.097309 0.466662 662.243193 774.929064 86.079970 0.000000 0.000000 0.000000 13.742205 6.721597 2.051296 0.000000 0.000000 0.000000 -0.000452 0.001066 -0.001311 -0.486006 -0.090436 0.004560 0.267215 -0.080474 -9.805029 
180.496612 0.034560 -0.098207 0.466789 663.489164 775.538134 86.265992 0.000000 0.000000 0.000000 13.721219 6.708361 2.051660 0.000000 0.000000 0.000000 -0.000480 0.001071 -0.001317 -0.487236 -0.090363 0.004437 0.267225 -0.080482 -9.805029 
180.597964 0.032989 -0.098233 0.466157 665.148513 776.347801 86.516650 0.000000 0.000000 0.000000 13.752888 6.754500 2.108333 0.000000 0.000000 0.000000 -0.000452 0.001022 -0.001297 -0.492843 -0.090001 0.002931 0.267277 -0.080516 -9.805027 
180.696372 0.032976 -0.098311 0.466375 666.405919 776.962330 86.707011 0.000000 0.000000 0.000000 13.783518 6.736528 2.110118 0.000000 0.000000 0.000000 -0.000462 0.001054 -0.001306 -0.495716 -0.089704 0.003614 0.267291 -0.080538 -9.805027 
180.797466 0.033359 -0.095985 0.466723 668.077685 777.779317 86.960354 0.000000 0.000000 0.000000 13.816282 6.740409 2.061275 0.000000 0.000000 0.000000 -0.000448 0.001054 -0.001305 -0.502150 -0.089925 0.003191 0.267343 -0.080579 -9.805025 
180.897796 0.033118 -0.094524 0.466586 669.581141 778.514074 87.184166 0.000000 0.000000 0.000000 13.749489 6.753304 2.025990 0.000000 0.000000 0.000000 -0.000434 0.001021 -0.001291 -0.501403 -0.089679 0.002699 0.267339 -0.080572 -9.805025 
180.997909 0.032484 -0.095621 0.466826 671.074101 779.245873 87.401418 0.000000 0.000000 0.000000 13.705752 6.739537 2.009084 0.000000 0.000000 0.000000 -0.000458 0.000995 -0.001279 -0.499664 -0.089259 0.003308 0.267320 -0.080568 -9.805026 
181.097887 0.032743 -0.097151 0.467018 672.555312 779.970459 87.621403 0.000000 0.000000 0.000000 13.660685 6.685205 2.021793 0.000000 0.000000 0.000000 -0.000424 0.001000 -0.001291 -0.495772 -0.088025 0.002617 0.267290 -0.080547 -9.805027 
181.196933 0.032448 -0.097950 0.467627 673.775167 780.565614 87.801901 0.000000 0.000000 0.000000 13.612563 6.677376 2.041031 0.000000 0.000000 0.000000 -0.000415 0.000992 -0.001308 -0.493062 -0.087043 0.003723 0.267260 -0.080543 -9.805028 
181.298188 0.032368 -0.097590 0.467289 675.411143 781.366533 88.048714 0.000000 0.000000 0.000000 13.652807 6.679547 2.071873 0.000000 0.000000 0.000000 -0.000424 0.000968 -0.001288 -0.497913 -0.087274 0.002689 0.267299 -0.080564 -9.805026 
181.398862 0.032088 -0.097513 0.467587 676.886525 782.089869 88.270358 0.000000 0.000000 0.000000 13.633826 6.681913 2.061908 0.000000 0.000000 0.000000 -0.000381 0.000999 -0.001292 -0.498231 -0.087595 0.004305 0.267295 -0.080580 -9.805026 
181.497108 0.032261 -0.095897 0.467740 678.396028 782.827519 88.495310 0.000000 0.000000 0.000000 13.626718 6.690862 2.031751 0.000000 0.000000 0.000000 -0.000412 0.000992 -0.001284 -0.500859 -0.087088 0.005024 0.267306 -0.080605 -9.805026 
181.598800 0.032790 -0.095543 0.467924 679.858486 783.544627 88.709991 0.000000 0.000000 0.000000 13.575146 6.668814 2.002615 0.000000 0.000000 0.000000 -0.000414 0.000989 -0.001290 -0.497754 -0.086691 0.006660 0.267277 -0.080608 -9.805027 
181.697269 0.032478 -0.095113 0.467578 681.338171 784.265820 88.926549 0.000000 0.000000 0.000000 13.529140 6.649731 1.973508 0.000000 0.000000 0.000000 -0.000407 0.000961 -0.001279 -0.495162 -0.084681 0.007166 0.267246 -0.080612 -9.805027 
181.797009 0.032603 -0.095523 0.467897 682.546434 784.859511 89.101768 0.000000 0.000000 0.000000 13.485360 6.625737 1.966389 0.000000 0.000000 0.000000 -0.000430 0.000950 -0.001288 -0.492267 -0.084569 0.008290 0.267224 -0.080612 -9.805028 
181.898732 0.032059 -0.096049 0.467551 684.158521 785.649462 89.337635 0.000000 0.000000 0.000000 13.506343 6.618166 1.987027 0.000000 0.000000 0.000000 -0.000391 0.000912 -0.001282 -0.498118 -0.084597 0.006536 0.267265 -0.080619 -9.805027 
181.996992 0.032574 -0.096604 0.467572 685.656113 786.381036 89.560876 0.000000 0.000000 0.000000 13.508043 6.620663 2.004386 0.000000 0.000000 0.000000 -0.000395 0.000889 -0.001281 -0.501762 -0.083960 0.004455 0.267290 -0.080618 -9.805026 
182.098638 0.033260 -0.097976 0.467735 687.108012 787.090425 89.777017 0.000000 0.000000 0.000000 13.471690 6.590404 2.036416 0.000000 0.000000 0.000000 -0.000379 0.000900 -0.001282 -0.498891 -0.083280 0.005479 0.267267 -0.080616 -9.805027 
182.197044 0.033654 -0.098079 0.467825 688.590105 787.812466 90.000188 0.000000 0.000000 0.000000 13.444840 6.586494 2.067538 0.000000 0.000000 0.000000 -0.000386 0.000905 -0.001278 -0.498640 -0.082132 0.006598 0.267258 -0.080629 -9.805027 
182.298742 0.034633 -0.097644 0.468189 690.030610 788.518580 90.218841 0.000000 0.000000 0.000000 13.402745 6.570051 2.044426 0.000000 0.000000 0.000000 -0.000399 0.000918 -0.001293 -0.495155 -0.081982 0.008632 0.267232 -0.080627 -9.805028 
182.398927 0.032306 -0.096343 0.468083 691.460955 789.221974 90.436443 0.000000 0.000000 0.000000 13.347948 6.559516 2.030765 0.000000 0.000000 0.000000 -0.000389 0.000905 -0.001281 -0.490667 -0.081990 0.009913 0.267206 -0.080615 -9.805028 
182.499117 0.032068 -0.094992 0.468014 692.890127 789.923172 90.648864 0.000000 0.000000 0.000000 13.309736 6.539205 1.978088 0.000000 0.000000 0.000000 -0.000420 0.000896 -0.001271 -0.488528 -0.081517 0.011546 0.267189 -0.080624 -9.805029 
182.598992 0.030663 -0.093595 0.467965 694.325348 790.623487 90.860666 0.000000 0.000000 0.000000 13.275234 6.520363 1.929705 0.000000 0.000000 0.000000 -0.000367 0.000834 -0.001261 -0.487914 -0.080103 0.010989 0.267180 -0.080623 -9.805029 
182.697328 0.029944 -0.094639 0.468267 695.789834 791.344041 91.074134 0.000000 0.000000 0.000000 13.272620 6.527792 1.914529 0.000000 0.000000 0.000000 -0.000358 0.000822 -0.001259 -0.491088 -0.080967 0.009593 0.267202 -0.080617 -9.805029 
182.798978 0.031807 -0.095959 0.468600 697.222656 792.043812 91.282043 0.000000 0.000000 0.000000 13.264837 6.520349 1.951276 0.000000 0.000000 0.000000 -0.000344 0.000808 -0.001266 -0.491053 -0.079690 0.009315 0.267196 -0.080621 -9.805029 
182.899246 0.032455 -0.097266 0.468612 698.648362 792.744820 91.491583 0.000000 0.000000 0.000000 13.249977 6.517527 1.969815 0.000000 0.000000 0.000000 -0.000335 0.000802 -0.001260 -0.490462 -0.079685 0.010416 0.267191 -0.080626 -9.805029 
182.998974 0.033821 -0.097534 0.468807 700.082961 793.447824 91.704183 0.000000 0.000000 0.000000 13.256077 6.513906 1.995588 0.000000 0.000000 0.000000 -0.000340 0.000798 -0.001256 -0.490973 -0.078883 0.011959 0.267186 -0.080643 -9.805029 
183.097542 0.033423 -0.098109 0.469129 701.547388 794.167718 91.921753 0.000000 0.000000 0.000000 13.305359 6.547540 2.018618 0.000000 0.000000 0.000000 -0.000304 0.000864 -0.001254 -0.494744 -0.078685 0.013634 0.267198 -0.080675 -9.805028 
183.197102 0.033429 -0.096186 0.469659 703.018346 794.890224 92.141819 0.000000 0.000000 0.000000 13.332817 6.569864 2.005065 0.000000 0.000000 0.000000 -0.000322 0.000913 -0.001248 -0.496465 -0.077874 0.015363 0.267198 -0.080702 -9.805028 
183.297504 0.032743 -0.093570 0.470527 704.470493 795.604829 92.355462 0.000000 0.000000 0.000000 13.312618 6.566083 1.946502 0.000000 0.000000 0.000000 -0.000337 0.000896 -0.001252 -0.494367 -0.077184 0.016793 0.267182 -0.080714 -9.805028 
183.398842 0.032902 -0.092785 0.471005 705.901392 796.302938 92.561197 0.000000 0.000000 0.000000 13.281371 6.543820 1.870152 0.000000 0.000000 0.000000 -0.000348 0.000880 -0.001246 -0.491538 -0.074553 0.016797 0.267156 -0.080720 -9.805029 
183.497025 0.031110 -0.092883 0.471758 707.368695 797.024847 92.768380 0.000000 0.000000 0.000000 13.280219 6.556033 1.862172 0.000000 0.000000 0.000000 -0.000296 0.000838 -0.001246 -0.494608 -0.074458 0.015033 0.267172 -0.080705 -9.805029 
183.598658 0.031815 -0.093965 0.472591 708.794213 797.729867 92.972082 0.000000 0.000000 0.000000 13.254981 6.542515 1.876859 0.000000 0.000000 0.000000 -0.000324 0.000784 -0.001243 -0.491989 -0.074379 0.012781 0.267170 -0.080676 -9.805029 
183.696733 0.032690 -0.095896 0.472958 709.995524 798.326024 93.143363 0.000000 0.000000 0.000000 13.260937 6.574087 1.904408 0.000000 0.000000 0.000000 -0.000324 0.000791 -0.001242 -0.494534 -0.074834 0.012165 0.267184 -0.080672 -9.805029 
183.797222 0.032084 -0.097833 0.473495 711.627017 799.136175 93.378497 0.000000 0.000000 0.000000 13.373977 6.650304 1.969890 0.000000 0.000000 0.000000 -0.000308 0.000826 -0.001237 -0.507788 -0.075787 0.011484 0.267228 -0.080686 -9.805027 
183.898671 0.032194 -0.097196 0.473659 713.082854 799.857898 93.595590 0.000000 0.000000 0.000000 13.399665 6.648385 2.004199 0.000000 0.000000 0.000000 -0.000339 0.000827 -0.001235 -0.510155 -0.074980 0.010612 0.267236 -0.080683 -9.805027 
183.996981 0.031986 -0.096916 0.473693 714.569964 800.597653 93.814935 0.000000 0.000000 0.000000 13.435649 6.684503 1.991753 0.000000 0.000000 0.000000 -0.000321 0.000830 -0.001245 -0.514270 -0.075199 0.011089 0.267244 -0.080699 -9.805027 
184.098864 0.031872 -0.096249 0.473311 716.015582 801.316518 94.029756 0.000000 0.000000 0.000000 13.435747 6.673570 1.967867 0.000000 0.000000 0.000000 -0.000359 0.000820 -0.001245 -0.512234 -0.074826 0.010876 0.267239 -0.080693 -9.805027 
184.197181 0.030499 -0.095406 0.472984 717.489459 802.045389 94.247011 0.000000 0.000000 0.000000 13.454916 6.658136 1.957481 0.000000 0.000000 0.000000 -0.000353 0.000817 -0.001247 -0.512427 -0.074124 0.010024 0.267242 -0.080684 -9.805027 
184.299006 0.031542 -0.094758 0.472815 718.930118 802.756698 94.454194 0.000000 0.000000 0.000000 13.443468 6.637274 1.913743 0.000000 0.000000 0.000000 -0.000346 0.000813 -0.001251 -0.509541 -0.073656 0.010134 0.267230 -0.080687 -9.805027 
184.397165 0.031054 -0.094725 0.473028 720.409255 803.486922 94.664799 0.000000 0.000000 0.000000 13.444941 6.644634 1.889738 0.000000 0.000000 0.000000 -0.000329 0.000790 -0.001256 -0.511009 -0.073877 0.009449 0.267238 -0.080676 -9.805027 
184.497142 0.032591 -0.095245 0.473308 721.880399 804.214538 94.873672 0.000000 0.000000 0.000000 13.442386 6.643696 1.917894 0.000000 0.000000 0.000000 -0.000328 0.000767 -0.001253 -0.510731 -0.074110 0.008515 0.267239 -0.080666 -9.805027 
184.598625 0.033703 -0.096053 0.473688 723.319681 804.926152 95.081026 0.000000 0.000000 0.000000 13.405690 6.649555 1.925146 0.000000 0.000000 0.000000 -0.000342 0.000746 -0.001257 -0.506818 -0.073282 0.007988 0.267225 -0.080667 -9.805028 
184.698195 0.034406 -0.097040 0.473803 724.775580 805.651793 95.292234 0.000000 0.000000 0.000000 13.401085 6.672931 1.957224 0.000000 0.000000 0.000000 -0.000370 0.000748 -0.001249 -0.507068 -0.073947 0.008035 0.267227 -0.080665 -9.805027 
184.799875 0.033445 -0.097113 0.474129 726.199450 806.362928 95.501082 0.000000 0.000000 0.000000 13.392802 6.693669 1.983965 0.000000 0.000000 0.000000 -0.000350 0.000726 -0.001260 -0.504484 -0.074118 0.008607 0.267221 -0.080670 -9.805028 
184.900348 0.033760 -0.097071 0.474117 727.628357 807.076544 95.711810 0.000000 0.000000 0.000000 13.387262 6.701498 1.972870 0.000000 0.000000 0.000000 -0.000389 0.000740 -0.001266 -0.504818 -0.073875 0.008903 0.267220 -0.080674 -9.805028 
184.998754 0.034083 -0.098001 0.473030 729.093669 807.808873 95.927910 0.000000 0.000000 0.000000 13.404175 6.760495 1.938847 0.000000 0.000000 0.000000 -0.000456 0.000742 -0.001277 -0.510472 -0.072770 0.007435 0.267232 -0.080668 -9.805027 
185.100389 0.028724 -0.100437 0.472801 730.523198 808.524230 96.139995 0.000000 0.000000 0.000000 13.471228 6.695651 2.058014 0.000000 0.000000 0.000000 -0.000375 0.000740 -0.001284 -0.510882 -0.072577 0.005885 0.267230 -0.080655 -9.805027 
185.198691 0.026749 -0.101587 0.471842 731.990146 809.252081 96.359831 0.000000 0.000000 0.000000 13.518544 6.715847 2.025484 0.000000 0.000000 0.000000 -0.000177 0.000852 -0.001271 -0.512615 -0.072646 0.006207 0.267236 -0.080659 -9.805027 
185.300373 0.028327 -0.097383 0.471301 733.428282 809.967116 96.573727 0.000000 0.000000 0.000000 13.534392 6.697940 2.007736 0.000000 0.000000 0.000000 -0.000214 0.000810 -0.001262 -0.512653 -0.072912 0.006196 0.267236 -0.080659 -9.805027 
185.400741 0.032697 -0.096828 0.471233 734.866346 810.675585 96.783856 0.000000 0.000000 0.000000 13.508848 6.721503 1.925758 0.000000 0.000000 0.000000 -0.000326 0.000794 -0.001253 -0.514307 -0.072068 0.004054 0.267233 -0.080644 -9.805027 
185.498875 0.034359 -0.096764 0.471075 736.341249 811.406021 96.998856 0.000000 0.000000 0.000000 13.520516 6.772829 1.935382 0.000000 0.000000 0.000000 -0.000303 0.000831 -0.001278 -0.519045 -0.071286 0.001897 0.267238 -0.080631 -9.805027 
185.600459 0.032171 -0.097833 0.470564 737.788412 812.124242 97.211450 0.000000 0.000000 0.000000 13.531656 6.767350 1.992476 0.000000 0.000000 0.000000 -0.000278 0.000826 -0.001281 -0.521592 -0.069462 -0.000798 0.267226 -0.080619 -9.805028 
185.698722 0.031495 -0.098862 0.469558 739.268614 812.855700 97.433788 0.000000 0.000000 0.000000 13.582040 6.739214 2.018813 0.000000 0.000000 0.000000 -0.000211 0.000904 -0.001263 -0.525783 -0.067481 -0.003817 0.267214 -0.080609 -9.805028 
185.798572 0.030749 -0.098355 0.469947 740.749476 813.587195 97.655093 0.000000 0.000000 0.000000 13.585285 6.712977 2.017959 0.000000 0.000000 0.000000 -0.000155 0.000938 -0.001265 -0.528467 -0.066943 -0.004693 0.267214 -0.080607 -9.805028 
185.900298 0.032777 -0.097719 0.469985 742.192339 814.297202 97.870620 0.000000 0.000000 0.000000 13.553236 6.692484 2.011708 0.000000 0.000000 0.000000 -0.000153 0.000899 -0.001243 -0.527428 -0.065751 -0.005373 0.267205 -0.080605 -9.805029 
185.998246 0.032568 -0.097999 0.471153 743.676363 815.026146 98.094973 0.000000 0.000000 0.000000 13.538006 6.733297 2.021530 0.000000 0.000000 0.000000 -0.000088 0.000917 -0.001265 -0.530431 -0.063810 -0.007811 0.267191 -0.080605 -9.805029 
186.100011 0.032599 -0.097991 0.471480 745.123929 815.741120 98.316908 0.000000 0.000000 0.000000 13.526385 6.725884 2.039162 0.000000 0.000000 0.000000 -0.000063 0.000900 -0.001266 -0.531025 -0.062244 -0.010608 0.267171 -0.080603 -9.805030 
186.198511 0.032604 -0.097948 0.472216 746.612562 816.475608 98.543285 0.000000 0.000000 0.000000 13.547315 6.730189 2.038602 0.000000 0.000000 0.000000 -0.000032 0.000979 -0.001286 -0.536195 -0.060454 -0.012382 0.267165 -0.080615 -9.805030 
186.300220 0.031186 -0.097563 0.472674 748.058186 817.193275 98.761823 0.000000 0.000000 0.000000 13.533471 6.731017 2.034692 0.000000 0.000000 0.000000 -0.000042 0.000952 -0.001282 -0.536680 -0.060304 -0.013092 0.267161 -0.080616 -9.805030 
186.400517 0.030889 -0.097458 0.472420 749.499203 817.905955 98.980284 0.000000 0.000000 0.000000 13.527968 6.720763 2.046268 0.000000 0.000000 0.000000 -0.000021 0.000950 -0.001270 -0.537147 -0.058976 -0.014141 0.267153 -0.080621 -9.805030 
186.498742 0.029845 -0.098058 0.472674 750.978501 818.642591 99.204191 0.000000 0.000000 0.000000 13.535037 6.747287 2.031228 0.000000 0.000000 0.000000 -0.000009 0.001019 -0.001289 -0.542232 -0.059379 -0.015087 0.267152 -0.080636 -9.805030 
186.600592 0.029037 -0.098671 0.472369 752.408682 819.358379 99.417818 0.000000 0.000000 0.000000 13.507343 6.753264 2.052346 0.000000 0.000000 0.000000 -0.000013 0.000983 -0.001279 -0.540943 -0.060338 -0.013600 0.267162 -0.080626 -9.805030 
186.698570 0.029447 -0.098416 0.471865 753.884358 820.093870 99.640390 0.000000 0.000000 0.000000 13.542661 6.748929 2.062872 0.000000 0.000000 0.000000 -0.000018 0.001045 -0.001269 -0.544662 -0.060106 -0.013041 0.267171 -0.080633 -9.805029 
186.800435 0.029815 -0.098047 0.471849 755.315412 820.804443 99.856277 0.000000 0.000000 0.000000 13.497277 6.728599 2.045311 0.000000 0.000000 0.000000 0.000009 0.000988 -0.001274 -0.542291 -0.059037 -0.011882 0.267175 -0.080623 -9.805029 
186.900488 0.030179 -0.097954 0.471451 756.752839 821.517170 100.071702 0.000000 0.000000 0.000000 13.491998 6.714009 2.051717 0.000000 0.000000 0.000000 0.000024 0.000990 -0.001272 -0.543208 -0.058274 -0.010369 0.267186 -0.080619 -9.805029 
186.998601 0.030286 -0.097524 0.471526 758.229530 822.249883 100.295189 0.000000 0.000000 0.000000 13.518353 6.723696 2.056949 0.000000 0.000000 0.000000 0.000042 0.001035 -0.001288 -0.547576 -0.057909 -0.010932 0.267190 -0.080631 -9.805029 
187.100126 0.029693 -0.098353 0.471543 759.669382 822.963998 100.512057 0.000000 0.000000 0.000000 13.496068 6.698393 2.043627 0.000000 0.000000 0.000000 0.000065 0.001007 -0.001295 -0.547689 -0.057272 -0.009833 0.267197 -0.080626 -9.805029 
187.198878 0.029913 -0.099483 0.470809 761.133198 823.689074 100.732954 0.000000 0.000000 0.000000 13.499207 6.695291 2.062330 0.000000 0.000000 0.000000 0.000065 0.001011 -0.001277 -0.550251 -0.056807 -0.008934 0.267209 -0.080627 -9.805028 
187.300883 0.029471 -0.101213 0.470676 762.557399 824.393852 100.949828 0.000000 0.000000 0.000000 13.478256 6.673231 2.099238 0.000000 0.000000 0.000000 0.000104 0.000973 -0.001286 -0.549549 -0.056105 -0.007387 0.267220 -0.080616 -9.805028 
187.400728 0.030360 -0.102853 0.469949 763.991448 825.102637 101.170680 0.000000 0.000000 0.000000 13.478230 6.669000 2.117698 0.000000 0.000000 0.000000 0.000100 0.000996 -0.001267 -0.551669 -0.055963 -0.005450 0.267240 -0.080608 -9.805028 
187.498502 0.031337 -0.103203 0.469270 765.468785 825.833624 101.400088 0.000000 0.000000 0.000000 13.516450 6.702168 2.150118 0.000000 0.000000 0.000000 0.000077 0.001090 -0.001240 -0.557009 -0.056491 -0.003020 0.267275 -0.080608 -9.805027 
187.600166 0.030080 -0.102410 0.469651 766.905472 826.543913 101.625742 0.000000 0.000000 0.000000 13.506338 6.700754 2.172379 0.000000 0.000000 0.000000 0.000118 0.001085 -0.001249 -0.556633 -0.056322 -0.000140 0.267302 -0.080590 -9.805026 
187.698492 0.030107 -0.100401 0.469502 768.372844 827.267526 101.855086 0.000000 0.000000 0.000000 13.499860 6.703527 2.118962 0.000000 0.000000 0.000000 0.000124 0.001106 -0.001242 -0.558073 -0.055174 0.002301 0.267328 -0.080584 -9.805025 
187.799986 0.029401 -0.098625 0.469526 769.804066 827.973785 102.075910 0.000000 0.000000 0.000000 13.448392 6.671584 2.057519 0.000000 0.000000 0.000000 0.000158 0.001020 -0.001247 -0.555917 -0.053921 0.004103 0.267339 -0.080574 -9.805025 
187.900074 0.029250 -0.099454 0.469278 771.238091 828.680190 102.290651 0.000000 0.000000 0.000000 13.417790 6.644334 2.032060 0.000000 0.000000 0.000000 0.000178 0.000965 -0.001238 -0.555891 -0.052455 0.005778 0.267352 -0.080573 -9.805025 
188.000396 0.029199 -0.101836 0.469292 772.678056 829.390810 102.507250 0.000000 0.000000 0.000000 13.439042 6.634716 2.051201 0.000000 0.000000 0.000000 0.000214 0.001008 -0.001238 -0.559517 -0.051990 0.006336 0.267364 -0.080582 -9.805024 
188.100598 0.029825 -0.103280 0.469323 774.118388 830.096533 102.725573 0.000000 0.000000 0.000000 13.471632 6.638710 2.084715 0.000000 0.000000 0.000000 0.000219 0.001064 -0.001234 -0.563061 -0.050219 0.007740 0.267382 -0.080591 -9.805024 
188.198820 0.029448 -0.103027 0.469595 775.593731 830.823886 102.951803 0.000000 0.000000 0.000000 13.522483 6.668116 2.133395 0.000000 0.000000 0.000000 0.000228 0.001161 -0.001245 -0.569000 -0.050468 0.008905 0.267407 -0.080604 -9.805023 
188.299394 0.028478 -0.102329 0.469763 777.049352 831.538650 103.177106 0.000000 0.000000 0.000000 13.513818 6.666141 2.095932 0.000000 0.000000 0.000000 0.000227 0.001179 -0.001246 -0.569973 -0.049260 0.010734 0.267427 -0.080606 -9.805023 
188.400366 0.028153 -0.101498 0.469958 778.487818 832.247275 103.396117 0.000000 0.000000 0.000000 13.499501 6.642983 2.077975 0.000000 0.000000 0.000000 0.000243 0.001179 -0.001255 -0.570655 -0.049185 0.013306 0.267459 -0.080607 -9.805022 
188.500418 0.027538 -0.101842 0.469770 779.929272 832.954766 103.614385 0.000000 0.000000 0.000000 13.488653 6.638903 2.059039 0.000000 0.000000 0.000000 0.000253 0.001170 -0.001249 -0.572159 -0.048483 0.013998 0.267469 -0.080613 -9.805021 
188.600164 0.027987 -0.102640 0.469299 781.363624 833.663094 103.833086 0.000000 0.000000 0.000000 13.453298 6.620462 2.050713 0.000000 0.000000 0.000000 0.000232 0.001139 -0.001245 -0.572049 -0.049031 0.014032 0.267470 -0.080611 -9.805021 
188.699149 0.027782 -0.103626 0.469562 782.804599 834.375522 104.054413 0.000000 0.000000 0.000000 13.399839 6.589489 2.084645 0.000000 0.000000 0.000000 0.000235 0.001120 -0.001264 -0.571998 -0.049891 0.014517 0.267478 -0.080609 -9.805021 
188.800321 0.028031 -0.104260 0.469021 784.220869 835.069207 104.275247 0.000000 0.000000 0.000000 13.329076 6.537032 2.117068 0.000000 0.000000 0.000000 0.000233 0.001105 -0.001248 -0.570003 -0.048853 0.015474 0.267487 -0.080604 -9.805021 
188.898570 0.028019 -0.103386 0.468712 785.661567 835.777086 104.504527 0.000000 0.000000 0.000000 13.244995 6.522407 2.111015 0.000000 0.000000 0.000000 0.000243 0.001157 -0.001244 -0.571207 -0.049178 0.016018 0.267497 -0.080605 -9.805021 
189.000338 0.026744 -0.101709 0.468830 787.058497 836.465379 104.726081 0.000000 0.000000 0.000000 13.163174 6.493144 2.057383 0.000000 0.000000 0.000000 0.000223 0.001079 -0.001251 -0.569335 -0.048968 0.016353 0.267499 -0.080599 -9.805021 
189.102076 0.026139 -0.103055 0.468740 788.437267 837.146322 104.939622 0.000000 0.000000 0.000000 13.135330 6.468772 2.013163 0.000000 0.000000 0.000000 0.000246 0.001016 -0.001249 -0.569577 -0.049328 0.015471 0.267485 -0.080604 -9.805021 
189.200373 0.027505 -0.105789 0.468538 789.845580 837.840984 105.156585 0.000000 0.000000 0.000000 13.168902 6.493360 2.015160 0.000000 0.000000 0.000000 0.000210 0.001075 -0.001218 -0.572232 -0.049939 0.014237 0.267470 -0.080619 -9.805021 
189.301995 0.028038 -0.106457 0.468939 791.240432 838.525661 105.370822 0.000000 0.000000 0.000000 13.205895 6.515088 2.063082 0.000000 0.000000 0.000000 0.000264 0.001162 -0.001205 -0.575481 -0.049645 0.015165 0.267493 -0.080619 -9.805021 
189.402360 0.027798 -0.105034 0.469982 792.617833 839.207656 105.583424 0.000000 0.000000 0.000000 13.194422 6.541144 2.035078 0.000000 0.000000 0.000000 0.000244 0.001189 -0.001206 -0.576165 -0.050149 0.015760 0.267504 -0.080617 -9.805020 
189.501544 0.028338 -0.102471 0.470928 794.014208 839.896010 105.799015 0.000000 0.000000 0.000000 13.175908 6.541647 2.004091 0.000000 0.000000 0.000000 0.000189 0.001219 -0.001203 -0.577606 -0.048717 0.014664 0.267488 -0.080625 -9.805021 
189.601607 0.027349 -0.101783 0.471779 795.407516 840.584043 106.010317 0.000000 0.000000 0.000000 13.150192 6.531054 1.947507 0.000000 0.000000 0.000000 0.000233 0.001202 -0.001219 -0.578846 -0.047079 0.013145 0.267464 -0.080632 -9.805021 
189.699991 0.026420 -0.102835 0.471542 796.836437 841.291730 106.225184 0.000000 0.000000 0.000000 13.164304 6.561563 1.961655 0.000000 0.000000 0.000000 0.000216 0.001248 -0.001199 -0.584224 -0.046349 0.010666 0.267435 -0.080642 -9.805022 
189.801447 0.026456 -0.105295 0.471547 798.234801 841.986150 106.436725 0.000000 0.000000 0.000000 13.163465 6.562741 1.993574 0.000000 0.000000 0.000000 0.000228 0.001278 -0.001198 -0.586673 -0.045867 0.009416 0.267419 -0.080646 -9.805022 
189.901780 0.025933 -0.107715 0.471211 799.621238 842.675987 106.651392 0.000000 0.000000 0.000000 13.176495 6.567672 2.052811 0.000000 0.000000 0.000000 0.000261 0.001286 -0.001191 -0.587914 -0.045656 0.007297 0.267390 -0.080648 -9.805023 
190.000381 0.026391 -0.108787 0.471811 801.044738 843.383705 106.875836 0.000000 0.000000 0.000000 13.228249 6.591489 2.094551 0.000000 0.000000 0.000000 0.000243 0.001409 -0.001208 -0.592387 -0.045638 0.006435 0.267381 -0.080655 -9.805023 
190.102025 0.025459 -0.108163 0.471703 802.427780 844.069601 107.095643 0.000000 0.000000 0.000000 13.221345 6.586599 2.082925 0.000000 0.000000 0.000000 0.000304 0.001425 -0.001204 -0.592100 -0.044595 0.006481 0.267381 -0.080656 -9.805023 
190.200083 0.025088 -0.106707 0.471813 803.845617 844.771775 107.318514 0.000000 0.000000 0.000000 13.209511 6.576188 2.061360 0.000000 0.000000 0.000000 0.000266 0.001434 -0.001202 -0.594047 -0.043272 0.005698 0.267371 -0.080656 -9.805024 
190.301815 0.024938 -0.105891 0.471529 805.230827 845.460285 107.536366 0.000000 0.000000 0.000000 13.196125 6.578768 2.027134 0.000000 0.000000 0.000000 0.000264 0.001390 -0.001206 -0.593966 -0.042878 0.003319 0.267340 -0.080637 -9.805025 
190.402115 0.023331 -0.106168 0.471225 806.615063 846.147876 107.751929 0.000000 0.000000 0.000000 13.196249 6.574454 2.029744 0.000000 0.000000 0.000000 0.000305 0.001394 -0.001224 -0.595469 -0.042382 0.000987 0.267308 -0.080617 -9.805026 
190.501798 0.024056 -0.106490 0.469864 808.008438 846.834971 107.966158 0.000000 0.000000 0.000000 13.211985 6.539784 2.011886 0.000000 0.000000 0.000000 0.000297 0.001399 -0.001200 -0.597494 -0.041066 -0.000361 0.267289 -0.080610 -9.805026 
190.601639 0.024895 -0.106740 0.469485 809.412396 847.530152 108.185022 0.000000 0.000000 0.000000 13.233175 6.555817 2.044810 0.000000 0.000000 0.000000 0.000306 0.001444 -0.001207 -0.602043 -0.041759 -0.003490 0.267252 -0.080577 -9.805028 
190.700161 0.024656 -0.107623 0.468852 810.838905 848.232478 108.406868 0.000000 0.000000 0.000000 13.242220 6.550895 2.051318 0.000000 0.000000 0.000000 0.000319 0.001488 -0.001207 -0.606231 -0.041049 -0.005344 0.267229 -0.080561 -9.805028 
190.801725 0.025866 -0.109134 0.467793 812.229230 848.916132 108.623911 0.000000 0.000000 0.000000 13.242083 6.537047 2.066123 0.000000 0.000000 0.000000 0.000332 0.001487 -0.001199 -0.606302 -0.039950 -0.006108 0.267214 -0.080556 -9.805029 
190.900392 0.025017 -0.109034 0.467715 813.650072 849.614853 108.849949 0.000000 0.000000 0.000000 13.257030 6.540846 2.113418 0.000000 0.000000 0.000000 0.000341 0.001503 -0.001221 -0.609612 -0.039453 -0.008140 0.267186 -0.080537 -9.805030 
191.000413 0.025655 -0.109016 0.467106 815.067047 850.307844 109.076275 0.000000 0.000000 0.000000 13.280482 6.517668 2.106499 0.000000 0.000000 0.000000 0.000335 0.001522 -0.001221 -0.611574 -0.038185 -0.009445 0.267164 -0.080526 -9.805030 
191.101721 0.024869 -0.108290 0.466555 816.457980 850.986923 109.298896 0.000000 0.000000 0.000000 13.280303 6.495769 2.122084 0.000000 0.000000 0.000000 0.000388 0.001506 -0.001228 -0.610695 -0.037252 -0.009658 0.267156 -0.080525 -9.805031 
191.200164 0.024601 -0.107115 0.466099 817.871534 851.676842 109.522670 0.000000 0.000000 0.000000 13.279621 6.468850 2.103321 0.000000 0.000000 0.000000 0.000389 0.001503 -0.001235 -0.610677 -0.037150 -0.009032 0.267167 -0.080533 -9.805030 
191.301838 0.025792 -0.106035 0.465331 819.265742 852.352792 109.741755 0.000000 0.000000 0.000000 13.270175 6.439079 2.057706 0.000000 0.000000 0.000000 0.000382 0.001459 -0.001221 -0.611266 -0.036172 -0.009533 0.267156 -0.080530 -9.805031 
191.401734 0.026016 -0.107105 0.465164 820.670603 853.031732 109.960193 0.000000 0.000000 0.000000 13.275828 6.441976 2.068193 0.000000 0.000000 0.000000 0.000415 0.001467 -0.001223 -0.614615 -0.035279 -0.010625 0.267141 -0.080526 -9.805031 
191.500345 0.026762 -0.108686 0.465328 822.087542 853.718422 110.183368 0.000000 0.000000 0.000000 13.289862 6.454678 2.114412 0.000000 0.000000 0.000000 0.000404 0.001505 -0.001229 -0.615889 -0.034779 -0.011555 0.267125 -0.080521 -9.805031 
191.601834 0.026765 -0.107814 0.464820 823.467840 854.391814 110.404374 0.000000 0.000000 0.000000 13.258918 6.458836 2.123080 0.000000 0.000000 0.000000 0.000392 0.001467 -0.001211 -0.613460 -0.035142 -0.011110 0.267128 -0.080520 -9.805031 
191.700201 0.025433 -0.107737 0.464793 824.877048 855.080549 110.627671 0.000000 0.000000 0.000000 13.242616 6.461467 2.111791 0.000000 0.000000 0.000000 0.000380 0.001456 -0.001199 -0.613296 -0.035715 -0.010090 0.267148 -0.080526 -9.805031 
191.801688 0.025459 -0.107504 0.465387 826.259064 855.754611 110.847450 0.000000 0.000000 0.000000 13.211384 6.457708 2.098885 0.000000 0.000000 0.000000 0.000388 0.001413 -0.001210 -0.611791 -0.035598 -0.009402 0.267156 -0.080528 -9.805031 
191.900408 0.025167 -0.107473 0.464921 827.665532 856.442614 111.070952 0.000000 0.000000 0.000000 13.201284 6.470539 2.117578 0.000000 0.000000 0.000000 0.000392 0.001415 -0.001181 -0.612605 -0.035941 -0.009011 0.267166 -0.080532 -9.805030 
192.000058 0.025266 -0.107347 0.465025 829.073605 857.129357 111.294335 0.000000 0.000000 0.000000 13.193000 6.467080 2.108474 0.000000 0.000000 0.000000 0.000385 0.001405 -0.001178 -0.612426 -0.035025 -0.008103 0.267174 -0.080541 -9.805030 
192.101546 0.024580 -0.107428 0.465468 830.455061 857.803973 111.514270 0.000000 0.000000 0.000000 13.165971 6.455075 2.096934 0.000000 0.000000 0.000000 0.000412 0.001348 -0.001197 -0.611224 -0.034294 -0.007609 0.267175 -0.080542 -9.805030 
192.199952 0.024512 -0.108492 0.465424 831.859656 858.488605 111.737211 0.000000 0.000000 0.000000 13.157494 6.437676 2.111586 0.000000 0.000000 0.000000 0.000440 0.001324 -0.001200 -0.611086 -0.033222 -0.006874 0.267178 -0.080550 -9.805030 
192.300456 0.024257 -0.110021 0.465234 833.264853 859.171855 111.961072 0.000000 0.000000 0.000000 13.178599 6.438587 2.135430 0.000000 0.000000 0.000000 0.000445 0.001361 -0.001192 -0.612002 -0.032095 -0.005586 0.267189 -0.080565 -9.805029 
192.400028 0.023746 -0.109147 0.465609 834.667109 859.853198 112.187743 0.000000 0.000000 0.000000 13.180618 6.421795 2.168426 0.000000 0.000000 0.000000 0.000489 0.001363 -0.001214 -0.610803 -0.030924 -0.003795 0.267200 -0.080574 -9.805029 
192.500215 0.023095 -0.107791 0.465183 836.052168 860.531203 112.409063 0.000000 0.000000 0.000000 13.138562 6.414899 2.118372 0.000000 0.000000 0.000000 0.000450 0.001317 -0.001200 -0.607089 -0.031205 -0.000324 0.267226 -0.080582 -9.805028 
192.601488 0.022719 -0.107041 0.465486 837.423865 861.201491 112.625614 0.000000 0.000000 0.000000 13.092586 6.402760 2.080353 0.000000 0.000000 0.000000 0.000455 0.001274 -0.001221 -0.605000 -0.031244 0.002562 0.267247 -0.080594 -9.805028 
192.700332 0.021800 -0.107774 0.464914 838.817210 861.879045 112.845503 0.000000 0.000000 0.000000 13.074026 6.384766 2.064928 0.000000 0.000000 0.000000 0.000462 0.001237 -0.001206 -0.605616 -0.030291 0.002715 0.267245 -0.080601 -9.805028 
192.800309 0.022863 -0.108946 0.464611 840.205181 862.556735 113.062958 0.000000 0.000000 0.000000 13.060836 6.381940 2.086685 0.000000 0.000000 0.000000 0.000440 0.001241 -0.001204 -0.605344 -0.030324 0.004321 0.267257 -0.080609 -9.805027 
192.900511 0.021164 -0.108932 0.464809 841.591603 863.231881 113.283313 0.000000 0.000000 0.000000 13.033610 6.369086 2.120725 0.000000 0.000000 0.000000 0.000476 0.001279 -0.001217 -0.605047 -0.029738 0.006522 0.267271 -0.080622 -9.805027 
193.000698 0.019997 -0.107616 0.464068 842.973587 863.903937 113.505403 0.000000 0.000000 0.000000 12.978657 6.332798 2.093581 0.000000 0.000000 0.000000 0.000487 0.001276 -0.001198 -0.605930 -0.028704 0.007224 0.267275 -0.080633 -9.805026 
193.101971 0.020184 -0.106604 0.464279 844.319850 864.560984 113.720199 0.000000 0.000000 0.000000 12.878884 6.283416 2.065951 0.000000 0.000000 0.000000 0.000470 0.001221 -0.001203 -0.604706 -0.029033 0.008719 0.267283 -0.080634 -9.805026 
193.200289 0.020517 -0.107384 0.463914 845.689164 865.229547 113.938480 0.000000 0.000000 0.000000 12.802223 6.255490 2.066288 0.000000 0.000000 0.000000 0.000498 0.001201 -0.001198 -0.606023 -0.029351 0.009199 0.267291 -0.080640 -9.805026 
193.301709 0.021350 -0.108537 0.464370 847.033523 865.888016 114.155100 0.000000 0.000000 0.000000 12.744326 6.234622 2.073080 0.000000 0.000000 0.000000 0.000452 0.001204 -0.001213 -0.607447 -0.030011 0.009790 0.267299 -0.080645 -9.805026 
193.401532 0.021994 -0.108775 0.463809 848.377683 866.539731 114.374147 0.000000 0.000000 0.000000 12.703377 6.197241 2.103174 0.000000 0.000000 0.000000 0.000497 0.001243 -0.001189 -0.609090 -0.028770 0.010440 0.267308 -0.080649 -9.805025 
193.500146 0.022578 -0.107870 0.463778 849.749322 867.202765 114.597105 0.000000 0.000000 0.000000 12.654103 6.198001 2.072337 0.000000 0.000000 0.000000 0.000526 0.001337 -0.001176 -0.614342 -0.027508 0.011883 0.267334 -0.080663 -9.805025 
193.601617 0.022167 -0.105801 0.464245 851.067987 867.848397 114.811927 0.000000 0.000000 0.000000 12.556583 6.159163 2.033231 0.000000 0.000000 0.000000 0.000493 0.001292 -0.001162 -0.613493 -0.027395 0.012534 0.267335 -0.080655 -9.805025 
193.701662 0.021963 -0.104897 0.465395 852.383922 868.485757 115.024222 0.000000 0.000000 0.000000 12.455344 6.117662 1.996802 0.000000 0.000000 0.000000 0.000536 0.001267 -0.001167 -0.613089 -0.024717 0.011716 0.267333 -0.080657 -9.805025 
193.801686 0.021561 -0.104746 0.466248 853.699505 869.127617 115.234578 0.000000 0.000000 0.000000 12.380093 6.075241 1.969264 0.000000 0.000000 0.000000 0.000528 0.001261 -0.001158 -0.614842 -0.023622 0.010791 0.267334 -0.080672 -9.805025 
193.901624 0.021194 -0.106392 0.467321 855.006490 869.769145 115.444892 0.000000 0.000000 0.000000 12.316989 6.069802 1.945013 0.000000 0.000000 0.000000 0.000599 0.001270 -0.001184 -0.616025 -0.023569 0.009033 0.267328 -0.080698 -9.805024 
194.001308 0.021969 -0.107691 0.467286 856.320718 870.408769 115.654656 0.000000 0.000000 0.000000 12.295296 6.046299 2.012545 0.000000 0.000000 0.000000 0.000591 0.001330 -0.001147 -0.619678 -0.021762 0.009046 0.267339 -0.080711 -9.805024 
194.103296 0.022349 -0.107339 0.468390 857.591034 871.030170 115.859959 0.000000 0.000000 0.000000 12.231671 6.040855 2.002863 0.000000 0.000000 0.000000 0.000618 0.001368 -0.001169 -0.621577 -0.020492 0.010395 0.267350 -0.080697 -9.805024 
194.201903 0.021081 -0.105897 0.468907 858.882871 871.661306 116.068187 0.000000 0.000000 0.000000 12.218263 6.020848 1.954089 0.000000 0.000000 0.000000 0.000598 0.001331 -0.001162 -0.623695 -0.018597 0.010275 0.267357 -0.080706 -9.805024 
194.303477 0.021287 -0.107377 0.468644 860.158720 872.290658 116.272356 0.000000 0.000000 0.000000 12.188889 6.020310 1.906662 0.000000 0.000000 0.000000 0.000612 0.001343 -0.001165 -0.626043 -0.018617 0.008342 0.267357 -0.080741 -9.805023 
194.403254 0.020040 -0.110908 0.469432 861.441738 872.922564 116.473913 0.000000 0.000000 0.000000 12.221985 6.005154 1.964779 0.000000 0.000000 0.000000 0.000640 0.001418 -0.001187 -0.631540 -0.018509 0.009233 0.267369 -0.080746 -9.805023 
194.502973 0.021088 -0.112026 0.469333 862.730490 873.553973 116.678194 0.000000 0.000000 0.000000 12.271682 6.038931 1.992187 0.000000 0.000000 0.000000 0.000653 0.001478 -0.001178 -0.637451 -0.017793 0.011269 0.267385 -0.080739 -9.805023 
194.602650 0.022019 -0.112262 0.469195 864.022844 874.189703 116.885925 0.000000 0.000000 0.000000 12.296620 6.073827 1.992339 0.000000 0.000000 0.000000 0.000635 0.001518 -0.001166 -0.642303 -0.017810 0.012655 0.267396 -0.080738 -9.805022 
194.701317 0.022477 -0.112818 0.469873 865.326416 874.828718 117.097819 0.000000 0.000000 0.000000 12.304766 6.071774 2.005739 0.000000 0.000000 0.000000 0.000649 0.001518 -0.001182 -0.644298 -0.017050 0.012466 0.267399 -0.080745 -9.805022 
194.803094 0.023147 -0.113134 0.469870 866.597844 875.455780 117.304044 0.000000 0.000000 0.000000 12.294276 6.082622 2.022969 0.000000 0.000000 0.000000 0.000616 0.001513 -0.001177 -0.645112 -0.016702 0.013812 0.267404 -0.080741 -9.805022 
194.902601 0.022870 -0.113260 0.470539 867.879694 876.087457 117.514844 0.000000 0.000000 0.000000 12.283718 6.081907 2.012548 0.000000 0.000000 0.000000 0.000641 0.001514 -0.001207 -0.646072 -0.016093 0.013766 0.267405 -0.080744 -9.805022 
195.001687 0.022593 -0.113475 0.469914 869.175091 876.725984 117.726376 0.000000 0.000000 0.000000 12.288158 6.082255 2.026686 0.000000 0.000000 0.000000 0.000610 0.001523 -0.001181 -0.647534 -0.015346 0.013897 0.267407 -0.080750 -9.805022 
195.104908 0.021839 -0.113648 0.469879 870.423770 877.340295 117.930754 0.000000 0.000000 0.000000 12.281590 6.074874 2.005915 0.000000 0.000000 0.000000 0.000657 0.001514 -0.001188 -0.647392 -0.014278 0.014135 0.267406 -0.080752 -9.805022 
195.203519 0.021500 -0.114092 0.470321 871.693384 877.967341 118.138237 0.000000 0.000000 0.000000 12.280486 6.080258 2.007167 0.000000 0.000000 0.000000 0.000632 0.001506 -0.001201 -0.648436 -0.014087 0.013894 0.267405 -0.080754 -9.805022 
195.304660 0.021939 -0.115155 0.469941 872.954824 878.590706 118.343430 0.000000 0.000000 0.000000 12.283292 6.084024 2.001119 0.000000 0.000000 0.000000 0.000616 0.001514 -0.001188 -0.650656 -0.013970 0.013715 0.267407 -0.080757 -9.805022 
195.404296 0.021586 -0.116497 0.469547 874.230623 879.219796 118.552432 0.000000 0.000000 0.000000 12.305307 6.111380 2.036222 0.000000 0.000000 0.000000 0.000617 0.001534 -0.001169 -0.654565 -0.013508 0.013056 0.267404 -0.080758 -9.805022 
195.503360 0.021439 -0.117444 0.469877 875.511738 879.851966 118.765185 0.000000 0.000000 0.000000 12.331314 6.104013 2.068878 0.000000 0.000000 0.000000 0.000623 0.001555 -0.001186 -0.656680 -0.012847 0.012488 0.267399 -0.080757 -9.805022 
195.604593 0.021350 -0.117002 0.469894 876.773878 880.472748 118.975319 0.000000 0.000000 0.000000 12.340490 6.118855 2.088361 0.000000 0.000000 0.000000 0.000630 0.001619 -0.001189 -0.656629 -0.011717 0.013909 0.267416 -0.080777 -9.805021 
195.703320 0.020299 -0.113972 0.469654 878.055194 881.106656 119.190349 0.000000 0.000000 0.000000 12.327308 6.110194 2.061513 0.000000 0.000000 0.000000 0.000593 0.001652 -0.001193 -0.658174 -0.011311 0.014294 0.267422 -0.080786 -9.805021 
195.805106 0.018449 -0.111209 0.469495 879.302594 881.720472 119.396162 0.000000 0.000000 0.000000 12.264932 6.074158 1.991765 0.000000 0.000000 0.000000 0.000595 0.001602 -0.001209 -0.657957 -0.010022 0.014200 0.267418 -0.080787 -9.805021 
195.903912 0.017585 -0.110438 0.468475 880.571137 882.341331 119.600757 0.000000 0.000000 0.000000 12.221561 6.010045 1.943032 0.000000 0.000000 0.000000 0.000590 0.001570 -0.001199 -0.661102 -0.008567 0.012834 0.267397 -0.080770 -9.805022 
196.003633 0.017298 -0.111390 0.468103 881.835282 882.960819 119.803177 0.000000 0.000000 0.000000 12.160536 5.968351 1.934071 0.000000 0.000000 0.000000 0.000615 0.001533 -0.001212 -0.664364 -0.007968 0.010946 0.267368 -0.080746 -9.805023 
196.104909 0.017533 -0.113197 0.467738 883.079514 883.567586 120.003304 0.000000 0.000000 0.000000 12.121758 5.913595 1.957326 0.000000 0.000000 0.000000 0.000601 0.001525 -0.001205 -0.667510 -0.007511 0.009460 0.267344 -0.080729 -9.805024 
196.203542 0.018735 -0.113591 0.467306 884.336126 884.183245 120.209289 0.000000 0.000000 0.000000 12.080954 5.900751 2.003789 0.000000 0.000000 0.000000 0.000626 0.001580 -0.001212 -0.670657 -0.008266 0.009061 0.267341 -0.080721 -9.805024 
196.304644 0.018636 -0.111110 0.466766 885.561220 884.782362 120.413654 0.000000 0.000000 0.000000 11.988712 5.859911 2.007819 0.000000 0.000000 0.000000 0.000575 0.001578 -0.001196 -0.670572 -0.008336 0.009305 0.267345 -0.080722 -9.805024 
196.404978 0.018520 -0.109650 0.466865 886.781183 885.374714 120.614976 0.000000 0.000000 0.000000 11.882413 5.793078 1.936531 0.000000 0.000000 0.000000 0.000571 0.001571 -0.001209 -0.672086 -0.007331 0.009393 0.267352 -0.080718 -9.805024 
196.504008 0.018347 -0.108915 0.466171 888.002699 885.968212 120.815713 0.000000 0.000000 0.000000 11.766756 5.734196 1.901905 0.000000 0.000000 0.000000 0.000560 0.001521 -0.001182 -0.673983 -0.006375 0.007224 0.267315 -0.080716 -9.805025 
196.604562 0.018897 -0.110009 0.466607 889.214704 886.557986 121.011647 0.000000 0.000000 0.000000 11.663770 5.686691 1.884805 0.000000 0.000000 0.000000 0.000551 0.001507 -0.001182 -0.678018 -0.006367 0.006253 0.267301 -0.080712 -9.805025 
196.704048 0.019079 -0.111392 0.466640 890.416832 887.149039 121.207916 0.000000 0.000000 0.000000 11.538875 5.653832 1.876406 0.000000 0.000000 0.000000 0.000577 0.001501 -0.001184 -0.680796 -0.007530 0.005009 0.267274 -0.080722 -9.805026 
196.804773 0.019684 -0.111924 0.466338 891.580824 887.724218 121.399921 0.000000 0.000000 0.000000 11.428473 5.607620 1.903977 0.000000 0.000000 0.000000 0.000548 0.001517 -0.001173 -0.680332 -0.008822 0.004695 0.267260 -0.080731 -9.805026 
196.904261 0.020155 -0.110868 0.466508 892.758069 888.295591 121.595144 0.000000 0.000000 0.000000 11.306198 5.562608 1.894142 0.000000 0.000000 0.000000 0.000558 0.001544 -0.001169 -0.683408 -0.007365 0.005238 0.267283 -0.080713 -9.805026 
197.004616 0.018773 -0.109600 0.467714 893.910040 888.858007 121.787153 0.000000 0.000000 0.000000 11.170202 5.490456 1.854116 0.000000 0.000000 0.000000 0.000526 0.001522 -0.001204 -0.684700 -0.006359 0.005352 0.267294 -0.080706 -9.805025 
197.105989 0.018562 -0.109492 0.467639 895.039450 889.405186 121.972869 0.000000 0.000000 0.000000 11.057414 5.390399 1.794811 0.000000 0.000000 0.000000 0.000529 0.001466 -0.001197 -0.686750 -0.004745 0.004926 0.267301 -0.080709 -9.805025 
197.204673 0.019165 -0.110748 0.467391 896.173415 889.953916 122.157454 0.000000 0.000000 0.000000 10.953788 5.332068 1.787110 0.000000 0.000000 0.000000 0.000531 0.001442 -0.001194 -0.689263 -0.003664 0.004736 0.267308 -0.080711 -9.805025 
197.305856 0.019445 -0.112372 0.467321 897.281030 890.495708 122.340798 0.000000 0.000000 0.000000 10.845003 5.285911 1.797685 0.000000 0.000000 0.000000 0.000529 0.001471 -0.001212 -0.690560 -0.004175 0.003996 0.267294 -0.080738 -9.805025 
197.405305 0.019963 -0.111731 0.466399 898.370334 891.029374 122.520847 0.000000 0.000000 0.000000 10.697126 5.231747 1.791726 0.000000 0.000000 0.000000 0.000491 0.001445 -0.001214 -0.692379 -0.005097 0.005100 0.267305 -0.080708 -9.805025 
197.504775 0.019201 -0.112169 0.464691 899.470321 891.570394 122.705540 0.000000 0.000000 0.000000 10.593197 5.154901 1.773478 0.000000 0.000000 0.000000 0.000505 0.001405 -0.001208 -0.697031 -0.006667 0.005436 0.267305 -0.080714 -9.805025 
197.606035 0.019093 -0.112758 0.463482 900.531125 892.082871 122.883617 0.000000 0.000000 0.000000 10.475589 5.061933 1.765913 0.000000 0.000000 0.000000 0.000538 0.001374 -0.001222 -0.697235 -0.005816 0.005169 0.267309 -0.080722 -9.805025 
197.705070 0.019857 -0.113632 0.461971 901.599826 892.599143 123.063650 0.000000 0.000000 0.000000 10.374510 4.988047 1.749743 0.000000 0.000000 0.000000 0.000521 0.001355 -0.001211 -0.700200 -0.006129 0.005551 0.267318 -0.080717 -9.805025 
197.805483 0.020183 -0.114158 0.461075 902.641487 893.100770 123.241342 0.000000 0.000000 0.000000 10.250132 4.911691 1.741586 0.000000 0.000000 0.000000 0.000515 0.001341 -0.001221 -0.699367 -0.006019 0.004946 0.267310 -0.080741 -9.805025 
197.905549 0.021225 -0.114598 0.460019 903.666991 893.592082 123.415437 0.000000 0.000000 0.000000 10.146687 4.848444 1.735658 0.000000 0.000000 0.000000 0.000535 0.001328 -0.001222 -0.699308 -0.006339 0.005251 0.267311 -0.080728 -9.805025 
198.005098 0.022246 -0.114507 0.458560 904.695449 894.083327 123.590700 0.000000 0.000000 0.000000 10.080113 4.835855 1.719335 0.000000 0.000000 0.000000 0.000475 0.001321 -0.001206 -0.700438 -0.006080 0.005520 0.267319 -0.080720 -9.805025 
198.106084 0.021528 -0.114210 0.457255 905.713625 894.567613 123.762711 0.000000 0.000000 0.000000 10.059018 4.787172 1.710125 0.000000 0.000000 0.000000 0.000453 0.001309 -0.001200 -0.703329 -0.005669 0.006490 0.267341 -0.080691 -9.805024 
198.204975 0.021240 -0.114088 0.455593 906.738357 895.057208 123.932760 0.000000 0.000000 0.000000 10.015518 4.764347 1.669034 0.000000 0.000000 0.000000 0.000445 0.001258 -0.001189 -0.707106 -0.006603 0.008078 0.267370 -0.080648 -9.805024 
198.306146 0.019990 -0.114902 0.454256 907.746156 895.533653 124.098842 0.000000 0.000000 0.000000 9.978257 4.723119 1.648709 0.000000 0.000000 0.000000 0.000476 0.001209 -0.001191 -0.708675 -0.006131 0.008628 0.267382 -0.080637 -9.805024 
198.405595 0.020580 -0.116179 0.453508 908.751474 896.008467 124.263170 0.000000 0.000000 0.000000 9.935452 4.676687 1.647601 0.000000 0.000000 0.000000 0.000478 0.001183 -0.001197 -0.710991 -0.007082 0.010199 0.267409 -0.080597 -9.805023 
198.505050 0.021359 -0.116769 0.452267 909.760240 896.483847 124.431359 0.000000 0.000000 0.000000 9.881648 4.638266 1.666027 0.000000 0.000000 0.000000 0.000491 0.001154 -0.001188 -0.712285 -0.007578 0.010465 0.267422 -0.080598 -9.805023 
198.606152 0.022412 -0.116671 0.450947 910.747944 896.943255 124.596975 0.000000 0.000000 0.000000 9.814549 4.598933 1.685847 0.000000 0.000000 0.000000 0.000473 0.001153 -0.001165 -0.713035 -0.006839 0.011563 0.267429 -0.080577 -9.805023 
198.705046 0.022697 -0.116004 0.450919 911.744809 897.404821 124.766063 0.000000 0.000000 0.000000 9.720485 4.541188 1.684921 0.000000 0.000000 0.000000 0.000450 0.001162 -0.001169 -0.714752 -0.006138 0.013070 0.267446 -0.080562 -9.805022 
198.805639 0.022148 -0.114069 0.451327 912.715471 897.860327 124.934416 0.000000 0.000000 0.000000 9.583911 4.484546 1.652812 0.000000 0.000000 0.000000 0.000433 0.001116 -0.001185 -0.714682 -0.006524 0.013059 0.267448 -0.080561 -9.805022 
198.905195 0.021558 -0.114403 0.451330 913.677092 898.312223 125.098235 0.000000 0.000000 0.000000 9.452291 4.427075 1.607983 0.000000 0.000000 0.000000 0.000443 0.001094 -0.001188 -0.714627 -0.006902 0.013563 0.267455 -0.080552 -9.805022 
199.004968 0.021288 -0.115246 0.451008 914.626224 898.757449 125.257886 0.000000 0.000000 0.000000 9.328375 4.361060 1.582563 0.000000 0.000000 0.000000 0.000452 0.001124 -0.001183 -0.714210 -0.007471 0.014732 0.267468 -0.080531 -9.805022 
199.106101 0.021792 -0.113872 0.450840 915.566927 899.193974 125.416445 0.000000 0.000000 0.000000 9.213137 4.303538 1.577329 0.000000 0.000000 0.000000 0.000455 0.001107 -0.001178 -0.716361 -0.007081 0.015678 0.267487 -0.080550 -9.805021 
199.204986 0.022421 -0.112428 0.451398 916.491919 899.620158 125.572062 0.000000 0.000000 0.000000 9.063517 4.212531 1.532854 0.000000 0.000000 0.000000 0.000416 0.001099 -0.001192 -0.715774 -0.006026 0.016998 0.267488 -0.080531 -9.805021 
199.305216 0.022909 -0.111837 0.452009 917.405588 900.038784 125.723466 0.000000 0.000000 0.000000 8.918124 4.125550 1.490793 0.000000 0.000000 0.000000 0.000381 0.001062 -0.001194 -0.716300 -0.004778 0.018388 0.267495 -0.080526 -9.805021 
199.405241 0.022664 -0.112591 0.451410 918.301919 900.458674 125.874524 0.000000 0.000000 0.000000 8.784375 4.055907 1.468248 0.000000 0.000000 0.000000 0.000409 0.001028 -0.001179 -0.716737 -0.005910 0.017631 0.267497 -0.080538 -9.805021 
199.505023 0.023800 -0.113772 0.451297 919.171105 900.863119 126.019905 0.000000 0.000000 0.000000 8.622548 4.000259 1.436548 0.000000 0.000000 0.000000 0.000418 0.001032 -0.001172 -0.714382 -0.006296 0.017592 0.267485 -0.080507 -9.805022 
199.606063 0.024002 -0.115033 0.452287 920.022669 901.262577 126.162902 0.000000 0.000000 0.000000 8.454808 3.928943 1.429339 0.000000 0.000000 0.000000 0.000378 0.001056 -0.001196 -0.713427 -0.006958 0.017918 0.267484 -0.080489 -9.805022 
199.706385 0.021195 -0.116200 0.452280 921.019409 901.734267 126.330658 0.000000 0.000000 0.000000 8.261028 3.891403 1.430952 0.000000 0.000000 0.000000 0.000474 0.001018 -0.001193 -0.712826 -0.008610 0.019104 0.267493 -0.080461 -9.805022 
199.806146 0.022894 -0.116786 0.451662 921.742290 902.078232 126.455631 0.000000 0.000000 0.000000 8.107774 3.848186 1.396368 0.000000 0.000000 0.000000 0.000274 0.001033 -0.001148 -0.709354 -0.009102 0.019160 0.267476 -0.080413 -9.805023 
199.905441 0.020416 -0.117376 0.452325 922.543861 902.463638 126.595235 0.000000 0.000000 0.000000 8.005103 3.780970 1.434879 0.000000 0.000000 0.000000 0.000306 0.001045 -0.001171 -0.707064 -0.010413 0.018534 0.267465 -0.080391 -9.805023 
200.005573 0.019247 -0.116673 0.451911 923.339541 902.840785 126.733541 0.000000 0.000000 0.000000 7.871807 3.761972 1.418399 0.000000 0.000000 0.000000 0.000423 0.001081 -0.001152 -0.706691 -0.010770 0.019758 0.267468 -0.080368 -9.805023 
200.105934 0.018516 -0.114607 0.453341 924.124209 903.206890 126.869063 0.000000 0.000000 0.000000 7.728340 3.665970 1.338784 0.000000 0.000000 0.000000 0.000359 0.001033 -0.001171 -0.706736 -0.009707 0.021133 0.267471 -0.080351 -9.805023 
200.205274 0.019984 -0.114679 0.453335 924.896657 903.571165 126.999534 0.000000 0.000000 0.000000 7.625233 3.594103 1.286393 0.000000 0.000000 0.000000 0.000324 0.001000 -0.001155 -0.706070 -0.009835 0.021773 0.267469 -0.080334 -9.805024 
200.305893 0.021077 -0.116240 0.453142 925.653403 903.924476 127.124854 0.000000 0.000000 0.000000 7.562008 3.556721 1.238697 0.000000 0.000000 0.000000 0.000359 0.000994 -0.001145 -0.704486 -0.008899 0.021718 0.267458 -0.080317 -9.805024 
200.398225 0.022031 -0.118463 0.454174 926.491003 904.315322 127.262907 0.000000 0.000000 0.000000 7.575054 3.546990 1.245555 0.000000 0.000000 0.000000 0.000321 0.000948 -0.001158 -0.708579 -0.008285 0.021568 0.267474 -0.080366 -9.805023 
200.499280 0.024924 -0.119833 0.454119 927.288759 904.687882 127.392966 0.000000 0.000000 0.000000 7.550841 3.511844 1.290589 0.000000 0.000000 0.000000 0.000305 0.000984 -0.001133 -0.706251 -0.007591 0.023469 0.267463 -0.080328 -9.805024 
200.598496 0.025405 -0.120377 0.454624 928.080187 905.060137 127.526910 0.000000 0.000000 0.000000 7.481171 3.521861 1.290267 0.000000 0.000000 0.000000 0.000346 0.001000 -0.001138 -0.702230 -0.007578 0.024443 0.267447 -0.080283 -9.805025 
200.697328 0.026197 -0.120553 0.455290 928.867074 905.434959 127.660527 0.000000 0.000000 0.000000 7.405243 3.523909 1.288329 0.000000 0.000000 0.000000 0.000269 0.001026 -0.001142 -0.696868 -0.007307 0.026530 0.267428 -0.080232 -9.805026 
200.798349 0.025547 -0.120644 0.455497 929.628294 905.796540 127.790952 0.000000 0.000000 0.000000 7.287384 3.470346 1.258445 0.000000 0.000000 0.000000 0.000264 0.001037 -0.001147 -0.689357 -0.006258 0.028458 0.267397 -0.080172 -9.805027 
200.897597 0.023561 -0.121583 0.455952 930.404237 906.163936 127.923102 0.000000 0.000000 0.000000 7.209780 3.433071 1.249063 0.000000 0.000000 0.000000 0.000262 0.001021 -0.001147 -0.686041 -0.005284 0.029855 0.267384 -0.080158 -9.805027 
200.997251 0.023830 -0.122181 0.456331 931.158362 906.527311 128.051000 0.000000 0.000000 0.000000 7.099160 3.375517 1.217826 0.000000 0.000000 0.000000 0.000246 0.000990 -0.001146 -0.679504 -0.005836 0.031677 0.267378 -0.080116 -9.805028 
201.098092 0.022400 -0.123295 0.456571 931.884783 906.875408 128.176567 0.000000 0.000000 0.000000 6.969888 3.314263 1.211255 0.000000 0.000000 0.000000 0.000304 0.000988 -0.001147 -0.671314 -0.005767 0.033313 0.267362 -0.080059 -9.805029 
201.196991 0.023796 -0.122749 0.457756 932.620328 907.221660 128.301461 0.000000 0.000000 0.000000 6.854715 3.250329 1.213992 0.000000 0.000000 0.000000 0.000250 0.000990 -0.001172 -0.663976 -0.003981 0.036534 0.267349 -0.080060 -9.805029 
201.298123 0.023687 -0.121974 0.457072 933.342318 907.566561 128.427986 0.000000 0.000000 0.000000 6.738874 3.214568 1.198219 0.000000 0.000000 0.000000 0.000247 0.000993 -0.001143 -0.659791 -0.003663 0.038287 0.267348 -0.080060 -9.805029 
201.397092 0.022865 -0.120831 0.457648 934.051705 907.902400 128.554491 0.000000 0.000000 0.000000 6.607246 3.127648 1.176557 0.000000 0.000000 0.000000 0.000234 0.000994 -0.001146 -0.654593 -0.002810 0.039427 0.267337 -0.080038 -9.805030 
201.498283 0.022217 -0.119117 0.458352 934.740008 908.225490 128.676225 0.000000 0.000000 0.000000 6.450955 3.042222 1.136975 0.000000 0.000000 0.000000 0.000241 0.000976 -0.001159 -0.650151 -0.001643 0.040320 0.267328 -0.080022 -9.805030 
201.599159 0.021453 -0.118066 0.458454 935.404755 908.541577 128.792365 0.000000 0.000000 0.000000 6.279217 2.964521 1.086102 0.000000 0.000000 0.000000 0.000214 0.000969 -0.001150 -0.645795 -0.001690 0.041310 0.267327 -0.080007 -9.805030 
201.697690 0.020521 -0.116769 0.458446 936.061027 908.852592 128.906602 0.000000 0.000000 0.000000 6.099652 2.891616 1.033156 0.000000 0.000000 0.000000 0.000212 0.000927 -0.001141 -0.642757 -0.001536 0.040923 0.267316 -0.079979 -9.805031 
201.799282 0.019446 -0.116231 0.459294 936.705852 909.158925 129.015770 0.000000 0.000000 0.000000 5.948368 2.816167 0.991416 0.000000 0.000000 0.000000 0.000198 0.000897 -0.001159 -0.642919 -0.001733 0.040598 0.267313 -0.079975 -9.805031 
201.897525 0.019859 -0.116796 0.459116 937.351970 909.467933 129.125331 0.000000 0.000000 0.000000 5.810226 2.750237 0.971998 0.000000 0.000000 0.000000 0.000190 0.000874 -0.001148 -0.645791 -0.002837 0.038826 0.267302 -0.079971 -9.805031 
201.997578 0.019361 -0.118667 0.459987 937.977599 909.766256 129.229857 0.000000 0.000000 0.000000 5.670181 2.693770 0.946404 0.000000 0.000000 0.000000 0.000223 0.000878 -0.001173 -0.646314 -0.003600 0.038631 0.267300 -0.079971 -9.805031 
202.099025 0.020945 -0.119079 0.459613 938.593451 910.054833 129.332725 0.000000 0.000000 0.000000 5.558860 2.635700 0.922270 0.000000 0.000000 0.000000 0.000191 0.000889 -0.001147 -0.649245 -0.002875 0.038488 0.267306 -0.079982 -9.805031 
202.197062 0.020996 -0.118834 0.460408 939.204324 910.347392 129.438291 0.000000 0.000000 0.000000 5.438188 2.588736 0.930023 0.000000 0.000000 0.000000 0.000194 0.000875 -0.001165 -0.652296 -0.003644 0.036396 0.267289 -0.079997 -9.805031 
202.298922 0.020345 -0.118967 0.460350 939.785179 910.627168 129.539956 0.000000 0.000000 0.000000 5.297323 2.554110 0.924296 0.000000 0.000000 0.000000 0.000171 0.000908 -0.001152 -0.653451 -0.004084 0.035349 0.267279 -0.080006 -9.805031 
202.398921 0.019598 -0.117665 0.460489 940.359975 910.902377 129.640446 0.000000 0.000000 0.000000 5.173972 2.487202 0.898823 0.000000 0.000000 0.000000 0.000175 0.000928 -0.001152 -0.656274 -0.003746 0.035284 0.267283 -0.080016 -9.805031 
202.498918 0.018301 -0.116854 0.460791 940.933351 911.184910 129.741697 0.000000 0.000000 0.000000 5.073893 2.452808 0.876724 0.000000 0.000000 0.000000 0.000162 0.000958 -0.001149 -0.662266 -0.005505 0.034552 0.267276 -0.080046 -9.805031 
202.600897 0.017772 -0.115948 0.460893 941.477355 911.449077 129.837437 0.000000 0.000000 0.000000 4.964529 2.405250 0.839377 0.000000 0.000000 0.000000 0.000165 0.000953 -0.001131 -0.665338 -0.005649 0.033095 0.267265 -0.080070 -9.805031 
202.699246 0.018478 -0.116164 0.461671 942.027764 911.716411 129.930350 0.000000 0.000000 0.000000 4.878406 2.379336 0.806770 0.000000 0.000000 0.000000 0.000134 0.000983 -0.001135 -0.670684 -0.005947 0.032752 0.267266 -0.080092 -9.805031 
202.801090 0.018733 -0.117920 0.462838 942.558378 911.970564 130.019083 0.000000 0.000000 0.000000 4.802090 2.356941 0.767365 0.000000 0.000000 0.000000 0.000142 0.001034 -0.001152 -0.674622 -0.004643 0.031579 0.267264 -0.080116 -9.805031 
202.898798 0.017850 -0.118981 0.462469 943.095894 912.230596 130.111293 0.000000 0.000000 0.000000 4.765625 2.343317 0.769172 0.000000 0.000000 0.000000 0.000152 0.001050 -0.001118 -0.677914 -0.003456 0.028270 0.267246 -0.080162 -9.805031 
203.000825 0.018372 -0.121321 0.463106 943.603771 912.479507 130.196057 0.000000 0.000000 0.000000 4.726928 2.320934 0.786146 0.000000 0.000000 0.000000 0.000138 0.001080 -0.001127 -0.679088 -0.003236 0.027260 0.267240 -0.080176 -9.805031 
203.100372 0.017889 -0.123244 0.463935 944.119080 912.728922 130.283490 0.000000 0.000000 0.000000 4.720797 2.288982 0.808175 0.000000 0.000000 0.000000 0.000165 0.001148 -0.001134 -0.682504 -0.002616 0.026887 0.267240 -0.080187 -9.805031 
203.199197 0.018930 -0.123235 0.464540 944.640378 912.980434 130.373357 0.000000 0.000000 0.000000 4.706529 2.283782 0.824179 0.000000 0.000000 0.000000 0.000165 0.001204 -0.001128 -0.686664 -0.002262 0.027106 0.267243 -0.080194 -9.805031 
203.300675 0.018567 -0.122817 0.465707 945.151480 913.225613 130.464156 0.000000 0.000000 0.000000 4.678210 2.282366 0.835742 0.000000 0.000000 0.000000 0.000184 0.001257 -0.001154 -0.689973 -0.001125 0.026441 0.267239 -0.080200 -9.805031 
203.399715 0.019166 -0.121507 0.465372 945.654903 913.471058 130.554363 0.000000 0.000000 0.000000 4.624313 2.260294 0.818711 0.000000 0.000000 0.000000 0.000153 0.001279 -0.001127 -0.691806 -0.000794 0.025940 0.267237 -0.080202 -9.805031 
203.500737 0.017961 -0.121044 0.466211 946.146914 913.715317 130.640671 0.000000 0.000000 0.000000 4.564911 2.236870 0.799611 0.000000 0.000000 0.000000 0.000136 0.001305 -0.001130 -0.693847 -0.001645 0.026155 0.267238 -0.080207 -9.805031 
203.600750 0.017589 -0.120925 0.466650 946.639687 913.952263 130.728200 0.000000 0.000000 0.000000 4.507363 2.209393 0.785383 0.000000 0.000000 0.000000 0.000164 0.001348 -0.001128 -0.697007 -0.000378 0.024589 0.267226 -0.080198 -9.805031 
203.699094 0.017599 -0.120912 0.466475 947.125940 914.188932 130.813679 0.000000 0.000000 0.000000 4.433275 2.165814 0.770847 0.000000 0.000000 0.000000 0.000190 0.001360 -0.001115 -0.698695 0.000073 0.023797 0.267220 -0.080191 -9.805032 
203.800934 0.017839 -0.120961 0.467603 947.597574 914.415065 130.895410 0.000000 0.000000 0.000000 4.360620 2.131202 0.754136 0.000000 0.000000 0.000000 0.000175 0.001372 -0.001136 -0.700343 0.001361 0.023562 0.267218 -0.080189 -9.805032 
203.900296 0.018119 -0.122205 0.467579 948.061683 914.644276 130.974304 0.000000 0.000000 0.000000 4.280699 2.113576 0.740732 0.000000 0.000000 0.000000 0.000171 0.001424 -0.001122 -0.702004 0.000898 0.024258 0.267220 -0.080199 -9.805031 
203.998943 0.016850 -0.121664 0.467654 948.519398 914.868885 131.055368 0.000000 0.000000 0.000000 4.188778 2.074037 0.728428 0.000000 0.000000 0.000000 0.000184 0.001367 -0.001115 -0.703048 0.001487 0.022827 0.267210 -0.080179 -9.805032 
204.099185 0.017217 -0.123100 0.468531 948.965257 915.087402 131.131777 0.000000 0.000000 0.000000 4.102202 2.015370 0.721606 0.000000 0.000000 0.000000 0.000192 0.001413 -0.001139 -0.703102 0.001654 0.023822 0.267217 -0.080193 -9.805032 
204.200306 0.017083 -0.122508 0.468202 949.392019 915.299123 131.208087 0.000000 0.000000 0.000000 3.983835 1.962350 0.715550 0.000000 0.000000 0.000000 0.000180 0.001386 -0.001113 -0.702959 0.001208 0.023521 0.267214 -0.080189 -9.805032 
204.300920 0.017245 -0.121974 0.467971 949.807283 915.508004 131.282656 0.000000 0.000000 0.000000 3.870062 1.923817 0.690801 0.000000 0.000000 0.000000 0.000145 0.001381 -0.001085 -0.703804 0.000216 0.023545 0.267209 -0.080189 -9.805032 
204.400150 0.016971 -0.121765 0.468785 950.216796 915.707414 131.357002 0.000000 0.000000 0.000000 3.772656 1.874180 0.671125 0.000000 0.000000 0.000000 0.000164 0.001363 -0.001110 -0.704828 0.001491 0.022395 0.267204 -0.080171 -9.805032 
204.502000 0.015964 -0.121869 0.468754 950.609846 915.899733 131.427378 0.000000 0.000000 0.000000 3.678629 1.818078 0.652204 0.000000 0.000000 0.000000 0.000189 0.001370 -0.001103 -0.706085 0.002369 0.021747 0.267200 -0.080159 -9.805032 
204.602154 0.015780 -0.121477 0.468625 950.992140 916.087228 131.496277 0.000000 0.000000 0.000000 3.585755 1.770147 0.629150 0.000000 0.000000 0.000000 0.000179 0.001354 -0.001085 -0.707273 0.002987 0.020795 0.267193 -0.080145 -9.805033 
204.700465 0.015689 -0.122020 0.469477 951.376299 916.278189 131.563274 0.000000 0.000000 0.000000 3.516715 1.739993 0.619136 0.000000 0.000000 0.000000 0.000173 0.001384 -0.001100 -0.709797 0.002667 0.021081 0.267189 -0.080141 -9.805033 
204.802025 0.015597 -0.122825 0.469611 951.749122 916.458413 131.626459 0.000000 0.000000 0.000000 3.451062 1.695732 0.610411 0.000000 0.000000 0.000000 0.000194 0.001439 -0.001094 -0.711766 0.003462 0.022533 0.267204 -0.080146 -9.805032 
204.900903 0.015961 -0.121568 0.469621 952.112480 916.634564 131.688373 0.000000 0.000000 0.000000 3.355903 1.661944 0.592320 0.000000 0.000000 0.000000 0.000183 0.001404 -0.001088 -0.712289 0.004092 0.024080 0.267222 -0.080156 -9.805032 
205.001983 0.015138 -0.122220 0.469737 952.463432 916.811783 131.750233 0.000000 0.000000 0.000000 3.289062 1.637674 0.582835 0.000000 0.000000 0.000000 0.000175 0.001427 -0.001092 -0.713887 0.003144 0.024386 0.267218 -0.080155 -9.805032 
205.102165 0.015269 -0.122378 0.469984 952.812250 916.983389 131.811084 0.000000 0.000000 0.000000 3.236813 1.609933 0.566528 0.000000 0.000000 0.000000 0.000174 0.001451 -0.001103 -0.716231 0.003547 0.024399 0.267215 -0.080147 -9.805032 
205.201970 0.014559 -0.122018 0.469713 953.150800 917.151552 131.870987 0.000000 0.000000 0.000000 3.173756 1.581110 0.555256 0.000000 0.000000 0.000000 0.000168 0.001433 -0.001097 -0.717521 0.003599 0.023780 0.267207 -0.080137 -9.805032 
205.301301 0.014703 -0.122573 0.469155 953.486525 917.315980 131.926913 0.000000 0.000000 0.000000 3.110211 1.550064 0.541996 0.000000 0.000000 0.000000 0.000178 0.001462 -0.001083 -0.718568 0.004104 0.025420 0.267224 -0.080145 -9.805032 
205.402301 0.014341 -0.122893 0.469925 953.806828 917.474597 131.982301 0.000000 0.000000 0.000000 3.046279 1.509945 0.526402 0.000000 0.000000 0.000000 0.000171 0.001449 -0.001111 -0.718619 0.004317 0.025582 0.267227 -0.080146 -9.805032 
205.503439 0.014504 -0.122952 0.469541 954.121920 917.632149 132.039497 0.000000 0.000000 0.000000 3.007777 1.498885 0.511367 0.000000 0.000000 0.000000 0.000146 0.001433 -0.001096 -0.720440 0.004295 0.023486 0.267203 -0.080122 -9.805033 
205.603229 0.014572 -0.123568 0.469303 954.431129 917.789504 132.094661 0.000000 0.000000 0.000000 2.975251 1.493155 0.514347 0.000000 0.000000 0.000000 0.000123 0.001411 -0.001091 -0.721592 0.003651 0.021847 0.267183 -0.080104 -9.805033 
205.701597 0.014498 -0.124700 0.469736 954.742874 917.939197 132.147195 0.000000 0.000000 0.000000 2.954834 1.470582 0.522774 0.000000 0.000000 0.000000 0.000142 0.001410 -0.001110 -0.721063 0.005305 0.022805 0.267196 -0.080114 -9.805033 
205.803075 0.013265 -0.125025 0.469654 955.049029 918.086914 132.202176 0.000000 0.000000 0.000000 2.927576 1.453261 0.528855 0.000000 0.000000 0.000000 0.000179 0.001392 -0.001105 -0.721503 0.006635 0.022423 0.267194 -0.080108 -9.805033 
205.903514 0.013678 -0.125353 0.469103 955.352963 918.238686 132.255518 0.000000 0.000000 0.000000 2.912709 1.441146 0.521229 0.000000 0.000000 0.000000 0.000163 0.001413 -0.001079 -0.722464 0.006250 0.023281 0.267200 -0.080117 -9.805033 
206.003606 0.013155 -0.125239 0.470102 955.651827 918.386495 132.309800 0.000000 0.000000 0.000000 2.883193 1.435081 0.511959 0.000000 0.000000 0.000000 0.000178 0.001390 -0.001105 -0.723392 0.006416 0.022463 0.267191 -0.080102 -9.805033 
206.104769 0.013511 -0.125590 0.470299 955.952833 918.530305 132.362086 0.000000 0.000000 0.000000 2.874343 1.420248 0.501562 0.000000 0.000000 0.000000 0.000173 0.001404 -0.001101 -0.725440 0.007975 0.022299 0.267185 -0.080094 -9.805033 
206.203362 0.013446 -0.125820 0.471045 956.245765 918.679559 132.413175 0.000000 0.000000 0.000000 2.840387 1.420851 0.497747 0.000000 0.000000 0.000000 0.000160 0.001385 -0.001112 -0.725686 0.006952 0.022392 0.267186 -0.080094 -9.805033 
206.304731 0.013201 -0.126139 0.470894 956.527486 918.820191 132.464309 0.000000 0.000000 0.000000 2.795325 1.400832 0.498468 0.000000 0.000000 0.000000 0.000156 0.001355 -0.001093 -0.724991 0.007188 0.021667 0.267181 -0.080082 -9.805034 
206.403887 0.013460 -0.126058 0.471355 956.811611 918.964049 132.515547 0.000000 0.000000 0.000000 2.753202 1.387535 0.502022 0.000000 0.000000 0.000000 0.000116 0.001314 -0.001095 -0.725349 0.007024 0.021561 0.267180 -0.080079 -9.805034 
206.504634 0.013299 -0.127019 0.471579 957.084339 919.101614 132.564171 0.000000 0.000000 0.000000 2.697748 1.351511 0.500977 0.000000 0.000000 0.000000 0.000123 0.001332 -0.001093 -0.723065 0.006858 0.022882 0.267196 -0.080114 -9.805033 
206.604677 0.013093 -0.125930 0.471838 957.350258 919.235898 132.613449 0.000000 0.000000 0.000000 2.600798 1.315048 0.488450 0.000000 0.000000 0.000000 0.000116 0.001304 -0.001089 -0.721810 0.006705 0.023356 0.267202 -0.080128 -9.805033 
206.703227 0.012735 -0.125744 0.471916 957.621072 919.370115 132.661311 0.000000 0.000000 0.000000 2.517059 1.271229 0.466783 0.000000 0.000000 0.000000 0.000123 0.001315 -0.001081 -0.722362 0.007198 0.024674 0.267213 -0.080155 -9.805032 
206.804815 0.012747 -0.125694 0.472548 957.877363 919.494078 132.704824 0.000000 0.000000 0.000000 2.433461 1.213989 0.435391 0.000000 0.000000 0.000000 0.000116 0.001319 -0.001092 -0.721840 0.008353 0.026429 0.267232 -0.080192 -9.805031 
206.903618 0.012247 -0.125424 0.472791 958.126207 919.614704 132.748578 0.000000 0.000000 0.000000 2.337539 1.161670 0.408737 0.000000 0.000000 0.000000 0.000123 0.001278 -0.001087 -0.722662 0.009274 0.026304 0.267231 -0.080185 -9.805031 
207.004725 0.012079 -0.125864 0.472790 958.353115 919.731839 132.787901 0.000000 0.000000 0.000000 2.221496 1.115051 0.396718 0.000000 0.000000 0.000000 0.000128 0.001269 -0.001080 -0.721346 0.008195 0.027041 0.267239 -0.080204 -9.805031 
207.105000 0.012208 -0.125908 0.472933 958.569692 919.843695 132.826783 0.000000 0.000000 0.000000 2.111571 1.066070 0.377882 0.000000 0.000000 0.000000 0.000120 0.001250 -0.001073 -0.720816 0.007428 0.027116 0.267237 -0.080209 -9.805031 
207.204023 0.012582 -0.125939 0.473432 958.785630 919.949597 132.864879 0.000000 0.000000 0.000000 2.010975 1.017208 0.360519 0.000000 0.000000 0.000000 0.000103 0.001240 -0.001081 -0.721845 0.008320 0.027316 0.267242 -0.080204 -9.805031 
207.304919 0.012273 -0.125892 0.473411 958.982016 920.046753 132.899583 0.000000 0.000000 0.000000 1.900511 0.955417 0.338113 0.000000 0.000000 0.000000 0.000100 0.001213 -0.001069 -0.720989 0.008908 0.027440 0.267250 -0.080207 -9.805031 
207.403297 0.012068 -0.126318 0.473841 959.176476 920.143394 132.934801 0.000000 0.000000 0.000000 1.808167 0.911762 0.336477 0.000000 0.000000 0.000000 0.000098 0.001202 -0.001078 -0.721987 0.009326 0.027490 0.267251 -0.080201 -9.805031 
207.503385 0.011701 -0.126351 0.474142 959.357170 920.230404 132.968442 0.000000 0.000000 0.000000 1.717809 0.845272 0.318139 0.000000 0.000000 0.000000 0.000104 0.001200 -0.001079 -0.721253 0.010262 0.027388 0.267258 -0.080201 -9.805030 
207.605864 0.011865 -0.125532 0.474471 959.525036 920.313834 132.998387 0.000000 0.000000 0.000000 1.626751 0.797518 0.289545 0.000000 0.000000 0.000000 0.000110 0.001177 -0.001083 -0.721472 0.009983 0.027822 0.267262 -0.080202 -9.805030 
207.703077 0.012711 -0.125579 0.475058 959.688950 920.396117 133.025527 0.000000 0.000000 0.000000 1.521179 0.764165 0.262034 0.000000 0.000000 0.000000 0.000093 0.001169 -0.001095 -0.722369 0.009515 0.028980 0.267274 -0.080198 -9.805030 
207.804435 0.012749 -0.126251 0.475007 959.838870 920.472548 133.050532 0.000000 0.000000 0.000000 1.430640 0.734202 0.249680 0.000000 0.000000 0.000000 0.000082 0.001161 -0.001087 -0.722521 0.009380 0.029564 0.267282 -0.080196 -9.805030 
207.903748 0.012573 -0.126098 0.475398 959.984048 920.542291 133.075851 0.000000 0.000000 0.000000 1.355461 0.685344 0.244648 0.000000 0.000000 0.000000 0.000070 0.001137 -0.001090 -0.722579 0.010529 0.029570 0.267290 -0.080192 -9.805030 
208.004740 0.012159 -0.126090 0.475171 960.117409 920.606367 133.099245 0.000000 0.000000 0.000000 1.274134 0.635353 0.234525 0.000000 0.000000 0.000000 0.000079 0.001126 -0.001076 -0.722355 0.011231 0.030070 0.267304 -0.080189 -9.805029 
208.104764 0.012502 -0.125947 0.474860 960.236881 920.669657 133.120759 0.000000 0.000000 0.000000 1.183239 0.594134 0.221139 0.000000 0.000000 0.000000 0.000060 0.001120 -0.001063 -0.721552 0.010138 0.030736 0.267308 -0.080193 -9.805029 
208.203298 0.012572 -0.125245 0.475664 960.359026 920.726748 133.141259 0.000000 0.000000 0.000000 1.110087 0.558456 0.197916 0.000000 0.000000 0.000000 0.000062 0.001091 -0.001083 -0.722823 0.011061 0.031861 0.267327 -0.080178 -9.805029 
208.304688 0.012601 -0.125401 0.475410 960.463749 920.782560 133.159363 0.000000 0.000000 0.000000 1.034867 0.535359 0.177256 0.000000 0.000000 0.000000 0.000041 0.001078 -0.001072 -0.722030 0.010391 0.032116 0.267328 -0.080183 -9.805029 
208.403618 0.011882 -0.125150 0.475745 960.561169 920.833236 133.176911 0.000000 0.000000 0.000000 0.967916 0.494729 0.165844 0.000000 0.000000 0.000000 0.000052 0.001042 -0.001081 -0.720254 0.010354 0.031553 0.267326 -0.080195 -9.805029 
208.504809 0.011806 -0.125656 0.475719 960.650976 920.878560 133.192860 0.000000 0.000000 0.000000 0.898269 0.460559 0.154191 0.000000 0.000000 0.000000 0.000049 0.001040 -0.001074 -0.718531 0.010676 0.031143 0.267329 -0.080205 -9.805028 
208.604867 0.011794 -0.125866 0.475870 960.735861 920.922082 133.206590 0.000000 0.000000 0.000000 0.832764 0.429768 0.146072 0.000000 0.000000 0.000000 0.000041 0.001029 -0.001079 -0.717835 0.010699 0.031767 0.267338 -0.080207 -9.805028 
208.703635 0.011768 -0.125768 0.475845 960.815140 920.965022 133.220810 0.000000 0.000000 0.000000 0.771380 0.398213 0.135657 0.000000 0.000000 0.000000 0.000045 0.001016 -0.001076 -0.717194 0.010156 0.031717 0.267337 -0.080212 -9.805028 
208.804823 0.011776 -0.125698 0.475833 960.892514 921.007636 133.234649 0.000000 0.000000 0.000000 0.716178 0.382760 0.124496 0.000000 0.000000 0.000000 0.000039 0.001007 -0.001067 -0.718041 0.009562 0.031552 0.267330 -0.080209 -9.805028 
208.903485 0.011892 -0.125510 0.475815 960.960773 921.047617 133.246759 0.000000 0.000000 0.000000 0.650356 0.364118 0.112510 0.000000 0.000000 0.000000 0.000029 0.000990 -0.001061 -0.717782 0.008861 0.031517 0.267328 -0.080211 -9.805028 
209.004620 0.011634 -0.125450 0.475994 961.023852 921.083097 133.257094 0.000000 0.000000 0.000000 0.591727 0.330046 0.098453 0.000000 0.000000 0.000000 0.000025 0.000976 -0.001065 -0.717764 0.008835 0.031785 0.267329 -0.080212 -9.805028 
209.104856 0.011651 -0.125788 0.475980 961.081697 921.114434 133.265929 0.000000 0.000000 0.000000 0.535489 0.299990 0.084887 0.000000 0.000000 0.000000 0.000029 0.000973 -0.001063 -0.717804 0.009128 0.032136 0.267331 -0.080212 -9.805028 
209.203342 0.011629 -0.125573 0.476129 961.128813 921.138058 133.272998 0.000000 0.000000 0.000000 0.464851 0.261131 0.071365 0.000000 0.000000 0.000000 0.000030 0.000951 -0.001069 -0.715998 0.010064 0.032394 0.267341 -0.080221 -9.805028 
209.304563 0.011630 -0.125268 0.476066 961.173141 921.159888 133.280690 0.000000 0.000000 0.000000 0.405457 0.228519 0.064174 0.000000 0.000000 0.000000 0.000029 0.000927 -0.001064 -0.715689 0.010986 0.031742 0.267344 -0.080219 -9.805028 
209.403402 0.011529 -0.125534 0.475996 961.209013 921.176011 133.287199 0.000000 0.000000 0.000000 0.338712 0.189470 0.053183 0.000000 0.000000 0.000000 0.000025 0.000917 -0.001061 -0.714484 0.012289 0.031122 0.267352 -0.080220 -9.805028 
209.503610 0.011628 -0.125469 0.475880 961.237871 921.190636 133.291424 0.000000 0.000000 0.000000 0.275405 0.151466 0.038481 0.000000 0.000000 0.000000 0.000017 0.000899 -0.001059 -0.713389 0.012773 0.031173 0.267357 -0.080226 -9.805028 
209.605208 0.011355 -0.125259 0.475680 961.256490 921.199163 133.294852 0.000000 0.000000 0.000000 0.205918 0.108102 0.028303 0.000000 0.000000 0.000000 0.000021 0.000866 -0.001053 -0.711527 0.013381 0.030580 0.267365 -0.080231 -9.805027 
209.705570 0.011645 -0.125775 0.475934 961.276658 921.210751 133.296794 0.000000 0.000000 0.000000 0.153252 0.086037 0.017141 0.000000 0.000000 0.000000 0.000014 0.000874 -0.001063 -0.712076 0.013103 0.031011 0.267362 -0.080231 -9.805027 
209.804642 0.011396 -0.125432 0.476042 961.289045 921.217476 133.299059 0.000000 0.000000 0.000000 0.092018 0.058890 0.006815 0.000000 0.000000 0.000000 0.000015 0.000846 -0.001069 -0.712176 0.013312 0.030267 0.267363 -0.080225 -9.805027 
209.903320 0.011756 -0.125699 0.475745 961.298663 921.223378 133.300485 0.000000 0.000000 0.000000 0.039359 0.032563 -0.002925 0.000000 0.000000 0.000000 0.000002 0.000840 -0.001057 -0.713221 0.013378 0.029625 0.267362 -0.080214 -9.805028 
210.004841 0.011484 -0.125548 0.475957 961.300713 921.223016 133.300755 0.000000 0.000000 0.000000 -0.004914 0.003236 -0.009861 0.000000 0.000000 0.000000 0.000005 0.000815 -0.001066 -0.713312 0.014080 0.028894 0.267365 -0.080207 -9.805027 
210.104948 0.011388 -0.125618 0.475759 961.301384 921.221293 133.301299 0.000000 0.000000 0.000000 0.008068 0.005164 -0.004275 0.000000 0.000000 0.000000 0.000009 0.000790 -0.001062 -0.713641 0.014788 0.027985 0.267368 -0.080197 -9.805027 
210.203147 0.011457 -0.126030 0.475724 961.298174 921.220749 133.301685 0.000000 0.000000 0.000000 0.016432 0.016054 -0.002518 0.000000 0.000000 0.000000 0.000008 0.000763 -0.001061 -0.712767 0.014665 0.027021 0.267372 -0.080192 -9.805027 
210.304438 0.011810 -0.126547 0.475653 961.302122 921.221317 133.302654 0.000000 0.000000 0.000000 0.020210 0.017676 -0.003812 0.000000 0.000000 0.000000 -0.000006 0.000758 -0.001061 -0.713560 0.015268 0.026203 0.267374 -0.080179 -9.805027 
210.402846 0.011846 -0.126844 0.475913 961.302427 921.222534 133.302393 0.000000 0.000000 0.000000 0.019020 0.018207 -0.003498 0.000000 0.000000 0.000000 -0.000011 0.000753 -0.001073 -0.713291 0.015246 0.025880 0.267376 -0.080177 -9.805027 
210.504536 0.011992 -0.127063 0.475541 961.300948 921.220250 133.301695 0.000000 0.000000 0.000000 0.018972 0.011400 0.000642 0.000000 0.000000 0.000000 -0.000023 0.000736 -0.001066 -0.711963 0.015954 0.025899 0.267378 -0.080184 -9.805027 
210.605829 0.011604 -0.126837 0.476062 961.299247 921.219234 133.302776 0.000000 0.000000 0.000000 0.011755 0.009059 0.003825 0.000000 0.000000 0.000000 -0.000013 0.000705 -0.001084 -0.711641 0.016090 0.025057 0.267382 -0.080172 -9.805027 
210.704663 0.011743 -0.126761 0.475835 961.300040 921.218650 133.303047 0.000000 0.000000 0.000000 0.010879 0.008863 0.000271 0.000000 0.000000 0.000000 -0.000022 0.000693 -0.001079 -0.711456 0.016535 0.024963 0.267382 -0.080172 -9.805027 
210.807927 0.011840 -0.126975 0.475845 961.302544 921.219130 133.303035 0.000000 0.000000 0.000000 0.016751 0.010176 0.002588 0.000000 0.000000 0.000000 -0.000024 0.000686 -0.001082 -0.711454 0.016822 0.025094 0.267381 -0.080175 -9.805027 
210.897537 0.011663 -0.126831 0.475628 961.298041 921.216797 133.303124 0.000000 0.000000 0.000000 0.003815 0.007715 0.003233 0.000000 0.000000 0.000000 -0.000023 0.000669 -0.001076 -0.709927 0.017013 0.024951 0.267384 -0.080179 -9.805027 
210.998634 0.011898 -0.127028 0.475764 961.292054 921.216136 133.302286 0.000000 0.000000 0.000000 -0.006198 0.003893 0.000927 0.000000 0.000000 0.000000 -0.000034 0.000666 -0.001080 -0.707879 0.016673 0.025424 0.267387 -0.080197 -9.805027 
211.098700 0.011623 -0.126773 0.475702 961.291154 921.216685 133.303397 0.000000 0.000000 0.000000 -0.004887 0.007632 0.003942 0.000000 0.000000 0.000000 -0.000029 0.000636 -0.001074 -0.708654 0.016605 0.024732 0.267389 -0.080179 -9.805027 
211.198050 0.011534 -0.126961 0.475821 961.290040 921.217186 133.304154 0.000000 0.000000 0.000000 -0.005375 0.010612 0.004049 0.000000 0.000000 0.000000 -0.000030 0.000627 -0.001080 -0.708829 0.016685 0.024440 0.267390 -0.080172 -9.805027 
211.298695 0.011735 -0.126889 0.475741 961.291627 921.216073 133.304209 0.000000 0.000000 0.000000 0.002417 0.007317 0.004850 0.000000 0.000000 0.000000 -0.000035 0.000615 -0.001080 -0.708558 0.017500 0.024770 0.267386 -0.080182 -9.805027 
211.397590 0.011739 -0.126757 0.475629 961.292223 921.216378 133.304398 0.000000 0.000000 0.000000 0.001498 0.007219 0.005011 0.000000 0.000000 0.000000 -0.000037 0.000604 -0.001077 -0.708244 0.017713 0.025023 0.267385 -0.080189 -9.805027 
211.497430 0.011726 -0.126667 0.475832 961.290158 921.217988 133.304190 0.000000 0.000000 0.000000 0.003179 0.012223 0.004248 0.000000 0.000000 0.000000 -0.000040 0.000585 -0.001083 -0.707386 0.017303 0.025367 0.267387 -0.080199 -9.805027 
211.598406 0.011705 -0.126826 0.475676 961.292768 921.218996 133.304713 0.000000 0.000000 0.000000 0.006487 0.014906 0.005011 0.000000 0.000000 0.000000 -0.000040 0.000581 -0.001081 -0.707749 0.017687 0.025410 0.267385 -0.080199 -9.805027 
211.697095 0.011817 -0.126861 0.475401 961.292472 921.218550 133.304589 0.000000 0.000000 0.000000 0.005683 0.015407 0.005005 0.000000 0.000000 0.000000 -0.000044 0.000571 -0.001073 -0.706818 0.018174 0.025815 0.267384 -0.080212 -9.805027 
211.797182 0.011698 -0.126908 0.475558 961.291648 921.217261 133.304397 0.000000 0.000000 0.000000 0.007766 0.007190 0.003919 0.000000 0.000000 0.000000 -0.000047 0.000556 -0.001081 -0.705756 0.018706 0.026160 0.267383 -0.080224 -9.805027 
211.897218 0.011835 -0.126690 0.475389 961.291580 921.215820 133.303167 0.000000 0.000000 0.000000 0.006308 0.000381 0.002492 0.000000 0.000000 0.000000 -0.000044 0.000544 -0.001077 -0.704225 0.019140 0.027206 0.267382 -0.080249 -9.805027 
211.998266 0.011796 -0.126715 0.475680 961.294921 921.215563 133.303386 0.000000 0.000000 0.000000 0.012017 0.006468 0.000814 0.000000 0.000000 0.000000 -0.000043 0.000533 -0.001086 -0.704643 0.019579 0.027251 0.267380 -0.080249 -9.805027 
212.098544 0.011812 -0.126700 0.475358 961.289853 921.214714 133.303057 0.000000 0.000000 0.000000 -0.000015 0.007382 0.002903 0.000000 0.000000 0.000000 -0.000050 0.000519 -0.001074 -0.703164 0.019346 0.027268 0.267383 -0.080255 -9.805027 
212.197685 0.011668 -0.126772 0.475640 961.291753 921.216590 133.303536 0.000000 0.000000 0.000000 0.006065 0.008186 0.002040 0.000000 0.000000 0.000000 -0.000054 0.000512 -0.001087 -0.703711 0.019290 0.027201 0.267383 -0.080252 -9.805027 
212.298265 0.011719 -0.126682 0.475347 961.285503 921.212146 133.301617 0.000000 0.000000 0.000000 -0.005163 -0.003018 -0.001788 0.000000 0.000000 0.000000 -0.000052 0.000494 -0.001081 -0.700984 0.019788 0.028152 0.267384 -0.080275 -9.805026 
212.397444 0.011853 -0.126690 0.475534 961.282442 921.212049 133.301325 0.000000 0.000000 0.000000 -0.012728 0.001266 -0.001404 0.000000 0.000000 0.000000 -0.000060 0.000479 -0.001085 -0.700563 0.019541 0.028106 0.267386 -0.080276 -9.805026 
212.499651 0.011770 -0.126834 0.475287 961.277065 921.211973 133.300821 0.000000 0.000000 0.000000 -0.018886 0.003003 -0.003026 0.000000 0.000000 0.000000 -0.000063 0.000466 -0.001076 -0.699747 0.019208 0.028085 0.267388 -0.080278 -9.805026 
212.598201 0.011714 -0.126663 0.475421 961.273066 921.211324 133.300267 0.000000 0.000000 0.000000 -0.020946 0.001741 -0.003353 0.000000 0.000000 0.000000 -0.000068 0.000445 -0.001084 -0.699214 0.019231 0.028085 0.267389 -0.080280 -9.805026 
212.698205 0.011781 -0.126486 0.475076 961.274759 921.214194 133.300532 0.000000 0.000000 0.000000 -0.014859 0.008644 -0.001888 0.000000 0.000000 0.000000 -0.000074 0.000436 -0.001070 -0.700421 0.019055 0.027896 0.267387 -0.080274 -9.805026 
212.798122 0.011737 -0.126678 0.475421 961.278381 921.215628 133.300853 0.000000 0.000000 0.000000 -0.001903 0.013468 -0.001920 0.000000 0.000000 0.000000 -0.000071 0.000439 -0.001086 -0.701556 0.019570 0.027701 0.267385 -0.080270 -9.805026 
212.897141 0.011806 -0.126844 0.475278 961.281992 921.217915 133.301436 0.000000 0.000000 0.000000 0.006605 0.015678 -0.000452 0.000000 0.000000 0.000000 -0.000074 0.000440 -0.001080 -0.702522 0.019815 0.027346 0.267383 -0.080266 -9.805027 
212.997365 0.011761 -0.126801 0.475237 961.279503 921.217467 133.300684 0.000000 0.000000 0.000000 0.000449 0.011420 -0.002615 0.000000 0.000000 0.000000 -0.000073 0.000423 -0.001082 -0.701580 0.019978 0.027559 0.267384 -0.080270 -9.805026 
213.098305 0.011800 -0.126798 0.475367 961.279226 921.213240 133.300140 0.000000 0.000000 0.000000 0.000060 0.001127 -0.003338 0.000000 0.000000 0.000000 -0.000068 0.000405 -0.001093 -0.700905 0.021240 0.027586 0.267382 -0.080273 -9.805026 
213.198177 0.011921 -0.126896 0.475162 961.280445 921.210350 133.300245 0.000000 0.000000 0.000000 0.003381 -0.002773 -0.000780 0.000000 0.000000 0.000000 -0.000072 0.000397 -0.001089 -0.700852 0.022113 0.027355 0.267380 -0.080274 -9.805027 
213.298259 0.011745 -0.126693 0.475202 961.280926 921.209980 133.300165 0.000000 0.000000 0.000000 0.004769 -0.004295 -0.002179 0.000000 0.000000 0.000000 -0.000073 0.000379 -0.001091 -0.700886 0.022156 0.027261 0.267380 -0.080274 -9.805027 
213.397187 0.011785 -0.126703 0.475089 961.285568 921.208974 133.300547 0.000000 0.000000 0.000000 0.013968 -0.006272 -0.001409 0.000000 0.000000 0.000000 -0.000069 0.000373 -0.001089 -0.701671 0.022710 0.026976 0.267378 -0.080272 -9.805027 
213.498608 0.011875 -0.126723 0.475304 961.282033 921.208137 133.300229 0.000000 0.000000 0.000000 0.005202 -0.001744 -0.001578 0.000000 0.000000 0.000000 -0.000074 0.000357 -0.001093 -0.700686 0.022268 0.026813 0.267381 -0.080273 -9.805027 
213.599715 0.011671 -0.126667 0.475377 961.281950 921.207117 133.300953 0.000000 0.000000 0.000000 0.005459 -0.005243 -0.000767 0.000000 0.000000 0.000000 -0.000075 0.000340 -0.001098 -0.700582 0.022409 0.026146 0.267380 -0.080273 -9.805027 
213.697493 0.011793 -0.126475 0.475162 961.280587 921.207546 133.301188 0.000000 0.000000 0.000000 0.001120 -0.002055 0.001149 0.000000 0.000000 0.000000 -0.000086 0.000320 -0.001087 -0.700356 0.021988 0.025843 0.267382 -0.080272 -9.805026 
213.799326 0.011704 -0.126677 0.475214 961.278652 921.208851 133.301958 0.000000 0.000000 0.000000 -0.004738 0.002796 0.001033 0.000000 0.000000 0.000000 -0.000088 0.000311 -0.001088 -0.700198 0.021482 0.025298 0.267383 -0.080271 -9.805026 
213.897568 0.011670 -0.126555 0.475358 961.283191 921.212597 133.303139 0.000000 0.000000 0.000000 0.010516 0.017787 0.002403 0.000000 0.000000 0.000000 -0.000100 0.000305 -0.001092 -0.701492 0.021324 0.024787 0.267381 -0.080269 -9.805027 
213.997293 0.011658 -0.126491 0.475159 961.280254 921.208598 133.302684 0.000000 0.000000 0.000000 0.002031 -0.001968 0.002845 0.000000 0.000000 0.000000 -0.000090 0.000281 -0.001092 -0.700078 0.022201 0.025007 0.267382 -0.080272 -9.805026 
214.099017 0.011737 -0.126666 0.475260 961.283634 921.210885 133.302946 0.000000 0.000000 0.000000 0.008656 0.001881 0.003397 0.000000 0.000000 0.000000 -0.000090 0.000284 -0.001086 -0.700968 0.021897 0.025197 0.267381 -0.080270 -9.805027 
214.198874 0.011924 -0.126752 0.475354 961.285256 921.213984 133.303413 0.000000 0.000000 0.000000 0.011636 0.018245 0.004367 0.000000 0.000000 0.000000 -0.000102 0.000282 -0.001089 -0.701316 0.021461 0.025164 0.267381 -0.080269 -9.805027 
214.297633 0.011831 -0.126700 0.475305 961.284754 921.213378 133.303083 0.000000 0.000000 0.000000 0.007413 0.013978 0.002710 0.000000 0.000000 0.000000 -0.000108 0.000268 -0.001087 -0.700681 0.021882 0.025550 0.267381 -0.080271 -9.805027 
214.397641 0.011676 -0.126663 0.475323 961.284068 921.212856 133.303276 0.000000 0.000000 0.000000 0.003676 0.006210 0.002163 0.000000 0.000000 0.000000 -0.000106 0.000252 -0.001089 -0.700234 0.022186 0.025453 0.267381 -0.080272 -9.805026 
214.499267 0.011507 -0.126616 0.475387 961.286537 921.215176 133.304190 0.000000 0.000000 0.000000 0.017125 0.009522 -0.001973 0.000000 0.000000 0.000000 -0.000105 0.000240 -0.001092 -0.700746 0.021985 0.024974 0.267381 -0.080271 -9.805027 
214.599462 0.011887 -0.126750 0.475143 961.282547 921.216997 133.303273 0.000000 0.000000 0.000000 0.036762 0.031490 -0.022031 0.000000 0.000000 0.000000 -0.000117 0.000191 -0.001078 -0.699403 0.021247 0.024340 0.267384 -0.080272 -9.805026 
214.699453 0.012378 -0.127897 0.474990 961.289746 921.214211 133.302182 0.000000 0.000000 0.000000 0.082175 0.043397 -0.009352 0.000000 0.000000 0.000000 -0.000112 0.000163 -0.001083 -0.698921 0.023168 0.023592 0.267380 -0.080277 -9.805026 
214.799340 0.011726 -0.128519 0.475045 961.303192 921.216126 133.306373 0.000000 0.000000 0.000000 0.139046 0.058893 0.027158 0.000000 0.000000 0.000000 -0.000080 0.000138 -0.001093 -0.699231 0.024372 0.021132 0.267375 -0.080278 -9.805027 
214.897650 0.011416 -0.128475 0.474950 961.312227 921.216831 133.312917 0.000000 0.000000 0.000000 0.170880 0.069759 0.061853 0.000000 0.000000 0.000000 -0.000068 0.000095 -0.001090 -0.697229 0.025100 0.019420 0.267375 -0.080278 -9.805027 
214.999407 0.011538 -0.128339 0.475039 961.336060 921.225111 133.319637 0.000000 0.000000 0.000000 0.224191 0.093142 0.074887 0.000000 0.000000 0.000000 -0.000072 0.000112 -0.001095 -0.697683 0.025562 0.019952 0.267372 -0.080281 -9.805027 
215.099516 0.011488 -0.127632 0.474936 961.356430 921.240454 133.326060 0.000000 0.000000 0.000000 0.256154 0.124564 0.075108 0.000000 0.000000 0.000000 -0.000101 0.000096 -0.001077 -0.696791 0.023967 0.020903 0.267380 -0.080283 -9.805026 
215.199300 0.011409 -0.127412 0.474882 961.380344 921.248027 133.331287 0.000000 0.000000 0.000000 0.287833 0.134469 0.067314 0.000000 0.000000 0.000000 -0.000087 0.000065 -0.001079 -0.694518 0.024940 0.022332 0.267377 -0.080298 -9.805026 
215.299344 0.011433 -0.127397 0.475154 961.408424 921.263671 133.336128 0.000000 0.000000 0.000000 0.321810 0.158832 0.066666 0.000000 0.000000 0.000000 -0.000106 0.000048 -0.001083 -0.693046 0.024449 0.023707 0.267380 -0.080309 -9.805026 
215.398776 0.011065 -0.127625 0.475224 961.442642 921.279905 133.342458 0.000000 0.000000 0.000000 0.363415 0.175349 0.074602 0.000000 0.000000 0.000000 -0.000094 0.000031 -0.001086 -0.692058 0.024622 0.024312 0.267380 -0.080317 -9.805026 
215.498834 0.011452 -0.127388 0.475255 961.479498 921.298296 133.349055 0.000000 0.000000 0.000000 0.402239 0.195486 0.084832 0.000000 0.000000 0.000000 -0.000117 0.000005 -0.001082 -0.690432 0.024549 0.025397 0.267381 -0.080330 -9.805026 
215.601534 0.011187 -0.127218 0.475032 961.518395 921.316409 133.357621 0.000000 0.000000 0.000000 0.434394 0.212436 0.096337 0.000000 0.000000 0.000000 -0.000098 -0.000022 -0.001074 -0.688824 0.024776 0.025822 0.267381 -0.080338 -9.805026 
215.698799 0.011208 -0.127121 0.475529 961.557914 921.341326 133.365626 0.000000 0.000000 0.000000 0.456740 0.239655 0.099736 0.000000 0.000000 0.000000 -0.000125 -0.000041 -0.001072 -0.686203 0.023656 0.027279 0.267388 -0.080355 -9.805026 
215.800631 0.011361 -0.127248 0.475752 961.601396 921.365492 133.372857 0.000000 0.000000 0.000000 0.483422 0.259769 0.096421 0.000000 0.000000 0.000000 -0.000137 -0.000049 -0.001077 -0.683333 0.023502 0.029207 0.267390 -0.080384 -9.805025 
215.898809 0.010881 -0.127366 0.475428 961.652394 921.394461 133.381644 0.000000 0.000000 0.000000 0.518868 0.281740 0.098966 0.000000 0.000000 0.000000 -0.000132 -0.000055 -0.001059 -0.682115 0.023210 0.030140 0.267392 -0.080397 -9.805025 
216.000526 0.010748 -0.127842 0.475615 961.714280 921.423209 133.390507 0.000000 0.000000 0.000000 0.571956 0.299426 0.100621 0.000000 0.000000 0.000000 -0.000110 -0.000029 -0.001070 -0.682199 0.024212 0.031234 0.267386 -0.080414 -9.805025 
216.100574 0.011308 -0.127175 0.475665 961.776908 921.457311 133.399567 0.000000 0.000000 0.000000 0.621481 0.325225 0.099239 0.000000 0.000000 0.000000 -0.000142 -0.000051 -0.001063 -0.681708 0.023920 0.032202 0.267386 -0.080427 -9.805025 
216.198776 0.011434 -0.127614 0.476003 961.846678 921.492339 133.410466 0.000000 0.000000 0.000000 0.684147 0.358683 0.102126 0.000000 0.000000 0.000000 -0.000139 -0.000065 -0.001068 -0.681756 0.024313 0.032057 0.267385 -0.080426 -9.805025 
216.300639 0.011676 -0.128323 0.475824 961.917340 921.523180 133.419992 0.000000 0.000000 0.000000 0.750127 0.383150 0.103315 0.000000 0.000000 0.000000 -0.000115 -0.000105 -0.001075 -0.679381 0.025892 0.032612 0.267378 -0.080445 -9.805025 
216.398986 0.012319 -0.129520 0.475880 962.008947 921.565158 133.431998 0.000000 0.000000 0.000000 0.855647 0.420520 0.123341 0.000000 0.000000 0.000000 -0.000109 -0.000086 -0.001080 -0.680764 0.026885 0.032639 0.267371 -0.080446 -9.805025 
216.500837 0.012816 -0.130869 0.475748 962.100065 921.606087 133.444452 0.000000 0.000000 0.000000 0.940888 0.455225 0.150311 0.000000 0.000000 0.000000 -0.000091 -0.000074 -0.001081 -0.678753 0.027855 0.033649 0.267365 -0.080467 -9.805025 
216.600065 0.012946 -0.130299 0.475773 962.193293 921.650492 133.461414 0.000000 0.000000 0.000000 1.007397 0.496148 0.176165 0.000000 0.000000 0.000000 -0.000089 -0.000132 -0.001086 -0.675958 0.028206 0.033548 0.267366 -0.080474 -9.805025 
216.699065 0.013201 -0.129913 0.475843 962.309106 921.708017 133.480590 0.000000 0.000000 0.000000 1.100924 0.540938 0.183058 0.000000 0.000000 0.000000 -0.000107 -0.000115 -0.001081 -0.677084 0.028098 0.033656 0.267365 -0.080472 -9.805025 
216.800767 0.012892 -0.129761 0.476552 962.427715 921.768404 133.501181 0.000000 0.000000 0.000000 1.177052 0.584183 0.191028 0.000000 0.000000 0.000000 -0.000105 -0.000130 -0.001090 -0.677811 0.027558 0.032994 0.267369 -0.080458 -9.805025 
216.899642 0.012679 -0.130530 0.476403 962.557680 921.831999 133.521285 0.000000 0.000000 0.000000 1.263551 0.631456 0.193230 0.000000 0.000000 0.000000 -0.000094 -0.000115 -0.001088 -0.677872 0.027839 0.033139 0.267367 -0.080462 -9.805025 
217.000694 0.013155 -0.130914 0.476059 962.688671 921.902594 133.541685 0.000000 0.000000 0.000000 1.342221 0.685916 0.201957 0.000000 0.000000 0.000000 -0.000117 -0.000124 -0.001059 -0.676640 0.026756 0.033358 0.267377 -0.080462 -9.805025 
217.100696 0.013095 -0.131380 0.476292 962.822834 921.973659 133.562630 0.000000 0.000000 0.000000 1.411374 0.735809 0.215881 0.000000 0.000000 0.000000 -0.000128 -0.000166 -0.001060 -0.673439 0.026470 0.033747 0.267383 -0.080475 -9.805025 
217.198717 0.013002 -0.131370 0.476695 962.970975 922.047716 133.587513 0.000000 0.000000 0.000000 1.505020 0.764640 0.235766 0.000000 0.000000 0.000000 -0.000128 -0.000235 -0.001078 -0.671536 0.027169 0.033095 0.267379 -0.080474 -9.805025 
217.300415 0.013244 -0.132077 0.476485 963.125004 922.126416 133.613162 0.000000 0.000000 0.000000 1.590465 0.810297 0.259639 0.000000 0.000000 0.000000 -0.000122 -0.000267 -0.001069 -0.668743 0.027298 0.033221 0.267382 -0.080484 -9.805025 
217.399481 0.013212 -0.132133 0.476692 963.293779 922.215661 133.643448 0.000000 0.000000 0.000000 1.688785 0.870313 0.287243 0.000000 0.000000 0.000000 -0.000141 -0.000300 -0.001059 -0.668627 0.026638 0.032361 0.267387 -0.080468 -9.805025 
217.501973 0.013514 -0.132698 0.477067 963.480505 922.310176 133.675112 0.000000 0.000000 0.000000 1.805337 0.934802 0.308124 0.000000 0.000000 0.000000 -0.000138 -0.000260 -0.001076 -0.670970 0.026989 0.031748 0.267379 -0.080455 -9.805025 
217.602818 0.013073 -0.132443 0.476797 963.665739 922.405683 133.707488 0.000000 0.000000 0.000000 1.898458 0.977705 0.321411 0.000000 0.000000 0.000000 -0.000126 -0.000297 -0.001064 -0.669693 0.027081 0.031614 0.267380 -0.080456 -9.805025 
217.700563 0.014180 -0.132575 0.477341 963.870921 922.513157 133.741760 0.000000 0.000000 0.000000 2.002720 1.045211 0.334132 0.000000 0.000000 0.000000 -0.000159 -0.000288 -0.001071 -0.669917 0.026770 0.031706 0.267382 -0.080455 -9.805025 
217.802210 0.013089 -0.132398 0.476932 964.080917 922.618397 133.779614 0.000000 0.000000 0.000000 2.104363 1.089392 0.350586 0.000000 0.000000 0.000000 -0.000116 -0.000345 -0.001069 -0.670655 0.027594 0.030234 0.267369 -0.080436 -9.805025 
217.900724 0.013624 -0.133038 0.477039 964.303623 922.733089 133.819199 0.000000 0.000000 0.000000 2.207233 1.136587 0.368101 0.000000 0.000000 0.000000 -0.000127 -0.000360 -0.001072 -0.671313 0.027627 0.029020 0.267363 -0.080417 -9.805026 
218.003735 0.013554 -0.133369 0.477453 964.528886 922.846933 133.857760 0.000000 0.000000 0.000000 2.312669 1.181507 0.390389 0.000000 0.000000 0.000000 -0.000103 -0.000390 -0.001086 -0.669779 0.028117 0.028962 0.267361 -0.080424 -9.805026 
218.103638 0.013925 -0.133172 0.477727 964.769180 922.965917 133.900082 0.000000 0.000000 0.000000 2.413194 1.235854 0.416397 0.000000 0.000000 0.000000 -0.000104 -0.000419 -0.001103 -0.670184 0.028922 0.028145 0.267350 -0.080416 -9.805026 
218.203969 0.014083 -0.133679 0.477434 965.024109 923.089993 133.943795 0.000000 0.000000 0.000000 2.532178 1.282251 0.439877 0.000000 0.000000 0.000000 -0.000090 -0.000404 -0.001100 -0.670922 0.030203 0.027998 0.267336 -0.080420 -9.805027 
218.304077 0.014331 -0.134021 0.477854 965.289740 923.225515 133.989591 0.000000 0.000000 0.000000 2.644032 1.339830 0.453758 0.000000 0.000000 0.000000 -0.000104 -0.000402 -0.001102 -0.672561 0.029878 0.027709 0.267334 -0.080410 -9.805027 
218.402507 0.014884 -0.134204 0.478311 965.572486 923.363098 134.038864 0.000000 0.000000 0.000000 2.770267 1.388781 0.478986 0.000000 0.000000 0.000000 -0.000084 -0.000411 -0.001125 -0.674147 0.030966 0.027005 0.267317 -0.080404 -9.805027 
218.505230 0.015439 -0.134604 0.478002 965.858509 923.502335 134.088854 0.000000 0.000000 0.000000 2.878959 1.438590 0.492585 0.000000 0.000000 0.000000 -0.000090 -0.000403 -0.001122 -0.675291 0.031941 0.026402 0.267303 -0.080400 -9.805028 
218.605216 0.015274 -0.134334 0.478469 966.147805 923.658085 134.141175 0.000000 0.000000 0.000000 2.970186 1.524867 0.518215 0.000000 0.000000 0.000000 -0.000089 -0.000428 -0.001119 -0.676739 0.029625 0.025290 0.267312 -0.080373 -9.805028 
218.703841 0.014851 -0.134723 0.478334 966.453195 923.818320 134.195630 0.000000 0.000000 0.000000 3.068193 1.592017 0.535708 0.000000 0.000000 0.000000 -0.000104 -0.000416 -0.001121 -0.677203 0.029044 0.024739 0.267312 -0.080363 -9.805028 
218.805296 0.014735 -0.135077 0.477701 966.770325 923.982655 134.249838 0.000000 0.000000 0.000000 3.180219 1.638655 0.553892 0.000000 0.000000 0.000000 -0.000125 -0.000404 -0.001119 -0.678425 0.029013 0.025013 0.267311 -0.080363 -9.805028 
218.904278 0.014107 -0.135063 0.476982 967.102156 924.155752 134.309648 0.000000 0.000000 0.000000 3.293943 1.694247 0.579773 0.000000 0.000000 0.000000 -0.000108 -0.000437 -0.001123 -0.681775 0.028227 0.023493 0.267297 -0.080340 -9.805028 
219.005255 0.013922 -0.135350 0.476322 967.437870 924.323476 134.368641 0.000000 0.000000 0.000000 3.395615 1.731573 0.597152 0.000000 0.000000 0.000000 -0.000103 -0.000430 -0.001141 -0.681560 0.029276 0.023393 0.267289 -0.080345 -9.805028 
219.105278 0.014147 -0.135369 0.475014 967.785388 924.495105 134.429347 0.000000 0.000000 0.000000 3.498481 1.769281 0.619790 0.000000 0.000000 0.000000 -0.000125 -0.000419 -0.001133 -0.681283 0.030453 0.023664 0.267283 -0.080353 -9.805029 
219.204793 0.014151 -0.134667 0.474052 968.150550 924.679429 134.494305 0.000000 0.000000 0.000000 3.609748 1.824590 0.636309 0.000000 0.000000 0.000000 -0.000135 -0.000471 -0.001127 -0.684671 0.030285 0.022624 0.267268 -0.080342 -9.805029 
219.305050 0.013628 -0.134590 0.472987 968.518363 924.864685 134.560890 0.000000 0.000000 0.000000 3.707036 1.866512 0.650513 0.000000 0.000000 0.000000 -0.000124 -0.000482 -0.001120 -0.685655 0.030324 0.021455 0.267255 -0.080337 -9.805029 
219.405119 0.014066 -0.134885 0.472044 968.904663 925.052843 134.627560 0.000000 0.000000 0.000000 3.819469 1.907713 0.659966 0.000000 0.000000 0.000000 -0.000152 -0.000506 -0.001130 -0.688049 0.031527 0.021003 0.267237 -0.080341 -9.805030 
219.505714 0.014050 -0.135178 0.470225 969.369895 925.282515 134.707484 0.000000 0.000000 0.000000 3.928636 1.949824 0.677356 0.000000 0.000000 0.000000 -0.000151 -0.000528 -0.001126 -0.688278 0.032016 0.021019 0.267233 -0.080343 -9.805030 
219.605275 0.014685 -0.135799 0.469158 969.718902 925.454230 134.768374 0.000000 0.000000 0.000000 4.000685 1.975817 0.697108 0.000000 0.000000 0.000000 -0.000173 -0.000481 -0.001135 -0.685218 0.032391 0.021561 0.267238 -0.080343 -9.805030 
219.705018 0.015486 -0.136379 0.467941 970.122620 925.653854 134.839075 0.000000 0.000000 0.000000 4.090093 2.015257 0.719166 0.000000 0.000000 0.000000 -0.000199 -0.000457 -0.001140 -0.684180 0.032300 0.021726 0.267242 -0.080340 -9.805030 
219.804987 0.014620 -0.136531 0.466868 970.536650 925.858930 134.911817 0.000000 0.000000 0.000000 4.194357 2.055618 0.753889 0.000000 0.000000 0.000000 -0.000165 -0.000463 -0.001156 -0.683657 0.031970 0.022191 0.267250 -0.080336 -9.805030 
219.903834 0.015031 -0.136264 0.465302 970.980859 926.077448 134.988692 0.000000 0.000000 0.000000 4.306030 2.115943 0.771594 0.000000 0.000000 0.000000 -0.000190 -0.000501 -0.001152 -0.687014 0.031757 0.022819 0.267260 -0.080347 -9.805029 
220.004992 0.014701 -0.136161 0.463296 971.418673 926.293241 135.067762 0.000000 0.000000 0.000000 4.397015 2.147395 0.780316 0.000000 0.000000 0.000000 -0.000171 -0.000505 -0.001134 -0.687472 0.031435 0.022117 0.267256 -0.080349 -9.805029 
220.105462 0.015163 -0.135808 0.461939 971.864265 926.509985 135.146477 0.000000 0.000000 0.000000 4.491599 2.167254 0.803078 0.000000 0.000000 0.000000 -0.000176 -0.000512 -0.001134 -0.687795 0.031333 0.022453 0.267261 -0.080349 -9.805029 
220.203560 0.015603 -0.134680 0.460738 972.333802 926.735727 135.230399 0.000000 0.000000 0.000000 4.588685 2.202590 0.808102 0.000000 0.000000 0.000000 -0.000167 -0.000542 -0.001132 -0.689870 0.031457 0.021662 0.267256 -0.080369 -9.805029 
220.304944 0.015564 -0.134719 0.459830 972.788409 926.959329 135.312916 0.000000 0.000000 0.000000 4.616442 2.261858 0.808011 0.000000 0.000000 0.000000 -0.000177 -0.000529 -0.001137 -0.688147 0.030821 0.020744 0.267252 -0.080358 -9.805029 
220.403795 0.015926 -0.134746 0.458833 973.265351 927.187077 135.396617 0.000000 0.000000 0.000000 4.709167 2.235500 0.835818 0.000000 0.000000 0.000000 -0.000161 -0.000536 -0.001136 -0.688762 0.031366 0.020593 0.267245 -0.080368 -9.805029 
220.504931 0.017209 -0.134634 0.458171 973.742716 927.412396 135.482670 0.000000 0.000000 0.000000 4.734010 2.239578 0.853609 0.000000 0.000000 0.000000 -0.000156 -0.000551 -0.001123 -0.689366 0.031743 0.019721 0.267235 -0.080388 -9.805030 
220.605113 0.018144 -0.135572 0.457918 974.228798 927.644093 135.570344 0.000000 0.000000 0.000000 4.816624 2.280053 0.872874 0.000000 0.000000 0.000000 -0.000144 -0.000545 -0.001104 -0.691739 0.031399 0.019278 0.267244 -0.080422 -9.805029 
220.705109 0.019215 -0.134720 0.458575 974.713878 927.880215 135.660312 0.000000 0.000000 0.000000 4.850663 2.353094 0.871077 0.000000 0.000000 0.000000 -0.000189 -0.000539 -0.001112 -0.691884 0.030844 0.017478 0.267241 -0.080454 -9.805029 
220.805037 0.017549 -0.134047 0.458594 975.209061 928.114476 135.750273 0.000000 0.000000 0.000000 4.899163 2.390788 0.883716 0.000000 0.000000 0.000000 -0.000229 -0.000532 -0.001107 -0.692248 0.032688 0.015891 0.267209 -0.080501 -9.805029 
220.903990 0.016079 -0.133290 0.458752 975.717544 928.360513 135.840387 0.000000 0.000000 0.000000 4.987193 2.391431 0.882626 0.000000 0.000000 0.000000 -0.000251 -0.000552 -0.001101 -0.693962 0.032822 0.015381 0.267211 -0.080539 -9.805029 
221.005227 0.014880 -0.131802 0.459479 976.225860 928.601328 135.930375 0.000000 0.000000 0.000000 5.074282 2.396018 0.960371 0.000000 0.000000 0.000000 -0.000183 -0.000557 -0.001105 -0.695856 0.032700 0.017356 0.267227 -0.080523 -9.805029 
221.105972 0.015114 -0.127158 0.460513 976.837686 928.888005 136.043799 0.000000 0.000000 0.000000 5.108640 2.431447 0.923728 0.000000 0.000000 0.000000 -0.000167 -0.000637 -0.001124 -0.696381 0.033084 0.017529 0.267225 -0.080529 -9.805029 
221.205191 0.015511 -0.127185 0.460151 977.291261 929.101814 136.125580 0.000000 0.000000 0.000000 5.110364 2.455775 0.880195 0.000000 0.000000 0.000000 -0.000168 -0.000625 -0.001111 -0.693588 0.034066 0.017088 0.267200 -0.080500 -9.805030 
221.305150 0.014946 -0.128462 0.460270 977.799699 929.346407 136.215768 0.000000 0.000000 0.000000 5.147752 2.467559 0.880094 0.000000 0.000000 0.000000 -0.000198 -0.000628 -0.001102 -0.691097 0.034090 0.015235 0.267191 -0.080509 -9.805030 
221.405042 0.015502 -0.131642 0.460956 978.314156 929.597546 136.302744 0.000000 0.000000 0.000000 5.191312 2.492179 0.886505 0.000000 0.000000 0.000000 -0.000171 -0.000586 -0.001131 -0.690718 0.033100 0.015684 0.267200 -0.080484 -9.805030 
221.505050 0.016215 -0.132742 0.460899 978.836067 929.851599 136.391860 0.000000 0.000000 0.000000 5.250777 2.508519 0.913754 0.000000 0.000000 0.000000 -0.000163 -0.000590 -0.001120 -0.691025 0.032000 0.016614 0.267209 -0.080455 -9.805030 
221.605134 0.017331 -0.133364 0.461130 979.369679 930.110127 136.482962 0.000000 0.000000 0.000000 5.312835 2.543628 0.954782 0.000000 0.000000 0.000000 -0.000165 -0.000604 -0.001111 -0.693365 0.030967 0.018545 0.267221 -0.080431 -9.805030 
221.705147 0.018145 -0.133615 0.461404 979.893348 930.369618 136.576734 0.000000 0.000000 0.000000 5.334856 2.588907 0.978800 0.000000 0.000000 0.000000 -0.000133 -0.000578 -0.001125 -0.692243 0.029330 0.020069 0.267220 -0.080361 -9.805030 
221.805022 0.017915 -0.132813 0.461566 980.439397 930.638938 136.676765 0.000000 0.000000 0.000000 5.407540 2.629520 0.997425 0.000000 0.000000 0.000000 -0.000130 -0.000618 -0.001123 -0.694507 0.028266 0.019633 0.267247 -0.080403 -9.805029 
221.903833 0.018427 -0.132623 0.461852 981.002461 930.910902 136.776359 0.000000 0.000000 0.000000 5.482363 2.665964 0.991121 0.000000 0.000000 0.000000 -0.000144 -0.000633 -0.001121 -0.697871 0.028716 0.021134 0.267247 -0.080419 -9.805029 
222.004683 0.018958 -0.132152 0.462284 981.562642 931.183308 136.875908 0.000000 0.000000 0.000000 5.549885 2.677051 0.981263 0.000000 0.000000 0.000000 -0.000158 -0.000646 -0.001127 -0.699357 0.028508 0.021297 0.267255 -0.080436 -9.805029 
222.105452 0.019869 -0.132185 0.462323 982.121470 931.452978 136.973220 0.000000 0.000000 0.000000 5.606250 2.704495 0.993052 0.000000 0.000000 0.000000 -0.000123 -0.000638 -0.001124 -0.700084 0.028626 0.022254 0.267248 -0.080424 -9.805029 
222.205138 0.020985 -0.132149 0.462958 982.697374 931.721275 137.072371 0.000000 0.000000 0.000000 5.674104 2.742305 1.009063 0.000000 0.000000 0.000000 -0.000194 -0.000628 -0.001127 -0.702086 0.031161 0.023190 0.267226 -0.080441 -9.805029 
222.305446 0.021307 -0.130526 0.463279 983.371708 932.057347 137.194100 0.000000 0.000000 0.000000 5.697844 2.795567 1.013838 0.000000 0.000000 0.000000 -0.000185 -0.000630 -0.001128 -0.700701 0.028990 0.022973 0.267240 -0.080419 -9.805029 
222.404005 0.019592 -0.130611 0.463518 983.879479 932.300637 137.287149 0.000000 0.000000 0.000000 5.699730 2.782993 1.021099 0.000000 0.000000 0.000000 -0.000197 -0.000588 -0.001124 -0.695892 0.030898 0.022678 0.267205 -0.080376 -9.805030 
222.505119 0.018555 -0.130392 0.463883 984.430847 932.571183 137.387988 0.000000 0.000000 0.000000 5.704266 2.753393 1.012113 0.000000 0.000000 0.000000 -0.000195 -0.000566 -0.001108 -0.690156 0.030680 0.022964 0.267178 -0.080306 -9.805032 
222.605076 0.019030 -0.130842 0.464827 985.003027 932.851892 137.489130 0.000000 0.000000 0.000000 5.738856 2.789204 1.000918 0.000000 0.000000 0.000000 -0.000131 -0.000568 -0.001113 -0.690009 0.029549 0.023229 0.267183 -0.080295 -9.805032 
222.705059 0.020063 -0.131437 0.466027 985.584741 933.130865 137.589192 0.000000 0.000000 0.000000 5.785586 2.831589 1.006832 0.000000 0.000000 0.000000 -0.000209 -0.000583 -0.001113 -0.690756 0.030853 0.023723 0.267172 -0.080299 -9.805032 
222.804965 0.019666 -0.132642 0.466904 986.178302 933.419731 137.691200 0.000000 0.000000 0.000000 5.857363 2.875760 1.026787 0.000000 0.000000 0.000000 -0.000213 -0.000592 -0.001106 -0.693484 0.031178 0.023908 0.267176 -0.080322 -9.805032 
222.903705 0.017900 -0.132700 0.468221 986.788341 933.718970 137.799399 0.000000 0.000000 0.000000 5.932120 2.914213 1.054112 0.000000 0.000000 0.000000 -0.000189 -0.000630 -0.001121 -0.696514 0.030772 0.022517 0.267200 -0.080367 -9.805031 
223.004823 0.018381 -0.132421 0.469183 987.386438 934.014201 137.906703 0.000000 0.000000 0.000000 5.982537 2.937832 1.077266 0.000000 0.000000 0.000000 -0.000208 -0.000618 -0.001111 -0.696434 0.030169 0.022450 0.267203 -0.080365 -9.805031 
223.105135 0.017506 -0.131987 0.470218 987.994710 934.315179 138.016168 0.000000 0.000000 0.000000 6.036086 2.978423 1.078008 0.000000 0.000000 0.000000 -0.000159 -0.000632 -0.001113 -0.698484 0.029385 0.021832 0.267217 -0.080385 -9.805030 
223.203900 0.017893 -0.132041 0.471505 988.617386 934.627064 138.125732 0.000000 0.000000 0.000000 6.092408 3.031274 1.072511 0.000000 0.000000 0.000000 -0.000206 -0.000637 -0.001115 -0.701593 0.028326 0.022168 0.267223 -0.080400 -9.805030 
223.304688 0.017605 -0.131972 0.472931 989.237499 934.937905 138.235856 0.000000 0.000000 0.000000 6.131921 3.075684 1.077475 0.000000 0.000000 0.000000 -0.000197 -0.000643 -0.001136 -0.703118 0.027625 0.021128 0.267235 -0.080416 -9.805029 
223.403598 0.016068 -0.132284 0.473475 989.867088 935.256926 138.349091 0.000000 0.000000 0.000000 6.178416 3.107861 1.093263 0.000000 0.000000 0.000000 -0.000191 -0.000652 -0.001113 -0.704394 0.026203 0.018900 0.267256 -0.080436 -9.805029 
223.505613 0.015575 -0.131812 0.474597 990.606220 935.625627 138.483256 0.000000 0.000000 0.000000 6.197532 3.123000 1.111572 0.000000 0.000000 0.000000 -0.000190 -0.000628 -0.001125 -0.702857 0.027010 0.017459 0.267265 -0.080440 -9.805028 
223.603487 0.014435 -0.131240 0.474990 991.154551 935.904326 138.583649 0.000000 0.000000 0.000000 6.134845 3.105701 1.115123 0.000000 0.000000 0.000000 -0.000201 -0.000638 -0.001124 -0.696785 0.027408 0.018325 0.267259 -0.080425 -9.805029 
223.703392 0.014431 -0.131193 0.475354 991.772701 936.218204 138.692424 0.000000 0.000000 0.000000 6.131505 3.034737 1.113798 0.000000 0.000000 0.000000 -0.000112 -0.000683 -0.001129 -0.695635 0.026795 0.021477 0.267243 -0.080412 -9.805029 
223.804721 0.018073 -0.131375 0.475657 992.375330 936.518678 138.802167 0.000000 0.000000 0.000000 6.078424 2.989868 1.080083 0.000000 0.000000 0.000000 -0.000111 -0.000691 -0.001139 -0.692209 0.026202 0.022441 0.267236 -0.080408 -9.805029 
223.903706 0.024178 -0.132056 0.475144 992.987227 936.829718 138.909244 0.000000 0.000000 0.000000 6.049379 3.044556 1.105266 0.000000 0.000000 0.000000 -0.000165 -0.000673 -0.001152 -0.691503 0.024451 0.023879 0.267222 -0.080401 -9.805030 
224.005073 0.024994 -0.131670 0.474323 993.592545 937.131043 139.023105 0.000000 0.000000 0.000000 6.037021 3.103963 1.092924 0.000000 0.000000 0.000000 -0.000208 -0.000648 -0.001169 -0.689289 0.026234 0.020548 0.267242 -0.080424 -9.805029 
224.104924 0.022044 -0.129032 0.472823 994.208784 937.443602 139.141413 0.000000 0.000000 0.000000 6.076395 3.083128 1.167100 0.000000 0.000000 0.000000 -0.000188 -0.000583 -0.001153 -0.691123 0.026452 0.019674 0.267244 -0.080426 -9.805029 
224.204964 0.019840 -0.124125 0.471978 994.831724 937.754012 139.259299 0.000000 0.000000 0.000000 6.105433 3.037336 1.180217 0.000000 0.000000 0.000000 -0.000200 -0.000640 -0.001139 -0.694511 0.026654 0.019301 0.267244 -0.080422 -9.805029 
224.305088 0.020269 -0.121657 0.471365 995.452230 938.062986 139.369976 0.000000 0.000000 0.000000 6.102005 3.026750 1.065033 0.000000 0.000000 0.000000 -0.000149 -0.000676 -0.001160 -0.698582 0.025994 0.021781 0.267235 -0.080402 -9.805029 
224.403618 0.021642 -0.122576 0.470009 996.086772 938.373038 139.478829 0.000000 0.000000 0.000000 6.113502 3.037804 1.015315 0.000000 0.000000 0.000000 -0.000171 -0.000722 -0.001159 -0.702476 0.027134 0.021622 0.267242 -0.080397 -9.805029 
224.503738 0.022253 -0.125756 0.468674 996.715710 938.682825 139.586027 0.000000 0.000000 0.000000 6.124979 3.051941 1.029075 0.000000 0.000000 0.000000 -0.000203 -0.000753 -0.001154 -0.703131 0.028129 0.018723 0.267250 -0.080440 -9.805029 
224.604778 0.021913 -0.129907 0.467389 997.329145 938.988331 139.689738 0.000000 0.000000 0.000000 6.131931 3.034137 1.049203 0.000000 0.000000 0.000000 -0.000214 -0.000713 -0.001156 -0.702369 0.028193 0.018844 0.267250 -0.080436 -9.805029 
224.704941 0.021562 -0.131742 0.466106 997.949630 939.296464 139.798724 0.000000 0.000000 0.000000 6.189134 3.037315 1.108453 0.000000 0.000000 0.000000 -0.000196 -0.000708 -0.001157 -0.703539 0.027698 0.018457 0.267250 -0.080448 -9.805029 
224.803740 0.021774 -0.131908 0.465090 998.585917 939.607167 139.910313 0.000000 0.000000 0.000000 6.218968 2.995591 1.153533 0.000000 0.000000 0.000000 -0.000176 -0.000680 -0.001151 -0.707912 0.027189 0.021928 0.267244 -0.080385 -9.805029 
224.903558 0.023979 -0.130701 0.463920 999.219124 939.916320 140.023401 0.000000 0.000000 0.000000 6.253633 3.047652 1.149416 0.000000 0.000000 0.000000 -0.000208 -0.000615 -0.001157 -0.708968 0.026495 0.024690 0.267230 -0.080326 -9.805030 
225.004987 0.023757 -0.125830 0.462809 999.853720 940.217471 140.135943 0.000000 0.000000 0.000000 6.308311 3.037975 1.136586 0.000000 0.000000 0.000000 -0.000207 -0.000645 -0.001166 -0.709429 0.028319 0.025771 0.267225 -0.080303 -9.805030 
225.104995 0.022595 -0.121790 0.461618 1000.484489 940.519210 140.250170 0.000000 0.000000 0.000000 6.314997 3.045802 1.072162 0.000000 0.000000 0.000000 -0.000222 -0.000647 -0.001157 -0.707124 0.029050 0.025045 0.267223 -0.080305 -9.805031 
225.204901 0.021596 -0.119744 0.460209 1001.127353 940.828120 140.361711 0.000000 0.000000 0.000000 6.383741 3.061386 1.150179 0.000000 0.000000 0.000000 -0.000205 -0.000644 -0.001150 -0.708408 0.029221 0.025004 0.267228 -0.080313 -9.805030 
225.304937 0.021473 -0.119018 0.459872 1001.773663 941.140890 140.467837 0.000000 0.000000 0.000000 6.460283 3.053804 1.026705 0.000000 0.000000 0.000000 -0.000243 -0.000717 -0.001148 -0.709824 0.027950 0.024354 0.267247 -0.080330 -9.805030 
225.404258 0.024419 -0.120504 0.459441 1002.429254 941.454273 140.571711 0.000000 0.000000 0.000000 6.531579 3.056716 0.984413 0.000000 0.000000 0.000000 -0.000122 -0.000718 -0.001140 -0.710484 0.026105 0.023558 0.267273 -0.080343 -9.805029 
225.504679 0.028594 -0.121466 0.459665 1003.088319 941.761107 140.675758 0.000000 0.000000 0.000000 6.549287 3.146637 1.060328 0.000000 0.000000 0.000000 -0.000170 -0.000722 -0.001139 -0.709905 0.027473 0.022374 0.267280 -0.080365 -9.805029 
225.604526 0.029435 -0.123114 0.459591 1003.751691 942.078359 140.787743 0.000000 0.000000 0.000000 6.593956 3.187507 1.105004 0.000000 0.000000 0.000000 -0.000236 -0.000705 -0.001130 -0.710083 0.028324 0.019481 0.267329 -0.080418 -9.805027 
225.703247 0.028273 -0.123914 0.459569 1004.423669 942.408575 140.906771 0.000000 0.000000 0.000000 6.635396 3.240547 1.140774 0.000000 0.000000 0.000000 -0.000222 -0.000688 -0.001136 -0.709916 0.027138 0.016558 0.267397 -0.080452 -9.805025 
225.805976 0.026437 -0.124814 0.460033 1005.214043 942.789913 141.042257 0.000000 0.000000 0.000000 6.706166 3.178546 1.127111 0.000000 0.000000 0.000000 -0.000212 -0.000700 -0.001127 -0.708104 0.026958 0.016460 0.267392 -0.080433 -9.805025 
225.904932 0.027979 -0.125093 0.460510 1005.798703 943.069769 141.141878 0.000000 0.000000 0.000000 6.698621 3.159835 1.155049 0.000000 0.000000 0.000000 -0.000189 -0.000703 -0.001127 -0.700384 0.026313 0.018308 0.267317 -0.080330 -9.805028 
226.004937 0.030392 -0.124604 0.460964 1006.459625 943.379888 141.255018 0.000000 0.000000 0.000000 6.709195 3.164799 1.151704 0.000000 0.000000 0.000000 -0.000170 -0.000697 -0.001135 -0.695168 0.027071 0.020373 0.267231 -0.080258 -9.805031 
226.105367 0.032781 -0.124837 0.460844 1007.260648 943.757508 141.393945 0.000000 0.000000 0.000000 6.707710 3.226138 1.168182 0.000000 0.000000 0.000000 -0.000231 -0.000703 -0.001135 -0.693434 0.028244 0.020261 0.267216 -0.080244 -9.805031 
226.206285 0.030412 -0.126818 0.460962 1007.968966 944.097703 141.519262 0.000000 0.000000 0.000000 6.669425 3.208546 1.162348 0.000000 0.000000 0.000000 -0.000201 -0.000701 -0.001139 -0.685594 0.028989 0.021053 0.267152 -0.080157 -9.805034 
226.307139 0.029556 -0.129303 0.461146 1008.662344 944.433602 141.640650 0.000000 0.000000 0.000000 6.647884 3.176918 1.173687 0.000000 0.000000 0.000000 -0.000215 -0.000674 -0.001126 -0.675032 0.029472 0.024032 0.267031 -0.080022 -9.805038 
226.405292 0.029860 -0.130079 0.461950 1009.248910 944.711015 141.743359 0.000000 0.000000 0.000000 6.670205 3.148637 1.196861 0.000000 0.000000 0.000000 -0.000189 -0.000661 -0.001139 -0.669020 0.030922 0.026814 0.266931 -0.079940 -9.805041 
226.506550 0.029706 -0.130022 0.462601 1010.039678 945.093435 141.882720 0.000000 0.000000 0.000000 6.704779 3.197831 1.225530 0.000000 0.000000 0.000000 -0.000187 -0.000641 -0.001134 -0.667108 0.029895 0.030247 0.266853 -0.079889 -9.805044 
226.606378 0.031630 -0.128389 0.462775 1010.759169 945.441566 142.014401 0.000000 0.000000 0.000000 6.702938 3.219962 1.243068 0.000000 0.000000 0.000000 -0.000229 -0.000631 -0.001126 -0.663086 0.029806 0.032293 0.266792 -0.079835 -9.805046 
226.704889 0.030784 -0.128148 0.462972 1011.360886 945.731871 142.123054 0.000000 0.000000 0.000000 6.703009 3.243093 1.221815 0.000000 0.000000 0.000000 -0.000216 -0.000627 -0.001127 -0.660376 0.030666 0.034755 0.266729 -0.079792 -9.805048 
226.805806 0.030217 -0.128213 0.463494 1012.175443 946.122733 142.268225 0.000000 0.000000 0.000000 6.773830 3.271639 1.203645 0.000000 0.000000 0.000000 -0.000248 -0.000656 -0.001137 -0.663179 0.031334 0.035129 0.266729 -0.079812 -9.805048 
226.904768 0.029228 -0.129643 0.463769 1012.790993 946.422139 142.375965 0.000000 0.000000 0.000000 6.819642 3.284160 1.204025 0.000000 0.000000 0.000000 -0.000209 -0.000633 -0.001134 -0.663383 0.030778 0.035978 0.266721 -0.079803 -9.805048 
227.005105 0.029246 -0.129321 0.464423 1013.484587 946.763077 142.495865 0.000000 0.000000 0.000000 6.878151 3.335410 1.215448 0.000000 0.000000 0.000000 -0.000215 -0.000653 -0.001141 -0.666692 0.029031 0.037436 0.266721 -0.079805 -9.805048 
227.105950 0.029790 -0.129021 0.464897 1014.329836 947.173651 142.644059 0.000000 0.000000 0.000000 6.965497 3.393016 1.235983 0.000000 0.000000 0.000000 -0.000219 -0.000686 -0.001138 -0.674550 0.027880 0.036527 0.266750 -0.079864 -9.805047 
227.204694 0.029133 -0.129404 0.465678 1014.967154 947.486889 142.757684 0.000000 0.000000 0.000000 7.009061 3.442698 1.241585 0.000000 0.000000 0.000000 -0.000214 -0.000683 -0.001138 -0.676938 0.026970 0.035534 0.266764 -0.079889 -9.805046 
227.298103 0.026747 -0.129765 0.465977 1015.751613 947.871792 142.896995 0.000000 0.000000 0.000000 7.102590 3.520158 1.236519 0.000000 0.000000 0.000000 -0.000221 -0.000734 -0.001128 -0.688576 0.025160 0.031119 0.266796 -0.080001 -9.805045 
227.397003 0.026501 -0.131366 0.466446 1016.535143 948.259727 143.034643 0.000000 0.000000 0.000000 7.156414 3.549104 1.256297 0.000000 0.000000 0.000000 -0.000237 -0.000748 -0.001136 -0.693898 0.024019 0.028885 0.266804 -0.080053 -9.805044 
227.498137 0.025271 -0.134281 0.467190 1017.294458 948.632963 143.170146 0.000000 0.000000 0.000000 7.173955 3.535752 1.257204 0.000000 0.000000 0.000000 -0.000223 -0.000778 -0.001131 -0.690880 0.024499 0.027403 0.266803 -0.080053 -9.805044 
227.598293 0.026152 -0.137208 0.467928 1018.050702 949.005642 143.304382 0.000000 0.000000 0.000000 7.181551 3.538929 1.274889 0.000000 0.000000 0.000000 -0.000215 -0.000804 -0.001125 -0.686487 0.024878 0.027655 0.266808 -0.080028 -9.805044 
227.697264 0.025092 -0.139338 0.468919 1018.817883 949.383524 143.441982 0.000000 0.000000 0.000000 7.193160 3.555647 1.336894 0.000000 0.000000 0.000000 -0.000185 -0.000832 -0.001133 -0.682593 0.025753 0.029196 0.266825 -0.079995 -9.805044 
227.798466 0.025557 -0.139575 0.469863 1019.574779 949.750379 143.585717 0.000000 0.000000 0.000000 7.196440 3.533375 1.379722 0.000000 0.000000 0.000000 -0.000186 -0.000886 -0.001139 -0.677533 0.028184 0.029412 0.266839 -0.079970 -9.805044 
227.897534 0.023230 -0.139056 0.470779 1020.345523 950.124942 143.735345 0.000000 0.000000 0.000000 7.203901 3.546347 1.389058 0.000000 0.000000 0.000000 -0.000151 -0.000937 -0.001145 -0.674960 0.029798 0.029035 0.266843 -0.079960 -9.805044 
227.997211 0.021763 -0.139149 0.471542 1021.109179 950.505409 143.883390 0.000000 0.000000 0.000000 7.181744 3.547267 1.370158 0.000000 0.000000 0.000000 -0.000187 -0.001005 -0.001135 -0.670580 0.029514 0.029712 0.266870 -0.079946 -9.805043 
228.098238 0.019244 -0.140089 0.472653 1021.863770 950.881214 144.025545 0.000000 0.000000 0.000000 7.179918 3.530277 1.362321 0.000000 0.000000 0.000000 -0.000170 -0.001077 -0.001131 -0.665703 0.029361 0.032996 0.266968 -0.079942 -9.805040 
228.197026 0.020236 -0.140224 0.473558 1022.640273 951.265181 144.168238 0.000000 0.000000 0.000000 7.212915 3.552674 1.351827 0.000000 0.000000 0.000000 -0.000196 -0.001073 -0.001124 -0.664757 0.028942 0.036917 0.267078 -0.079952 -9.805037 
228.297271 0.020219 -0.140219 0.474426 1023.413743 951.649096 144.312632 0.000000 0.000000 0.000000 7.239102 3.584647 1.361638 0.000000 0.000000 0.000000 -0.000206 -0.001088 -0.001123 -0.662330 0.028696 0.038463 0.267137 -0.079962 -9.805036 
228.397187 0.018546 -0.139361 0.475592 1024.194779 952.037581 144.459578 0.000000 0.000000 0.000000 7.261797 3.618060 1.362411 0.000000 0.000000 0.000000 -0.000186 -0.001070 -0.001131 -0.661643 0.028870 0.039445 0.267175 -0.079972 -9.805035 
228.497228 0.017437 -0.138419 0.476807 1024.977951 952.428773 144.606251 0.000000 0.000000 0.000000 7.276727 3.630418 1.361111 0.000000 0.000000 0.000000 -0.000231 -0.001049 -0.001120 -0.660735 0.028630 0.040306 0.267212 -0.079984 -9.805033 
228.598337 0.016760 -0.136599 0.477740 1025.753479 952.822478 144.750507 0.000000 0.000000 0.000000 7.295443 3.663488 1.338504 0.000000 0.000000 0.000000 -0.000257 -0.001056 -0.001117 -0.660583 0.027294 0.040308 0.267208 -0.079985 -9.805034 
228.698015 0.014745 -0.135297 0.478321 1026.535656 953.221962 144.893448 0.000000 0.000000 0.000000 7.312056 3.718846 1.329793 0.000000 0.000000 0.000000 -0.000249 -0.001038 -0.001107 -0.660693 0.025718 0.040377 0.267205 -0.079986 -9.805034 
228.798346 0.013842 -0.133624 0.478613 1027.318533 953.621821 145.034883 0.000000 0.000000 0.000000 7.335513 3.739697 1.308241 0.000000 0.000000 0.000000 -0.000266 -0.001039 -0.001108 -0.660614 0.025095 0.039765 0.267179 -0.079974 -9.805034 
228.897688 0.013797 -0.133286 0.478611 1028.109380 954.025353 145.176779 0.000000 0.000000 0.000000 7.362732 3.747552 1.285277 0.000000 0.000000 0.000000 -0.000297 -0.001025 -0.001121 -0.661256 0.025210 0.037892 0.267104 -0.079928 -9.805037 
228.997257 0.013574 -0.134090 0.478031 1028.909999 954.435268 145.317154 0.000000 0.000000 0.000000 7.395057 3.747670 1.262249 0.000000 0.000000 0.000000 -0.000284 -0.001027 -0.001118 -0.663297 0.024312 0.035960 0.267012 -0.079867 -9.805040 
229.098180 0.015554 -0.135982 0.477591 1029.704201 954.832553 145.454847 0.000000 0.000000 0.000000 7.414982 3.757915 1.278580 0.000000 0.000000 0.000000 -0.000262 -0.001056 -0.001119 -0.662843 0.026057 0.034023 0.266953 -0.079831 -9.805042 
229.197218 0.015803 -0.138787 0.477195 1030.510710 955.241573 145.599474 0.000000 0.000000 0.000000 7.442955 3.779893 1.321656 0.000000 0.000000 0.000000 -0.000276 -0.001033 -0.001118 -0.664870 0.026999 0.029789 0.266791 -0.079725 -9.805047 
229.298625 0.017570 -0.140938 0.477029 1031.311150 955.644073 145.746678 0.000000 0.000000 0.000000 7.474884 3.764580 1.383136 0.000000 0.000000 0.000000 -0.000278 -0.000982 -0.001128 -0.666383 0.028467 0.027233 0.266700 -0.079660 -9.805050 
229.397210 0.016896 -0.141816 0.476770 1032.126499 956.052567 145.900224 0.000000 0.000000 0.000000 7.481038 3.778319 1.408167 0.000000 0.000000 0.000000 -0.000243 -0.000932 -0.001130 -0.668659 0.029653 0.025537 0.266632 -0.079605 -9.805052 
229.497367 0.017176 -0.141681 0.476508 1032.934769 956.458153 146.055447 0.000000 0.000000 0.000000 7.471757 3.764095 1.435629 0.000000 0.000000 0.000000 -0.000261 -0.000899 -0.001135 -0.669106 0.030813 0.024202 0.266592 -0.079573 -9.805054 
229.598410 0.017559 -0.140365 0.475951 1033.732297 956.861518 146.210482 0.000000 0.000000 0.000000 7.452529 3.747926 1.432197 0.000000 0.000000 0.000000 -0.000270 -0.000894 -0.001127 -0.669131 0.030573 0.023181 0.266554 -0.079558 -9.805055 
229.697097 0.017121 -0.139448 0.475830 1034.549236 957.269598 146.367460 0.000000 0.000000 0.000000 7.455519 3.745106 1.421899 0.000000 0.000000 0.000000 -0.000260 -0.000838 -0.001129 -0.672153 0.032009 0.021420 0.266484 -0.079504 -9.805057 
229.798222 0.017976 -0.138972 0.475256 1035.351534 957.671813 146.520052 0.000000 0.000000 0.000000 7.447137 3.720328 1.402535 0.000000 0.000000 0.000000 -0.000293 -0.000810 -0.001116 -0.673641 0.032375 0.020762 0.266455 -0.079484 -9.805058 
229.897030 0.018140 -0.139237 0.475270 1036.163166 958.077946 146.672393 0.000000 0.000000 0.000000 7.434056 3.732728 1.392447 0.000000 0.000000 0.000000 -0.000276 -0.000774 -0.001129 -0.675662 0.032490 0.020389 0.266430 -0.079467 -9.805059 
229.998423 0.018890 -0.139350 0.474579 1036.955560 958.478570 146.821657 0.000000 0.000000 0.000000 7.417927 3.730993 1.397582 0.000000 0.000000 0.000000 -0.000316 -0.000759 -0.001111 -0.675722 0.031663 0.019916 0.266408 -0.079468 -9.805060 
230.098410 0.019404 -0.138586 0.474689 1037.754436 958.870728 146.971264 0.000000 0.000000 0.000000 7.428881 3.701356 1.411094 0.000000 0.000000 0.000000 -0.000256 -0.000738 -0.001128 -0.676537 0.034068 0.020207 0.266430 -0.079455 -9.805059 
230.197004 0.019555 -0.136953 0.474837 1038.573844 959.275300 147.127123 0.000000 0.000000 0.000000 7.446758 3.685120 1.414840 0.000000 0.000000 0.000000 -0.000254 -0.000659 -0.001133 -0.680191 0.035500 0.019121 0.266388 -0.079432 -9.805060 
230.298202 0.021324 -0.135330 0.474957 1039.371521 959.667343 147.277983 0.000000 0.000000 0.000000 7.427361 3.672571 1.398925 0.000000 0.000000 0.000000 -0.000240 -0.000655 -0.001138 -0.680499 0.036212 0.019301 0.266396 -0.079427 -9.805060 
230.397098 0.020535 -0.135055 0.474794 1040.178870 960.070681 147.428851 0.000000 0.000000 0.000000 7.395400 3.663230 1.374585 0.000000 0.000000 0.000000 -0.000250 -0.000647 -0.001134 -0.682677 0.034991 0.019158 0.266373 -0.079424 -9.805061 
230.498173 0.023740 -0.136484 0.474116 1040.963217 960.465046 147.572282 0.000000 0.000000 0.000000 7.359238 3.662917 1.352744 0.000000 0.000000 0.000000 -0.000285 -0.000663 -0.001126 -0.682506 0.032784 0.020016 0.266378 -0.079421 -9.805061 
230.598196 0.024591 -0.137543 0.474072 1041.752665 960.862109 147.720480 0.000000 0.000000 0.000000 7.364279 3.663959 1.353423 0.000000 0.000000 0.000000 -0.000320 -0.000654 -0.001139 -0.681978 0.032086 0.017532 0.266330 -0.079462 -9.805062 
230.696931 0.025410 -0.138630 0.473331 1042.552164 961.264542 147.871291 0.000000 0.000000 0.000000 7.366782 3.664565 1.398583 0.000000 0.000000 0.000000 -0.000316 -0.000593 -0.001136 -0.683469 0.030598 0.017403 0.266313 -0.079466 -9.805062 
230.798134 0.027290 -0.137192 0.473047 1043.356137 961.655948 148.024067 0.000000 0.000000 0.000000 7.399319 3.664387 1.432437 0.000000 0.000000 0.000000 -0.000282 -0.000524 -0.001151 -0.686663 0.033189 0.017501 0.266318 -0.079452 -9.805062 
230.897068 0.027273 -0.135687 0.471823 1044.159403 962.053700 148.179158 0.000000 0.000000 0.000000 7.407696 3.655865 1.433463 0.000000 0.000000 0.000000 -0.000283 -0.000493 -0.001141 -0.687602 0.033584 0.017233 0.266314 -0.079456 -9.805062 
230.997868 0.028028 -0.133713 0.471324 1044.954217 962.446215 148.331653 0.000000 0.000000 0.000000 7.395248 3.660866 1.382472 0.000000 0.000000 0.000000 -0.000331 -0.000491 -0.001147 -0.687627 0.033866 0.016645 0.266313 -0.079468 -9.805062 
231.096715 0.024748 -0.132528 0.470437 1045.753898 962.848890 148.485901 0.000000 0.000000 0.000000 7.369304 3.676045 1.362128 0.000000 0.000000 0.000000 -0.000318 -0.000501 -0.001156 -0.686394 0.033200 0.012335 0.266303 -0.079561 -9.805062 
231.196719 0.021207 -0.133253 0.470198 1046.558595 963.247379 148.634807 0.000000 0.000000 0.000000 7.372995 3.615148 1.353958 0.000000 0.000000 0.000000 -0.000365 -0.000494 -0.001152 -0.687339 0.033676 0.010823 0.266300 -0.079595 -9.805061 
231.298568 0.022294 -0.134225 0.469417 1047.333375 963.632005 148.777370 0.000000 0.000000 0.000000 7.347731 3.557127 1.351355 0.000000 0.000000 0.000000 -0.000395 -0.000522 -0.001140 -0.685372 0.032242 0.010931 0.266299 -0.079591 -9.805062 
231.396551 0.023381 -0.136035 0.468163 1048.138677 964.031676 148.924441 0.000000 0.000000 0.000000 7.335138 3.639946 1.341869 0.000000 0.000000 0.000000 -0.000342 -0.000491 -0.001138 -0.688536 0.030550 0.010534 0.266295 -0.079608 -9.805061 
231.497839 0.019674 -0.137734 0.468398 1048.926328 964.421718 149.071603 0.000000 0.000000 0.000000 7.359636 3.631941 1.373104 0.000000 0.000000 0.000000 -0.000350 -0.000494 -0.001141 -0.688445 0.030190 0.009602 0.266298 -0.079632 -9.805061 
231.597876 0.022596 -0.136806 0.468570 1049.717172 964.809524 149.216460 0.000000 0.000000 0.000000 7.378668 3.532255 1.409896 0.000000 0.000000 0.000000 -0.000346 -0.000434 -0.001128 -0.689919 0.028265 0.013244 0.266271 -0.079546 -9.805063 
231.697279 0.028418 -0.133857 0.468712 1050.521612 965.197079 149.368540 0.000000 0.000000 0.000000 7.371376 3.611549 1.430652 0.000000 0.000000 0.000000 -0.000383 -0.000406 -0.001136 -0.692361 0.028809 0.012876 0.266278 -0.079562 -9.805062 
231.797973 0.025273 -0.132736 0.468686 1051.308813 965.587516 149.522374 0.000000 0.000000 0.000000 7.319091 3.679412 1.373258 0.000000 0.000000 0.000000 -0.000361 -0.000364 -0.001151 -0.692062 0.028484 0.011710 0.266289 -0.079586 -9.805062 
231.896851 0.022854 -0.130609 0.467933 1052.101454 965.981561 149.673718 0.000000 0.000000 0.000000 7.287553 3.609677 1.360000 0.000000 0.000000 0.000000 -0.000412 -0.000405 -0.001122 -0.691582 0.028331 0.008959 0.266319 -0.079630 -9.805061 
231.997787 0.022343 -0.130227 0.468022 1052.887213 966.369097 149.818596 0.000000 0.000000 0.000000 7.277818 3.584912 1.324474 0.000000 0.000000 0.000000 -0.000407 -0.000432 -0.001135 -0.692481 0.028070 0.008807 0.266321 -0.079636 -9.805061 
232.097977 0.021624 -0.133022 0.467246 1053.662216 966.757668 149.958635 0.000000 0.000000 0.000000 7.243854 3.592135 1.296121 0.000000 0.000000 0.000000 -0.000368 -0.000476 -0.001142 -0.692352 0.025857 0.008231 0.266327 -0.079644 -9.805060 
232.196506 0.022182 -0.137641 0.466841 1054.454867 967.151092 150.100206 0.000000 0.000000 0.000000 7.265030 3.580508 1.317381 0.000000 0.000000 0.000000 -0.000415 -0.000469 -0.001137 -0.694067 0.025092 0.008149 0.266330 -0.079651 -9.805060 
232.296444 0.022662 -0.139603 0.466332 1055.239936 967.540718 150.247944 0.000000 0.000000 0.000000 7.267806 3.595364 1.386038 0.000000 0.000000 0.000000 -0.000405 -0.000487 -0.001139 -0.692838 0.024501 0.006267 0.266350 -0.079674 -9.805059 
232.396392 0.021402 -0.140104 0.465572 1056.033783 967.933566 150.401147 0.000000 0.000000 0.000000 7.286942 3.612202 1.463243 0.000000 0.000000 0.000000 -0.000408 -0.000434 -0.001124 -0.693273 0.024766 0.007240 0.266340 -0.079665 -9.805060 
232.497710 0.021114 -0.137995 0.465209 1056.817085 968.318993 150.556466 0.000000 0.000000 0.000000 7.293863 3.593759 1.470217 0.000000 0.000000 0.000000 -0.000412 -0.000416 -0.001121 -0.693145 0.025617 0.008989 0.266321 -0.079652 -9.805060 
232.598002 0.020267 -0.136526 0.465042 1057.601050 968.703442 150.708769 0.000000 0.000000 0.000000 7.282576 3.587832 1.410707 0.000000 0.000000 0.000000 -0.000407 -0.000416 -0.001127 -0.693962 0.026452 0.011108 0.266302 -0.079650 -9.805061 
232.697379 0.020266 -0.136745 0.464818 1058.385852 969.086373 150.856646 0.000000 0.000000 0.000000 7.274055 3.542431 1.365257 0.000000 0.000000 0.000000 -0.000385 -0.000456 -0.001128 -0.693702 0.027238 0.012789 0.266288 -0.079647 -9.805061 
232.797922 0.022072 -0.138530 0.464787 1059.168671 969.469960 151.001514 0.000000 0.000000 0.000000 7.275232 3.551049 1.360433 0.000000 0.000000 0.000000 -0.000384 -0.000474 -0.001122 -0.694941 0.026291 0.013582 0.266287 -0.079651 -9.805061 
232.896928 0.023069 -0.141368 0.465119 1059.974531 969.864979 151.149876 0.000000 0.000000 0.000000 7.315359 3.602161 1.381931 0.000000 0.000000 0.000000 -0.000387 -0.000416 -0.001121 -0.700003 0.025339 0.014592 0.266297 -0.079668 -9.805061 
232.997932 0.024234 -0.142422 0.465183 1060.761690 970.251848 151.300728 0.000000 0.000000 0.000000 7.329921 3.612862 1.450568 0.000000 0.000000 0.000000 -0.000391 -0.000397 -0.001109 -0.700672 0.025403 0.015122 0.266297 -0.079671 -9.805061 
233.097786 0.024396 -0.142088 0.465576 1061.550336 970.638762 151.455827 0.000000 0.000000 0.000000 7.337677 3.604492 1.482183 0.000000 0.000000 0.000000 -0.000368 -0.000389 -0.001109 -0.700378 0.026117 0.016840 0.266296 -0.079674 -9.805061 
233.197547 0.024790 -0.141136 0.466264 1062.339067 971.025701 151.611927 0.000000 0.000000 0.000000 7.338366 3.586457 1.483259 0.000000 0.000000 0.000000 -0.000356 -0.000370 -0.001115 -0.699648 0.026717 0.019703 0.266298 -0.079682 -9.805061 
233.297560 0.026249 -0.139957 0.466905 1063.132382 971.410623 151.768167 0.000000 0.000000 0.000000 7.346205 3.583233 1.451749 0.000000 0.000000 0.000000 -0.000343 -0.000380 -0.001103 -0.700025 0.028065 0.021394 0.266302 -0.079691 -9.805061 
233.397597 0.026703 -0.139941 0.467840 1063.924432 971.796566 151.922649 0.000000 0.000000 0.000000 7.347820 3.600594 1.436444 0.000000 0.000000 0.000000 -0.000346 -0.000379 -0.001108 -0.700205 0.029254 0.022444 0.266305 -0.079697 -9.805060 
233.497691 0.027871 -0.139791 0.468293 1064.720308 972.186136 152.075861 0.000000 0.000000 0.000000 7.369818 3.602058 1.437402 0.000000 0.000000 0.000000 -0.000347 -0.000375 -0.001101 -0.701814 0.029511 0.023087 0.266308 -0.079706 -9.805060 
233.597236 0.028149 -0.140411 0.468869 1065.520189 972.580026 152.230286 0.000000 0.000000 0.000000 7.383911 3.633589 1.447737 0.000000 0.000000 0.000000 -0.000346 -0.000343 -0.001101 -0.703369 0.028910 0.024051 0.266314 -0.079713 -9.805060 
233.696528 0.027794 -0.140444 0.469408 1066.327734 972.976961 152.387205 0.000000 0.000000 0.000000 7.396400 3.647199 1.447742 0.000000 0.000000 0.000000 -0.000359 -0.000329 -0.001103 -0.704705 0.029632 0.024731 0.266317 -0.079719 -9.805060 
233.797700 0.028186 -0.140192 0.469797 1067.121445 973.369690 152.541229 0.000000 0.000000 0.000000 7.404306 3.660510 1.464281 0.000000 0.000000 0.000000 -0.000353 -0.000316 -0.001103 -0.704044 0.029470 0.026349 0.266327 -0.079720 -9.805060 
233.896582 0.027231 -0.139262 0.469895 1067.933610 973.772042 152.700349 0.000000 0.000000 0.000000 7.426476 3.677137 1.470651 0.000000 0.000000 0.000000 -0.000343 -0.000285 -0.001097 -0.706545 0.028995 0.026750 0.266327 -0.079726 -9.805060 
233.997898 0.028501 -0.137742 0.470094 1068.724342 974.164033 152.855785 0.000000 0.000000 0.000000 7.410371 3.675269 1.459844 0.000000 0.000000 0.000000 -0.000342 -0.000295 -0.001103 -0.704951 0.029150 0.027786 0.266334 -0.079723 -9.805059 
234.096503 0.027715 -0.137351 0.469823 1069.529349 974.562774 153.012803 0.000000 0.000000 0.000000 7.392058 3.693995 1.428111 0.000000 0.000000 0.000000 -0.000332 -0.000310 -0.001111 -0.704829 0.029860 0.028062 0.266336 -0.079723 -9.805059 
234.197674 0.027034 -0.137662 0.469773 1070.316925 974.953604 153.163589 0.000000 0.000000 0.000000 7.399106 3.661389 1.417625 0.000000 0.000000 0.000000 -0.000363 -0.000342 -0.001117 -0.702096 0.031191 0.029267 0.266344 -0.079718 -9.805059 
234.297723 0.026991 -0.138735 0.469269 1071.117775 975.349582 153.314328 0.000000 0.000000 0.000000 7.424107 3.651220 1.413484 0.000000 0.000000 0.000000 -0.000332 -0.000307 -0.001104 -0.703626 0.031301 0.030588 0.266346 -0.079714 -9.805059 
234.397443 0.027040 -0.138793 0.469577 1071.926621 975.747134 153.466795 0.000000 0.000000 0.000000 7.458658 3.674679 1.433480 0.000000 0.000000 0.000000 -0.000333 -0.000283 -0.001102 -0.706103 0.031675 0.031914 0.266346 -0.079709 -9.805059 
234.498045 0.027538 -0.137954 0.469983 1072.732074 976.144882 153.620503 0.000000 0.000000 0.000000 7.486349 3.692345 1.448300 0.000000 0.000000 0.000000 -0.000362 -0.000247 -0.001089 -0.707716 0.031693 0.032739 0.266344 -0.079705 -9.805059 
234.597926 0.027895 -0.136617 0.470252 1073.541200 976.546150 153.776400 0.000000 0.000000 0.000000 7.487676 3.709807 1.444887 0.000000 0.000000 0.000000 -0.000307 -0.000212 -0.001093 -0.710500 0.031289 0.032470 0.266341 -0.079709 -9.805059 
234.698699 0.027122 -0.135923 0.470815 1074.350181 976.945738 153.930399 0.000000 0.000000 0.000000 7.520378 3.725390 1.433160 0.000000 0.000000 0.000000 -0.000335 -0.000175 -0.001087 -0.713731 0.031971 0.032320 0.266337 -0.079713 -9.805059 
234.798157 0.027682 -0.135040 0.471203 1075.153922 977.346347 154.085404 0.000000 0.000000 0.000000 7.524816 3.711269 1.372421 0.000000 0.000000 0.000000 -0.000396 -0.000180 -0.001078 -0.714844 0.031628 0.030117 0.266345 -0.079725 -9.805059 
234.896569 0.027136 -0.134524 0.471271 1075.976665 977.753780 154.238583 0.000000 0.000000 0.000000 7.533910 3.704598 1.404603 0.000000 0.000000 0.000000 -0.000281 -0.000205 -0.001089 -0.717466 0.031524 0.028039 0.266353 -0.079738 -9.805059 
234.997486 0.026131 -0.136433 0.471854 1076.787297 978.154614 154.390073 0.000000 0.000000 0.000000 7.537080 3.735793 1.379738 0.000000 0.000000 0.000000 -0.000334 -0.000213 -0.001079 -0.718007 0.030804 0.026604 0.266358 -0.079748 -9.805059 
235.097606 0.027717 -0.137576 0.471995 1077.603733 978.561373 154.541976 0.000000 0.000000 0.000000 7.584309 3.783804 1.405706 0.000000 0.000000 0.000000 -0.000392 -0.000205 -0.001089 -0.720426 0.029684 0.025539 0.266362 -0.079756 -9.805058 
235.197472 0.026638 -0.139778 0.471674 1078.421501 978.970799 154.695135 0.000000 0.000000 0.000000 7.610920 3.810375 1.438680 0.000000 0.000000 0.000000 -0.000341 -0.000177 -0.001100 -0.721557 0.028599 0.024741 0.266365 -0.079761 -9.805058 
235.297674 0.025599 -0.139753 0.471610 1079.238712 979.376656 154.851869 0.000000 0.000000 0.000000 7.625598 3.804875 1.477242 0.000000 0.000000 0.000000 -0.000354 -0.000149 -0.001119 -0.721211 0.029114 0.024860 0.266365 -0.079761 -9.805058 
235.397695 0.026132 -0.137776 0.470233 1080.066686 979.785085 155.011230 0.000000 0.000000 0.000000 7.657724 3.801774 1.493930 0.000000 0.000000 0.000000 -0.000351 -0.000105 -0.001124 -0.722979 0.030483 0.025300 0.266364 -0.079760 -9.805058 
235.497601 0.023286 -0.136124 0.469383 1080.892093 980.196237 155.171499 0.000000 0.000000 0.000000 7.662967 3.800522 1.460078 0.000000 0.000000 0.000000 -0.000324 -0.000124 -0.001129 -0.724216 0.029561 0.024333 0.266368 -0.079761 -9.805058 
235.597427 0.022823 -0.135796 0.468559 1081.709347 980.604557 155.328684 0.000000 0.000000 0.000000 7.644086 3.807296 1.424287 0.000000 0.000000 0.000000 -0.000399 -0.000170 -0.001121 -0.722837 0.028663 0.022733 0.266376 -0.079759 -9.805058 
235.696321 0.021611 -0.137312 0.467504 1082.552969 981.025064 155.486492 0.000000 0.000000 0.000000 7.670275 3.821499 1.412282 0.000000 0.000000 0.000000 -0.000357 -0.000179 -0.001125 -0.727307 0.027657 0.020219 0.266389 -0.079757 -9.805058 
235.797405 0.020486 -0.139848 0.467076 1083.373801 981.434791 155.640720 0.000000 0.000000 0.000000 7.684251 3.843679 1.438223 0.000000 0.000000 0.000000 -0.000372 -0.000201 -0.001123 -0.725869 0.027116 0.018972 0.266391 -0.079756 -9.805058 
235.896407 0.021093 -0.140825 0.466268 1084.216408 981.853487 155.799778 0.000000 0.000000 0.000000 7.722271 3.845085 1.478030 0.000000 0.000000 0.000000 -0.000394 -0.000172 -0.001115 -0.727701 0.027670 0.018337 0.266393 -0.079756 -9.805058 
235.996732 0.019392 -0.141504 0.466149 1085.054007 982.266463 155.960552 0.000000 0.000000 0.000000 7.750743 3.827043 1.520036 0.000000 0.000000 0.000000 -0.000309 -0.000168 -0.001120 -0.727151 0.028431 0.019507 0.266392 -0.079761 -9.805058 
236.097658 0.020506 -0.141516 0.466391 1085.879329 982.672212 156.120441 0.000000 0.000000 0.000000 7.755250 3.817304 1.491159 0.000000 0.000000 0.000000 -0.000329 -0.000202 -0.001100 -0.724902 0.028753 0.020657 0.266391 -0.079764 -9.805058 
236.197725 0.022890 -0.142381 0.467172 1086.714228 983.082024 156.279742 0.000000 0.000000 0.000000 7.793330 3.842096 1.507771 0.000000 0.000000 0.000000 -0.000279 -0.000195 -0.001101 -0.725092 0.029132 0.021252 0.266392 -0.079768 -9.805058 
236.297556 0.023369 -0.142180 0.468301 1087.555689 983.494699 156.440323 0.000000 0.000000 0.000000 7.848730 3.874063 1.532513 0.000000 0.000000 0.000000 -0.000269 -0.000159 -0.001089 -0.724610 0.029754 0.023359 0.266396 -0.079786 -9.805057 
236.396724 0.025877 -0.139152 0.469315 1088.411191 983.916828 156.605340 0.000000 0.000000 0.000000 7.889124 3.934924 1.548160 0.000000 0.000000 0.000000 -0.000304 -0.000101 -0.001093 -0.724989 0.030387 0.025311 0.266397 -0.079812 -9.805057 
236.497756 0.024380 -0.135118 0.470397 1089.255725 984.332458 156.771337 0.000000 0.000000 0.000000 7.897106 3.944604 1.523613 0.000000 0.000000 0.000000 -0.000257 -0.000125 -0.001106 -0.723410 0.032626 0.025153 0.266391 -0.079813 -9.805057 
236.597846 0.023266 -0.133146 0.471403 1090.101065 984.750760 156.932364 0.000000 0.000000 0.000000 7.905584 3.931177 1.466876 0.000000 0.000000 0.000000 -0.000292 -0.000176 -0.001103 -0.722553 0.033952 0.024856 0.266387 -0.079811 -9.805057 
236.697784 0.023982 -0.134513 0.472067 1090.950093 985.171287 157.089414 0.000000 0.000000 0.000000 7.901168 3.955769 1.411368 0.000000 0.000000 0.000000 -0.000262 -0.000235 -0.001112 -0.723584 0.034788 0.022689 0.266380 -0.079774 -9.805058 
236.797595 0.022791 -0.139412 0.472763 1091.802520 985.596935 157.243525 0.000000 0.000000 0.000000 7.942934 3.974258 1.440331 0.000000 0.000000 0.000000 -0.000225 -0.000265 -0.001116 -0.725029 0.034771 0.021201 0.266374 -0.079749 -9.805058 
236.897724 0.024746 -0.143123 0.473172 1092.654583 986.025322 157.401693 0.000000 0.000000 0.000000 7.984560 4.009036 1.516828 0.000000 0.000000 0.000000 -0.000275 -0.000261 -0.001100 -0.724875 0.033763 0.020901 0.266376 -0.079743 -9.805058 
236.997512 0.024113 -0.145381 0.473746 1093.523389 986.460204 157.567886 0.000000 0.000000 0.000000 8.051184 4.070046 1.605041 0.000000 0.000000 0.000000 -0.000220 -0.000188 -0.001112 -0.726612 0.034837 0.022281 0.266374 -0.079761 -9.805058 
237.097574 0.024305 -0.144384 0.474028 1094.388383 986.894011 157.740277 0.000000 0.000000 0.000000 8.065915 4.079398 1.636237 0.000000 0.000000 0.000000 -0.000266 -0.000171 -0.001105 -0.724919 0.036300 0.024116 0.266381 -0.079790 -9.805058 
237.197603 0.023679 -0.143268 0.474616 1095.258030 987.331454 157.913629 0.000000 0.000000 0.000000 8.103317 4.088348 1.638467 0.000000 0.000000 0.000000 -0.000223 -0.000167 -0.001117 -0.724488 0.037022 0.025974 0.266384 -0.079821 -9.805057 
237.297815 0.024088 -0.142700 0.474986 1096.129812 987.767354 158.085687 0.000000 0.000000 0.000000 8.123558 4.112468 1.584046 0.000000 0.000000 0.000000 -0.000237 -0.000166 -0.001115 -0.724484 0.038559 0.026644 0.266389 -0.079829 -9.805057 
237.396845 0.023640 -0.142342 0.475296 1097.008888 988.210851 158.256706 0.000000 0.000000 0.000000 8.155597 4.145442 1.600922 0.000000 0.000000 0.000000 -0.000215 -0.000192 -0.001117 -0.723998 0.039211 0.027038 0.266392 -0.079836 -9.805057 
237.496807 0.024931 -0.142427 0.475192 1097.897856 988.659226 158.429748 0.000000 0.000000 0.000000 8.180194 4.170323 1.588284 0.000000 0.000000 0.000000 -0.000251 -0.000186 -0.001102 -0.725709 0.039848 0.026512 0.266388 -0.079823 -9.805057 
237.596779 0.023982 -0.143684 0.475579 1098.790563 989.111447 158.602261 0.000000 0.000000 0.000000 8.215627 4.210179 1.605602 0.000000 0.000000 0.000000 -0.000160 -0.000197 -0.001124 -0.727183 0.040539 0.026658 0.266385 -0.079820 -9.805057 
237.697124 0.025024 -0.145435 0.475978 1099.678769 989.557986 158.776339 0.000000 0.000000 0.000000 8.237418 4.195871 1.608392 0.000000 0.000000 0.000000 -0.000204 -0.000205 -0.001126 -0.726786 0.043374 0.026280 0.266391 -0.079815 -9.805057 
237.797940 0.024501 -0.146844 0.476038 1100.558942 990.001180 158.949438 0.000000 0.000000 0.000000 8.266620 4.202433 1.656766 0.000000 0.000000 0.000000 -0.000155 -0.000216 -0.001137 -0.724697 0.045904 0.027275 0.266411 -0.079828 -9.805057 
237.896557 0.023335 -0.147771 0.475894 1101.460386 990.455314 159.129972 0.000000 0.000000 0.000000 8.291200 4.212474 1.682367 0.000000 0.000000 0.000000 -0.000175 -0.000212 -0.001133 -0.725152 0.047423 0.027523 0.266416 -0.079827 -9.805056 
237.997640 0.023587 -0.148145 0.475259 1102.355800 990.906438 159.310623 0.000000 0.000000 0.000000 8.366544 4.240899 1.701589 0.000000 0.000000 0.000000 -0.000173 -0.000210 -0.001147 -0.725636 0.048786 0.028527 0.266428 -0.079830 -9.805056 
238.097676 0.021573 -0.148414 0.474388 1103.252366 991.357284 159.493459 0.000000 0.000000 0.000000 8.395842 4.221311 1.688346 0.000000 0.000000 0.000000 -0.000155 -0.000201 -0.001156 -0.724928 0.049850 0.029048 0.266441 -0.079834 -9.805056 
238.196704 0.020575 -0.147467 0.473581 1104.166703 991.816731 159.676535 0.000000 0.000000 0.000000 8.458332 4.220464 1.731762 0.000000 0.000000 0.000000 -0.000172 -0.000187 -0.001151 -0.725678 0.049932 0.030467 0.266459 -0.079839 -9.805055 
238.297847 0.019076 -0.147421 0.473323 1105.068299 992.270205 159.857442 0.000000 0.000000 0.000000 8.462809 4.219663 1.675176 0.000000 0.000000 0.000000 -0.000152 -0.000197 -0.001157 -0.724505 0.048586 0.031679 0.266481 -0.079848 -9.805054 
238.396673 0.019272 -0.146976 0.472645 1105.987394 992.729644 160.038848 0.000000 0.000000 0.000000 8.509231 4.237519 1.681767 0.000000 0.000000 0.000000 -0.000182 -0.000209 -0.001143 -0.724714 0.048155 0.033279 0.266513 -0.079851 -9.805054 
238.497803 0.020438 -0.147943 0.472321 1106.898744 993.186776 160.217463 0.000000 0.000000 0.000000 8.531924 4.249307 1.686277 0.000000 0.000000 0.000000 -0.000180 -0.000222 -0.001138 -0.725095 0.047060 0.033277 0.266512 -0.079850 -9.805054 
238.596711 0.020777 -0.148883 0.472495 1107.819945 993.653353 160.401753 0.000000 0.000000 0.000000 8.548035 4.291366 1.711972 0.000000 0.000000 0.000000 -0.000229 -0.000207 -0.001118 -0.724839 0.044886 0.033426 0.266515 -0.079851 -9.805054 
238.696970 0.020570 -0.149112 0.472767 1108.739771 994.115590 160.585943 0.000000 0.000000 0.000000 8.573466 4.323645 1.752011 0.000000 0.000000 0.000000 -0.000214 -0.000223 -0.001123 -0.723324 0.045324 0.034522 0.266549 -0.079853 -9.805053 
238.797883 0.020636 -0.150250 0.472814 1109.656871 994.577465 160.770742 0.000000 0.000000 0.000000 8.600102 4.348590 1.727214 0.000000 0.000000 0.000000 -0.000236 -0.000229 -0.001131 -0.722378 0.045707 0.035133 0.266569 -0.079855 -9.805052 
238.896838 0.019740 -0.150674 0.472595 1110.590274 995.045733 160.958147 0.000000 0.000000 0.000000 8.654608 4.353046 1.760870 0.000000 0.000000 0.000000 -0.000202 -0.000230 -0.001133 -0.722251 0.046171 0.035835 0.266589 -0.079855 -9.805051 
238.996900 0.019916 -0.150249 0.472196 1111.532593 995.518190 161.148452 0.000000 0.000000 0.000000 8.705386 4.372930 1.783877 0.000000 0.000000 0.000000 -0.000186 -0.000226 -0.001130 -0.723479 0.046160 0.036520 0.266604 -0.079855 -9.805051 
239.098004 0.019825 -0.150804 0.472179 1112.461878 995.985540 161.335726 0.000000 0.000000 0.000000 8.718197 4.391499 1.765159 0.000000 0.000000 0.000000 -0.000179 -0.000242 -0.001134 -0.722856 0.045600 0.037384 0.266632 -0.079857 -9.805050 
239.196719 0.019718 -0.152090 0.471896 1113.407863 996.461411 161.526179 0.000000 0.000000 0.000000 8.757267 4.428000 1.776709 0.000000 0.000000 0.000000 -0.000160 -0.000223 -0.001131 -0.722597 0.045614 0.038397 0.266663 -0.079858 -9.805049 
239.297995 0.019617 -0.151759 0.471591 1114.347072 996.929577 161.715828 0.000000 0.000000 0.000000 8.797274 4.431986 1.793026 0.000000 0.000000 0.000000 -0.000186 -0.000221 -0.001128 -0.721507 0.047598 0.039419 0.266696 -0.079865 -9.805048 
239.396478 0.018033 -0.151070 0.471521 1115.306045 997.409151 161.909110 0.000000 0.000000 0.000000 8.879367 4.434422 1.781979 0.000000 0.000000 0.000000 -0.000121 -0.000211 -0.001145 -0.721602 0.048291 0.040464 0.266725 -0.079871 -9.805048 
239.496778 0.019058 -0.150488 0.471136 1116.268440 997.887107 162.100543 0.000000 0.000000 0.000000 8.921915 4.455919 1.760641 0.000000 0.000000 0.000000 -0.000171 -0.000218 -0.001142 -0.721328 0.049681 0.040875 0.266734 -0.079876 -9.805047 
239.597405 0.017384 -0.150150 0.471156 1117.230015 998.367263 162.292021 0.000000 0.000000 0.000000 8.974514 4.469646 1.776041 0.000000 0.000000 0.000000 -0.000165 -0.000233 -0.001150 -0.721871 0.049746 0.040028 0.266707 -0.079870 -9.805048 
239.696246 0.017616 -0.150272 0.470978 1118.205108 998.854376 162.486574 0.000000 0.000000 0.000000 9.009557 4.488596 1.791080 0.000000 0.000000 0.000000 -0.000189 -0.000243 -0.001140 -0.722095 0.049394 0.038577 0.266668 -0.079858 -9.805049 
239.797298 0.015889 -0.151473 0.471079 1119.170642 999.336349 162.679150 0.000000 0.000000 0.000000 9.011739 4.513631 1.762745 0.000000 0.000000 0.000000 -0.000144 -0.000240 -0.001140 -0.721156 0.049233 0.038274 0.266664 -0.079857 -9.805049 
239.896325 0.016342 -0.152112 0.471065 1120.152216 999.828897 162.874684 0.000000 0.000000 0.000000 9.068459 4.534378 1.804868 0.000000 0.000000 0.000000 -0.000197 -0.000271 -0.001122 -0.722053 0.048964 0.036929 0.266625 -0.079846 -9.805051 
239.997377 0.016633 -0.153086 0.471457 1121.127630 1000.317535 163.070142 0.000000 0.000000 0.000000 9.113171 4.551122 1.820348 0.000000 0.000000 0.000000 -0.000160 -0.000255 -0.001124 -0.722495 0.048977 0.036302 0.266607 -0.079841 -9.805051 
240.097595 0.016642 -0.152846 0.471879 1122.103121 1000.805468 163.268018 0.000000 0.000000 0.000000 9.123283 4.583762 1.866599 0.000000 0.000000 0.000000 -0.000181 -0.000243 -0.001124 -0.721960 0.049807 0.035764 0.266594 -0.079838 -9.805051 
240.196500 0.016432 -0.152381 0.471720 1123.100578 1001.304131 163.470533 0.000000 0.000000 0.000000 9.152629 4.573711 1.854897 0.000000 0.000000 0.000000 -0.000183 -0.000244 -0.001109 -0.724085 0.050799 0.035342 0.266576 -0.079833 -9.805052 
240.297659 0.017567 -0.152655 0.472117 1124.080807 1001.795413 163.669835 0.000000 0.000000 0.000000 9.160474 4.595709 1.839170 0.000000 0.000000 0.000000 -0.000165 -0.000282 -0.001116 -0.723907 0.050530 0.034447 0.266556 -0.079825 -9.805053 
240.396495 0.016997 -0.154764 0.472491 1125.080333 1002.293320 163.872326 0.000000 0.000000 0.000000 9.202331 4.595866 1.857464 0.000000 0.000000 0.000000 -0.000169 -0.000299 -0.001123 -0.725456 0.052117 0.032928 0.266515 -0.079813 -9.805054 
240.497779 0.018731 -0.156533 0.472272 1126.066791 1002.787128 164.074414 0.000000 0.000000 0.000000 9.225194 4.612587 1.883032 0.000000 0.000000 0.000000 -0.000156 -0.000308 -0.001107 -0.725341 0.051542 0.032360 0.266502 -0.079809 -9.805054 
240.597861 0.019187 -0.159221 0.472483 1127.061890 1003.288753 164.281396 0.000000 0.000000 0.000000 9.253462 4.670805 1.930922 0.000000 0.000000 0.000000 -0.000221 -0.000296 -0.001108 -0.727733 0.051321 0.030663 0.266455 -0.079799 -9.805056 
240.696646 0.018766 -0.161037 0.472427 1128.071136 1003.793086 164.492990 0.000000 0.000000 0.000000 9.306135 4.675588 1.982912 0.000000 0.000000 0.000000 -0.000168 -0.000276 -0.001117 -0.729004 0.052325 0.031094 0.266463 -0.079799 -9.805055 
240.797823 0.018493 -0.161291 0.472451 1129.070598 1004.295121 164.705718 0.000000 0.000000 0.000000 9.339653 4.717443 2.017946 0.000000 0.000000 0.000000 -0.000165 -0.000265 -0.001118 -0.729259 0.052104 0.032032 0.266485 -0.079803 -9.805055 
240.896693 0.017317 -0.160742 0.472608 1130.093462 1004.810182 164.924736 0.000000 0.000000 0.000000 9.389413 4.752141 2.035093 0.000000 0.000000 0.000000 -0.000140 -0.000236 -0.001125 -0.731887 0.052049 0.032448 0.266487 -0.079804 -9.805055 
240.997145 0.017984 -0.160272 0.472446 1131.115503 1005.325894 165.142780 0.000000 0.000000 0.000000 9.434902 4.769957 2.021893 0.000000 0.000000 0.000000 -0.000164 -0.000205 -0.001111 -0.734039 0.051865 0.033124 0.266498 -0.079806 -9.805054 
241.097686 0.019118 -0.159416 0.472655 1132.142567 1005.843007 165.360303 0.000000 0.000000 0.000000 9.506645 4.798137 2.022418 0.000000 0.000000 0.000000 -0.000141 -0.000203 -0.001116 -0.737233 0.051983 0.032534 0.266472 -0.079802 -9.805055 
241.196661 0.019488 -0.159574 0.472778 1133.178187 1006.364303 165.579725 0.000000 0.000000 0.000000 9.550984 4.834695 2.028747 0.000000 0.000000 0.000000 -0.000140 -0.000165 -0.001115 -0.738624 0.052361 0.032419 0.266464 -0.079801 -9.805055 
241.297707 0.019324 -0.158582 0.473076 1134.198656 1006.874203 165.796274 0.000000 0.000000 0.000000 9.567414 4.832071 2.036855 0.000000 0.000000 0.000000 -0.000120 -0.000191 -0.001130 -0.737293 0.054390 0.032998 0.266482 -0.079805 -9.805055 
241.396688 0.018944 -0.159079 0.473244 1135.242482 1007.399544 166.016036 0.000000 0.000000 0.000000 9.585074 4.863408 2.017360 0.000000 0.000000 0.000000 -0.000125 -0.000177 -0.001134 -0.738992 0.054999 0.032966 0.266475 -0.079804 -9.805055 
241.497012 0.017353 -0.160322 0.473325 1136.286959 1007.926356 166.233732 0.000000 0.000000 0.000000 9.628495 4.875231 2.038725 0.000000 0.000000 0.000000 -0.000095 -0.000171 -0.001133 -0.740942 0.055596 0.033408 0.266479 -0.079804 -9.805055 
241.597583 0.018589 -0.161601 0.473580 1137.320826 1008.446536 166.453650 0.000000 0.000000 0.000000 9.652885 4.859985 2.064167 0.000000 0.000000 0.000000 -0.000135 -0.000197 -0.001130 -0.741029 0.056572 0.032609 0.266456 -0.079805 -9.805055 
241.696465 0.018454 -0.164034 0.473307 1138.369642 1008.974289 166.676221 0.000000 0.000000 0.000000 9.666203 4.900837 2.082913 0.000000 0.000000 0.000000 -0.000067 -0.000202 -0.001115 -0.741120 0.056751 0.033401 0.266478 -0.079803 -9.805055 
241.797635 0.018935 -0.165787 0.473620 1139.408416 1009.498657 166.900478 0.000000 0.000000 0.000000 9.695567 4.879272 2.133332 0.000000 0.000000 0.000000 -0.000105 -0.000201 -0.001115 -0.741303 0.057324 0.033936 0.266492 -0.079801 -9.805055 
241.896537 0.022809 -0.167037 0.474546 1140.462315 1010.025238 167.129109 0.000000 0.000000 0.000000 9.746001 4.868487 2.145716 0.000000 0.000000 0.000000 -0.000075 -0.000200 -0.001125 -0.741770 0.057647 0.036059 0.266549 -0.079789 -9.805053 
241.997628 0.021621 -0.166733 0.475156 1141.506428 1010.547438 167.360610 0.000000 0.000000 0.000000 9.777102 4.973347 2.214390 0.000000 0.000000 0.000000 -0.000062 -0.000175 -0.001137 -0.740712 0.059264 0.036794 0.266577 -0.079782 -9.805052 
242.097176 0.019621 -0.163844 0.474923 1142.559228 1011.081893 167.596302 0.000000 0.000000 0.000000 9.844960 4.945980 2.226282 0.000000 0.000000 0.000000 -0.000092 -0.000117 -0.001118 -0.740420 0.058874 0.039202 0.266646 -0.079774 -9.805051 
242.197313 0.018805 -0.158187 0.475223 1143.614475 1011.611513 167.829821 0.000000 0.000000 0.000000 9.844478 4.954258 2.122921 0.000000 0.000000 0.000000 -0.000078 -0.000164 -0.001155 -0.739577 0.059357 0.039982 0.266672 -0.079772 -9.805050 
242.297815 0.018088 -0.157489 0.474356 1144.672817 1012.140588 168.054127 0.000000 0.000000 0.000000 9.856481 4.943944 2.056076 0.000000 0.000000 0.000000 -0.000076 -0.000165 -0.001179 -0.740579 0.060444 0.040251 0.266674 -0.079771 -9.805050 
242.396551 0.016735 -0.159979 0.473142 1145.743201 1012.676382 168.273273 0.000000 0.000000 0.000000 9.873340 4.911635 2.001960 0.000000 0.000000 0.000000 -0.000080 -0.000220 -0.001161 -0.741426 0.059707 0.040741 0.266686 -0.079765 -9.805050 
242.496461 0.020002 -0.163934 0.472697 1146.825613 1013.215828 168.495633 0.000000 0.000000 0.000000 9.924343 4.921555 2.059678 0.000000 0.000000 0.000000 -0.000101 -0.000212 -0.001163 -0.744614 0.058239 0.040667 0.266676 -0.079755 -9.805050 
242.597383 0.019642 -0.167799 0.471651 1147.882868 1013.747104 168.720064 0.000000 0.000000 0.000000 9.917823 4.984661 2.170148 0.000000 0.000000 0.000000 -0.000068 -0.000232 -0.001172 -0.742806 0.057437 0.041068 0.266693 -0.079752 -9.805049 
242.696802 0.018230 -0.170830 0.470510 1148.961180 1014.289380 168.957997 0.000000 0.000000 0.000000 9.984130 4.914744 2.212977 0.000000 0.000000 0.000000 -0.000093 -0.000187 -0.001164 -0.744385 0.056600 0.041372 0.266697 -0.079746 -9.805049 
242.798264 0.022409 -0.169860 0.470002 1150.019916 1014.812640 169.193303 0.000000 0.000000 0.000000 10.022803 4.901866 2.276203 0.000000 0.000000 0.000000 -0.000104 -0.000202 -0.001159 -0.742996 0.055472 0.043380 0.266755 -0.079720 -9.805048 
242.896557 0.024032 -0.168778 0.470943 1151.111470 1015.353093 169.438124 0.000000 0.000000 0.000000 10.063304 4.945809 2.272863 0.000000 0.000000 0.000000 -0.000008 -0.000168 -0.001163 -0.744757 0.053546 0.044489 0.266779 -0.079710 -9.805048 
242.996850 0.024203 -0.166893 0.471706 1152.206333 1015.895152 169.685455 0.000000 0.000000 0.000000 10.096046 4.982995 2.244271 0.000000 0.000000 0.000000 -0.000070 -0.000132 -0.001109 -0.746984 0.053024 0.044095 0.266761 -0.079719 -9.805048 
243.098503 0.025923 -0.165243 0.473346 1153.271901 1016.427221 169.919747 0.000000 0.000000 0.000000 10.052986 5.024335 2.217340 0.000000 0.000000 0.000000 -0.000051 -0.000162 -0.001122 -0.745867 0.051705 0.045421 0.266800 -0.079701 -9.805047 
243.198509 0.025316 -0.166346 0.474244 1154.340165 1016.964560 170.155047 0.000000 0.000000 0.000000 10.025151 5.055728 2.195783 0.000000 0.000000 0.000000 -0.000069 -0.000177 -0.001121 -0.746572 0.052296 0.044326 0.266768 -0.079718 -9.805048 
243.298690 0.025885 -0.167619 0.474740 1155.416067 1017.505227 170.390586 0.000000 0.000000 0.000000 10.081567 5.049713 2.235140 0.000000 0.000000 0.000000 -0.000106 -0.000143 -0.001106 -0.749894 0.053175 0.044401 0.266756 -0.079723 -9.805048 
243.397045 0.027513 -0.164977 0.475802 1156.514040 1018.048215 170.637837 0.000000 0.000000 0.000000 10.070798 5.049930 2.270813 0.000000 0.000000 0.000000 -0.000062 -0.000103 -0.001120 -0.752774 0.055776 0.042811 0.266708 -0.079754 -9.805049 
243.498647 0.028270 -0.163972 0.476877 1157.579068 1018.577426 170.877083 0.000000 0.000000 0.000000 10.013834 5.002256 2.260879 0.000000 0.000000 0.000000 -0.000041 -0.000126 -0.001136 -0.752516 0.057144 0.042686 0.266709 -0.079755 -9.805049 
243.598449 0.030270 -0.165884 0.477930 1158.650791 1019.111310 171.111552 0.000000 0.000000 0.000000 9.991097 4.980260 2.157302 0.000000 0.000000 0.000000 0.000046 -0.000126 -0.001119 -0.755459 0.055989 0.043681 0.266714 -0.079740 -9.805049 
243.696637 0.033782 -0.166585 0.479236 1159.743565 1019.661885 171.354360 0.000000 0.000000 0.000000 10.034800 5.050920 2.289069 0.000000 0.000000 0.000000 -0.000063 -0.000041 -0.001125 -0.759446 0.056103 0.042126 0.266666 -0.079785 -9.805050 
243.798396 0.034669 -0.166286 0.479845 1160.801211 1020.203375 171.595000 0.000000 0.000000 0.000000 10.004898 5.059141 2.272936 0.000000 0.000000 0.000000 -0.000033 0.000006 -0.001141 -0.758291 0.054568 0.043138 0.266680 -0.079761 -9.805050 
243.896692 0.034274 -0.164751 0.479814 1161.886652 1020.755434 171.843503 0.000000 0.000000 0.000000 9.958509 5.054533 2.192394 0.000000 0.000000 0.000000 -0.000114 -0.000004 -0.001108 -0.760880 0.053896 0.040411 0.266628 -0.079840 -9.805051 
243.998549 0.035815 -0.166304 0.480043 1162.938399 1021.292264 172.076757 0.000000 0.000000 0.000000 9.946217 5.023324 2.196571 0.000000 0.000000 0.000000 -0.000018 -0.000089 -0.001109 -0.759363 0.051430 0.037558 0.266589 -0.079929 -9.805051 
244.098452 0.039741 -0.167739 0.480939 1163.991125 1021.830859 172.314458 0.000000 0.000000 0.000000 9.962331 5.021221 2.241985 0.000000 0.000000 0.000000 0.000012 -0.000074 -0.001118 -0.758312 0.048744 0.036975 0.266572 -0.079956 -9.805051 
244.198639 0.046036 -0.167435 0.481230 1165.051525 1022.365808 172.555789 0.000000 0.000000 0.000000 9.964142 5.066932 2.300228 0.000000 0.000000 0.000000 -0.000083 -0.000039 -0.001112 -0.759658 0.050250 0.036471 0.266576 -0.079970 -9.805051 
244.298255 0.047771 -0.166467 0.480970 1166.117430 1022.907718 172.801711 0.000000 0.000000 0.000000 9.979204 5.125062 2.348393 0.000000 0.000000 0.000000 -0.000078 0.000030 -0.001126 -0.761256 0.051829 0.036469 0.266581 -0.079966 -9.805051 
244.396277 0.044568 -0.164050 0.479655 1167.211945 1023.467355 173.060936 0.000000 0.000000 0.000000 9.972248 5.219543 2.299544 0.000000 0.000000 0.000000 -0.000126 0.000104 -0.001151 -0.764070 0.053091 0.032806 0.266586 -0.080106 -9.805049 
244.498251 0.038113 -0.162578 0.478248 1168.264188 1024.006347 173.312038 0.000000 0.000000 0.000000 9.961611 5.130989 2.267623 0.000000 0.000000 0.000000 -0.000242 0.000000 -0.001168 -0.758690 0.055003 0.026687 0.266637 -0.080319 -9.805046 
244.600245 0.033959 -0.161924 0.476829 1169.302696 1024.535875 173.541017 0.000000 0.000000 0.000000 10.055909 4.974794 2.242569 0.000000 0.000000 0.000000 -0.000020 -0.000012 -0.001170 -0.758126 0.054628 0.030851 0.266621 -0.080155 -9.805048 
244.698121 0.036125 -0.159798 0.476085 1170.385964 1025.080229 173.776896 0.000000 0.000000 0.000000 10.059774 5.044954 2.221923 0.000000 0.000000 0.000000 -0.000051 0.000049 -0.001152 -0.763783 0.053851 0.033143 0.266594 -0.080065 -9.805050 
244.800154 0.037272 -0.159387 0.475419 1171.436327 1025.610268 174.008095 0.000000 0.000000 0.000000 10.009388 5.055416 2.146518 0.000000 0.000000 0.000000 -0.000133 0.000016 -0.001116 -0.765083 0.052732 0.032653 0.266595 -0.080089 -9.805049 
244.898146 0.034028 -0.166966 0.474833 1172.519269 1026.158901 174.250413 0.000000 0.000000 0.000000 9.970163 5.198839 2.159545 0.000000 0.000000 0.000000 -0.000210 -0.000003 -0.001113 -0.771629 0.051907 0.023165 0.266656 -0.080557 -9.805044 
245.000146 0.024992 -0.177287 0.473655 1173.551323 1026.695031 174.494429 0.000000 0.000000 0.000000 9.953721 5.209713 2.300332 0.000000 0.000000 0.000000 -0.000270 -0.000075 -0.001121 -0.768253 0.051254 0.014200 0.266685 -0.080970 -9.805040 
245.099729 0.016115 -0.183660 0.472586 1174.619904 1027.249557 174.745813 0.000000 0.000000 0.000000 10.091270 5.171801 2.527128 0.000000 0.000000 0.000000 -0.000183 0.000082 -0.001119 -0.774952 0.051451 0.016557 0.266666 -0.080915 -9.805041 
245.199657 0.011858 -0.183213 0.472994 1175.695110 1027.802056 174.998124 0.000000 0.000000 0.000000 10.186371 5.200713 2.521026 0.000000 0.000000 0.000000 -0.000165 0.000268 -0.001114 -0.778787 0.053777 0.028390 0.266662 -0.080573 -9.805044 
245.300326 0.011768 -0.177836 0.472926 1176.766815 1028.349849 175.248371 0.000000 0.000000 0.000000 10.261539 5.159268 2.482614 0.000000 0.000000 0.000000 -0.000194 0.000397 -0.001113 -0.780149 0.055566 0.037537 0.266668 -0.080401 -9.805045 
245.398374 0.015332 -0.169687 0.473497 1177.880353 1028.911538 175.492488 0.000000 0.000000 0.000000 10.394856 5.133751 2.413107 0.000000 0.000000 0.000000 -0.000087 0.000589 -0.001078 -0.785013 0.053612 0.050204 0.266713 -0.080286 -9.805045 
245.498282 0.021185 -0.163392 0.475016 1178.987223 1029.463612 175.736489 0.000000 0.000000 0.000000 10.311084 5.193175 2.196146 0.000000 0.000000 0.000000 -0.000132 0.000597 -0.001091 -0.786497 0.053148 0.052319 0.266728 -0.080277 -9.805044 
245.600001 0.025345 -0.164607 0.475969 1180.046977 1029.992682 175.963932 0.000000 0.000000 0.000000 10.182483 5.178299 2.111197 0.000000 0.000000 0.000000 -0.000158 0.000364 -0.001115 -0.780608 0.055671 0.049138 0.266680 -0.080295 -9.805045 
245.698267 0.026441 -0.174484 0.476800 1181.132147 1030.530529 176.203103 0.000000 0.000000 0.000000 10.123802 5.232101 2.173337 0.000000 0.000000 0.000000 -0.000180 0.000229 -0.001125 -0.783337 0.065054 0.035710 0.266428 -0.080362 -9.805052 
245.799902 0.022571 -0.185734 0.476874 1182.182663 1031.065217 176.448316 0.000000 0.000000 0.000000 10.147716 5.203886 2.424708 0.000000 0.000000 0.000000 -0.000131 0.000186 -0.001128 -0.779725 0.069274 0.028344 0.266239 -0.080378 -9.805057 
245.898162 0.020034 -0.189996 0.476299 1183.268107 1031.619904 176.716848 0.000000 0.000000 0.000000 10.174375 5.252348 2.592475 0.000000 0.000000 0.000000 -0.000126 0.000283 -0.001100 -0.781169 0.070678 0.027554 0.266212 -0.080377 -9.805057 
245.999914 0.012537 -0.189646 0.476830 1184.323053 1032.162668 176.988316 0.000000 0.000000 0.000000 10.139661 5.262062 2.609400 0.000000 0.000000 0.000000 -0.000086 0.000246 -0.001126 -0.777138 0.071887 0.028381 0.266273 -0.080381 -9.805056 
246.100154 0.006498 -0.188121 0.477198 1185.378211 1032.708747 177.254508 0.000000 0.000000 0.000000 10.147800 5.204418 2.565953 0.000000 0.000000 0.000000 -0.000171 0.000230 -0.001110 -0.775094 0.071207 0.031995 0.266431 -0.080476 -9.805051 
246.198223 0.003530 -0.185299 0.476619 1186.464085 1033.265470 177.521766 0.000000 0.000000 0.000000 10.180766 5.208215 2.536543 0.000000 0.000000 0.000000 -0.000144 0.000272 -0.001123 -0.775837 0.071232 0.035969 0.266604 -0.080602 -9.805045 
246.300037 0.000410 -0.182605 0.476277 1187.524517 1033.806188 177.774535 0.000000 0.000000 0.000000 10.212905 5.169678 2.479964 0.000000 0.000000 0.000000 -0.000055 0.000305 -0.001158 -0.771094 0.069522 0.044347 0.267050 -0.080929 -9.805030 
246.399905 0.000225 -0.176892 0.475109 1188.596407 1034.352469 178.027901 0.000000 0.000000 0.000000 10.250407 5.173109 2.408499 0.000000 0.000000 0.000000 -0.000150 0.000334 -0.001126 -0.771315 0.067395 0.047949 0.267236 -0.081072 -9.805024 
246.499661 0.001630 -0.172094 0.474896 1189.674930 1034.903539 178.269406 0.000000 0.000000 0.000000 10.285884 5.146872 2.309848 0.000000 0.000000 0.000000 -0.000104 0.000373 -0.001121 -0.771907 0.060729 0.054413 0.267594 -0.081326 -9.805012 
246.599515 0.005518 -0.168535 0.474380 1190.754728 1035.449343 178.504025 0.000000 0.000000 0.000000 10.300017 5.158769 2.214253 0.000000 0.000000 0.000000 -0.000137 0.000382 -0.001107 -0.770880 0.055601 0.059335 0.267872 -0.081531 -9.805003 
246.699739 0.009829 -0.167092 0.474491 1191.841029 1035.991050 178.733850 0.000000 0.000000 0.000000 10.301581 5.142773 2.169672 0.000000 0.000000 0.000000 -0.000123 0.000359 -0.001096 -0.773829 0.056081 0.060090 0.267900 -0.081528 -9.805002 
246.799735 0.014547 -0.170117 0.474826 1192.930440 1036.531417 178.962263 0.000000 0.000000 0.000000 10.308131 5.162703 2.152025 0.000000 0.000000 0.000000 -0.000099 0.000369 -0.001077 -0.777918 0.059156 0.058651 0.267807 -0.081436 -9.805005 
246.898145 0.016704 -0.173107 0.476040 1194.035816 1037.084917 179.205508 0.000000 0.000000 0.000000 10.330732 5.225392 2.273596 0.000000 0.000000 0.000000 -0.000158 0.000401 -0.001076 -0.781920 0.064512 0.052809 0.267507 -0.081196 -9.805015 
246.999697 0.018806 -0.174999 0.476969 1195.113322 1037.624861 179.448531 0.000000 0.000000 0.000000 10.331116 5.207826 2.377912 0.000000 0.000000 0.000000 -0.000167 0.000378 -0.001099 -0.779017 0.068023 0.049162 0.267366 -0.081100 -9.805020 
247.099002 0.018266 -0.175246 0.477409 1196.201069 1038.167504 179.700877 0.000000 0.000000 0.000000 10.353272 5.191971 2.333501 0.000000 0.000000 0.000000 -0.000114 0.000405 -0.001105 -0.777234 0.071314 0.046823 0.267288 -0.081034 -9.805023 
247.199704 0.018671 -0.171709 0.478009 1197.282062 1038.712276 179.950854 0.000000 0.000000 0.000000 10.372040 5.172518 2.391923 0.000000 0.000000 0.000000 -0.000138 0.000378 -0.001111 -0.775784 0.071375 0.045474 0.267254 -0.080997 -9.805024 
247.299670 0.021250 -0.169604 0.478195 1198.369481 1039.253784 180.193926 0.000000 0.000000 0.000000 10.389278 5.199263 2.280752 0.000000 0.000000 0.000000 -0.000084 0.000349 -0.001107 -0.775564 0.071497 0.045608 0.267259 -0.081002 -9.805024 
247.398601 0.022403 -0.167829 0.479074 1199.479084 1039.812861 180.440971 0.000000 0.000000 0.000000 10.426136 5.212528 2.277222 0.000000 0.000000 0.000000 -0.000153 0.000382 -0.001094 -0.780376 0.071600 0.041498 0.267160 -0.080855 -9.805028 
247.499524 0.027979 -0.167481 0.479488 1200.568147 1040.352101 180.679246 0.000000 0.000000 0.000000 10.393177 5.209741 2.266716 0.000000 0.000000 0.000000 -0.000131 0.000325 -0.001094 -0.778179 0.072653 0.040705 0.267160 -0.080857 -9.805028 
247.600631 0.029914 -0.171586 0.479450 1201.641440 1040.892546 180.919840 0.000000 0.000000 0.000000 10.329882 5.264275 2.253585 0.000000 0.000000 0.000000 -0.000160 0.000217 -0.001100 -0.779029 0.074725 0.031895 0.267106 -0.080745 -9.805030 
247.700877 0.030059 -0.178124 0.479290 1202.717238 1041.439225 181.163155 0.000000 0.000000 0.000000 10.370211 5.233354 2.334992 0.000000 0.000000 0.000000 -0.000167 0.000217 -0.001107 -0.781560 0.075003 0.027622 0.267085 -0.080715 -9.805031 
247.800849 0.031421 -0.182179 0.479052 1203.799755 1041.987023 181.417686 0.000000 0.000000 0.000000 10.397809 5.297869 2.516624 0.000000 0.000000 0.000000 -0.000160 0.000287 -0.001119 -0.784669 0.075011 0.024957 0.267079 -0.080712 -9.805031 
247.899357 0.029904 -0.182801 0.478361 1204.902745 1042.552044 181.690473 0.000000 0.000000 0.000000 10.430125 5.361195 2.567160 0.000000 0.000000 0.000000 -0.000217 0.000342 -0.001125 -0.789203 0.073921 0.020332 0.267085 -0.080732 -9.805031 
248.000803 0.026426 -0.181994 0.477884 1205.989896 1043.104816 181.960049 0.000000 0.000000 0.000000 10.466989 5.341439 2.561717 0.000000 0.000000 0.000000 -0.000171 0.000363 -0.001128 -0.790208 0.074271 0.020056 0.267087 -0.080733 -9.805031 
248.100540 0.024212 -0.181675 0.477110 1207.090876 1043.666249 182.227904 0.000000 0.000000 0.000000 10.482979 5.413992 2.575750 0.000000 0.000000 0.000000 -0.000220 0.000373 -0.001129 -0.794819 0.074107 0.018592 0.267089 -0.080752 -9.805031 
248.201262 0.022725 -0.181807 0.476902 1208.186942 1044.218496 182.488963 0.000000 0.000000 0.000000 10.552887 5.382076 2.562601 0.000000 0.000000 0.000000 -0.000116 0.000470 -0.001151 -0.795747 0.076569 0.022781 0.267070 -0.080695 -9.805032 
248.301332 0.020057 -0.179402 0.476780 1209.283379 1044.776209 182.755244 0.000000 0.000000 0.000000 10.544740 5.450871 2.597252 0.000000 0.000000 0.000000 -0.000187 0.000500 -0.001161 -0.797689 0.076464 0.021497 0.267076 -0.080715 -9.805031 
248.399856 0.015954 -0.175847 0.476534 1210.412023 1045.348313 183.024014 0.000000 0.000000 0.000000 10.640176 5.387349 2.538915 0.000000 0.000000 0.000000 -0.000201 0.000559 -0.001174 -0.803423 0.077428 0.022360 0.267074 -0.080712 -9.805031 
248.501417 0.014776 -0.174780 0.476285 1211.511712 1045.906763 183.280899 0.000000 0.000000 0.000000 10.608561 5.364971 2.408101 0.000000 0.000000 0.000000 -0.000160 0.000520 -0.001201 -0.805232 0.077472 0.022316 0.267074 -0.080714 -9.805031 
248.599652 0.013210 -0.177778 0.475283 1212.637831 1046.476912 183.534803 0.000000 0.000000 0.000000 10.684816 5.338329 2.464244 0.000000 0.000000 0.000000 -0.000120 0.000479 -0.001212 -0.810054 0.077048 0.024504 0.267088 -0.080675 -9.805031 
248.702417 0.018101 -0.182325 0.474132 1213.724089 1047.014924 183.782879 0.000000 0.000000 0.000000 10.689423 5.289437 2.504568 0.000000 0.000000 0.000000 -0.000208 0.000475 -0.001194 -0.806680 0.079476 0.027950 0.267097 -0.080592 -9.805032 
248.801018 0.022421 -0.183513 0.473361 1214.847386 1047.570812 184.046445 0.000000 0.000000 0.000000 10.780056 5.317415 2.653276 0.000000 0.000000 0.000000 -0.000185 0.000579 -0.001198 -0.810458 0.079554 0.033495 0.267137 -0.080462 -9.805032 
248.899497 0.023213 -0.182055 0.473122 1215.996274 1048.139829 184.322908 0.000000 0.000000 0.000000 10.832301 5.385962 2.654682 0.000000 0.000000 0.000000 -0.000197 0.000671 -0.001195 -0.816298 0.078814 0.036108 0.267170 -0.080425 -9.805031 
249.001045 0.022548 -0.179144 0.472365 1217.106277 1048.694175 184.593412 0.000000 0.000000 0.000000 10.827057 5.376223 2.604503 0.000000 0.000000 0.000000 -0.000227 0.000634 -0.001211 -0.811494 0.077725 0.038762 0.267190 -0.080366 -9.805031 
249.100021 0.022134 -0.176326 0.471691 1218.239571 1049.254341 184.861920 0.000000 0.000000 0.000000 10.842778 5.349260 2.560774 0.000000 0.000000 0.000000 -0.000215 0.000594 -0.001206 -0.811655 0.077914 0.039933 0.267204 -0.080353 -9.805031 
249.202438 0.023330 -0.176152 0.471314 1219.331419 1049.799077 185.116751 0.000000 0.000000 0.000000 10.787879 5.335932 2.511596 0.000000 0.000000 0.000000 -0.000257 0.000528 -0.001184 -0.807036 0.075636 0.041960 0.267228 -0.080312 -9.805030 
249.302495 0.023364 -0.176772 0.471758 1220.431856 1050.345169 185.372520 0.000000 0.000000 0.000000 10.752280 5.329646 2.504566 0.000000 0.000000 0.000000 -0.000244 0.000495 -0.001166 -0.807846 0.075057 0.042457 0.267237 -0.080306 -9.805030 
249.401059 0.024249 -0.177748 0.473010 1221.566168 1050.907430 185.634087 0.000000 0.000000 0.000000 10.813955 5.376067 2.549580 0.000000 0.000000 0.000000 -0.000274 0.000551 -0.001155 -0.816637 0.074661 0.043767 0.267250 -0.080310 -9.805030 
249.502702 0.025272 -0.178973 0.474110 1222.664393 1051.455157 185.892863 0.000000 0.000000 0.000000 10.772453 5.394548 2.582796 0.000000 0.000000 0.000000 -0.000256 0.000576 -0.001165 -0.816518 0.074210 0.045001 0.267267 -0.080290 -9.805029 
249.601665 0.024137 -0.177789 0.475165 1223.785989 1052.013891 186.160255 0.000000 0.000000 0.000000 10.782019 5.406469 2.600801 0.000000 0.000000 0.000000 -0.000251 0.000628 -0.001167 -0.821657 0.074685 0.045845 0.267266 -0.080299 -9.805029 
249.702496 0.023584 -0.175945 0.475922 1224.886398 1052.566811 186.425900 0.000000 0.000000 0.000000 10.747013 5.406451 2.583317 0.000000 0.000000 0.000000 -0.000296 0.000602 -0.001167 -0.822174 0.075111 0.044079 0.267248 -0.080322 -9.805030 
249.802785 0.022005 -0.176317 0.476347 1225.984353 1053.119797 186.685540 0.000000 0.000000 0.000000 10.746698 5.388928 2.517247 0.000000 0.000000 0.000000 -0.000270 0.000608 -0.001166 -0.824674 0.074751 0.044014 0.267241 -0.080332 -9.805030 
249.901137 0.021711 -0.175521 0.476597 1227.105609 1053.684997 186.950078 0.000000 0.000000 0.000000 10.754989 5.423041 2.549867 0.000000 0.000000 0.000000 -0.000277 0.000624 -0.001175 -0.828709 0.074246 0.042235 0.267223 -0.080363 -9.805030 
250.002671 0.021340 -0.174787 0.476619 1228.195516 1054.234008 187.207459 0.000000 0.000000 0.000000 10.703006 5.386170 2.502007 0.000000 0.000000 0.000000 -0.000298 0.000606 -0.001180 -0.827237 0.074717 0.042591 0.267227 -0.080356 -9.805030 
250.101085 0.021138 -0.175471 0.476283 1229.309693 1054.795676 187.466419 0.000000 0.000000 0.000000 10.684827 5.380776 2.487448 0.000000 0.000000 0.000000 -0.000272 0.000567 -0.001182 -0.830858 0.074066 0.042878 0.267225 -0.080357 -9.805030 
250.202383 0.021975 -0.178330 0.476110 1230.394597 1055.342810 187.718522 0.000000 0.000000 0.000000 10.655399 5.350737 2.512611 0.000000 0.000000 0.000000 -0.000297 0.000562 -0.001187 -0.829757 0.074107 0.043944 0.267227 -0.080341 -9.805030 
250.302356 0.022035 -0.179730 0.476001 1231.476949 1055.886253 187.975197 0.000000 0.000000 0.000000 10.612915 5.337226 2.547735 0.000000 0.000000 0.000000 -0.000277 0.000556 -0.001193 -0.828669 0.074625 0.045033 0.267229 -0.080324 -9.805030 
250.400862 0.022029 -0.181147 0.475513 1232.577870 1056.444610 188.239747 0.000000 0.000000 0.000000 10.569978 5.335997 2.540656 0.000000 0.000000 0.000000 -0.000304 0.000513 -0.001190 -0.830943 0.073267 0.045207 0.267224 -0.080326 -9.805030 
250.502463 0.022096 -0.184871 0.474880 1233.642789 1056.983290 188.495021 0.000000 0.000000 0.000000 10.530765 5.289219 2.563729 0.000000 0.000000 0.000000 -0.000278 0.000475 -0.001180 -0.827908 0.073131 0.047481 0.267228 -0.080284 -9.805031 
250.602212 0.023074 -0.187221 0.474739 1234.728350 1057.530952 188.759212 0.000000 0.000000 0.000000 10.565362 5.310293 2.630797 0.000000 0.000000 0.000000 -0.000266 0.000543 -0.001185 -0.830812 0.072406 0.049125 0.267230 -0.080265 -9.805031 
250.701622 0.023207 -0.184951 0.474866 1235.817984 1058.079743 189.029091 0.000000 0.000000 0.000000 10.596603 5.335666 2.633094 0.000000 0.000000 0.000000 -0.000270 0.000580 -0.001201 -0.832399 0.072301 0.050913 0.267236 -0.080245 -9.805031 
250.802740 0.022139 -0.181031 0.474468 1236.891104 1058.620459 189.295224 0.000000 0.000000 0.000000 10.570652 5.335943 2.584242 0.000000 0.000000 0.000000 -0.000310 0.000546 -0.001193 -0.830842 0.072644 0.050944 0.267237 -0.080242 -9.805031 
250.901009 0.020980 -0.179968 0.473791 1237.992845 1059.173311 189.558688 0.000000 0.000000 0.000000 10.571250 5.316026 2.511614 0.000000 0.000000 0.000000 -0.000284 0.000517 -0.001180 -0.833471 0.073270 0.051273 0.267241 -0.080242 -9.805031 
251.002493 0.021422 -0.181178 0.473443 1239.058782 1059.711952 189.810968 0.000000 0.000000 0.000000 10.514464 5.339805 2.480870 0.000000 0.000000 0.000000 -0.000364 0.000470 -0.001171 -0.830541 0.073393 0.051922 0.267245 -0.080236 -9.805031 
251.102008 0.019501 -0.183657 0.472937 1240.130017 1060.250810 190.067564 0.000000 0.000000 0.000000 10.547372 5.261167 2.518192 0.000000 0.000000 0.000000 -0.000266 0.000419 -0.001158 -0.828011 0.073522 0.050199 0.267227 -0.080248 -9.805031 
251.201203 0.021948 -0.184278 0.473989 1241.228308 1060.795932 190.331483 0.000000 0.000000 0.000000 10.586456 5.305781 2.579106 0.000000 0.000000 0.000000 -0.000294 0.000477 -0.001168 -0.830124 0.074650 0.049887 0.267222 -0.080253 -9.805031 
251.302524 0.021487 -0.181729 0.474333 1242.306120 1061.336246 190.598560 0.000000 0.000000 0.000000 10.610838 5.318102 2.647803 0.000000 0.000000 0.000000 -0.000258 0.000542 -0.001174 -0.829117 0.075018 0.050205 0.267226 -0.080252 -9.805031 
251.400971 0.020522 -0.176156 0.475306 1243.404183 1061.886410 190.868582 0.000000 0.000000 0.000000 10.585384 5.333153 2.555620 0.000000 0.000000 0.000000 -0.000299 0.000485 -0.001184 -0.829736 0.075463 0.049211 0.267216 -0.080252 -9.805031 
251.502383 0.019534 -0.174479 0.475087 1244.475870 1062.418510 191.126456 0.000000 0.000000 0.000000 10.541771 5.307661 2.462787 0.000000 0.000000 0.000000 -0.000298 0.000419 -0.001175 -0.825978 0.078014 0.048436 0.267205 -0.080259 -9.805031 
251.602111 0.019872 -0.175823 0.475034 1245.561990 1062.951647 191.377592 0.000000 0.000000 0.000000 10.572889 5.275717 2.452981 0.000000 0.000000 0.000000 -0.000318 0.000367 -0.001167 -0.826667 0.081780 0.048380 0.267195 -0.080269 -9.805032 
251.701097 0.019993 -0.178882 0.475809 1246.658755 1063.505285 191.628414 0.000000 0.000000 0.000000 10.598035 5.309263 2.474429 0.000000 0.000000 0.000000 -0.000248 0.000369 -0.001193 -0.828876 0.079600 0.050421 0.267217 -0.080264 -9.805031 
251.802110 0.021127 -0.181037 0.476017 1247.738519 1064.050742 191.881015 0.000000 0.000000 0.000000 10.594655 5.325468 2.511009 0.000000 0.000000 0.000000 -0.000285 0.000367 -0.001183 -0.826755 0.078129 0.052247 0.267235 -0.080266 -9.805031 
251.902358 0.022161 -0.182553 0.476037 1248.815753 1064.603819 192.136059 0.000000 0.000000 0.000000 10.613174 5.375537 2.559958 0.000000 0.000000 0.000000 -0.000287 0.000382 -0.001179 -0.825714 0.074860 0.054609 0.267254 -0.080269 -9.805030 
252.002481 0.022197 -0.182951 0.476457 1249.902174 1065.157149 192.395954 0.000000 0.000000 0.000000 10.634297 5.396673 2.596424 0.000000 0.000000 0.000000 -0.000307 0.000420 -0.001181 -0.826532 0.073952 0.057166 0.267264 -0.080285 -9.805030 
252.102924 0.022809 -0.182286 0.476465 1250.988049 1065.709127 192.657120 0.000000 0.000000 0.000000 10.652333 5.421300 2.589834 0.000000 0.000000 0.000000 -0.000347 0.000439 -0.001166 -0.827577 0.073829 0.059486 0.267269 -0.080305 -9.805029 
252.203202 0.022108 -0.182383 0.476730 1252.074800 1066.262314 192.918712 0.000000 0.000000 0.000000 10.685726 5.438127 2.569958 0.000000 0.000000 0.000000 -0.000322 0.000402 -0.001177 -0.830571 0.073845 0.059607 0.267266 -0.080305 -9.805029 
252.303178 0.022080 -0.183694 0.476863 1253.166910 1066.818405 193.179991 0.000000 0.000000 0.000000 10.735686 5.465601 2.569545 0.000000 0.000000 0.000000 -0.000321 0.000388 -0.001176 -0.834488 0.073925 0.059385 0.267262 -0.080299 -9.805030 
252.401978 0.022003 -0.184740 0.476882 1254.279576 1067.386301 193.446234 0.000000 0.000000 0.000000 10.789733 5.532730 2.605255 0.000000 0.000000 0.000000 -0.000305 0.000382 -0.001175 -0.839715 0.073588 0.059190 0.267256 -0.080291 -9.805030 
252.502338 0.021484 -0.185421 0.477005 1255.380821 1067.945403 193.713941 0.000000 0.000000 0.000000 10.799654 5.550340 2.615252 0.000000 0.000000 0.000000 -0.000381 0.000385 -0.001174 -0.839174 0.075102 0.057484 0.267251 -0.080275 -9.805030 
252.602216 0.019905 -0.185366 0.476662 1256.479247 1068.508294 193.983656 0.000000 0.000000 0.000000 10.811207 5.545876 2.639027 0.000000 0.000000 0.000000 -0.000340 0.000382 -0.001174 -0.837918 0.075104 0.055806 0.267246 -0.080258 -9.805030 
252.702203 0.018159 -0.184803 0.476991 1257.590426 1069.072885 194.252829 0.000000 0.000000 0.000000 10.852142 5.520535 2.640599 0.000000 0.000000 0.000000 -0.000328 0.000410 -0.001181 -0.837659 0.076247 0.057379 0.267253 -0.080280 -9.805030 
252.802566 0.018187 -0.182805 0.476889 1258.693546 1069.631231 194.519439 0.000000 0.000000 0.000000 10.870459 5.501490 2.636031 0.000000 0.000000 0.000000 -0.000338 0.000399 -0.001175 -0.834128 0.077555 0.059357 0.267266 -0.080318 -9.805029 
252.901007 0.019332 -0.181458 0.476988 1259.822852 1070.198540 194.788227 0.000000 0.000000 0.000000 10.892590 5.504442 2.581323 0.000000 0.000000 0.000000 -0.000284 0.000386 -0.001186 -0.834863 0.078904 0.060742 0.267271 -0.080334 -9.805029 
253.002586 0.020012 -0.181930 0.477280 1260.920487 1070.750429 195.049352 0.000000 0.000000 0.000000 10.864828 5.488070 2.580542 0.000000 0.000000 0.000000 -0.000327 0.000362 -0.001191 -0.828681 0.080562 0.061626 0.267279 -0.080367 -9.805029 
253.102584 0.021079 -0.182688 0.477189 1262.024578 1071.307863 195.310744 0.000000 0.000000 0.000000 10.882447 5.476152 2.580168 0.000000 0.000000 0.000000 -0.000322 0.000346 -0.001176 -0.826786 0.080356 0.062129 0.267284 -0.080377 -9.805028 
253.201198 0.022389 -0.182721 0.477531 1263.158195 1071.879829 195.582336 0.000000 0.000000 0.000000 10.924873 5.536268 2.637495 0.000000 0.000000 0.000000 -0.000295 0.000383 -0.001191 -0.832153 0.080608 0.060566 0.267268 -0.080350 -9.805029 
253.303144 0.021846 -0.181737 0.477679 1264.251947 1072.435611 195.847617 0.000000 0.000000 0.000000 10.889381 5.523764 2.612153 0.000000 0.000000 0.000000 -0.000321 0.000368 -0.001189 -0.826737 0.080573 0.060493 0.267274 -0.080364 -9.805029 
253.401183 0.022692 -0.181028 0.477867 1265.389132 1073.011680 196.117964 0.000000 0.000000 0.000000 10.930926 5.526321 2.602522 0.000000 0.000000 0.000000 -0.000304 0.000336 -0.001194 -0.832748 0.080318 0.060202 0.267265 -0.080346 -9.805029 
253.502526 0.023993 -0.183211 0.477773 1266.492626 1073.570228 196.379661 0.000000 0.000000 0.000000 10.912458 5.504541 2.585335 0.000000 0.000000 0.000000 -0.000300 0.000298 -0.001175 -0.828750 0.080208 0.060734 0.267274 -0.080356 -9.805029 
253.601294 0.026876 -0.185079 0.478415 1267.623830 1074.139178 196.647693 0.000000 0.000000 0.000000 10.956317 5.502788 2.629821 0.000000 0.000000 0.000000 -0.000268 0.000305 -0.001179 -0.830044 0.080425 0.061646 0.267278 -0.080353 -9.805029 
253.702731 0.030305 -0.185993 0.479170 1268.731019 1074.693493 196.914530 0.000000 0.000000 0.000000 10.927134 5.542841 2.675362 0.000000 0.000000 0.000000 -0.000245 0.000299 -0.001195 -0.826184 0.081319 0.063309 0.267293 -0.080346 -9.805028 
253.802927 0.031916 -0.186799 0.479539 1269.836569 1075.251776 197.188509 0.000000 0.000000 0.000000 10.928175 5.527977 2.681770 0.000000 0.000000 0.000000 -0.000330 0.000296 -0.001177 -0.825255 0.081977 0.060936 0.267287 -0.080359 -9.805028 
253.901147 0.033229 -0.186061 0.480146 1270.979996 1075.832411 197.470592 0.000000 0.000000 0.000000 11.013684 5.603909 2.747377 0.000000 0.000000 0.000000 -0.000268 0.000314 -0.001182 -0.831637 0.081201 0.059295 0.267264 -0.080377 -9.805029 
254.002822 0.033158 -0.184767 0.480959 1272.091191 1076.397351 197.748831 0.000000 0.000000 0.000000 11.011717 5.627303 2.724233 0.000000 0.000000 0.000000 -0.000309 0.000353 -0.001198 -0.827962 0.082074 0.058802 0.267278 -0.080376 -9.805028 
254.102498 0.032286 -0.181048 0.480708 1273.217617 1076.968913 198.026654 0.000000 0.000000 0.000000 11.044112 5.637346 2.711623 0.000000 0.000000 0.000000 -0.000306 0.000358 -0.001220 -0.828768 0.083224 0.058739 0.267277 -0.080377 -9.805028 
254.201204 0.030909 -0.178764 0.479725 1274.363869 1077.554391 198.304957 0.000000 0.000000 0.000000 11.063155 5.654615 2.628204 0.000000 0.000000 0.000000 -0.000329 0.000312 -0.001237 -0.833474 0.082174 0.055749 0.267273 -0.080396 -9.805028 
254.303299 0.029985 -0.179811 0.478132 1275.471222 1078.116412 198.567718 0.000000 0.000000 0.000000 11.047541 5.597397 2.586094 0.000000 0.000000 0.000000 -0.000303 0.000262 -0.001232 -0.828289 0.082573 0.055865 0.267275 -0.080398 -9.805028 
254.400911 0.030640 -0.182198 0.476589 1276.626953 1078.700938 198.838165 0.000000 0.000000 0.000000 11.111336 5.595641 2.638839 0.000000 0.000000 0.000000 -0.000309 0.000230 -0.001227 -0.833795 0.081317 0.055563 0.267279 -0.080399 -9.805028 
254.502335 0.031645 -0.184665 0.475196 1277.756312 1079.269291 199.108844 0.000000 0.000000 0.000000 11.136148 5.603006 2.707364 0.000000 0.000000 0.000000 -0.000323 0.000236 -0.001233 -0.831081 0.081500 0.055121 0.267277 -0.080408 -9.805028 
254.601730 0.031225 -0.185394 0.473885 1278.904605 1079.843604 199.389709 0.000000 0.000000 0.000000 11.180599 5.598484 2.742735 0.000000 0.000000 0.000000 -0.000308 0.000278 -0.001250 -0.832257 0.082154 0.054972 0.267279 -0.080415 -9.805028 
254.702353 0.030377 -0.184366 0.472195 1280.038916 1080.411932 199.670139 0.000000 0.000000 0.000000 11.184835 5.605922 2.781400 0.000000 0.000000 0.000000 -0.000352 0.000264 -0.001240 -0.829611 0.082027 0.055006 0.267275 -0.080405 -9.805028 
254.802416 0.028369 -0.184015 0.470587 1281.177917 1080.983842 199.949750 0.000000 0.000000 0.000000 11.204746 5.586183 2.723278 0.000000 0.000000 0.000000 -0.000347 0.000232 -0.001232 -0.829710 0.080856 0.054664 0.267276 -0.080413 -9.805028 
254.902551 0.027743 -0.184409 0.469329 1282.328420 1081.554093 200.225947 0.000000 0.000000 0.000000 11.281918 5.571621 2.737421 0.000000 0.000000 0.000000 -0.000330 0.000245 -0.001227 -0.832530 0.080768 0.056540 0.267284 -0.080377 -9.805028 
255.002464 0.028607 -0.184368 0.468627 1283.487460 1082.124414 200.503145 0.000000 0.000000 0.000000 11.343566 5.580330 2.744380 0.000000 0.000000 0.000000 -0.000315 0.000265 -0.001225 -0.835567 0.080722 0.058201 0.267292 -0.080348 -9.805028 
255.102469 0.029534 -0.183425 0.468398 1284.651602 1082.697208 200.782486 0.000000 0.000000 0.000000 11.387897 5.595315 2.739468 0.000000 0.000000 0.000000 -0.000323 0.000260 -0.001213 -0.838681 0.080270 0.058764 0.267303 -0.080352 -9.805028 
255.201256 0.029792 -0.183161 0.468552 1285.832404 1083.276514 201.066977 0.000000 0.000000 0.000000 11.411885 5.633551 2.721909 0.000000 0.000000 0.000000 -0.000321 0.000243 -0.001216 -0.842280 0.081621 0.056002 0.267308 -0.080450 -9.805027 
255.302838 0.028344 -0.184602 0.468804 1286.986453 1083.845404 201.345839 0.000000 0.000000 0.000000 11.424493 5.636790 2.736361 0.000000 0.000000 0.000000 -0.000339 0.000236 -0.001215 -0.840772 0.082516 0.053548 0.267299 -0.080501 -9.805027 
255.401208 0.027572 -0.184657 0.469003 1288.170846 1084.427258 201.631674 0.000000 0.000000 0.000000 11.475963 5.650648 2.776874 0.000000 0.000000 0.000000 -0.000344 0.000248 -0.001210 -0.843317 0.083583 0.051747 0.267295 -0.080562 -9.805026 
255.502845 0.026520 -0.184752 0.469414 1289.323948 1084.997680 201.913253 0.000000 0.000000 0.000000 11.435600 5.684473 2.761265 0.000000 0.000000 0.000000 -0.000305 0.000249 -0.001229 -0.839532 0.083585 0.050713 0.267290 -0.080550 -9.805027 
255.603905 0.024219 -0.184982 0.469479 1290.466543 1085.561843 202.190728 0.000000 0.000000 0.000000 11.446517 5.649460 2.757480 0.000000 0.000000 0.000000 -0.000365 0.000210 -0.001216 -0.836821 0.084161 0.049523 0.267282 -0.080548 -9.805027 
255.703994 0.024262 -0.185783 0.469567 1291.622722 1086.131902 202.468137 0.000000 0.000000 0.000000 11.491934 5.655746 2.766593 0.000000 0.000000 0.000000 -0.000311 0.000189 -0.001222 -0.840273 0.083625 0.049757 0.267291 -0.080567 -9.805027 
255.804071 0.025146 -0.186636 0.469837 1292.784484 1086.710203 202.747423 0.000000 0.000000 0.000000 11.546442 5.702612 2.792228 0.000000 0.000000 0.000000 -0.000271 0.000163 -0.001230 -0.845268 0.081286 0.049630 0.267315 -0.080594 -9.805026 
255.902684 0.025771 -0.185933 0.469928 1293.980182 1087.298640 203.034721 0.000000 0.000000 0.000000 11.652712 5.730093 2.825451 0.000000 0.000000 0.000000 -0.000278 0.000090 -0.001221 -0.853685 0.081374 0.049384 0.267333 -0.080646 -9.805025 
256.004034 0.028227 -0.185171 0.470471 1295.152409 1087.874801 203.317022 0.000000 0.000000 0.000000 11.681196 5.748182 2.824679 0.000000 0.000000 0.000000 -0.000239 0.000103 -0.001237 -0.855116 0.081259 0.050311 0.267338 -0.080648 -9.805025 
256.103814 0.029591 -0.184569 0.470709 1296.330337 1088.454448 203.602285 0.000000 0.000000 0.000000 11.688192 5.781752 2.810672 0.000000 0.000000 0.000000 -0.000305 0.000055 -0.001224 -0.857612 0.081520 0.048239 0.267341 -0.080668 -9.805024 
256.203974 0.029357 -0.185724 0.471212 1297.511441 1089.044276 203.889973 0.000000 0.000000 0.000000 11.729301 5.818219 2.829676 0.000000 0.000000 0.000000 -0.000287 -0.000011 -0.001232 -0.862236 0.079819 0.044117 0.267350 -0.080693 -9.805024 
256.304086 0.029522 -0.187664 0.471600 1298.691624 1089.624664 204.179903 0.000000 0.000000 0.000000 11.759679 5.850162 2.859896 0.000000 0.000000 0.000000 -0.000365 -0.000030 -0.001224 -0.864869 0.081826 0.039239 0.267330 -0.080719 -9.805024 
256.402926 0.026104 -0.187696 0.471531 1299.895155 1090.226095 204.479265 0.000000 0.000000 0.000000 11.821942 5.921305 2.913875 0.000000 0.000000 0.000000 -0.000343 -0.000083 -0.001224 -0.870616 0.081199 0.034569 0.267311 -0.080731 -9.805025 
256.503749 0.022237 -0.185384 0.472005 1301.084915 1090.819387 204.775441 0.000000 0.000000 0.000000 11.873394 5.927491 2.946787 0.000000 0.000000 0.000000 -0.000343 -0.000084 -0.001228 -0.870557 0.081433 0.033322 0.267304 -0.080724 -9.805025 
256.603196 0.020831 -0.183543 0.472308 1302.290218 1091.420288 205.069778 0.000000 0.000000 0.000000 11.887123 5.924891 2.857208 0.000000 0.000000 0.000000 -0.000330 -0.000092 -0.001228 -0.872016 0.081235 0.033854 0.267306 -0.080731 -9.805025 
256.702737 0.019614 -0.183787 0.472712 1303.489868 1092.024555 205.360604 0.000000 0.000000 0.000000 11.876060 5.936694 2.837354 0.000000 0.000000 0.000000 -0.000335 -0.000137 -0.001226 -0.871186 0.079336 0.032335 0.267308 -0.080710 -9.805025 
256.803919 0.019993 -0.187216 0.473497 1304.670071 1092.615036 205.642806 0.000000 0.000000 0.000000 11.863013 5.908399 2.836747 0.000000 0.000000 0.000000 -0.000328 -0.000133 -0.001238 -0.866666 0.079148 0.032639 0.267313 -0.080710 -9.805025 
256.902539 0.020742 -0.191254 0.473593 1305.876788 1093.221242 205.934147 0.000000 0.000000 0.000000 11.888582 5.953943 2.930864 0.000000 0.000000 0.000000 -0.000309 -0.000122 -0.001237 -0.866950 0.078408 0.034331 0.267328 -0.080720 -9.805024 
257.003030 0.021351 -0.193185 0.473969 1307.075110 1093.822078 206.232824 0.000000 0.000000 0.000000 11.900826 5.975455 3.025407 0.000000 0.000000 0.000000 -0.000320 -0.000060 -0.001244 -0.863962 0.078674 0.035564 0.267339 -0.080727 -9.805024 
257.102379 0.020721 -0.191771 0.474183 1308.285846 1094.429924 206.539705 0.000000 0.000000 0.000000 11.896647 5.998920 3.050508 0.000000 0.000000 0.000000 -0.000300 -0.000020 -0.001250 -0.862101 0.078867 0.037869 0.267359 -0.080754 -9.805023 
257.202868 0.018989 -0.189022 0.474311 1309.482187 1095.028921 206.845159 0.000000 0.000000 0.000000 11.852735 5.966325 3.043333 0.000000 0.000000 0.000000 -0.000339 -0.000005 -0.001260 -0.857749 0.080035 0.040253 0.267386 -0.080791 -9.805022 
257.303744 0.017637 -0.186846 0.473973 1310.665979 1095.623593 207.144816 0.000000 0.000000 0.000000 11.790124 5.926313 2.965832 0.000000 0.000000 0.000000 -0.000325 -0.000031 -0.001278 -0.855576 0.080359 0.041812 0.267406 -0.080821 -9.805021 
257.402418 0.015771 -0.186851 0.473056 1311.864745 1096.233626 207.441808 0.000000 0.000000 0.000000 11.762273 5.912986 2.922872 0.000000 0.000000 0.000000 -0.000342 -0.000091 -0.001265 -0.856758 0.077667 0.043904 0.267435 -0.080853 -9.805020 
257.503882 0.016258 -0.188753 0.472612 1313.037790 1096.822579 207.730977 0.000000 0.000000 0.000000 11.750148 5.856745 2.926461 0.000000 0.000000 0.000000 -0.000319 -0.000085 -0.001272 -0.854165 0.077384 0.046596 0.267482 -0.080899 -9.805019 
257.603122 0.016927 -0.189545 0.471825 1314.223858 1097.416581 208.022686 0.000000 0.000000 0.000000 11.714945 5.867231 2.966252 0.000000 0.000000 0.000000 -0.000282 -0.000079 -0.001266 -0.854386 0.076179 0.050983 0.267561 -0.080956 -9.805016 
257.702734 0.017465 -0.189590 0.471238 1315.416961 1098.016302 208.320509 0.000000 0.000000 0.000000 11.703754 5.857058 2.959301 0.000000 0.000000 0.000000 -0.000344 -0.000082 -0.001250 -0.857236 0.074665 0.053645 0.267609 -0.080983 -9.805014 
257.803979 0.018308 -0.189856 0.471203 1316.587244 1098.603080 208.611631 0.000000 0.000000 0.000000 11.669849 5.830244 2.946033 0.000000 0.000000 0.000000 -0.000310 -0.000076 -0.001253 -0.857338 0.073044 0.057391 0.267686 -0.081022 -9.805012 
257.902623 0.019269 -0.190240 0.471577 1317.791586 1099.201577 208.908215 0.000000 0.000000 0.000000 11.691240 5.845186 2.941854 0.000000 0.000000 0.000000 -0.000316 -0.000097 -0.001247 -0.865052 0.072930 0.061460 0.267764 -0.081050 -9.805010 
258.003913 0.020370 -0.190340 0.472098 1318.960654 1099.786713 209.201337 0.000000 0.000000 0.000000 11.661235 5.829897 2.939182 0.000000 0.000000 0.000000 -0.000359 -0.000092 -0.001230 -0.864930 0.072626 0.062314 0.267784 -0.081057 -9.805009 
258.102345 0.020647 -0.189852 0.472832 1320.151544 1100.384438 209.496139 0.000000 0.000000 0.000000 11.661418 5.836795 2.920116 0.000000 0.000000 0.000000 -0.000280 -0.000132 -0.001235 -0.867947 0.071001 0.065204 0.267842 -0.081074 -9.805007 
258.202282 0.021861 -0.190113 0.473907 1321.340819 1100.977524 209.791517 0.000000 0.000000 0.000000 11.634542 5.835148 2.896929 0.000000 0.000000 0.000000 -0.000320 -0.000106 -0.001234 -0.868735 0.071912 0.066764 0.267878 -0.081081 -9.805006 
258.303639 0.022030 -0.189994 0.474737 1322.498107 1101.555705 210.079402 0.000000 0.000000 0.000000 11.578910 5.817402 2.888171 0.000000 0.000000 0.000000 -0.000316 -0.000106 -0.001237 -0.865208 0.073144 0.068047 0.267922 -0.081085 -9.805005 
258.403857 0.021348 -0.190371 0.475641 1323.656510 1102.135329 210.368225 0.000000 0.000000 0.000000 11.524372 5.815755 2.859465 0.000000 0.000000 0.000000 -0.000333 -0.000124 -0.001239 -0.863718 0.074787 0.067647 0.267920 -0.081085 -9.805005 
258.504415 0.020879 -0.191284 0.476759 1325.032537 1102.827678 210.712696 0.000000 0.000000 0.000000 11.516156 5.762802 2.881562 0.000000 0.000000 0.000000 -0.000367 -0.000127 -0.001243 -0.862084 0.075632 0.067048 0.267914 -0.081084 -9.805005 
258.604672 0.021621 -0.193334 0.477718 1326.247094 1103.438897 211.019018 0.000000 0.000000 0.000000 11.372198 5.694800 2.862474 0.000000 0.000000 0.000000 -0.000327 -0.000012 -0.001261 -0.848394 0.075221 0.069157 0.268022 -0.081084 -9.805002 
258.704021 0.021934 -0.194347 0.478986 1327.222253 1103.936594 211.268670 0.000000 0.000000 0.000000 11.204483 5.649066 2.872966 0.000000 0.000000 0.000000 -0.000345 0.000114 -0.001276 -0.834366 0.072335 0.071234 0.268128 -0.081089 -9.804999 
258.805275 0.022441 -0.193744 0.479030 1328.535828 1104.602392 211.601387 0.000000 0.000000 0.000000 11.149564 5.614681 2.859732 0.000000 0.000000 0.000000 -0.000297 0.000136 -0.001261 -0.831070 0.070556 0.075867 0.268232 -0.081090 -9.804997 
258.903925 0.022182 -0.194472 0.480085 1329.516150 1105.094096 211.847016 0.000000 0.000000 0.000000 11.047124 5.547738 2.801176 0.000000 0.000000 0.000000 -0.000265 0.000191 -0.001269 -0.825330 0.070625 0.081610 0.268380 -0.081090 -9.804992 
259.005061 0.022885 -0.194986 0.480823 1330.827791 1105.760533 212.177162 0.000000 0.000000 0.000000 10.995842 5.581754 2.793287 0.000000 0.000000 0.000000 -0.000227 0.000153 -0.001266 -0.826440 0.068682 0.084861 0.268435 -0.081080 -9.804991 
259.104630 0.024145 -0.197032 0.481100 1332.013516 1106.369974 212.477353 0.000000 0.000000 0.000000 10.928404 5.566162 2.803616 0.000000 0.000000 0.000000 -0.000276 0.000204 -0.001249 -0.822654 0.066859 0.087336 0.268496 -0.081079 -9.804989 
259.203983 0.024356 -0.197483 0.481928 1332.983544 1106.860563 212.723321 0.000000 0.000000 0.000000 10.873150 5.532920 2.794954 0.000000 0.000000 0.000000 -0.000233 0.000231 -0.001268 -0.818824 0.068287 0.090871 0.268596 -0.081068 -9.804987 
259.305033 0.025371 -0.196995 0.482096 1334.279723 1107.522691 213.052432 0.000000 0.000000 0.000000 10.861800 5.535658 2.805554 0.000000 0.000000 0.000000 -0.000218 0.000219 -0.001252 -0.820411 0.066946 0.094035 0.268641 -0.081046 -9.804986 
259.403755 0.028239 -0.196303 0.482644 1335.255026 1108.022602 213.304463 0.000000 0.000000 0.000000 10.832942 5.520527 2.785938 0.000000 0.000000 0.000000 -0.000288 0.000268 -0.001250 -0.819197 0.066381 0.094388 0.268651 -0.081048 -9.804985 
259.504355 0.028473 -0.193564 0.483265 1336.570511 1108.696433 213.638639 0.000000 0.000000 0.000000 10.854974 5.547988 2.763830 0.000000 0.000000 0.000000 -0.000216 0.000204 -0.001246 -0.825512 0.064865 0.094413 0.268608 -0.081027 -9.804987 
259.603628 0.030372 -0.191960 0.483568 1337.552060 1109.199469 213.890253 0.000000 0.000000 0.000000 10.802263 5.588382 2.713211 0.000000 0.000000 0.000000 -0.000306 0.000218 -0.001236 -0.825410 0.065532 0.092029 0.268576 -0.081047 -9.804987 
259.703865 0.028321 -0.190930 0.483486 1338.650128 1109.768763 214.170111 0.000000 0.000000 0.000000 10.817481 5.608956 2.708904 0.000000 0.000000 0.000000 -0.000296 0.000140 -0.001238 -0.830200 0.064813 0.086696 0.268468 -0.081075 -9.804990 
259.804809 0.026561 -0.191445 0.483731 1339.977628 1110.455154 214.500591 0.000000 0.000000 0.000000 10.903886 5.653801 2.717562 0.000000 0.000000 0.000000 -0.000329 0.000028 -0.001244 -0.842013 0.064048 0.082023 0.268332 -0.081072 -9.804994 
259.903652 0.024626 -0.192095 0.483258 1340.968288 1110.967602 214.751090 0.000000 0.000000 0.000000 10.896564 5.641947 2.698229 0.000000 0.000000 0.000000 -0.000301 0.000016 -0.001236 -0.843863 0.064241 0.078568 0.268277 -0.081103 -9.804995 
260.005043 0.022926 -0.193960 0.483602 1342.287845 1111.645216 215.077658 0.000000 0.000000 0.000000 10.971939 5.635271 2.716669 0.000000 0.000000 0.000000 -0.000318 -0.000043 -0.001229 -0.850964 0.064880 0.077026 0.268222 -0.081093 -9.804997 
260.103884 0.025234 -0.194251 0.483966 1343.274283 1112.151936 215.324798 0.000000 0.000000 0.000000 10.966913 5.618690 2.730196 0.000000 0.000000 0.000000 -0.000324 -0.000021 -0.001232 -0.850221 0.064814 0.075507 0.268212 -0.081118 -9.804997 
260.203875 0.026529 -0.193721 0.484573 1344.394307 1112.729052 215.606275 0.000000 0.000000 0.000000 10.995876 5.659818 2.743613 0.000000 0.000000 0.000000 -0.000294 -0.000069 -0.001236 -0.857897 0.063148 0.072929 0.268147 -0.081128 -9.804999 
260.304950 0.028216 -0.193276 0.485127 1345.725509 1113.410424 215.939488 0.000000 0.000000 0.000000 11.042795 5.666911 2.760537 0.000000 0.000000 0.000000 -0.000304 -0.000158 -0.001232 -0.865572 0.063970 0.069808 0.268104 -0.081140 -9.805000 
260.403927 0.029504 -0.194922 0.485622 1346.715296 1113.920617 216.188893 0.000000 0.000000 0.000000 11.004006 5.672564 2.746159 0.000000 0.000000 0.000000 -0.000285 -0.000132 -0.001239 -0.864158 0.063469 0.068526 0.268102 -0.081167 -9.804999 
260.504923 0.032493 -0.195430 0.485802 1348.039055 1114.601264 216.522306 0.000000 0.000000 0.000000 11.047426 5.682580 2.792112 0.000000 0.000000 0.000000 -0.000295 -0.000152 -0.001235 -0.868438 0.063609 0.066391 0.268082 -0.081185 -9.805000 
260.604328 0.033807 -0.195540 0.486504 1349.234756 1115.210484 216.829717 0.000000 0.000000 0.000000 10.994849 5.652567 2.799294 0.000000 0.000000 0.000000 -0.000301 -0.000074 -0.001251 -0.862500 0.065631 0.064521 0.268123 -0.081230 -9.804998 
260.703920 0.034320 -0.195112 0.486632 1350.195057 1115.704745 217.077834 0.000000 0.000000 0.000000 10.900606 5.616822 2.779923 0.000000 0.000000 0.000000 -0.000298 0.000001 -0.001260 -0.852911 0.066181 0.064951 0.268169 -0.081257 -9.804997 
260.805065 0.035403 -0.193965 0.486346 1351.493295 1116.376171 217.412697 0.000000 0.000000 0.000000 10.919827 5.607063 2.781304 0.000000 0.000000 0.000000 -0.000315 -0.000023 -0.001261 -0.854747 0.064550 0.062025 0.268156 -0.081302 -9.804997 
260.903868 0.035991 -0.193584 0.485800 1352.465941 1116.879068 217.663363 0.000000 0.000000 0.000000 10.863675 5.617496 2.767159 0.000000 0.000000 0.000000 -0.000296 0.000005 -0.001270 -0.851511 0.064251 0.061092 0.268169 -0.081331 -9.804996 
261.004565 0.033988 -0.194013 0.484590 1353.773062 1117.555090 217.998602 0.000000 0.000000 0.000000 10.881540 5.609551 2.745087 0.000000 0.000000 0.000000 -0.000330 -0.000066 -0.001257 -0.856624 0.063651 0.057524 0.268156 -0.081375 -9.804996 
261.105774 0.034809 -0.195663 0.483833 1354.932370 1118.155048 218.293524 0.000000 0.000000 0.000000 10.841298 5.569518 2.760159 0.000000 0.000000 0.000000 -0.000339 -0.000024 -0.001257 -0.850289 0.063353 0.058487 0.268173 -0.081379 -9.804996 
261.203735 0.034640 -0.196449 0.483140 1355.898623 1118.651096 218.541942 0.000000 0.000000 0.000000 10.811004 5.543479 2.777348 0.000000 0.000000 0.000000 -0.000308 0.000012 -0.001265 -0.845862 0.063971 0.058805 0.268190 -0.081386 -9.804995 
261.304722 0.034095 -0.195187 0.481937 1357.190161 1119.315507 218.876200 0.000000 0.000000 0.000000 10.818047 5.544762 2.789325 0.000000 0.000000 0.000000 -0.000329 -0.000000 -0.001255 -0.847597 0.063078 0.057651 0.268184 -0.081408 -9.804995 
261.403437 0.034116 -0.194678 0.481096 1358.173017 1119.817490 219.129194 0.000000 0.000000 0.000000 10.807180 5.525436 2.772046 0.000000 0.000000 0.000000 -0.000337 -0.000002 -0.001255 -0.847981 0.063552 0.057595 0.268185 -0.081407 -9.804995 
261.504758 0.034180 -0.194703 0.480195 1359.479777 1120.483848 219.463173 0.000000 0.000000 0.000000 10.856799 5.530253 2.749499 0.000000 0.000000 0.000000 -0.000335 -0.000051 -0.001250 -0.855012 0.063339 0.055800 0.268173 -0.081438 -9.804995 
261.603612 0.033999 -0.195193 0.479434 1360.464946 1120.984336 219.712632 0.000000 0.000000 0.000000 10.858815 5.539629 2.766768 0.000000 0.000000 0.000000 -0.000315 -0.000035 -0.001253 -0.855511 0.063958 0.056129 0.268174 -0.081428 -9.804995 
261.704534 0.034267 -0.193987 0.478345 1361.780801 1121.654333 220.047109 0.000000 0.000000 0.000000 10.910657 5.536752 2.773921 0.000000 0.000000 0.000000 -0.000324 -0.000079 -0.001244 -0.862444 0.063456 0.054873 0.268165 -0.081455 -9.804995 
261.804805 0.034662 -0.194303 0.477932 1362.958571 1122.251640 220.345886 0.000000 0.000000 0.000000 10.859929 5.498647 2.746045 0.000000 0.000000 0.000000 -0.000296 -0.000073 -0.001248 -0.857360 0.063272 0.056218 0.268169 -0.081421 -9.804996 
261.903761 0.035966 -0.195237 0.477797 1363.929081 1122.743631 220.591064 0.000000 0.000000 0.000000 10.808979 5.473598 2.735962 0.000000 0.000000 0.000000 -0.000301 -0.000087 -0.001247 -0.853602 0.062966 0.057389 0.268171 -0.081389 -9.804996 
262.004806 0.036311 -0.198538 0.477744 1365.239917 1123.404345 220.922280 0.000000 0.000000 0.000000 10.851575 5.500974 2.772281 0.000000 0.000000 0.000000 -0.000293 -0.000133 -0.001227 -0.861198 0.064251 0.056620 0.268162 -0.081421 -9.804996 
262.105534 0.037129 -0.201123 0.478513 1366.407978 1123.994678 221.222724 0.000000 0.000000 0.000000 10.815393 5.518845 2.830992 0.000000 0.000000 0.000000 -0.000296 -0.000092 -0.001232 -0.857538 0.065128 0.057688 0.268173 -0.081379 -9.804996 
262.204429 0.035064 -0.201365 0.478939 1367.577816 1124.588144 221.534521 0.000000 0.000000 0.000000 10.761336 5.518329 2.869725 0.000000 0.000000 0.000000 -0.000342 -0.000043 -0.001237 -0.851910 0.067171 0.057458 0.268198 -0.081356 -9.804995 
262.304770 0.034008 -0.198986 0.479080 1368.734395 1125.177229 221.846595 0.000000 0.000000 0.000000 10.724678 5.453059 2.868545 0.000000 0.000000 0.000000 -0.000380 -0.000017 -0.001227 -0.844621 0.068152 0.057843 0.268225 -0.081317 -9.804995 
262.403556 0.033213 -0.196736 0.479256 1369.689218 1125.662062 222.101751 0.000000 0.000000 0.000000 10.680511 5.411855 2.820545 0.000000 0.000000 0.000000 -0.000346 -0.000006 -0.001230 -0.839662 0.068471 0.058823 0.268239 -0.081283 -9.804995 
262.504808 0.032506 -0.194696 0.479160 1370.986356 1126.322749 222.436636 0.000000 0.000000 0.000000 10.715279 5.432792 2.759208 0.000000 0.000000 0.000000 -0.000343 -0.000073 -0.001213 -0.848695 0.067205 0.058908 0.268219 -0.081301 -9.804995 
262.604302 0.034298 -0.195504 0.479957 1372.167543 1126.924879 222.737727 0.000000 0.000000 0.000000 10.692747 5.442153 2.722219 0.000000 0.000000 0.000000 -0.000350 -0.000128 -0.001211 -0.851622 0.066101 0.058819 0.268213 -0.081305 -9.804995 
262.704969 0.034330 -0.200262 0.480469 1373.323958 1127.514485 223.029532 0.000000 0.000000 0.000000 10.622485 5.432056 2.715469 0.000000 0.000000 0.000000 -0.000338 -0.000140 -0.001207 -0.848142 0.067033 0.062155 0.268230 -0.081241 -9.804995 
262.805121 0.035963 -0.204382 0.481135 1374.471050 1128.102067 223.325375 0.000000 0.000000 0.000000 10.595263 5.439426 2.821776 0.000000 0.000000 0.000000 -0.000375 -0.000137 -0.001198 -0.844388 0.067312 0.063990 0.268248 -0.081201 -9.804995 
262.904411 0.034728 -0.204754 0.481903 1375.623172 1128.690499 223.638507 0.000000 0.000000 0.000000 10.560532 5.447718 2.931617 0.000000 0.000000 0.000000 -0.000385 -0.000047 -0.001200 -0.840460 0.069263 0.065234 0.268277 -0.081170 -9.804995 
263.004998 0.032851 -0.200866 0.483028 1376.759790 1129.278316 223.953429 0.000000 0.000000 0.000000 10.480742 5.424296 2.896871 0.000000 0.000000 0.000000 -0.000399 0.000006 -0.001210 -0.835467 0.069066 0.068271 0.268309 -0.081137 -9.804994 
263.104128 0.030657 -0.196744 0.483003 1377.911015 1129.871693 224.266521 0.000000 0.000000 0.000000 10.398000 5.446954 2.784239 0.000000 0.000000 0.000000 -0.000471 -0.000038 -0.001199 -0.835976 0.070837 0.068652 0.268318 -0.081127 -9.804994 
263.204835 0.026031 -0.196287 0.482967 1379.041029 1130.456564 224.565508 0.000000 0.000000 0.000000 10.361420 5.374303 2.723686 0.000000 0.000000 0.000000 -0.000454 -0.000053 -0.001192 -0.833938 0.072741 0.069795 0.268343 -0.081125 -9.804993 
263.304898 0.024794 -0.196511 0.483104 1380.168989 1131.038938 224.856440 0.000000 0.000000 0.000000 10.326563 5.306761 2.672406 0.000000 0.000000 0.000000 -0.000486 -0.000095 -0.001191 -0.833601 0.073865 0.072255 0.268368 -0.081119 -9.804993 
263.404148 0.025916 -0.198154 0.482990 1381.310546 1131.626301 225.145659 0.000000 0.000000 0.000000 10.311540 5.287854 2.640268 0.000000 0.000000 0.000000 -0.000399 -0.000152 -0.001202 -0.837529 0.073447 0.075486 0.268383 -0.081089 -9.804992 
263.504782 0.027036 -0.201144 0.483050 1382.441468 1132.203575 225.432401 0.000000 0.000000 0.000000 10.300979 5.273856 2.695360 0.000000 0.000000 0.000000 -0.000425 -0.000160 -0.001189 -0.839531 0.074833 0.078843 0.268419 -0.081063 -9.804992 
263.603992 0.030412 -0.202058 0.482909 1383.582029 1132.786041 225.728838 0.000000 0.000000 0.000000 10.296163 5.273799 2.733607 0.000000 0.000000 0.000000 -0.000414 -0.000152 -0.001180 -0.842293 0.075276 0.081503 0.268441 -0.081038 -9.804991 
263.704999 0.029708 -0.202973 0.483380 1384.700799 1133.359986 226.024912 0.000000 0.000000 0.000000 10.263659 5.286494 2.737242 0.000000 0.000000 0.000000 -0.000397 -0.000136 -0.001195 -0.841780 0.075489 0.083349 0.268469 -0.081033 -9.804991 
263.805356 0.030864 -0.202184 0.483257 1385.820125 1133.934606 226.322513 0.000000 0.000000 0.000000 10.254606 5.286744 2.747801 0.000000 0.000000 0.000000 -0.000465 -0.000138 -0.001195 -0.843844 0.076422 0.084097 0.268476 -0.081021 -9.804990 
263.904441 0.029537 -0.201618 0.483125 1386.958231 1134.514605 226.624616 0.000000 0.000000 0.000000 10.269230 5.289857 2.727855 0.000000 0.000000 0.000000 -0.000473 -0.000149 -0.001204 -0.848245 0.079136 0.082951 0.268451 -0.080991 -9.804991 
264.005144 0.026835 -0.201946 0.482891 1388.083916 1135.093563 226.920469 0.000000 0.000000 0.000000 10.280193 5.275528 2.696133 0.000000 0.000000 0.000000 -0.000468 -0.000134 -0.001199 -0.851263 0.079020 0.083901 0.268451 -0.080982 -9.804991 
264.103857 0.026988 -0.201004 0.482931 1389.023422 1135.577566 227.164520 0.000000 0.000000 0.000000 10.311699 5.271130 2.682258 0.000000 0.000000 0.000000 -0.000472 -0.000177 -0.001198 -0.857557 0.077954 0.083642 0.268410 -0.080951 -9.804993 
264.205031 0.027388 -0.201289 0.483290 1390.303516 1136.230667 227.492002 0.000000 0.000000 0.000000 10.464222 5.368412 2.694569 0.000000 0.000000 0.000000 -0.000436 -0.000194 -0.001204 -0.879129 0.079441 0.081220 0.268268 -0.080821 -9.804998 
264.305117 0.025683 -0.200818 0.483337 1391.461890 1136.824280 227.792347 0.000000 0.000000 0.000000 10.530516 5.413841 2.743829 0.000000 0.000000 0.000000 -0.000470 -0.000139 -0.001193 -0.886465 0.080988 0.078933 0.268193 -0.080763 -9.805000 
264.403704 0.027312 -0.199024 0.483906 1392.419129 1137.317869 228.039427 0.000000 0.000000 0.000000 10.556989 5.371410 2.714298 0.000000 0.000000 0.000000 -0.000463 -0.000110 -0.001194 -0.890329 0.078941 0.079180 0.268173 -0.080746 -9.805001 
264.504853 0.028384 -0.195888 0.484307 1393.708867 1137.974040 228.369172 0.000000 0.000000 0.000000 10.637254 5.475385 2.666618 0.000000 0.000000 0.000000 -0.000483 -0.000133 -0.001199 -0.904925 0.083570 0.072911 0.268036 -0.080585 -9.805006 
264.604027 0.023502 -0.195435 0.485482 1394.890942 1138.579733 228.670359 0.000000 0.000000 0.000000 10.758099 5.448915 2.706579 0.000000 0.000000 0.000000 -0.000385 -0.000073 -0.001202 -0.910301 0.084697 0.067944 0.267931 -0.080485 -9.805010 
264.704205 0.027923 -0.190787 0.485634 1396.051020 1139.168764 228.965412 0.000000 0.000000 0.000000 10.684377 5.417448 2.594786 0.000000 0.000000 0.000000 -0.000504 -0.000024 -0.001179 -0.902334 0.085943 0.065839 0.267931 -0.080518 -9.805009 
264.804765 0.028600 -0.189877 0.486109 1397.180355 1139.749698 229.245392 0.000000 0.000000 0.000000 10.507353 5.389915 2.512640 0.000000 0.000000 0.000000 -0.000414 -0.000047 -0.001198 -0.889985 0.083524 0.062569 0.267926 -0.080577 -9.805009 
264.903500 0.028438 -0.192773 0.486204 1398.110990 1140.228426 229.471723 0.000000 0.000000 0.000000 10.402687 5.349257 2.465412 0.000000 0.000000 0.000000 -0.000432 -0.000119 -0.001188 -0.882720 0.083525 0.059577 0.267918 -0.080603 -9.805009 
265.004657 0.030204 -0.201595 0.486430 1399.370606 1140.879052 229.782197 0.000000 0.000000 0.000000 10.449848 5.413117 2.587823 0.000000 0.000000 0.000000 -0.000429 -0.000214 -0.001193 -0.895358 0.083728 0.054350 0.267845 -0.080480 -9.805012 
265.103522 0.030613 -0.208085 0.486490 1400.324773 1141.369643 230.028096 0.000000 0.000000 0.000000 10.501876 5.415449 2.752077 0.000000 0.000000 0.000000 -0.000413 -0.000175 -0.001196 -0.899555 0.085446 0.051654 0.267817 -0.080448 -9.805013 
265.204756 0.029794 -0.208714 0.486808 1401.606976 1142.027681 230.376815 0.000000 0.000000 0.000000 10.644313 5.478274 2.922781 0.000000 0.000000 0.000000 -0.000420 -0.000138 -0.001211 -0.912356 0.088130 0.045789 0.267750 -0.080342 -9.805016 
265.304865 0.027290 -0.205398 0.487084 1402.761413 1142.622917 230.697667 0.000000 0.000000 0.000000 10.655069 5.463146 2.917730 0.000000 0.000000 0.000000 -0.000430 -0.000043 -0.001210 -0.910628 0.088044 0.044793 0.267757 -0.080337 -9.805016 
265.405119 0.026198 -0.199744 0.487297 1403.895755 1143.210840 231.012154 0.000000 0.000000 0.000000 10.551977 5.436571 2.817668 0.000000 0.000000 0.000000 -0.000457 -0.000038 -0.001205 -0.903290 0.086971 0.043809 0.267779 -0.080374 -9.805015 
265.504954 0.023201 -0.196839 0.487270 1405.024877 1143.796938 231.313011 0.000000 0.000000 0.000000 10.468563 5.412320 2.704801 0.000000 0.000000 0.000000 -0.000467 -0.000104 -0.001199 -0.897169 0.086242 0.042761 0.267795 -0.080409 -9.805014 
265.604075 0.022836 -0.197039 0.487383 1406.163988 1144.394568 231.605467 0.000000 0.000000 0.000000 10.430173 5.402068 2.633215 0.000000 0.000000 0.000000 -0.000475 -0.000132 -0.001183 -0.894658 0.082603 0.043289 0.267796 -0.080439 -9.805014 
265.703861 0.022589 -0.198063 0.487545 1407.091106 1144.877122 231.839492 0.000000 0.000000 0.000000 10.366733 5.398750 2.645076 0.000000 0.000000 0.000000 -0.000461 -0.000168 -0.001191 -0.888386 0.081572 0.045124 0.267821 -0.080516 -9.805013 
265.804859 0.022850 -0.200125 0.488001 1408.354613 1145.534134 232.158903 0.000000 0.000000 0.000000 10.451023 5.420651 2.697973 0.000000 0.000000 0.000000 -0.000471 -0.000211 -0.001202 -0.902964 0.081871 0.045544 0.267777 -0.080396 -9.805015 
265.904929 0.023805 -0.202952 0.487841 1409.498890 1146.126912 232.453272 0.000000 0.000000 0.000000 10.443850 5.429344 2.741779 0.000000 0.000000 0.000000 -0.000452 -0.000198 -0.001190 -0.904593 0.081848 0.047823 0.267786 -0.080403 -9.805014 
266.004896 0.024115 -0.205459 0.488011 1410.625100 1146.718557 232.750629 0.000000 0.000000 0.000000 10.375002 5.426247 2.783872 0.000000 0.000000 0.000000 -0.000492 -0.000231 -0.001188 -0.900609 0.079609 0.049628 0.267805 -0.080448 -9.805014 
266.103840 0.024187 -0.208506 0.487854 1411.555964 1147.206913 233.001216 0.000000 0.000000 0.000000 10.353123 5.418155 2.808770 0.000000 0.000000 0.000000 -0.000473 -0.000241 -0.001187 -0.899618 0.079234 0.050124 0.267812 -0.080458 -9.805013 
266.204279 0.022955 -0.210734 0.488443 1412.826510 1147.870325 233.345794 0.000000 0.000000 0.000000 10.459282 5.468362 2.883338 0.000000 0.000000 0.000000 -0.000476 -0.000235 -0.001197 -0.910814 0.080568 0.050317 0.267750 -0.080399 -9.805015 
266.304817 0.024264 -0.210152 0.488451 1413.968502 1148.461736 233.660731 0.000000 0.000000 0.000000 10.475762 5.457602 2.946157 0.000000 0.000000 0.000000 -0.000514 -0.000167 -0.001194 -0.909506 0.081865 0.052211 0.267796 -0.080410 -9.805014 
266.403892 0.023070 -0.206678 0.488411 1415.111758 1149.056612 233.978774 0.000000 0.000000 0.000000 10.418407 5.455954 2.887964 0.000000 0.000000 0.000000 -0.000463 -0.000105 -0.001205 -0.904707 0.081305 0.055874 0.267878 -0.080481 -9.805011 
266.504486 0.021836 -0.202089 0.487903 1416.227863 1149.643363 234.286349 0.000000 0.000000 0.000000 10.309851 5.397414 2.808831 0.000000 0.000000 0.000000 -0.000488 -0.000087 -0.001205 -0.895703 0.079395 0.059931 0.267983 -0.080612 -9.805007 
266.603498 0.023294 -0.199779 0.487340 1417.147030 1150.123404 234.530042 0.000000 0.000000 0.000000 10.238909 5.325895 2.697100 0.000000 0.000000 0.000000 -0.000493 -0.000105 -0.001216 -0.890351 0.078344 0.064070 0.268072 -0.080711 -9.805004 
266.704561 0.024038 -0.200212 0.486529 1418.394678 1150.764875 234.850000 0.000000 0.000000 0.000000 10.284675 5.325165 2.660448 0.000000 0.000000 0.000000 -0.000469 -0.000212 -0.001223 -0.901290 0.081132 0.065508 0.268063 -0.080637 -9.805005 
266.796669 0.024905 -0.201533 0.486386 1419.440993 1151.299304 235.117205 0.000000 0.000000 0.000000 10.407253 5.382308 2.721065 0.000000 0.000000 0.000000 -0.000489 -0.000265 -0.001224 -0.920354 0.084151 0.064805 0.267974 -0.080488 -9.805009 
266.895650 0.025606 -0.203050 0.485911 1420.592548 1151.891018 235.417498 0.000000 0.000000 0.000000 10.466101 5.388290 2.779213 0.000000 0.000000 0.000000 -0.000492 -0.000228 -0.001236 -0.931464 0.085961 0.064189 0.267916 -0.080416 -9.805011 
266.996971 0.026210 -0.204013 0.484615 1421.702410 1152.466602 235.713642 0.000000 0.000000 0.000000 10.425385 5.370455 2.771973 0.000000 0.000000 0.000000 -0.000520 -0.000220 -0.001222 -0.928741 0.084783 0.063889 0.267916 -0.080429 -9.805011 
267.096386 0.025272 -0.204133 0.483901 1422.826462 1153.043242 236.012637 0.000000 0.000000 0.000000 10.437803 5.339129 2.746853 0.000000 0.000000 0.000000 -0.000472 -0.000202 -0.001228 -0.929754 0.085530 0.064596 0.267930 -0.080424 -9.805010 
267.196782 0.026917 -0.204673 0.483710 1423.935022 1153.611869 236.302679 0.000000 0.000000 0.000000 10.405015 5.312942 2.747977 0.000000 0.000000 0.000000 -0.000503 -0.000271 -0.001214 -0.927297 0.084299 0.065717 0.267956 -0.080433 -9.805009 
267.297042 0.029177 -0.205509 0.484027 1425.038383 1154.176794 236.594222 0.000000 0.000000 0.000000 10.379087 5.309246 2.744182 0.000000 0.000000 0.000000 -0.000500 -0.000308 -0.001217 -0.924706 0.083015 0.067130 0.267986 -0.080435 -9.805009 
267.395867 0.030606 -0.205355 0.484508 1426.163800 1154.754728 236.893907 0.000000 0.000000 0.000000 10.377263 5.340294 2.789241 0.000000 0.000000 0.000000 -0.000509 -0.000257 -0.001220 -0.926964 0.082510 0.066494 0.267966 -0.080435 -9.805009 
267.495958 0.031040 -0.204603 0.484677 1427.279214 1155.329159 237.194523 0.000000 0.000000 0.000000 10.352899 5.343034 2.787444 0.000000 0.000000 0.000000 -0.000497 -0.000276 -0.001229 -0.925291 0.082584 0.066097 0.267967 -0.080440 -9.805009 
267.595982 0.031308 -0.203611 0.484870 1428.386711 1155.899860 237.494579 0.000000 0.000000 0.000000 10.335062 5.312592 2.761154 0.000000 0.000000 0.000000 -0.000539 -0.000354 -0.001229 -0.921613 0.083211 0.064677 0.267966 -0.080453 -9.805009 
267.697099 0.034016 -0.202018 0.484788 1429.475233 1156.458338 237.785313 0.000000 0.000000 0.000000 10.307502 5.261150 2.757111 0.000000 0.000000 0.000000 -0.000508 -0.000456 -0.001234 -0.914977 0.082596 0.067028 0.268000 -0.080446 -9.805008 
267.796909 0.033247 -0.202034 0.485008 1430.575115 1157.022083 238.075668 0.000000 0.000000 0.000000 10.230308 5.297311 2.699645 0.000000 0.000000 0.000000 -0.000464 -0.000477 -0.001244 -0.914815 0.082579 0.068883 0.268012 -0.080430 -9.805008 
267.895674 0.033129 -0.203601 0.485108 1431.691936 1157.597276 238.368231 0.000000 0.000000 0.000000 10.293791 5.248515 2.703059 0.000000 0.000000 0.000000 -0.000520 -0.000467 -0.001231 -0.918171 0.082880 0.068545 0.268001 -0.080430 -9.805008 
267.996688 0.035255 -0.205835 0.485205 1432.796206 1158.162389 238.662622 0.000000 0.000000 0.000000 10.253143 5.281315 2.742741 0.000000 0.000000 0.000000 -0.000540 -0.000442 -0.001218 -0.920289 0.083681 0.067010 0.267993 -0.080453 -9.805008 
268.096483 0.032684 -0.210542 0.485247 1433.893297 1158.729061 238.959548 0.000000 0.000000 0.000000 10.238856 5.288715 2.771815 0.000000 0.000000 0.000000 -0.000476 -0.000483 -0.001242 -0.919952 0.084455 0.064827 0.267989 -0.080492 -9.805008 
268.196800 0.031409 -0.212972 0.485366 1434.995982 1159.300346 239.258466 0.000000 0.000000 0.000000 10.285926 5.298597 2.868137 0.000000 0.000000 0.000000 -0.000531 -0.000384 -0.001213 -0.921920 0.083166 0.067835 0.267987 -0.080441 -9.805009 
268.296734 0.033456 -0.209280 0.486093 1436.104174 1159.869416 239.565635 0.000000 0.000000 0.000000 10.334772 5.335343 2.920412 0.000000 0.000000 0.000000 -0.000560 -0.000283 -0.001220 -0.922094 0.083738 0.071121 0.267983 -0.080389 -9.805009 
268.395675 0.030703 -0.203449 0.486741 1437.228095 1160.447585 239.877449 0.000000 0.000000 0.000000 10.314260 5.375960 2.810018 0.000000 0.000000 0.000000 -0.000486 -0.000229 -0.001228 -0.923205 0.084392 0.073027 0.267977 -0.080369 -9.805009 
268.496686 0.027654 -0.201833 0.487315 1438.326356 1161.020584 240.170917 0.000000 0.000000 0.000000 10.250314 5.339244 2.670172 0.000000 0.000000 0.000000 -0.000501 -0.000328 -0.001224 -0.922458 0.083964 0.072508 0.267979 -0.080375 -9.805009 
268.596306 0.030356 -0.205351 0.487167 1439.430315 1161.596568 240.456533 0.000000 0.000000 0.000000 10.230015 5.341325 2.648139 0.000000 0.000000 0.000000 -0.000585 -0.000365 -0.001201 -0.923824 0.083337 0.072802 0.267976 -0.080367 -9.805009 
268.695763 0.034241 -0.211006 0.486973 1440.543026 1162.176996 240.744547 0.000000 0.000000 0.000000 10.267059 5.367352 2.741270 0.000000 0.000000 0.000000 -0.000518 -0.000317 -0.001217 -0.926565 0.083543 0.073583 0.267968 -0.080348 -9.805010 
268.796753 0.032860 -0.213361 0.487342 1441.639300 1162.743093 241.043553 0.000000 0.000000 0.000000 10.290528 5.353667 2.852020 0.000000 0.000000 0.000000 -0.000460 -0.000281 -0.001215 -0.922972 0.085822 0.074404 0.267983 -0.080336 -9.805010 
268.895779 0.032915 -0.208606 0.488108 1442.769194 1163.323396 241.357381 0.000000 0.000000 0.000000 10.354925 5.344772 2.902210 0.000000 0.000000 0.000000 -0.000422 -0.000170 -0.001242 -0.927250 0.088036 0.074820 0.267977 -0.080324 -9.805010 
268.996937 0.033975 -0.204076 0.488104 1443.868552 1163.891347 241.661352 0.000000 0.000000 0.000000 10.319827 5.327867 2.811107 0.000000 0.000000 0.000000 -0.000467 -0.000198 -0.001232 -0.923932 0.088706 0.075866 0.267983 -0.080320 -9.805010 
269.095922 0.035575 -0.202466 0.487500 1444.986453 1164.467497 241.958601 0.000000 0.000000 0.000000 10.322170 5.307981 2.696864 0.000000 0.000000 0.000000 -0.000445 -0.000233 -0.001229 -0.926389 0.088872 0.074982 0.267983 -0.080320 -9.805010 
269.195592 0.036704 -0.205008 0.487511 1446.108044 1165.044383 242.250284 0.000000 0.000000 0.000000 10.352067 5.336367 2.680762 0.000000 0.000000 0.000000 -0.000430 -0.000252 -0.001239 -0.928814 0.088532 0.073675 0.267981 -0.080328 -9.805010 
269.296715 0.039169 -0.207369 0.487186 1447.205401 1165.611758 242.540601 0.000000 0.000000 0.000000 10.335932 5.361492 2.744392 0.000000 0.000000 0.000000 -0.000516 -0.000312 -0.001225 -0.925040 0.087682 0.071878 0.267988 -0.080365 -9.805009 
269.395567 0.039065 -0.207772 0.486799 1448.327209 1166.188955 242.844502 0.000000 0.000000 0.000000 10.352486 5.385900 2.828850 0.000000 0.000000 0.000000 -0.000476 -0.000301 -0.001238 -0.926762 0.088408 0.069206 0.267990 -0.080399 -9.805009 
269.496209 0.036583 -0.207715 0.486525 1449.435807 1166.766169 243.149783 0.000000 0.000000 0.000000 10.349553 5.360665 2.823228 0.000000 0.000000 0.000000 -0.000458 -0.000283 -0.001247 -0.925234 0.087766 0.069161 0.267993 -0.080402 -9.805009 
269.596051 0.036298 -0.205504 0.485967 1450.552196 1167.340493 243.455524 0.000000 0.000000 0.000000 10.383505 5.321809 2.856340 0.000000 0.000000 0.000000 -0.000464 -0.000306 -0.001247 -0.925629 0.088920 0.068536 0.267996 -0.080407 -9.805009 
269.695526 0.037352 -0.205079 0.485484 1451.679060 1167.923488 243.759872 0.000000 0.000000 0.000000 10.419821 5.326226 2.791522 0.000000 0.000000 0.000000 -0.000468 -0.000279 -0.001239 -0.927150 0.087274 0.069462 0.267987 -0.080395 -9.805009 
269.796712 0.038584 -0.206196 0.485264 1452.787256 1168.492827 244.055798 0.000000 0.000000 0.000000 10.402729 5.325101 2.755564 0.000000 0.000000 0.000000 -0.000486 -0.000337 -0.001242 -0.924492 0.086793 0.070633 0.267987 -0.080381 -9.805009 
269.895657 0.040264 -0.207916 0.484787 1453.919273 1169.070314 244.354091 0.000000 0.000000 0.000000 10.463809 5.322999 2.816454 0.000000 0.000000 0.000000 -0.000460 -0.000301 -0.001236 -0.925930 0.086833 0.072195 0.267982 -0.080350 -9.805009 
269.995794 0.041940 -0.207755 0.484769 1455.052858 1169.646853 244.658000 0.000000 0.000000 0.000000 10.491139 5.355390 2.856783 0.000000 0.000000 0.000000 -0.000436 -0.000219 -0.001246 -0.925451 0.087052 0.074728 0.267975 -0.080302 -9.805010 
270.096297 0.042407 -0.205479 0.484799 1456.175673 1170.221769 244.964170 0.000000 0.000000 0.000000 10.482170 5.343715 2.834345 0.000000 0.000000 0.000000 -0.000480 -0.000219 -0.001249 -0.924218 0.086652 0.075400 0.267973 -0.080290 -9.805010 
270.195516 0.042590 -0.203836 0.484643 1457.313784 1170.802081 245.271423 0.000000 0.000000 0.000000 10.486004 5.344279 2.818783 0.000000 0.000000 0.000000 -0.000464 -0.000246 -0.001247 -0.926780 0.086934 0.073806 0.267979 -0.080320 -9.805010 
270.296656 0.042001 -0.204533 0.484724 1458.432613 1171.377115 245.572024 0.000000 0.000000 0.000000 10.477609 5.338492 2.796542 0.000000 0.000000 0.000000 -0.000479 -0.000255 -0.001239 -0.926598 0.085334 0.073223 0.267982 -0.080330 -9.805010 
270.395615 0.043724 -0.205193 0.485271 1459.570328 1171.960034 245.875095 0.000000 0.000000 0.000000 10.481964 5.369410 2.797131 0.000000 0.000000 0.000000 -0.000517 -0.000244 -0.001224 -0.929321 0.084459 0.073133 0.267980 -0.080335 -9.805010 
270.496803 0.042244 -0.206988 0.485989 1460.689822 1172.537325 246.176465 0.000000 0.000000 0.000000 10.457714 5.417904 2.804402 0.000000 0.000000 0.000000 -0.000536 -0.000250 -0.001217 -0.929951 0.083952 0.071681 0.267987 -0.080370 -9.805009 
270.596354 0.040618 -0.207951 0.486486 1461.812147 1173.118450 246.482417 0.000000 0.000000 0.000000 10.467424 5.438407 2.866421 0.000000 0.000000 0.000000 -0.000560 -0.000262 -0.001206 -0.930416 0.084077 0.068793 0.268004 -0.080435 -9.805008 
270.695915 0.038605 -0.207855 0.487033 1462.946014 1173.709635 246.792527 0.000000 0.000000 0.000000 10.493212 5.458458 2.866225 0.000000 0.000000 0.000000 -0.000558 -0.000192 -0.001206 -0.932616 0.083244 0.068684 0.267998 -0.080443 -9.805008 
270.796515 0.036321 -0.205888 0.487321 1464.072336 1174.294261 247.101849 0.000000 0.000000 0.000000 10.501190 5.454025 2.863126 0.000000 0.000000 0.000000 -0.000517 -0.000202 -0.001203 -0.933112 0.083425 0.067687 0.268005 -0.080461 -9.805008 
270.895400 0.036968 -0.205151 0.488144 1465.217791 1174.885482 247.408142 0.000000 0.000000 0.000000 10.541815 5.406725 2.820232 0.000000 0.000000 0.000000 -0.000515 -0.000180 -0.001206 -0.935011 0.084087 0.069234 0.267988 -0.080438 -9.805009 
270.995857 0.039274 -0.205557 0.488593 1466.357982 1175.474014 247.709736 0.000000 0.000000 0.000000 10.543738 5.433093 2.792363 0.000000 0.000000 0.000000 -0.000469 -0.000165 -0.001194 -0.936659 0.083306 0.070345 0.267974 -0.080419 -9.805009 
271.095583 0.040801 -0.206233 0.489803 1467.492717 1176.064405 248.013721 0.000000 0.000000 0.000000 10.537484 5.458639 2.816326 0.000000 0.000000 0.000000 -0.000519 -0.000194 -0.001198 -0.935886 0.081809 0.069182 0.267984 -0.080440 -9.805009 
271.196459 0.042360 -0.206858 0.490059 1468.619424 1176.648576 248.317912 0.000000 0.000000 0.000000 10.489273 5.491128 2.850834 0.000000 0.000000 0.000000 -0.000538 -0.000185 -0.001184 -0.934679 0.082514 0.068193 0.267998 -0.080456 -9.805008 
271.296368 0.041038 -0.208578 0.490360 1469.742148 1177.232949 248.626090 0.000000 0.000000 0.000000 10.478539 5.464993 2.836923 0.000000 0.000000 0.000000 -0.000532 -0.000229 -0.001196 -0.933826 0.083587 0.065551 0.268027 -0.080490 -9.805007 
271.395219 0.041570 -0.211092 0.490706 1470.887219 1177.829873 248.932729 0.000000 0.000000 0.000000 10.493197 5.482277 2.878686 0.000000 0.000000 0.000000 -0.000488 -0.000227 -0.001197 -0.936741 0.083598 0.068738 0.267997 -0.080444 -9.805008 
271.496311 0.042281 -0.213036 0.490938 1472.013953 1178.421067 249.244545 0.000000 0.000000 0.000000 10.517750 5.488918 2.966240 0.000000 0.000000 0.000000 -0.000496 -0.000209 -0.001191 -0.936527 0.082928 0.068904 0.267993 -0.080444 -9.805008 
271.595893 0.042903 -0.212565 0.491656 1473.153049 1179.014406 249.566134 0.000000 0.000000 0.000000 10.544005 5.504580 2.989820 0.000000 0.000000 0.000000 -0.000485 -0.000145 -0.001192 -0.937656 0.083367 0.069753 0.267988 -0.080432 -9.805009 
271.695254 0.041880 -0.210940 0.491955 1474.304885 1179.617731 249.890267 0.000000 0.000000 0.000000 10.541618 5.564221 2.978288 0.000000 0.000000 0.000000 -0.000483 -0.000092 -0.001194 -0.940775 0.083654 0.070262 0.267976 -0.080423 -9.805009 
271.796261 0.040614 -0.209004 0.492099 1475.435862 1180.208400 250.207946 0.000000 0.000000 0.000000 10.528975 5.528350 2.932936 0.000000 0.000000 0.000000 -0.000512 -0.000122 -0.001198 -0.939505 0.085631 0.070450 0.267993 -0.080418 -9.805009 
271.895265 0.039092 -0.208380 0.491927 1476.582164 1180.811005 250.525001 0.000000 0.000000 0.000000 10.556145 5.545776 2.909592 0.000000 0.000000 0.000000 -0.000500 -0.000125 -0.001199 -0.940984 0.085594 0.070227 0.267986 -0.080415 -9.805009 
271.996167 0.037709 -0.207936 0.492119 1477.710721 1181.406555 250.835562 0.000000 0.000000 0.000000 10.548019 5.564417 2.918530 0.000000 0.000000 0.000000 -0.000512 -0.000129 -0.001193 -0.938779 0.085181 0.071234 0.267997 -0.080420 -9.805008 
272.095086 0.034866 -0.206711 0.492391 1478.855435 1182.011674 251.152148 0.000000 0.000000 0.000000 10.551636 5.541706 2.892094 0.000000 0.000000 0.000000 -0.000549 -0.000136 -0.001186 -0.938164 0.084948 0.070937 0.267998 -0.080424 -9.805008 
272.195513 0.033756 -0.205435 0.492599 1479.999343 1182.613116 251.463532 0.000000 0.000000 0.000000 10.532264 5.566455 2.882198 0.000000 0.000000 0.000000 -0.000549 -0.000125 -0.001188 -0.939423 0.085652 0.071815 0.267998 -0.080416 -9.805008 
272.296443 0.028944 -0.205627 0.492836 1481.123267 1183.208432 251.771772 0.000000 0.000000 0.000000 10.471931 5.549425 2.831924 0.000000 0.000000 0.000000 -0.000529 -0.000149 -0.001197 -0.938491 0.085614 0.071286 0.267999 -0.080421 -9.805008 
272.395363 0.026782 -0.206503 0.492865 1482.267740 1183.814011 252.079813 0.000000 0.000000 0.000000 10.469954 5.524280 2.845297 0.000000 0.000000 0.000000 -0.000573 -0.000164 -0.001186 -0.942734 0.085577 0.071672 0.267981 -0.080393 -9.805009 
272.496777 0.025779 -0.209468 0.493029 1483.385984 1184.408485 252.379811 0.000000 0.000000 0.000000 10.441746 5.508313 2.847751 0.000000 0.000000 0.000000 -0.000502 -0.000180 -0.001182 -0.943751 0.083154 0.074619 0.267996 -0.080397 -9.805009 
272.595954 0.028098 -0.211185 0.493280 1484.524873 1185.013088 252.685906 0.000000 0.000000 0.000000 10.453582 5.530773 2.876560 0.000000 0.000000 0.000000 -0.000518 -0.000124 -0.001169 -0.950002 0.081150 0.080227 0.268016 -0.080369 -9.805008 
272.695567 0.030893 -0.211828 0.493649 1485.664123 1185.618060 252.997944 0.000000 0.000000 0.000000 10.468171 5.551427 2.928761 0.000000 0.000000 0.000000 -0.000522 -0.000059 -0.001159 -0.953941 0.080090 0.082720 0.268016 -0.080353 -9.805009 
272.796560 0.031856 -0.210192 0.494573 1486.785967 1186.210751 253.307456 0.000000 0.000000 0.000000 10.456770 5.554144 2.927789 0.000000 0.000000 0.000000 -0.000492 -0.000020 -0.001163 -0.954616 0.080556 0.086053 0.268061 -0.080366 -9.805007 
272.895846 0.030322 -0.206641 0.495224 1487.913399 1186.807056 253.623560 0.000000 0.000000 0.000000 10.417335 5.589118 2.868958 0.000000 0.000000 0.000000 -0.000515 0.000008 -0.001168 -0.954166 0.082900 0.084273 0.268062 -0.080336 -9.805007 
272.997008 0.027622 -0.203362 0.495427 1489.022229 1187.395606 253.930972 0.000000 0.000000 0.000000 10.362014 5.565533 2.803874 0.000000 0.000000 0.000000 -0.000537 -0.000020 -0.001185 -0.951454 0.086385 0.079717 0.268044 -0.080266 -9.805008 
273.096004 0.021990 -0.203706 0.494489 1490.147757 1187.995024 254.236059 0.000000 0.000000 0.000000 10.317925 5.555101 2.722489 0.000000 0.000000 0.000000 -0.000520 -0.000032 -0.001215 -0.953769 0.089779 0.073286 0.267944 -0.080097 -9.805013 
273.196934 0.020496 -0.207249 0.492522 1491.252858 1188.581828 254.527375 0.000000 0.000000 0.000000 10.355042 5.444283 2.724620 0.000000 0.000000 0.000000 -0.000526 -0.000077 -0.001242 -0.953580 0.091039 0.070657 0.267905 -0.080044 -9.805014 
273.296977 0.021756 -0.210666 0.489432 1492.358957 1189.162056 254.823752 0.000000 0.000000 0.000000 10.351029 5.402502 2.769744 0.000000 0.000000 0.000000 -0.000465 -0.000047 -0.001243 -0.954033 0.090863 0.069184 0.267877 -0.080010 -9.805015 
273.395768 0.021609 -0.213005 0.487025 1493.490664 1189.752872 255.127066 0.000000 0.000000 0.000000 10.406939 5.379409 2.840846 0.000000 0.000000 0.000000 -0.000435 0.000039 -0.001231 -0.960000 0.088406 0.071303 0.267893 -0.079983 -9.805015 
273.496821 0.025197 -0.212924 0.484875 1494.606673 1190.331202 255.432334 0.000000 0.000000 0.000000 10.427771 5.355380 2.879885 0.000000 0.000000 0.000000 -0.000518 0.000056 -0.001217 -0.961882 0.086861 0.072444 0.267904 -0.079986 -9.805015 
273.595943 0.027876 -0.212686 0.482899 1495.732588 1190.915921 255.742521 0.000000 0.000000 0.000000 10.440260 5.383878 2.893440 0.000000 0.000000 0.000000 -0.000501 0.000099 -0.001224 -0.964229 0.084246 0.073757 0.267915 -0.079994 -9.805014 
273.695514 0.026559 -0.212571 0.481777 1496.867641 1191.501011 256.057418 0.000000 0.000000 0.000000 10.434044 5.391048 2.873307 0.000000 0.000000 0.000000 -0.000555 0.000135 -0.001219 -0.966060 0.085718 0.072305 0.267883 -0.079956 -9.805015 
273.796133 0.026941 -0.212885 0.480669 1497.982642 1192.076822 256.366232 0.000000 0.000000 0.000000 10.404251 5.360989 2.860189 0.000000 0.000000 0.000000 -0.000613 0.000071 -0.001188 -0.964426 0.085738 0.070949 0.267851 -0.079944 -9.805016 
273.895541 0.024872 -0.215616 0.480375 1499.106003 1192.657858 256.679648 0.000000 0.000000 0.000000 10.377994 5.390148 2.885997 0.000000 0.000000 0.000000 -0.000601 0.000065 -0.001181 -0.964295 0.088526 0.066761 0.267732 -0.079880 -9.805020 
273.996743 0.022349 -0.217570 0.480346 1500.216411 1193.232493 256.990543 0.000000 0.000000 0.000000 10.382250 5.364562 2.931955 0.000000 0.000000 0.000000 -0.000624 0.000064 -0.001175 -0.964560 0.089196 0.066429 0.267721 -0.079874 -9.805020 
274.096093 0.021129 -0.218735 0.480703 1501.334928 1193.811821 257.304842 0.000000 0.000000 0.000000 10.376236 5.375309 2.938924 0.000000 0.000000 0.000000 -0.000598 0.000074 -0.001178 -0.965808 0.087843 0.067953 0.267766 -0.079898 -9.805019 
274.196621 0.018942 -0.220206 0.481082 1502.448708 1194.385493 257.619286 0.000000 0.000000 0.000000 10.387086 5.361036 2.953295 0.000000 0.000000 0.000000 -0.000584 0.000078 -0.001186 -0.966674 0.088018 0.069379 0.267810 -0.079923 -9.805018 
274.296640 0.019281 -0.220225 0.480936 1503.564637 1194.964627 257.932016 0.000000 0.000000 0.000000 10.412769 5.368294 2.984699 0.000000 0.000000 0.000000 -0.000558 0.000109 -0.001176 -0.967791 0.084093 0.073963 0.267971 -0.080007 -9.805013 
274.396645 0.020300 -0.220008 0.481439 1504.682080 1195.540108 258.245552 0.000000 0.000000 0.000000 10.428024 5.355673 2.970851 0.000000 0.000000 0.000000 -0.000574 0.000147 -0.001181 -0.968565 0.082258 0.078423 0.268124 -0.080094 -9.805008 
274.496787 0.022338 -0.220030 0.481643 1505.794804 1196.113338 258.557047 0.000000 0.000000 0.000000 10.400351 5.383334 2.928327 0.000000 0.000000 0.000000 -0.000570 0.000139 -0.001179 -0.968105 0.080531 0.081689 0.268242 -0.080157 -9.805004 
274.596212 0.020832 -0.220656 0.481657 1506.915596 1196.692673 258.873405 0.000000 0.000000 0.000000 10.412567 5.372366 2.938663 0.000000 0.000000 0.000000 -0.000548 0.000134 -0.001182 -0.969712 0.081274 0.080886 0.268203 -0.080140 -9.805005 
274.697031 0.022909 -0.221064 0.481488 1508.027704 1197.263797 259.185580 0.000000 0.000000 0.000000 10.418112 5.357223 2.953464 0.000000 0.000000 0.000000 -0.000585 0.000128 -0.001174 -0.969782 0.081928 0.081801 0.268233 -0.080161 -9.805004 
274.797112 0.024146 -0.222442 0.481081 1509.138588 1197.831119 259.499369 0.000000 0.000000 0.000000 10.423526 5.343845 2.943812 0.000000 0.000000 0.000000 -0.000497 0.000141 -0.001186 -0.970059 0.083822 0.082059 0.268233 -0.080172 -9.805004 
274.896921 0.023266 -0.222668 0.481470 1510.258243 1198.406243 259.816222 0.000000 0.000000 0.000000 10.463131 5.351988 3.003815 0.000000 0.000000 0.000000 -0.000502 0.000173 -0.001186 -0.973038 0.083303 0.082690 0.268248 -0.080178 -9.805004 
274.996801 0.027244 -0.222575 0.481168 1511.378635 1198.980150 260.133303 0.000000 0.000000 0.000000 10.478421 5.360152 2.980198 0.000000 0.000000 0.000000 -0.000517 0.000246 -0.001175 -0.973403 0.082482 0.085491 0.268352 -0.080224 -9.805000 
275.095652 0.028372 -0.220612 0.481461 1512.522494 1199.567744 260.456001 0.000000 0.000000 0.000000 10.558385 5.402336 2.997533 0.000000 0.000000 0.000000 -0.000462 0.000356 -0.001180 -0.977536 0.081153 0.087273 0.268405 -0.080245 -9.804999 
275.196561 0.030233 -0.216005 0.481347 1513.642503 1200.141083 260.774237 0.000000 0.000000 0.000000 10.551075 5.416458 2.983752 0.000000 0.000000 0.000000 -0.000483 0.000374 -0.001176 -0.972720 0.080977 0.088938 0.268477 -0.080283 -9.804996 
275.296500 0.030130 -0.210387 0.481684 1514.767493 1200.714345 261.090682 0.000000 0.000000 0.000000 10.529619 5.390604 2.863372 0.000000 0.000000 0.000000 -0.000459 0.000318 -0.001186 -0.970798 0.082154 0.087222 0.268430 -0.080260 -9.804998 
275.395478 0.029765 -0.208355 0.482220 1515.911390 1201.296688 261.401518 0.000000 0.000000 0.000000 10.503878 5.410848 2.771260 0.000000 0.000000 0.000000 -0.000452 0.000271 -0.001198 -0.976254 0.084246 0.082300 0.268275 -0.080179 -9.805003 
275.496652 0.029900 -0.210307 0.482015 1517.027223 1201.864393 261.698842 0.000000 0.000000 0.000000 10.467403 5.368886 2.751768 0.000000 0.000000 0.000000 -0.000428 0.000159 -0.001196 -0.974751 0.086753 0.077913 0.268171 -0.080168 -9.805006 
275.595681 0.031432 -0.214179 0.482103 1518.159540 1202.444592 261.999889 0.000000 0.000000 0.000000 10.478342 5.386597 2.794201 0.000000 0.000000 0.000000 -0.000441 0.000148 -0.001197 -0.977194 0.086168 0.075598 0.268128 -0.080158 -9.805007 
275.696065 0.031311 -0.216256 0.482206 1519.284372 1203.023003 262.310977 0.000000 0.000000 0.000000 10.479685 5.388104 2.916000 0.000000 0.000000 0.000000 -0.000404 0.000170 -0.001201 -0.978676 0.085603 0.072004 0.268086 -0.080161 -9.805008 
275.796587 0.031119 -0.217133 0.482773 1520.407019 1203.596619 262.624030 0.000000 0.000000 0.000000 10.490729 5.335969 2.945062 0.000000 0.000000 0.000000 -0.000377 0.000185 -0.001189 -0.978994 0.086357 0.072782 0.268088 -0.080161 -9.805008 
275.895378 0.034356 -0.217725 0.483997 1521.545649 1204.182552 262.940124 0.000000 0.000000 0.000000 10.490977 5.375669 2.929926 0.000000 0.000000 0.000000 -0.000441 0.000177 -0.001177 -0.980907 0.084962 0.074362 0.268081 -0.080154 -9.805008 
275.996688 0.039135 -0.218884 0.484938 1522.662033 1204.756207 263.253822 0.000000 0.000000 0.000000 10.498339 5.365014 2.953501 0.000000 0.000000 0.000000 -0.000420 0.000193 -0.001182 -0.979586 0.084633 0.075128 0.268077 -0.080142 -9.805009 
276.095491 0.040466 -0.217094 0.485897 1523.807451 1205.342051 263.576386 0.000000 0.000000 0.000000 10.558262 5.455336 3.047268 0.000000 0.000000 0.000000 -0.000349 0.000270 -0.001192 -0.982312 0.084705 0.076139 0.268068 -0.080140 -9.805009 
276.195797 0.043871 -0.212545 0.486469 1524.938114 1205.918628 263.899206 0.000000 0.000000 0.000000 10.547361 5.405017 2.946494 0.000000 0.000000 0.000000 -0.000421 0.000308 -0.001200 -0.979106 0.086327 0.075966 0.268067 -0.080128 -9.805009 
276.296739 0.045498 -0.206699 0.486713 1526.060980 1206.492811 264.212003 0.000000 0.000000 0.000000 10.515451 5.404797 2.865715 0.000000 0.000000 0.000000 -0.000339 0.000267 -0.001214 -0.978176 0.086589 0.075813 0.268068 -0.080127 -9.805009 
276.396851 0.046351 -0.205223 0.487099 1527.178873 1207.064981 264.512919 0.000000 0.000000 0.000000 10.508129 5.370477 2.807617 0.000000 0.000000 0.000000 -0.000312 0.000223 -0.001240 -0.976259 0.087167 0.074866 0.268081 -0.080144 -9.805008 
276.496634 0.051083 -0.204941 0.486468 1528.307371 1207.638345 264.817434 0.000000 0.000000 0.000000 10.509368 5.365655 2.805191 0.000000 0.000000 0.000000 -0.000368 0.000191 -0.001226 -0.979540 0.086359 0.069896 0.268230 -0.080277 -9.805003 
276.595896 0.052406 -0.207456 0.486001 1529.450996 1208.220667 265.124675 0.000000 0.000000 0.000000 10.526222 5.381378 2.830957 0.000000 0.000000 0.000000 -0.000275 0.000211 -0.001248 -0.985318 0.085264 0.066452 0.268355 -0.080403 -9.804999 
276.698123 0.052879 -0.209654 0.485972 1530.556066 1208.785788 265.429020 0.000000 0.000000 0.000000 10.553122 5.391010 2.925531 0.000000 0.000000 0.000000 -0.000335 0.000192 -0.001247 -0.983951 0.083709 0.062327 0.268481 -0.080550 -9.804994 
276.796875 0.053390 -0.208487 0.485167 1531.702437 1209.367275 265.750991 0.000000 0.000000 0.000000 10.594627 5.460789 2.945472 0.000000 0.000000 0.000000 -0.000294 0.000327 -0.001236 -0.991779 0.082737 0.059008 0.268638 -0.080725 -9.804988 
276.896173 0.049734 -0.206902 0.484922 1532.857376 1209.962109 266.076820 0.000000 0.000000 0.000000 10.636942 5.486735 2.966032 0.000000 0.000000 0.000000 -0.000294 0.000353 -0.001250 -0.999994 0.079262 0.052998 0.268903 -0.081010 -9.804979 
276.996706 0.051083 -0.209045 0.485021 1534.000795 1210.555012 266.387430 0.000000 0.000000 0.000000 10.674899 5.489318 2.925730 0.000000 0.000000 0.000000 -0.000318 0.000397 -0.001234 -1.002601 0.078944 0.056624 0.268756 -0.080873 -9.804984 
277.095701 0.051010 -0.212657 0.485609 1535.162000 1211.156679 266.704039 0.000000 0.000000 0.000000 10.687259 5.596465 2.948482 0.000000 0.000000 0.000000 -0.000315 0.000410 -0.001231 -1.007370 0.077848 0.056776 0.268765 -0.080907 -9.804983 
277.195534 0.049698 -0.218279 0.486175 1536.311167 1211.757671 267.028711 0.000000 0.000000 0.000000 10.647313 5.573926 3.012187 0.000000 0.000000 0.000000 -0.000376 0.000367 -0.001214 -1.007199 0.076763 0.053266 0.268912 -0.081078 -9.804978 
277.296670 0.049487 -0.227981 0.487185 1537.441621 1212.349279 267.344585 0.000000 0.000000 0.000000 10.555908 5.529883 3.005501 0.000000 0.000000 0.000000 -0.000347 0.000258 -0.001200 -1.004756 0.081341 0.059436 0.268683 -0.080710 -9.804987 
277.395718 0.050880 -0.240424 0.488133 1538.584711 1212.943591 267.672930 0.000000 0.000000 0.000000 10.580795 5.522590 3.187796 0.000000 0.000000 0.000000 -0.000369 0.000222 -0.001190 -1.004603 0.086781 0.064307 0.268554 -0.080400 -9.804993 
277.496081 0.051625 -0.245226 0.489395 1539.725101 1213.533065 268.028025 0.000000 0.000000 0.000000 10.643961 5.543579 3.523742 0.000000 0.000000 0.000000 -0.000324 0.000339 -0.001178 -1.003410 0.090858 0.068169 0.268482 -0.080140 -9.804998 
277.595629 0.052003 -0.237615 0.491627 1540.881790 1214.130123 268.400794 0.000000 0.000000 0.000000 10.751715 5.468142 3.545668 0.000000 0.000000 0.000000 -0.000301 0.000462 -0.001178 -1.001371 0.097458 0.078694 0.268291 -0.079612 -9.805007 
277.696062 0.056162 -0.226474 0.493725 1542.021532 1214.714956 268.763541 0.000000 0.000000 0.000000 10.671562 5.566175 3.330095 0.000000 0.000000 0.000000 -0.000260 0.000453 -0.001179 -0.994653 0.101717 0.087968 0.268148 -0.079161 -9.805015 
277.796560 0.052210 -0.219430 0.494919 1543.152957 1215.300523 269.119476 0.000000 0.000000 0.000000 10.603457 5.593757 3.215610 0.000000 0.000000 0.000000 -0.000359 0.000331 -0.001191 -0.993327 0.101958 0.079994 0.268216 -0.079399 -9.805011 
277.895470 0.046479 -0.215741 0.495268 1544.303653 1215.907460 269.464329 0.000000 0.000000 0.000000 10.567833 5.640520 3.092102 0.000000 0.000000 0.000000 -0.000407 0.000309 -0.001174 -0.996331 0.101071 0.076944 0.268191 -0.079496 -9.805011 
277.996034 0.039271 -0.216299 0.495103 1545.429966 1216.513140 269.790757 0.000000 0.000000 0.000000 10.491853 5.667248 3.021300 0.000000 0.000000 0.000000 -0.000415 0.000254 -0.001199 -0.993648 0.100593 0.076601 0.268202 -0.079501 -9.805010 
278.095752 0.034142 -0.217584 0.494145 1546.563784 1217.118061 270.113212 0.000000 0.000000 0.000000 10.508120 5.586990 3.030079 0.000000 0.000000 0.000000 -0.000424 0.000231 -0.001201 -0.993682 0.103240 0.079310 0.268256 -0.079445 -9.805009 
278.195620 0.032006 -0.218836 0.493985 1547.709150 1217.726865 270.435359 0.000000 0.000000 0.000000 10.558316 5.526461 3.056731 0.000000 0.000000 0.000000 -0.000371 0.000280 -0.001197 -0.998260 0.103265 0.086029 0.268370 -0.079266 -9.805008 
278.296874 0.033902 -0.218828 0.494649 1548.835078 1218.319149 270.750760 0.000000 0.000000 0.000000 10.548010 5.503246 3.057929 0.000000 0.000000 0.000000 -0.000360 0.000294 -0.001191 -0.997715 0.104168 0.095537 0.268582 -0.079045 -9.805004 
278.395684 0.035491 -0.219361 0.495172 1549.979451 1218.924903 271.075091 0.000000 0.000000 0.000000 10.507741 5.531922 3.044489 0.000000 0.000000 0.000000 -0.000379 0.000334 -0.001193 -1.002660 0.102761 0.102159 0.268685 -0.078884 -9.805002 
278.496308 0.036330 -0.221056 0.495175 1551.101107 1219.516378 271.399099 0.000000 0.000000 0.000000 10.448132 5.548684 3.018541 0.000000 0.000000 0.000000 -0.000414 0.000296 -0.001197 -1.001569 0.103622 0.102319 0.268705 -0.078884 -9.805002 
278.595868 0.034297 -0.222191 0.494666 1552.230779 1220.109371 271.727041 0.000000 0.000000 0.000000 10.486580 5.556373 3.091361 0.000000 0.000000 0.000000 -0.000386 0.000352 -0.001208 -1.002642 0.106056 0.101524 0.268696 -0.078881 -9.805002 
278.695779 0.031719 -0.216206 0.494276 1553.361212 1220.706928 272.061789 0.000000 0.000000 0.000000 10.517202 5.567809 3.090723 0.000000 0.000000 0.000000 -0.000393 0.000436 -0.001226 -1.001893 0.105907 0.101760 0.268707 -0.078886 -9.805002 
278.796688 0.027501 -0.208209 0.493769 1554.476839 1221.297609 272.384755 0.000000 0.000000 0.000000 10.470107 5.527657 2.947154 0.000000 0.000000 0.000000 -0.000389 0.000457 -0.001228 -0.999923 0.105003 0.102637 0.268735 -0.078917 -9.805000 
278.895398 0.026171 -0.204405 0.493250 1555.620890 1221.902424 272.691451 0.000000 0.000000 0.000000 10.423573 5.513916 2.688427 0.000000 0.000000 0.000000 -0.000394 0.000412 -0.001215 -1.007344 0.104132 0.102435 0.268689 -0.078822 -9.805003 
278.995777 0.025175 -0.209455 0.492514 1556.740598 1222.494071 272.982533 0.000000 0.000000 0.000000 10.344496 5.459453 2.634956 0.000000 0.000000 0.000000 -0.000413 0.000317 -0.001207 -1.007203 0.106395 0.097823 0.268600 -0.078755 -9.805005 
279.095831 0.027774 -0.218380 0.491328 1557.845669 1223.080058 273.272010 0.000000 0.000000 0.000000 10.287902 5.444169 2.752925 0.000000 0.000000 0.000000 -0.000390 0.000238 -0.001199 -1.005044 0.105095 0.095904 0.268565 -0.078754 -9.805006 
279.195515 0.028767 -0.226194 0.490738 1558.949624 1223.669958 273.582517 0.000000 0.000000 0.000000 10.282744 5.445066 2.966010 0.000000 0.000000 0.000000 -0.000414 0.000274 -0.001212 -1.002501 0.105740 0.090338 0.268463 -0.078720 -9.805010 
279.296785 0.028936 -0.228040 0.490482 1560.044643 1224.244217 273.906192 0.000000 0.000000 0.000000 10.273687 5.424353 3.074333 0.000000 0.000000 0.000000 -0.000416 0.000314 -0.001213 -1.000698 0.108045 0.089022 0.268466 -0.078708 -9.805010 
279.395528 0.027335 -0.225946 0.490614 1561.167019 1224.829601 274.240207 0.000000 0.000000 0.000000 10.309194 5.398050 3.089508 0.000000 0.000000 0.000000 -0.000407 0.000409 -0.001219 -1.004815 0.109710 0.089858 0.268474 -0.078689 -9.805009 
279.496670 0.026509 -0.222306 0.490707 1562.270260 1225.403677 274.566317 0.000000 0.000000 0.000000 10.289776 5.387287 3.022120 0.000000 0.000000 0.000000 -0.000373 0.000415 -0.001227 -1.005814 0.110709 0.089958 0.268480 -0.078678 -9.805009 
279.595742 0.024790 -0.219898 0.490561 1563.382495 1225.988164 274.889583 0.000000 0.000000 0.000000 10.257865 5.375189 2.868364 0.000000 0.000000 0.000000 -0.000413 0.000408 -0.001215 -1.007447 0.112142 0.086902 0.268414 -0.078581 -9.805012 
279.695482 0.026042 -0.220741 0.489985 1564.484845 1226.567318 275.198365 0.000000 0.000000 0.000000 10.228956 5.312478 2.873598 0.000000 0.000000 0.000000 -0.000422 0.000361 -0.001198 -1.006823 0.112097 0.085474 0.268386 -0.078549 -9.805013 
279.796604 0.028110 -0.223564 0.490449 1565.577593 1227.131889 275.504754 0.000000 0.000000 0.000000 10.212790 5.273035 2.840983 0.000000 0.000000 0.000000 -0.000394 0.000363 -0.001194 -1.006585 0.113715 0.083667 0.268351 -0.078509 -9.805014 
279.896170 0.028716 -0.223090 0.491211 1566.677773 1227.700903 275.823049 0.000000 0.000000 0.000000 10.219084 5.344694 2.968921 0.000000 0.000000 0.000000 -0.000436 0.000440 -0.001186 -1.007406 0.118566 0.077427 0.268216 -0.078351 -9.805019 
279.995476 0.026308 -0.219043 0.492314 1567.789313 1228.276668 276.148277 0.000000 0.000000 0.000000 10.204401 5.304697 2.981889 0.000000 0.000000 0.000000 -0.000443 0.000522 -0.001189 -1.009838 0.122042 0.074082 0.268134 -0.078234 -9.805022 
280.095643 0.023306 -0.216000 0.493023 1568.881353 1228.851697 276.466901 0.000000 0.000000 0.000000 10.077851 5.284597 2.763456 0.000000 0.000000 0.000000 -0.000450 0.000469 -0.001186 -1.009530 0.121600 0.070683 0.268046 -0.078139 -9.805026 
280.195534 0.023615 -0.220313 0.493014 1569.969175 1229.427787 276.770334 0.000000 0.000000 0.000000 10.056681 5.250079 2.743413 0.000000 0.000000 0.000000 -0.000479 0.000375 -0.001177 -1.011403 0.122841 0.064142 0.267866 -0.077961 -9.805032 
280.296804 0.025538 -0.228410 0.492962 1571.035938 1229.990536 277.069122 0.000000 0.000000 0.000000 10.011953 5.220449 2.841527 0.000000 0.000000 0.000000 -0.000467 0.000352 -0.001157 -1.011488 0.121814 0.061793 0.267793 -0.077921 -9.805034 
280.395506 0.028978 -0.233507 0.493766 1572.127537 1230.562442 277.388299 0.000000 0.000000 0.000000 10.036243 5.252125 3.018661 0.000000 0.000000 0.000000 -0.000513 0.000430 -0.001149 -1.016084 0.122471 0.060009 0.267715 -0.077870 -9.805037 
280.496634 0.030308 -0.233166 0.494290 1573.197773 1231.119529 277.714517 0.000000 0.000000 0.000000 10.032486 5.295179 3.123496 0.000000 0.000000 0.000000 -0.000457 0.000495 -0.001167 -1.014332 0.123095 0.061440 0.267775 -0.077891 -9.805035 
280.595795 0.027006 -0.228609 0.494955 1574.283387 1231.692419 278.050405 0.000000 0.000000 0.000000 10.036571 5.329975 3.077116 0.000000 0.000000 0.000000 -0.000504 0.000551 -0.001179 -1.016492 0.123391 0.061444 0.267759 -0.077879 -9.805035 
280.696814 0.024915 -0.223801 0.494831 1575.348460 1232.252600 278.376483 0.000000 0.000000 0.000000 10.001125 5.290762 3.011333 0.000000 0.000000 0.000000 -0.000526 0.000485 -0.001182 -1.014847 0.124954 0.059545 0.267733 -0.077839 -9.805037 
280.797023 0.021746 -0.223162 0.494483 1576.414230 1232.821001 278.690114 0.000000 0.000000 0.000000 9.993850 5.286068 2.898195 0.000000 0.000000 0.000000 -0.000509 0.000459 -0.001177 -1.016825 0.123464 0.059793 0.267718 -0.077830 -9.805037 
280.895842 0.022084 -0.223742 0.494446 1577.500250 1233.394822 279.001087 0.000000 0.000000 0.000000 10.059233 5.263330 2.908461 0.000000 0.000000 0.000000 -0.000520 0.000496 -0.001164 -1.020963 0.122270 0.062109 0.267753 -0.077836 -9.805036 
280.997091 0.024564 -0.223306 0.494888 1578.573218 1233.954049 279.308179 0.000000 0.000000 0.000000 10.070153 5.255724 2.918736 0.000000 0.000000 0.000000 -0.000486 0.000532 -0.001173 -1.021636 0.122379 0.064848 0.267823 -0.077876 -9.805034 
281.096160 0.024289 -0.223157 0.495426 1579.661030 1234.528595 279.619933 0.000000 0.000000 0.000000 10.084914 5.295970 2.935393 0.000000 0.000000 0.000000 -0.000472 0.000602 -0.001167 -1.025694 0.119709 0.068323 0.267886 -0.077889 -9.805032 
281.197160 0.026372 -0.222538 0.495611 1580.730371 1235.094457 279.929734 0.000000 0.000000 0.000000 10.065666 5.300249 2.905625 0.000000 0.000000 0.000000 -0.000565 0.000573 -0.001151 -1.025805 0.118672 0.068141 0.267878 -0.077885 -9.805032 
281.296922 0.027238 -0.222929 0.495277 1581.799374 1235.656672 280.238639 0.000000 0.000000 0.000000 10.051614 5.316781 2.919637 0.000000 0.000000 0.000000 -0.000509 0.000560 -0.001172 -1.024746 0.119338 0.069452 0.267914 -0.077913 -9.805031 
281.395198 0.025109 -0.224437 0.494641 1582.894715 1236.233845 280.557514 0.000000 0.000000 0.000000 10.041592 5.346049 2.940890 0.000000 0.000000 0.000000 -0.000532 0.000593 -0.001183 -1.028412 0.120863 0.068332 0.267874 -0.077866 -9.805032 
281.496286 0.024016 -0.224330 0.493709 1583.961357 1236.801326 280.872328 0.000000 0.000000 0.000000 10.005759 5.270765 2.968517 0.000000 0.000000 0.000000 -0.000604 0.000549 -0.001186 -1.025370 0.119950 0.068536 0.267892 -0.077893 -9.805032 
281.595301 0.023214 -0.224939 0.492287 1585.042456 1237.370016 281.189552 0.000000 0.000000 0.000000 9.962318 5.235283 2.933743 0.000000 0.000000 0.000000 -0.000548 0.000545 -0.001192 -1.024771 0.119877 0.070511 0.267931 -0.077925 -9.805030 
281.695563 0.021176 -0.226435 0.491275 1586.108139 1237.929716 281.500999 0.000000 0.000000 0.000000 9.930984 5.196150 2.955931 0.000000 0.000000 0.000000 -0.000539 0.000525 -0.001202 -1.020714 0.119365 0.073974 0.268013 -0.077997 -9.805028 
281.796510 0.022383 -0.226516 0.490267 1587.161402 1238.481474 281.810879 0.000000 0.000000 0.000000 9.890362 5.151848 2.944590 0.000000 0.000000 0.000000 -0.000603 0.000531 -0.001187 -1.016426 0.117560 0.078393 0.268096 -0.078069 -9.805025 
281.895365 0.023947 -0.225669 0.489637 1588.232391 1239.040829 282.123868 0.000000 0.000000 0.000000 9.869669 5.135660 2.931143 0.000000 0.000000 0.000000 -0.000551 0.000526 -0.001186 -1.017826 0.115852 0.082462 0.268149 -0.078095 -9.805023 
281.996589 0.024557 -0.226062 0.489298 1589.279680 1239.589634 282.432639 0.000000 0.000000 0.000000 9.824193 5.144857 2.911734 0.000000 0.000000 0.000000 -0.000586 0.000543 -0.001175 -1.015992 0.114482 0.084572 0.268180 -0.078118 -9.805022 
282.095603 0.026227 -0.224837 0.488921 1590.352430 1240.148933 282.746809 0.000000 0.000000 0.000000 9.819864 5.170350 2.893869 0.000000 0.000000 0.000000 -0.000594 0.000600 -0.001178 -1.020816 0.114986 0.086111 0.268191 -0.078105 -9.805022 
282.195591 0.023313 -0.223991 0.488728 1591.414760 1240.703143 283.060081 0.000000 0.000000 0.000000 9.781435 5.175620 2.865125 0.000000 0.000000 0.000000 -0.000561 0.000599 -0.001201 -1.022395 0.116850 0.085083 0.268178 -0.078092 -9.805022 
282.297092 0.022200 -0.224487 0.487815 1592.452908 1241.248967 283.362839 0.000000 0.000000 0.000000 9.747223 5.128413 2.823974 0.000000 0.000000 0.000000 -0.000606 0.000567 -0.001174 -1.022929 0.116668 0.083939 0.268161 -0.078083 -9.805023 
282.395556 0.022843 -0.224854 0.487932 1593.513557 1241.798155 283.670358 0.000000 0.000000 0.000000 9.727062 5.084710 2.842956 0.000000 0.000000 0.000000 -0.000554 0.000567 -0.001204 -1.026779 0.119177 0.083101 0.268147 -0.078070 -9.805023 
282.496745 0.021117 -0.226047 0.487606 1594.542371 1242.337041 283.970534 0.000000 0.000000 0.000000 9.654103 5.011840 2.858326 0.000000 0.000000 0.000000 -0.000508 0.000556 -0.001201 -1.025351 0.117502 0.085579 0.268178 -0.078078 -9.805022 
282.595845 0.024168 -0.225352 0.487791 1595.589922 1242.878310 284.276891 0.000000 0.000000 0.000000 9.615651 4.972777 2.856456 0.000000 0.000000 0.000000 -0.000568 0.000607 -0.001188 -1.030655 0.117672 0.088337 0.268199 -0.078066 -9.805022 
282.695827 0.024484 -0.224218 0.488374 1596.629950 1243.417597 284.586057 0.000000 0.000000 0.000000 9.535898 4.974157 2.847163 0.000000 0.000000 0.000000 -0.000512 0.000661 -0.001203 -1.035334 0.118052 0.087864 0.268190 -0.078063 -9.805022 
282.796841 0.022223 -0.223748 0.488642 1597.636860 1243.942469 284.886145 0.000000 0.000000 0.000000 9.409314 4.889419 2.806819 0.000000 0.000000 0.000000 -0.000527 0.000655 -0.001192 -1.034460 0.117965 0.087993 0.268192 -0.078063 -9.805022 
282.896642 0.023446 -0.222307 0.489436 1598.635304 1244.459112 285.182821 0.000000 0.000000 0.000000 9.285759 4.826818 2.745515 0.000000 0.000000 0.000000 -0.000546 0.000624 -0.001206 -1.034035 0.118917 0.087402 0.268194 -0.078065 -9.805022 
282.996909 0.021747 -0.222842 0.489432 1599.622356 1244.975244 285.475318 0.000000 0.000000 0.000000 9.189508 4.782641 2.695859 0.000000 0.000000 0.000000 -0.000505 0.000630 -0.001213 -1.035184 0.118344 0.085639 0.268172 -0.078082 -9.805023 
283.095854 0.021350 -0.223680 0.489839 1600.620670 1245.497940 285.767232 0.000000 0.000000 0.000000 9.143112 4.740567 2.713638 0.000000 0.000000 0.000000 -0.000537 0.000718 -0.001210 -1.042036 0.116992 0.086658 0.268165 -0.078071 -9.805023 
283.196692 0.022445 -0.222430 0.489757 1601.594857 1246.005417 286.054395 0.000000 0.000000 0.000000 9.041244 4.720823 2.687108 0.000000 0.000000 0.000000 -0.000534 0.000756 -0.001207 -1.045638 0.116226 0.088546 0.268172 -0.078047 -9.805023 
283.297096 0.020312 -0.221575 0.489580 1602.554033 1246.509209 286.339347 0.000000 0.000000 0.000000 8.929013 4.693859 2.641738 0.000000 0.000000 0.000000 -0.000535 0.000789 -0.001207 -1.047356 0.115281 0.088101 0.268161 -0.078054 -9.805023 
283.397053 0.019260 -0.220634 0.489275 1603.505132 1247.013503 286.620751 0.000000 0.000000 0.000000 8.822428 4.636033 2.588461 0.000000 0.000000 0.000000 -0.000608 0.000814 -0.001209 -1.050312 0.113290 0.087100 0.268140 -0.078068 -9.805024 
283.497024 0.019675 -0.221498 0.488691 1604.443717 1247.505023 286.895206 0.000000 0.000000 0.000000 8.715268 4.552868 2.533272 0.000000 0.000000 0.000000 -0.000569 0.000792 -0.001206 -1.052277 0.113036 0.086474 0.268135 -0.078077 -9.805024 
283.595776 0.019591 -0.225007 0.488404 1605.382824 1247.998497 287.170355 0.000000 0.000000 0.000000 8.619906 4.507349 2.525921 0.000000 0.000000 0.000000 -0.000576 0.000823 -0.001211 -1.053575 0.111763 0.084680 0.268116 -0.078110 -9.805024 
283.695496 0.021208 -0.227248 0.488351 1606.315185 1248.481221 287.444908 0.000000 0.000000 0.000000 8.546191 4.427781 2.554346 0.000000 0.000000 0.000000 -0.000535 0.000862 -0.001208 -1.056512 0.112977 0.085284 0.268130 -0.078098 -9.805024 
283.796585 0.022662 -0.227084 0.488379 1607.218449 1248.953619 287.716377 0.000000 0.000000 0.000000 8.420014 4.377966 2.571860 0.000000 0.000000 0.000000 -0.000559 0.000860 -0.001211 -1.058003 0.111136 0.087188 0.268124 -0.078066 -9.805024 
283.895403 0.023401 -0.225281 0.488636 1608.124694 1249.422878 287.991151 0.000000 0.000000 0.000000 8.316095 4.297960 2.548304 0.000000 0.000000 0.000000 -0.000536 0.000862 -0.001211 -1.061270 0.111177 0.089536 0.268138 -0.078025 -9.805024 
283.996506 0.024639 -0.223033 0.489158 1609.009986 1249.879671 288.259032 0.000000 0.000000 0.000000 8.195499 4.269664 2.489210 0.000000 0.000000 0.000000 -0.000547 0.000877 -0.001212 -1.063985 0.111866 0.091321 0.268152 -0.077993 -9.805024 
284.095857 0.022213 -0.221949 0.489505 1609.887680 1250.337886 288.523153 0.000000 0.000000 0.000000 8.095880 4.220531 2.415557 0.000000 0.000000 0.000000 -0.000545 0.000846 -0.001214 -1.064735 0.111994 0.090652 0.268148 -0.078004 -9.805024 
284.196852 0.022861 -0.223592 0.489101 1610.738180 1250.787874 288.774999 0.000000 0.000000 0.000000 7.996235 4.174286 2.317478 0.000000 0.000000 0.000000 -0.000582 0.000787 -0.001197 -1.063507 0.109647 0.090163 0.268131 -0.078012 -9.805024 
284.297047 0.023004 -0.227235 0.489213 1611.584938 1251.232495 289.021792 0.000000 0.000000 0.000000 7.930363 4.152627 2.305567 0.000000 0.000000 0.000000 -0.000566 0.000757 -0.001202 -1.063243 0.108952 0.088895 0.268120 -0.078030 -9.805024 
284.395764 0.024723 -0.230364 0.489618 1612.446514 1251.682567 289.271780 0.000000 0.000000 0.000000 7.921335 4.097373 2.374146 0.000000 0.000000 0.000000 -0.000568 0.000822 -0.001197 -1.069674 0.107977 0.092116 0.268135 -0.077979 -9.805024 
284.496954 0.027269 -0.229228 0.489811 1613.287403 1252.120751 289.522842 0.000000 0.000000 0.000000 7.852617 4.089888 2.405961 0.000000 0.000000 0.000000 -0.000546 0.000842 -0.001193 -1.072432 0.106607 0.095827 0.268146 -0.077929 -9.805025 
284.595762 0.027388 -0.227114 0.490110 1614.134614 1252.564041 289.780844 0.000000 0.000000 0.000000 7.780349 4.069235 2.389555 0.000000 0.000000 0.000000 -0.000552 0.000895 -0.001197 -1.076070 0.106296 0.096717 0.268146 -0.077923 -9.805025 
284.696816 0.028074 -0.224713 0.489989 1614.956404 1252.992014 290.032415 0.000000 0.000000 0.000000 7.689477 4.009628 2.337227 0.000000 0.000000 0.000000 -0.000583 0.000874 -0.001188 -1.075363 0.106967 0.096913 0.268150 -0.077920 -9.805024 
284.796784 0.027622 -0.223269 0.490060 1615.769941 1253.418480 290.278709 0.000000 0.000000 0.000000 7.595825 4.004984 2.280292 0.000000 0.000000 0.000000 -0.000566 0.000857 -0.001201 -1.075042 0.106692 0.096068 0.268147 -0.077925 -9.805025 
284.895770 0.025451 -0.222212 0.489446 1616.590443 1253.851213 290.523970 0.000000 0.000000 0.000000 7.545159 3.972874 2.233900 0.000000 0.000000 0.000000 -0.000597 0.000882 -0.001189 -1.077885 0.106464 0.094430 0.268138 -0.077928 -9.805025 
284.996730 0.025037 -0.220514 0.489017 1617.392120 1254.271096 290.762308 0.000000 0.000000 0.000000 7.478659 3.921753 2.214360 0.000000 0.000000 0.000000 -0.000601 0.000865 -0.001187 -1.078411 0.107069 0.093435 0.268138 -0.077930 -9.805025 
285.095759 0.023124 -0.220450 0.488693 1618.195951 1254.691806 290.997890 0.000000 0.000000 0.000000 7.397932 3.873583 2.153297 0.000000 0.000000 0.000000 -0.000571 0.000853 -0.001189 -1.080257 0.107113 0.093346 0.268137 -0.077928 -9.805025 
285.196500 0.024187 -0.221871 0.488515 1618.983558 1255.105147 291.224050 0.000000 0.000000 0.000000 7.353791 3.843630 2.108172 0.000000 0.000000 0.000000 -0.000619 0.000818 -0.001188 -1.080171 0.106490 0.094532 0.268134 -0.077924 -9.805025 
285.296774 0.024476 -0.224742 0.488037 1619.765515 1255.512329 291.447104 0.000000 0.000000 0.000000 7.331091 3.826822 2.104595 0.000000 0.000000 0.000000 -0.000552 0.000796 -0.001191 -1.079782 0.106927 0.095158 0.268134 -0.077922 -9.805025 
285.395465 0.025986 -0.226765 0.487821 1620.557533 1255.926698 291.674523 0.000000 0.000000 0.000000 7.337036 3.802395 2.148830 0.000000 0.000000 0.000000 -0.000567 0.000804 -0.001185 -1.080780 0.105731 0.096763 0.268128 -0.077914 -9.805025 
285.496373 0.029565 -0.227052 0.487645 1621.336926 1256.331925 291.902761 0.000000 0.000000 0.000000 7.301880 3.782620 2.163699 0.000000 0.000000 0.000000 -0.000557 0.000819 -0.001184 -1.078682 0.105493 0.098657 0.268113 -0.077909 -9.805026 
285.595441 0.029551 -0.226155 0.487826 1622.123416 1256.736535 292.136952 0.000000 0.000000 0.000000 7.266378 3.775943 2.189826 0.000000 0.000000 0.000000 -0.000520 0.000835 -0.001197 -1.078662 0.106937 0.098914 0.268111 -0.077909 -9.805026 
285.696221 0.030459 -0.223646 0.487866 1622.895422 1257.135778 292.370638 0.000000 0.000000 0.000000 7.202056 3.739775 2.160841 0.000000 0.000000 0.000000 -0.000584 0.000860 -0.001178 -1.077089 0.107494 0.099195 0.268107 -0.077908 -9.805026 
285.796324 0.029875 -0.220725 0.487824 1623.661204 1257.533917 292.599387 0.000000 0.000000 0.000000 7.125845 3.712607 2.112385 0.000000 0.000000 0.000000 -0.000560 0.000830 -0.001180 -1.077588 0.107592 0.098615 0.268114 -0.077904 -9.805026 
285.895097 0.028613 -0.219780 0.487928 1624.430728 1257.935667 292.823965 0.000000 0.000000 0.000000 7.058404 3.669415 2.036100 0.000000 0.000000 0.000000 -0.000551 0.000804 -0.001181 -1.078949 0.106966 0.098777 0.268113 -0.077904 -9.805026 
285.996416 0.030294 -0.221080 0.487821 1625.179205 1258.324591 293.037593 0.000000 0.000000 0.000000 6.997684 3.636838 1.972614 0.000000 0.000000 0.000000 -0.000584 0.000758 -0.001171 -1.077961 0.106688 0.098669 0.268113 -0.077904 -9.805026 
286.095407 0.030926 -0.223078 0.487737 1625.934864 1258.720174 293.254954 0.000000 0.000000 0.000000 6.973468 3.632598 1.988850 0.000000 0.000000 0.000000 -0.000590 0.000731 -0.001178 -1.083043 0.105215 0.095342 0.268156 -0.077894 -9.805025 
286.195646 0.030908 -0.224300 0.487482 1626.679240 1259.106802 293.472081 0.000000 0.000000 0.000000 6.916607 3.609986 2.020827 0.000000 0.000000 0.000000 -0.000582 0.000737 -0.001181 -1.083098 0.105702 0.093268 0.268180 -0.077893 -9.805024 
286.296667 0.028893 -0.223934 0.487566 1627.408013 1259.488807 293.687892 0.000000 0.000000 0.000000 6.846658 3.569376 2.033508 0.000000 0.000000 0.000000 -0.000578 0.000729 -0.001179 -1.081772 0.104829 0.092882 0.268183 -0.077891 -9.805024 
286.395848 0.029454 -0.222928 0.487641 1628.145017 1259.870756 293.906686 0.000000 0.000000 0.000000 6.810800 3.492874 2.008355 0.000000 0.000000 0.000000 -0.000583 0.000728 -0.001175 -1.084019 0.105084 0.092633 0.268188 -0.077893 -9.805024 
286.497336 0.030159 -0.223225 0.487806 1628.859505 1260.240062 294.116725 0.000000 0.000000 0.000000 6.734778 3.483632 1.968334 0.000000 0.000000 0.000000 -0.000555 0.000688 -0.001172 -1.083094 0.104865 0.092661 0.268187 -0.077892 -9.805024 
286.595581 0.030522 -0.224288 0.488407 1629.589518 1260.618973 294.331761 0.000000 0.000000 0.000000 6.704204 3.482529 1.946919 0.000000 0.000000 0.000000 -0.000581 0.000681 -0.001169 -1.088808 0.104136 0.089317 0.268232 -0.077908 -9.805022 
286.696994 0.031788 -0.224997 0.488704 1630.303033 1260.990667 294.540055 0.000000 0.000000 0.000000 6.663653 3.471419 1.963722 0.000000 0.000000 0.000000 -0.000561 0.000695 -0.001176 -1.091228 0.103622 0.088723 0.268241 -0.077914 -9.805022 
286.796384 0.031338 -0.225092 0.488893 1631.011151 1261.359617 294.750857 0.000000 0.000000 0.000000 6.597810 3.451372 1.970822 0.000000 0.000000 0.000000 -0.000583 0.000695 -0.001157 -1.091284 0.103340 0.088407 0.268244 -0.077915 -9.805022 
286.895514 0.032699 -0.224548 0.489360 1631.720327 1261.730499 294.963464 0.000000 0.000000 0.000000 6.537577 3.417560 1.956791 0.000000 0.000000 0.000000 -0.000594 0.000693 -0.001168 -1.092587 0.103417 0.087931 0.268251 -0.077920 -9.805022 
286.996918 0.032344 -0.224460 0.489467 1632.414721 1262.088468 295.171354 0.000000 0.000000 0.000000 6.502361 3.368971 1.946673 0.000000 0.000000 0.000000 -0.000538 0.000681 -0.001172 -1.093065 0.104923 0.087344 0.268261 -0.077924 -9.805021 
287.095740 0.033766 -0.223723 0.489729 1633.118450 1262.451457 295.378205 0.000000 0.000000 0.000000 6.452649 3.349546 1.924395 0.000000 0.000000 0.000000 -0.000537 0.000715 -0.001169 -1.095362 0.105517 0.089320 0.268241 -0.077912 -9.805022 
287.195733 0.033830 -0.223062 0.489951 1633.810691 1262.812553 295.584705 0.000000 0.000000 0.000000 6.390785 3.340303 1.917637 0.000000 0.000000 0.000000 -0.000544 0.000716 -0.001178 -1.096585 0.105336 0.089227 0.268241 -0.077915 -9.805022 
287.295357 0.034272 -0.222404 0.489871 1634.496033 1263.171645 295.789507 0.000000 0.000000 0.000000 6.320633 3.279858 1.880747 0.000000 0.000000 0.000000 -0.000574 0.000717 -0.001163 -1.096740 0.104769 0.089864 0.268233 -0.077909 -9.805022 
287.395298 0.034611 -0.222325 0.490142 1635.172825 1263.524376 295.988312 0.000000 0.000000 0.000000 6.240286 3.236933 1.864056 0.000000 0.000000 0.000000 -0.000535 0.000694 -0.001165 -1.095799 0.104620 0.092049 0.268212 -0.077883 -9.805023 
287.496370 0.035744 -0.221905 0.490290 1635.832187 1263.866177 296.184879 0.000000 0.000000 0.000000 6.145878 3.212939 1.838731 0.000000 0.000000 0.000000 -0.000569 0.000691 -0.001161 -1.094613 0.105448 0.092304 0.268213 -0.077878 -9.805023 
287.595243 0.034004 -0.221554 0.490005 1636.493055 1264.212995 296.383690 0.000000 0.000000 0.000000 6.059109 3.200691 1.820517 0.000000 0.000000 0.000000 -0.000561 0.000680 -0.001157 -1.095610 0.105452 0.090909 0.268225 -0.077898 -9.805023 
287.696306 0.032500 -0.221062 0.489946 1637.134641 1264.551220 296.576578 0.000000 0.000000 0.000000 5.975411 3.142502 1.812253 0.000000 0.000000 0.000000 -0.000584 0.000684 -0.001157 -1.094909 0.105635 0.092169 0.268215 -0.077880 -9.805023 
287.796842 0.031743 -0.220099 0.490100 1637.767003 1264.882666 296.763324 0.000000 0.000000 0.000000 5.893349 3.059218 1.756224 0.000000 0.000000 0.000000 -0.000562 0.000656 -0.001164 -1.095661 0.105882 0.095676 0.268183 -0.077832 -9.805024 
287.895400 0.032032 -0.220535 0.490306 1638.405569 1265.211919 296.950005 0.000000 0.000000 0.000000 5.814979 3.014702 1.719458 0.000000 0.000000 0.000000 -0.000567 0.000649 -0.001164 -1.098496 0.106891 0.097543 0.268170 -0.077804 -9.805025 
287.996492 0.032846 -0.221970 0.489880 1639.021645 1265.532755 297.130724 0.000000 0.000000 0.000000 5.715836 2.978733 1.668470 0.000000 0.000000 0.000000 -0.000574 0.000631 -0.001164 -1.099346 0.106854 0.098423 0.268161 -0.077788 -9.805025 
288.095629 0.031731 -0.224262 0.489771 1639.636748 1265.853852 297.310693 0.000000 0.000000 0.000000 5.636690 2.921054 1.658341 0.000000 0.000000 0.000000 -0.000570 0.000625 -0.001169 -1.101424 0.106580 0.098472 0.268159 -0.077790 -9.805025 
288.197030 0.032683 -0.225725 0.489543 1640.229070 1266.162150 297.483630 0.000000 0.000000 0.000000 5.559439 2.841819 1.664272 0.000000 0.000000 0.000000 -0.000586 0.000611 -0.001162 -1.101958 0.105768 0.100642 0.268141 -0.077745 -9.805026 
288.295710 0.033382 -0.225974 0.489158 1640.826584 1266.472759 297.661177 0.000000 0.000000 0.000000 5.467163 2.815980 1.642906 0.000000 0.000000 0.000000 -0.000561 0.000636 -0.001153 -1.105147 0.104510 0.102135 0.268127 -0.077719 -9.805027 
288.396587 0.033085 -0.225986 0.489130 1641.405980 1266.773917 297.836213 0.000000 0.000000 0.000000 5.353705 2.770651 1.630829 0.000000 0.000000 0.000000 -0.000562 0.000638 -0.001158 -1.106717 0.103746 0.102428 0.268121 -0.077718 -9.805027 
288.496608 0.034842 -0.225929 0.488921 1641.974903 1267.069947 298.007151 0.000000 0.000000 0.000000 5.246418 2.714523 1.612656 0.000000 0.000000 0.000000 -0.000571 0.000634 -0.001151 -1.109345 0.102847 0.104433 0.268109 -0.077680 -9.805028 
288.595422 0.035431 -0.226212 0.488507 1642.538031 1267.366039 298.178953 0.000000 0.000000 0.000000 5.139789 2.681912 1.560164 0.000000 0.000000 0.000000 -0.000589 0.000651 -0.001140 -1.111608 0.101438 0.104609 0.268098 -0.077686 -9.805028 
288.696715 0.036020 -0.226248 0.488651 1643.081730 1267.650856 298.342292 0.000000 0.000000 0.000000 5.022266 2.628772 1.511750 0.000000 0.000000 0.000000 -0.000600 0.000635 -0.001149 -1.113189 0.100898 0.105624 0.268095 -0.077667 -9.805028 
288.795425 0.036337 -0.226128 0.488730 1643.622880 1267.931682 298.504289 0.000000 0.000000 0.000000 4.930402 2.564972 1.494380 0.000000 0.000000 0.000000 -0.000582 0.000649 -0.001152 -1.115300 0.101516 0.106045 0.268097 -0.077662 -9.805028 
288.895670 0.036617 -0.225808 0.488476 1644.149377 1268.203744 298.663465 0.000000 0.000000 0.000000 4.812464 2.501765 1.470834 0.000000 0.000000 0.000000 -0.000588 0.000664 -0.001136 -1.116230 0.102286 0.106341 0.268101 -0.077656 -9.805028 
288.998095 0.036511 -0.225268 0.488494 1644.643697 1268.458944 298.815406 0.000000 0.000000 0.000000 4.675382 2.430715 1.436076 0.000000 0.000000 0.000000 -0.000579 0.000641 -0.001134 -1.113898 0.103083 0.106151 0.268109 -0.077652 -9.805028 
289.095451 0.036283 -0.223972 0.488434 1645.150474 1268.723403 298.969274 0.000000 0.000000 0.000000 4.580217 2.385988 1.410987 0.000000 0.000000 0.000000 -0.000585 0.000658 -0.001138 -1.118344 0.102568 0.107440 0.268105 -0.077637 -9.805028 
289.196920 0.035903 -0.223106 0.488151 1645.632201 1268.978127 299.117919 0.000000 0.000000 0.000000 4.457138 2.335433 1.349127 0.000000 0.000000 0.000000 -0.000610 0.000652 -0.001135 -1.119271 0.101293 0.106504 0.268090 -0.077663 -9.805028 
289.296688 0.035297 -0.223702 0.487927 1646.106975 1269.224642 299.260284 0.000000 0.000000 0.000000 4.371638 2.281350 1.294341 0.000000 0.000000 0.000000 -0.000596 0.000630 -0.001129 -1.120591 0.101931 0.105639 0.268085 -0.077686 -9.805028 
289.395450 0.035201 -0.225132 0.487695 1646.581682 1269.471310 299.400613 0.000000 0.000000 0.000000 4.318393 2.244201 1.277425 0.000000 0.000000 0.000000 -0.000591 0.000653 -0.001126 -1.123403 0.102064 0.105173 0.268077 -0.077705 -9.805028 
289.496545 0.035399 -0.225948 0.487839 1647.036219 1269.706732 299.534825 0.000000 0.000000 0.000000 4.236486 2.205294 1.253273 0.000000 0.000000 0.000000 -0.000585 0.000639 -0.001136 -1.122540 0.102546 0.105200 0.268080 -0.077702 -9.805028 
289.596452 0.035331 -0.226865 0.487513 1647.485030 1269.940013 299.668192 0.000000 0.000000 0.000000 4.161723 2.161377 1.243758 0.000000 0.000000 0.000000 -0.000596 0.000634 -0.001127 -1.122898 0.102635 0.104968 0.268079 -0.077708 -9.805028 
289.696427 0.035144 -0.227959 0.487415 1647.924800 1270.169919 299.799944 0.000000 0.000000 0.000000 4.090392 2.115129 1.248453 0.000000 0.000000 0.000000 -0.000580 0.000635 -0.001124 -1.123313 0.101977 0.105714 0.268081 -0.077696 -9.805028 
289.798010 0.035666 -0.227627 0.487691 1648.350550 1270.390446 299.929292 0.000000 0.000000 0.000000 4.016605 2.077699 1.235873 0.000000 0.000000 0.000000 -0.000584 0.000633 -0.001123 -1.123313 0.101877 0.107278 0.268088 -0.077672 -9.805028 
289.895627 0.036056 -0.226754 0.487882 1648.781526 1270.614652 300.060825 0.000000 0.000000 0.000000 3.943472 2.052827 1.197646 0.000000 0.000000 0.000000 -0.000592 0.000627 -0.001120 -1.124978 0.101676 0.107490 0.268087 -0.077675 -9.805028 
289.997830 0.035766 -0.227405 0.487939 1649.194195 1270.830407 300.184831 0.000000 0.000000 0.000000 3.857670 2.028382 1.157169 0.000000 0.000000 0.000000 -0.000600 0.000644 -0.001117 -1.125810 0.101581 0.107826 0.268087 -0.077675 -9.805028 
290.095709 0.035237 -0.227886 0.487839 1649.610869 1271.051300 300.310002 0.000000 0.000000 0.000000 3.785701 2.004923 1.137861 0.000000 0.000000 0.000000 -0.000607 0.000670 -0.001112 -1.129244 0.100754 0.106520 0.268075 -0.077691 -9.805028 
290.197577 0.034578 -0.227978 0.488007 1650.002154 1271.256300 300.428183 0.000000 0.000000 0.000000 3.697204 1.933554 1.120994 0.000000 0.000000 0.000000 -0.000603 0.000636 -0.001112 -1.127267 0.101249 0.106718 0.268080 -0.077686 -9.805028 
290.295742 0.034507 -0.227653 0.488456 1650.395409 1271.461677 300.547802 0.000000 0.000000 0.000000 3.614660 1.875258 1.103186 0.000000 0.000000 0.000000 -0.000587 0.000640 -0.001117 -1.127658 0.101065 0.106804 0.268079 -0.077687 -9.805028 
290.395581 0.034762 -0.227308 0.488494 1650.781875 1271.663216 300.663492 0.000000 0.000000 0.000000 3.528135 1.839562 1.078726 0.000000 0.000000 0.000000 -0.000586 0.000645 -0.001109 -1.128317 0.100748 0.108485 0.268086 -0.077687 -9.805028 
290.497220 0.035277 -0.226631 0.488962 1651.145970 1271.854484 300.774709 0.000000 0.000000 0.000000 3.423634 1.789450 1.045858 0.000000 0.000000 0.000000 -0.000601 0.000615 -0.001113 -1.126253 0.100577 0.109186 0.268092 -0.077685 -9.805028 
290.595393 0.034510 -0.226378 0.489083 1651.512741 1272.045371 300.886995 0.000000 0.000000 0.000000 3.332567 1.757445 1.008827 0.000000 0.000000 0.000000 -0.000581 0.000598 -0.001110 -1.127684 0.101083 0.108249 0.268086 -0.077684 -9.805028 
290.697383 0.034705 -0.226358 0.489138 1651.858486 1272.224928 300.992038 0.000000 0.000000 0.000000 3.239433 1.705987 0.980780 0.000000 0.000000 0.000000 -0.000606 0.000577 -0.001107 -1.126483 0.102241 0.107975 0.268090 -0.077683 -9.805028 
290.797399 0.033807 -0.226729 0.488990 1652.193884 1272.402806 301.093659 0.000000 0.000000 0.000000 3.142436 1.646248 0.942369 0.000000 0.000000 0.000000 -0.000597 0.000555 -0.001103 -1.125902 0.101802 0.107777 0.268089 -0.077682 -9.805028 
290.895343 0.033953 -0.227116 0.489235 1652.537916 1272.578664 301.195083 0.000000 0.000000 0.000000 3.098308 1.589776 0.920341 0.000000 0.000000 0.000000 -0.000586 0.000567 -0.001100 -1.128922 0.102851 0.108018 0.268087 -0.077683 -9.805028 
290.997267 0.034532 -0.227329 0.489654 1652.857743 1272.744419 301.290436 0.000000 0.000000 0.000000 3.005930 1.546642 0.897034 0.000000 0.000000 0.000000 -0.000565 0.000533 -0.001107 -1.127735 0.102221 0.108150 0.268088 -0.077684 -9.805028 
291.095487 0.035191 -0.228083 0.489912 1653.181188 1272.910930 301.386873 0.000000 0.000000 0.000000 2.939808 1.531026 0.881179 0.000000 0.000000 0.000000 -0.000583 0.000540 -0.001105 -1.129464 0.102574 0.107844 0.268085 -0.077683 -9.805028 
291.195761 0.035357 -0.228623 0.490016 1653.492130 1273.074351 301.481350 0.000000 0.000000 0.000000 2.858157 1.504531 0.867929 0.000000 0.000000 0.000000 -0.000583 0.000545 -0.001104 -1.129594 0.102318 0.107162 0.268081 -0.077681 -9.805028 
291.298005 0.034853 -0.228302 0.489958 1653.783505 1273.227477 301.570821 0.000000 0.000000 0.000000 2.762255 1.445567 0.847849 0.000000 0.000000 0.000000 -0.000589 0.000512 -0.001093 -1.127669 0.102371 0.107101 0.268084 -0.077681 -9.805028 
291.397455 0.034650 -0.227872 0.489893 1654.075534 1273.380042 301.660320 0.000000 0.000000 0.000000 2.698192 1.410057 0.823165 0.000000 0.000000 0.000000 -0.000583 0.000498 -0.001093 -1.129677 0.102386 0.106459 0.268078 -0.077677 -9.805028 
291.497368 0.034560 -0.228395 0.489995 1654.360368 1273.528759 301.746569 0.000000 0.000000 0.000000 2.624977 1.380959 0.797098 0.000000 0.000000 0.000000 -0.000592 0.000509 -0.001093 -1.131179 0.102577 0.106300 0.268075 -0.077676 -9.805028 
291.595638 0.033933 -0.228814 0.490180 1654.641135 1273.680302 301.832431 0.000000 0.000000 0.000000 2.550328 1.361371 0.779254 0.000000 0.000000 0.000000 -0.000620 0.000516 -0.001090 -1.133270 0.101401 0.105816 0.268065 -0.077673 -9.805029 
291.696337 0.033014 -0.229340 0.490223 1654.913682 1273.824962 301.916039 0.000000 0.000000 0.000000 2.485546 1.316363 0.762776 0.000000 0.000000 0.000000 -0.000608 0.000522 -0.001090 -1.135232 0.101550 0.105163 0.268057 -0.077668 -9.805029 
291.795780 0.033179 -0.229841 0.490052 1655.174400 1273.962130 301.994672 0.000000 0.000000 0.000000 2.403682 1.253045 0.743725 0.000000 0.000000 0.000000 -0.000594 0.000521 -0.001079 -1.133837 0.101479 0.106817 0.268070 -0.077677 -9.805029 
291.897543 0.033829 -0.229341 0.490237 1655.420886 1274.088833 302.070176 0.000000 0.000000 0.000000 2.292097 1.197792 0.714476 0.000000 0.000000 0.000000 -0.000588 0.000504 -0.001081 -1.132234 0.102194 0.108012 0.268082 -0.077682 -9.805028 
291.997466 0.034049 -0.229055 0.490178 1655.658162 1274.212531 302.141759 0.000000 0.000000 0.000000 2.167748 1.144760 0.668017 0.000000 0.000000 0.000000 -0.000592 0.000500 -0.001080 -1.132159 0.102517 0.109715 0.268093 -0.077689 -9.805028 
292.095679 0.033699 -0.229053 0.490109 1655.889015 1274.333196 302.212189 0.000000 0.000000 0.000000 2.055499 1.080322 0.619870 0.000000 0.000000 0.000000 -0.000599 0.000487 -0.001074 -1.133824 0.102949 0.109094 0.268087 -0.077685 -9.805028 
292.197770 0.033358 -0.229527 0.490194 1656.097918 1274.444312 302.275213 0.000000 0.000000 0.000000 1.943585 1.005029 0.583363 0.000000 0.000000 0.000000 -0.000593 0.000461 -0.001072 -1.133434 0.102219 0.109144 0.268085 -0.077686 -9.805028 
292.297901 0.034237 -0.230276 0.490465 1656.297489 1274.547014 302.333332 0.000000 0.000000 0.000000 1.833891 0.935100 0.548927 0.000000 0.000000 0.000000 -0.000576 0.000448 -0.001074 -1.133644 0.101978 0.110609 0.268097 -0.077684 -9.805028 
292.397661 0.035625 -0.231023 0.490606 1656.488288 1274.643804 302.388739 0.000000 0.000000 0.000000 1.725048 0.889023 0.521174 0.000000 0.000000 0.000000 -0.000569 0.000449 -0.001073 -1.134804 0.102216 0.111958 0.268108 -0.077677 -9.805028 
292.498040 0.036258 -0.231460 0.490618 1656.662691 1274.738089 302.441927 0.000000 0.000000 0.000000 1.607649 0.861069 0.494810 0.000000 0.000000 0.000000 -0.000586 0.000448 -0.001071 -1.134961 0.101020 0.112163 0.268104 -0.077678 -9.805028 
292.595724 0.035965 -0.231516 0.490548 1656.835285 1274.829273 302.495533 0.000000 0.000000 0.000000 1.511051 0.821454 0.465106 0.000000 0.000000 0.000000 -0.000589 0.000470 -0.001068 -1.136846 0.101714 0.111335 0.268094 -0.077682 -9.805028 
292.697725 0.035328 -0.231787 0.490274 1656.992207 1274.913439 302.543715 0.000000 0.000000 0.000000 1.422872 0.761809 0.436301 0.000000 0.000000 0.000000 -0.000590 0.000462 -0.001063 -1.137767 0.102016 0.111135 0.268090 -0.077684 -9.805028 
292.797675 0.035166 -0.232397 0.490197 1657.141941 1274.994279 302.588425 0.000000 0.000000 0.000000 1.357447 0.713153 0.412071 0.000000 0.000000 0.000000 -0.000583 0.000476 -0.001062 -1.139597 0.101414 0.111800 0.268090 -0.077680 -9.805028 
292.896586 0.035830 -0.232737 0.490354 1657.285244 1275.066938 302.628933 0.000000 0.000000 0.000000 1.284782 0.670417 0.388760 0.000000 0.000000 0.000000 -0.000579 0.000479 -0.001066 -1.140418 0.102262 0.113960 0.268117 -0.077662 -9.805027 
292.997702 0.035671 -0.232694 0.490250 1657.418416 1275.134532 302.668608 0.000000 0.000000 0.000000 1.204615 0.635585 0.369878 0.000000 0.000000 0.000000 -0.000562 0.000472 -0.001064 -1.140844 0.103091 0.114394 0.268123 -0.077658 -9.805027 
293.095739 0.035551 -0.232703 0.490569 1657.541071 1275.201489 302.706325 0.000000 0.000000 0.000000 1.112792 0.603375 0.343446 0.000000 0.000000 0.000000 -0.000593 0.000452 -0.001070 -1.140267 0.102603 0.114668 0.268127 -0.077656 -9.805027 
293.197328 0.035028 -0.232586 0.490395 1657.653715 1275.261726 302.740999 0.000000 0.000000 0.000000 1.029316 0.552219 0.318756 0.000000 0.000000 0.000000 -0.000595 0.000428 -0.001065 -1.139755 0.102886 0.114820 0.268131 -0.077655 -9.805027 
293.297201 0.034497 -0.232666 0.490258 1657.758607 1275.315737 302.772927 0.000000 0.000000 0.000000 0.952649 0.497000 0.292408 0.000000 0.000000 0.000000 -0.000577 0.000412 -0.001061 -1.139299 0.103491 0.115039 0.268136 -0.077653 -9.805027 
293.397147 0.034485 -0.232831 0.490186 1657.856223 1275.368223 302.803765 0.000000 0.000000 0.000000 0.874898 0.465631 0.269513 0.000000 0.000000 0.000000 -0.000577 0.000416 -0.001056 -1.139908 0.102938 0.114173 0.268123 -0.077658 -9.805027 
293.498761 0.034166 -0.232797 0.490304 1657.944189 1275.413188 302.830308 0.000000 0.000000 0.000000 0.796440 0.423819 0.246735 0.000000 0.000000 0.000000 -0.000571 0.000401 -0.001060 -1.139706 0.103606 0.114489 0.268128 -0.077656 -9.805027 
293.597272 0.033993 -0.232743 0.490261 1658.022700 1275.454731 302.855779 0.000000 0.000000 0.000000 0.718727 0.376914 0.225118 0.000000 0.000000 0.000000 -0.000569 0.000377 -0.001059 -1.139090 0.103641 0.113824 0.268122 -0.077658 -9.805027 
293.698838 0.033677 -0.233094 0.490155 1658.091136 1275.492004 302.877574 0.000000 0.000000 0.000000 0.657518 0.346365 0.204236 0.000000 0.000000 0.000000 -0.000561 0.000351 -0.001052 -1.137771 0.103188 0.113807 0.268125 -0.077658 -9.805027 
293.799192 0.033907 -0.233258 0.490288 1658.155129 1275.524851 302.897279 0.000000 0.000000 0.000000 0.605197 0.312623 0.188543 0.000000 0.000000 0.000000 -0.000561 0.000331 -0.001057 -1.136745 0.103461 0.114053 0.268130 -0.077658 -9.805027 
293.897283 0.034284 -0.233269 0.490209 1658.216097 1275.559063 302.915342 0.000000 0.000000 0.000000 0.553199 0.297311 0.172259 0.000000 0.000000 0.000000 -0.000573 0.000328 -0.001051 -1.136554 0.102634 0.115038 0.268142 -0.077659 -9.805027 
293.998552 0.034433 -0.233078 0.490192 1658.272330 1275.587749 302.931837 0.000000 0.000000 0.000000 0.509462 0.271986 0.157756 0.000000 0.000000 0.000000 -0.000576 0.000315 -0.001050 -1.136176 0.103244 0.115717 0.268149 -0.077662 -9.805027 
294.097027 0.034381 -0.233274 0.490192 1658.323392 1275.617296 302.947129 0.000000 0.000000 0.000000 0.467993 0.256439 0.142476 0.000000 0.000000 0.000000 -0.000578 0.000311 -0.001046 -1.135949 0.102552 0.116229 0.268155 -0.077664 -9.805026 
294.198764 0.034374 -0.233395 0.490326 1658.369427 1275.639513 302.960305 0.000000 0.000000 0.000000 0.441755 0.232810 0.127548 0.000000 0.000000 0.000000 -0.000567 0.000285 -0.001054 -1.134419 0.103602 0.116686 0.268161 -0.077669 -9.805026 
294.298933 0.034437 -0.233682 0.490292 1658.415783 1275.662912 302.973734 0.000000 0.000000 0.000000 0.430025 0.225137 0.123309 0.000000 0.000000 0.000000 -0.000552 0.000274 -0.001054 -1.134933 0.103952 0.116427 0.268156 -0.077667 -9.805026 
294.397181 0.034911 -0.233903 0.490441 1658.457137 1275.686223 302.986467 0.000000 0.000000 0.000000 0.411031 0.221622 0.122486 0.000000 0.000000 0.000000 -0.000571 0.000253 -0.001056 -1.133896 0.103479 0.116277 0.268159 -0.077666 -9.805026 
294.498923 0.034866 -0.234025 0.490227 1658.499403 1275.706738 302.999534 0.000000 0.000000 0.000000 0.412157 0.219082 0.124399 0.000000 0.000000 0.000000 -0.000553 0.000229 -0.001054 -1.133582 0.104276 0.115889 0.268154 -0.077662 -9.805026 
294.598848 0.034938 -0.234307 0.490160 1658.539472 1275.727685 303.012097 0.000000 0.000000 0.000000 0.411218 0.220235 0.128340 0.000000 0.000000 0.000000 -0.000551 0.000207 -0.001055 -1.132026 0.104523 0.115996 0.268156 -0.077666 -9.805026 
294.698823 0.034814 -0.234471 0.490110 1658.580463 1275.745400 303.024742 0.000000 0.000000 0.000000 0.413554 0.208178 0.131846 0.000000 0.000000 0.000000 -0.000526 0.000188 -0.001067 -1.129694 0.105958 0.116462 0.268154 -0.077681 -9.805026 
294.798640 0.034601 -0.234364 0.489882 1658.625023 1275.763250 303.038552 0.000000 0.000000 0.000000 0.423355 0.199978 0.133794 0.000000 0.000000 0.000000 -0.000503 0.000178 -0.001071 -1.129290 0.107440 0.116461 0.268144 -0.077686 -9.805026 
294.899023 0.034591 -0.234490 0.490002 1658.667357 1275.783948 303.051200 0.000000 0.000000 0.000000 0.423537 0.204525 0.132475 0.000000 0.000000 0.000000 -0.000507 0.000180 -0.001073 -1.127459 0.107305 0.117273 0.268151 -0.077707 -9.805026 
294.999258 0.034444 -0.234083 0.490132 1658.706752 1275.805867 303.063800 0.000000 0.000000 0.000000 0.416396 0.210308 0.131311 0.000000 0.000000 0.000000 -0.000523 0.000151 -0.001070 -1.125161 0.106466 0.117827 0.268163 -0.077721 -9.805026 
295.097192 0.034263 -0.233993 0.490284 1658.746874 1275.829429 303.076636 0.000000 0.000000 0.000000 0.409469 0.219059 0.128846 0.000000 0.000000 0.000000 -0.000535 0.000138 -0.001069 -1.123302 0.105538 0.118291 0.268174 -0.077734 -9.805025 
295.198934 0.034299 -0.233903 0.490303 1658.786259 1275.851851 303.089025 0.000000 0.000000 0.000000 0.404058 0.222456 0.126333 0.000000 0.000000 0.000000 -0.000547 0.000128 -0.001066 -1.121361 0.105253 0.118733 0.268179 -0.077748 -9.805025 
295.297145 0.034109 -0.233925 0.490392 1658.826732 1275.874719 303.100557 0.000000 0.000000 0.000000 0.401287 0.222072 0.121170 0.000000 0.000000 0.000000 -0.000545 0.000126 -0.001066 -1.118766 0.105217 0.119733 0.268184 -0.077779 -9.805025 
295.398693 0.033975 -0.233976 0.490176 1658.865749 1275.893358 303.111786 0.000000 0.000000 0.000000 0.390498 0.208722 0.115583 0.000000 0.000000 0.000000 -0.000534 0.000111 -0.001067 -1.116048 0.106328 0.120291 0.268180 -0.077802 -9.805025 
295.498744 0.033678 -0.234129 0.490190 1658.905878 1275.914017 303.123745 0.000000 0.000000 0.000000 0.379502 0.200406 0.111762 0.000000 0.000000 0.000000 -0.000523 0.000107 -0.001074 -1.116116 0.106587 0.120108 0.268178 -0.077798 -9.805025 
295.597073 0.033568 -0.233794 0.490284 1658.942457 1275.935361 303.135044 0.000000 0.000000 0.000000 0.354245 0.194076 0.104728 0.000000 0.000000 0.000000 -0.000539 0.000080 -0.001070 -1.115364 0.106014 0.120047 0.268183 -0.077797 -9.805025 
295.698696 0.033713 -0.233763 0.490260 1658.977047 1275.956721 303.144669 0.000000 0.000000 0.000000 0.335880 0.192034 0.094797 0.000000 0.000000 0.000000 -0.000553 0.000077 -0.001063 -1.114338 0.105310 0.120601 0.268188 -0.077810 -9.805024 
295.798672 0.033483 -0.233837 0.490192 1659.011383 1275.973260 303.154401 0.000000 0.000000 0.000000 0.320378 0.175257 0.089563 0.000000 0.000000 0.000000 -0.000533 0.000063 -0.001067 -1.113986 0.106315 0.120437 0.268183 -0.077810 -9.805024 
295.899105 0.033653 -0.233550 0.490253 1659.041513 1275.990584 303.163621 0.000000 0.000000 0.000000 0.290023 0.162267 0.082804 0.000000 0.000000 0.000000 -0.000541 0.000048 -0.001066 -1.113707 0.106101 0.120042 0.268184 -0.077802 -9.805024 
295.999082 0.033297 -0.233417 0.490217 1659.067946 1276.005670 303.172208 0.000000 0.000000 0.000000 0.251611 0.144125 0.073081 0.000000 0.000000 0.000000 -0.000535 0.000025 -0.001066 -1.113437 0.106105 0.119396 0.268184 -0.077792 -9.805025 
296.097499 0.033272 -0.233285 0.490249 1659.091755 1276.019452 303.180156 0.000000 0.000000 0.000000 0.214951 0.124484 0.061500 0.000000 0.000000 0.000000 -0.000536 0.000010 -0.001066 -1.113685 0.106098 0.118622 0.268183 -0.077780 -9.805025 
296.197868 0.033253 -0.232863 0.490174 1659.111045 1276.028688 303.186438 0.000000 0.000000 0.000000 0.174949 0.099430 0.048836 0.000000 0.000000 0.000000 -0.000536 -0.000024 -0.001064 -1.113098 0.106841 0.117998 0.268181 -0.077773 -9.805025 
296.299185 0.033206 -0.232879 0.490176 1659.124872 1276.037799 303.190913 0.000000 0.000000 0.000000 0.132378 0.079574 0.035708 0.000000 0.000000 0.000000 -0.000543 -0.000036 -0.001065 -1.112417 0.106568 0.117691 0.268182 -0.077770 -9.805025 
296.397058 0.033099 -0.232699 0.490154 1659.138605 1276.045870 303.194714 0.000000 0.000000 0.000000 0.090867 0.054919 0.023894 0.000000 0.000000 0.000000 -0.000542 -0.000037 -0.001062 -1.113282 0.106575 0.117419 0.268181 -0.077767 -9.805025 
296.497615 0.033041 -0.232769 0.490186 1659.147508 1276.049154 303.197103 0.000000 0.000000 0.000000 0.044816 0.023122 0.008292 0.000000 0.000000 0.000000 -0.000531 -0.000032 -0.001066 -1.113756 0.107208 0.117019 0.268179 -0.077765 -9.805025 
296.597291 0.032985 -0.232623 0.490132 1659.150216 1276.049782 303.197505 0.000000 0.000000 0.000000 -0.002816 -0.001829 -0.008760 0.000000 0.000000 0.000000 -0.000523 -0.000049 -0.001066 -1.113846 0.107485 0.116616 0.268178 -0.077764 -9.805025 
296.698135 0.033253 -0.232746 0.490108 1659.148620 1276.049714 303.197174 0.000000 0.000000 0.000000 -0.003742 0.002109 -0.004773 0.000000 0.000000 0.000000 -0.000538 -0.000062 -0.001062 -1.113799 0.107316 0.115955 0.268178 -0.077762 -9.805025 
296.798255 0.033256 -0.232970 0.490204 1659.150112 1276.048270 303.197460 0.000000 0.000000 0.000000 0.023784 0.010431 0.003598 0.000000 0.000000 0.000000 -0.000527 -0.000081 -0.001069 -1.113559 0.108196 0.115603 0.268176 -0.077762 -9.805025 
296.897008 0.033259 -0.233137 0.490123 1659.149222 1276.050349 303.197439 0.000000 0.000000 0.000000 0.013660 0.014424 -0.002344 0.000000 0.000000 0.000000 -0.000540 -0.000094 -0.001060 -1.112728 0.107419 0.115403 0.268179 -0.077760 -9.805025 
296.998991 0.033027 -0.233245 0.490050 1659.150677 1276.051652 303.197768 0.000000 0.000000 0.000000 0.012139 0.014693 -0.007904 0.000000 0.000000 0.000000 -0.000531 -0.000098 -0.001061 -1.112854 0.107538 0.114619 0.268178 -0.077759 -9.805025 
297.097059 0.033179 -0.233217 0.490139 1659.150289 1276.049486 303.197874 0.000000 0.000000 0.000000 0.016803 0.005018 0.000486 0.000000 0.000000 0.000000 -0.000529 -0.000129 -0.001068 -1.111787 0.108399 0.113752 0.268175 -0.077758 -9.805025 
297.198179 0.033306 -0.233125 0.490108 1659.149053 1276.049794 303.197872 0.000000 0.000000 0.000000 0.012490 0.009819 0.004675 0.000000 0.000000 0.000000 -0.000534 -0.000145 -0.001063 -1.110792 0.108081 0.113765 0.268177 -0.077756 -9.805025 
297.298564 0.033403 -0.232977 0.490066 1659.150384 1276.050019 303.197892 0.000000 0.000000 0.000000 0.011589 0.008486 -0.000538 0.000000 0.000000 0.000000 -0.000538 -0.000153 -0.001067 -1.110645 0.108387 0.113914 0.268175 -0.077757 -9.805025 
297.397101 0.033299 -0.233160 0.489923 1659.151567 1276.050474 303.197984 0.000000 0.000000 0.000000 0.017179 0.008394 -0.000267 0.000000 0.000000 0.000000 -0.000528 -0.000162 -0.001063 -1.110551 0.108499 0.113670 0.268175 -0.077756 -9.805025 
297.499007 0.033241 -0.233176 0.490085 1659.150873 1276.048657 303.198502 0.000000 0.000000 0.000000 0.015077 0.004590 0.002916 0.000000 0.000000 0.000000 -0.000521 -0.000182 -0.001072 -1.109471 0.108994 0.113077 0.268173 -0.077753 -9.805025 
297.597207 0.033320 -0.233060 0.489998 1659.152188 1276.048704 303.198891 0.000000 0.000000 0.000000 0.015866 0.003186 0.002864 0.000000 0.000000 0.000000 -0.000520 -0.000197 -0.001069 -1.109330 0.109086 0.112950 0.268173 -0.077752 -9.805025 
297.698381 0.033161 -0.233047 0.490103 1659.151745 1276.048111 303.199308 0.000000 0.000000 0.000000 0.012044 0.002612 0.004109 0.000000 0.000000 0.000000 -0.000516 -0.000214 -0.001073 -1.108649 0.109094 0.112663 0.268174 -0.077750 -9.805025 
297.797192 0.033244 -0.232995 0.489940 1659.150828 1276.048253 303.199443 0.000000 0.000000 0.000000 0.011267 0.003778 0.003780 0.000000 0.000000 0.000000 -0.000518 -0.000229 -0.001067 -1.107890 0.108815 0.112702 0.268175 -0.077749 -9.805025 
297.897725 0.033239 -0.233012 0.490154 1659.150868 1276.049089 303.199858 0.000000 0.000000 0.000000 0.009972 0.008541 0.004395 0.000000 0.000000 0.000000 -0.000520 -0.000238 -0.001072 -1.107615 0.108562 0.112559 0.268177 -0.077747 -9.805025 
297.998844 0.033296 -0.232951 0.490034 1659.149750 1276.048521 303.199734 0.000000 0.000000 0.000000 0.004611 0.006329 0.003455 0.000000 0.000000 0.000000 -0.000518 -0.000253 -0.001070 -1.106615 0.108749 0.112788 0.268176 -0.077749 -9.805025 
298.097178 0.033259 -0.232901 0.490090 1659.149932 1276.049420 303.200015 0.000000 0.000000 0.000000 0.008093 0.008194 0.003083 0.000000 0.000000 0.000000 -0.000521 -0.000261 -0.001070 -1.106502 0.108639 0.112756 0.268176 -0.077748 -9.805025 
298.198035 0.033221 -0.232948 0.490015 1659.150709 1276.047752 303.200093 0.000000 0.000000 0.000000 0.012084 0.000693 0.003186 0.000000 0.000000 0.000000 -0.000510 -0.000270 -0.001070 -1.105937 0.109360 0.112854 0.268172 -0.077750 -9.805025 
298.299170 0.033286 -0.233050 0.490026 1659.150849 1276.048277 303.200059 0.000000 0.000000 0.000000 0.009556 0.004840 0.003217 0.000000 0.000000 0.000000 -0.000511 -0.000274 -0.001068 -1.105565 0.109117 0.113034 0.268173 -0.077751 -9.805025 
298.398658 0.033331 -0.232849 0.490049 1659.148861 1276.048263 303.199397 0.000000 0.000000 0.000000 0.003881 0.006383 0.001145 0.000000 0.000000 0.000000 -0.000518 -0.000297 -0.001065 -1.104316 0.108898 0.113475 0.268173 -0.077754 -9.805025 
298.500271 0.033177 -0.232820 0.490017 1659.149543 1276.048473 303.199447 0.000000 0.000000 0.000000 0.007557 0.007185 0.001362 0.000000 0.000000 0.000000 -0.000511 -0.000309 -0.001067 -1.104233 0.109106 0.113507 0.268172 -0.077754 -9.805025 
298.598603 0.033199 -0.233009 0.490002 1659.150593 1276.048983 303.199202 0.000000 0.000000 0.000000 0.010698 0.006039 0.000976 0.000000 0.000000 0.000000 -0.000511 -0.000307 -0.001069 -1.104102 0.109218 0.113797 0.268171 -0.077757 -9.805025 
298.699800 0.033206 -0.233032 0.490088 1659.149364 1276.048570 303.198483 0.000000 0.000000 0.000000 0.006953 0.004550 -0.000452 0.000000 0.000000 0.000000 -0.000510 -0.000318 -0.001070 -1.103008 0.109203 0.114155 0.268171 -0.077758 -9.805025 
298.798609 0.033349 -0.233090 0.489983 1659.150023 1276.048114 303.197669 0.000000 0.000000 0.000000 0.008455 0.004659 -0.001599 0.000000 0.000000 0.000000 -0.000511 -0.000321 -0.001069 -1.102533 0.109542 0.114686 0.268168 -0.077762 -9.805025 
298.898737 0.033376 -0.232972 0.489956 1659.151178 1276.046914 303.197580 0.000000 0.000000 0.000000 0.011679 0.000693 -0.000989 0.000000 0.000000 0.000000 -0.000509 -0.000334 -0.001071 -1.102328 0.110110 0.114567 0.268166 -0.077762 -9.805025 
299.000116 0.033260 -0.233006 0.489971 1659.150446 1276.048055 303.197518 0.000000 0.000000 0.000000 0.008419 0.004215 -0.001717 0.000000 0.000000 0.000000 -0.000511 -0.000343 -0.001066 -1.101977 0.109503 0.114363 0.268169 -0.077760 -9.805025 
299.098602 0.033216 -0.232916 0.489936 1659.149399 1276.047990 303.197799 0.000000 0.000000 0.000000 0.004842 0.004175 -0.001548 0.000000 0.000000 0.000000 -0.000508 -0.000358 -0.001063 -1.101507 0.109378 0.113770 0.268170 -0.077756 -9.805025 
299.199278 0.033313 -0.233121 0.490094 1659.149468 1276.047715 303.197630 0.000000 0.000000 0.000000 0.005052 0.004923 -0.001190 0.000000 0.000000 0.000000 -0.000509 -0.000358 -0.001068 -1.101230 0.109577 0.113717 0.268170 -0.077756 -9.805025 
299.299749 0.033345 -0.233024 0.489970 1659.150126 1276.049548 303.197383 0.000000 0.000000 0.000000 0.007838 0.010196 -0.001822 0.000000 0.000000 0.000000 -0.000515 -0.000365 -0.001062 -1.101421 0.109221 0.113796 0.268171 -0.077756 -9.805025 
299.398543 0.033295 -0.232931 0.489897 1659.151325 1276.051138 303.197868 0.000000 0.000000 0.000000 0.010673 0.012683 -0.000933 0.000000 0.000000 0.000000 -0.000517 -0.000373 -0.001062 -1.101779 0.109122 0.113245 0.268172 -0.077754 -9.805025 
299.500421 0.033282 -0.233112 0.489920 1659.150302 1276.048762 303.197807 0.000000 0.000000 0.000000 0.006322 0.003246 -0.000417 0.000000 0.000000 0.000000 -0.000509 -0.000387 -0.001069 -1.100602 0.109945 0.112934 0.268169 -0.077754 -9.805025 
299.600434 0.033182 -0.232901 0.489979 1659.148354 1276.048464 303.197404 0.000000 0.000000 0.000000 0.000635 0.003470 -0.001224 0.000000 0.000000 0.000000 -0.000509 -0.000406 -0.001070 -1.099693 0.109797 0.112930 0.268170 -0.077753 -9.805025 
299.699335 0.033322 -0.232836 0.489896 1659.148861 1276.049879 303.198028 0.000000 0.000000 0.000000 0.003075 0.007732 0.000445 0.000000 0.000000 0.000000 -0.000515 -0.000407 -0.001066 -1.100137 0.109559 0.112367 0.268171 -0.077751 -9.805025 
299.798693 0.033288 -0.232943 0.489963 1659.149160 1276.049530 303.198577 0.000000 0.000000 0.000000 0.004791 0.004989 0.001235 0.000000 0.000000 0.000000 -0.000512 -0.000410 -0.001073 -1.100040 0.109903 0.111917 0.268170 -0.077751 -9.805025 
299.898998 0.033170 -0.232997 0.489816 1659.148134 1276.049863 303.199021 0.000000 0.000000 0.000000 0.002277 0.006656 0.001930 0.000000 0.000000 0.000000 -0.000507 -0.000419 -0.001066 -1.099637 0.109758 0.111488 0.268171 -0.077749 -9.805025 
300.000172 0.033320 -0.232917 0.489803 1659.150614 1276.051265 303.199635 0.000000 0.000000 0.000000 0.009282 0.010967 0.001804 0.000000 0.000000 0.000000 -0.000513 -0.000417 -0.001068 -1.100421 0.109902 0.111332 0.268171 -0.077750 -9.805025 
300.098804 0.033312 -0.232976 0.489944 1659.150071 1276.049637 303.199333 0.000000 0.000000 0.000000 0.007518 0.003171 0.002007 0.000000 0.000000 0.000000 -0.000508 -0.000424 -0.001075 -1.099430 0.110536 0.111495 0.268168 -0.077750 -9.805025 
300.199239 0.033298 -0.232960 0.489929 1659.152162 1276.049943 303.199380 0.000000 0.000000 0.000000 0.012804 0.003852 0.002335 0.000000 0.000000 0.000000 -0.000506 -0.000427 -0.001072 -1.099713 0.110757 0.111729 0.268167 -0.077751 -9.805025 
300.299685 0.033264 -0.232967 0.489915 1659.152809 1276.051456 303.199739 0.000000 0.000000 0.000000 0.012367 0.008835 0.002088 0.000000 0.000000 0.000000 -0.000507 -0.000434 -0.001068 -1.099722 0.110336 0.111530 0.268169 -0.077750 -9.805025 
300.398559 0.033336 -0.233059 0.490026 1659.154470 1276.051368 303.199848 0.000000 0.000000 0.000000 0.015086 0.007357 0.002922 0.000000 0.000000 0.000000 -0.000508 -0.000435 -0.001076 -1.099608 0.110737 0.111626 0.268168 -0.077751 -9.805025 
300.500215 0.033400 -0.233081 0.489927 1659.153576 1276.051391 303.199250 0.000000 0.000000 0.000000 0.010255 0.005232 0.001550 0.000000 0.000000 0.000000 -0.000509 -0.000446 -0.001073 -1.098645 0.110614 0.112057 0.268168 -0.077749 -9.805025 
300.598297 0.033271 -0.232883 0.489889 1659.150655 1276.050534 303.198907 0.000000 0.000000 0.000000 -0.000051 0.001627 0.000946 0.000000 0.000000 0.000000 -0.000506 -0.000471 -0.001073 -1.097235 0.110470 0.112053 0.268169 -0.077747 -9.805025 
300.699960 0.033276 -0.232921 0.489900 1659.150342 1276.049059 303.198873 0.000000 0.000000 0.000000 0.000556 -0.001435 0.001030 0.000000 0.000000 0.000000 -0.000504 -0.000480 -0.001076 -1.096831 0.110958 0.112049 0.268167 -0.077748 -9.805025 
300.799029 0.033285 -0.232966 0.489888 1659.150554 1276.047855 303.199365 0.000000 0.000000 0.000000 0.002212 -0.003650 0.001455 0.000000 0.000000 0.000000 -0.000504 -0.000483 -0.001077 -1.096745 0.111318 0.111703 0.268166 -0.077748 -9.805025 
300.898494 0.033350 -0.233094 0.489912 1659.149814 1276.047741 303.198693 0.000000 0.000000 0.000000 0.001039 -0.003604 -0.000009 0.000000 0.000000 0.000000 -0.000512 -0.000482 -0.001077 -1.096390 0.111110 0.112215 0.268167 -0.077747 -9.805025 
301.000437 0.033478 -0.233070 0.489876 1659.150297 1276.048901 303.198087 0.000000 0.000000 0.000000 0.003050 0.002117 -0.001036 0.000000 0.000000 0.000000 -0.000516 -0.000487 -0.001077 -1.096630 0.110728 0.112728 0.268168 -0.077747 -9.805025 
301.098616 0.033373 -0.233160 0.489931 1659.149843 1276.049213 303.198093 0.000000 0.000000 0.000000 0.001368 0.003995 -0.000515 0.000000 0.000000 0.000000 -0.000513 -0.000492 -0.001081 -1.096430 0.110624 0.112550 0.268168 -0.077747 -9.805025 
301.200367 0.033349 -0.232977 0.489938 1659.149722 1276.048609 303.197776 0.000000 0.000000 0.000000 0.001689 0.000759 -0.000926 0.000000 0.000000 0.000000 -0.000513 -0.000505 -0.001079 -1.096145 0.110907 0.112668 0.268168 -0.077747 -9.805025 
301.299317 0.033296 -0.233123 0.489839 1659.148724 1276.049715 303.197620 0.000000 0.000000 0.000000 0.000120 0.004456 -0.000972 0.000000 0.000000 0.000000 -0.000509 -0.000510 -0.001074 -1.095967 0.110428 0.112597 0.268169 -0.077746 -9.805025 
301.401615 0.033343 -0.233098 0.489977 1659.148820 1276.050732 303.197376 0.000000 0.000000 0.000000 0.001103 0.007683 -0.001447 0.000000 0.000000 0.000000 -0.000510 -0.000514 -0.001082 -1.096044 0.110302 0.112680 0.268170 -0.077746 -9.805025 
301.501472 0.033398 -0.233098 0.489951 1659.149288 1276.050561 303.197363 0.000000 0.000000 0.000000 0.002839 0.005687 -0.001853 0.000000 0.000000 0.000000 -0.000512 -0.000519 -0.001082 -1.095997 0.110663 0.112529 0.268168 -0.077746 -9.805025 
301.600189 0.033407 -0.233041 0.489956 1659.148353 1276.051218 303.196681 0.000000 0.000000 0.000000 0.000724 0.006163 -0.002227 0.000000 0.000000 0.000000 -0.000513 -0.000527 -0.001081 -1.095577 0.110470 0.112797 0.268169 -0.077745 -9.805025 
301.701810 0.033324 -0.233080 0.489826 1659.150954 1276.050707 303.197458 0.000000 0.000000 0.000000 0.008848 0.003339 -0.000240 0.000000 0.000000 0.000000 -0.000511 -0.000532 -0.001082 -1.096224 0.111188 0.112185 0.268167 -0.077747 -9.805025 
301.800117 0.033309 -0.233070 0.489854 1659.151572 1276.050625 303.197638 0.000000 0.000000 0.000000 0.008767 0.003352 -0.000548 0.000000 0.000000 0.000000 -0.000511 -0.000538 -0.001082 -1.096099 0.111299 0.111923 0.268166 -0.077747 -9.805025 
301.900619 0.033305 -0.233049 0.489759 1659.151874 1276.050970 303.197949 0.000000 0.000000 0.000000 0.007619 0.004260 -0.000267 0.000000 0.000000 0.000000 -0.000512 -0.000542 -0.001080 -1.095990 0.111235 0.111541 0.268166 -0.077747 -9.805025 
302.001567 0.033191 -0.232886 0.489755 1659.150777 1276.050337 303.198574 0.000000 0.000000 0.000000 0.003497 0.000878 0.000254 0.000000 0.000000 0.000000 -0.000513 -0.000548 -0.001080 -1.095387 0.111280 0.110787 0.268166 -0.077747 -9.805025 
302.101633 0.033390 -0.233085 0.489905 1659.150512 1276.050541 303.198282 0.000000 0.000000 0.000000 0.002461 0.001311 0.000533 0.000000 0.000000 0.000000 -0.000515 -0.000542 -0.001084 -1.095172 0.111160 0.110993 0.268167 -0.077746 -9.805025 
302.201624 0.033365 -0.233132 0.489850 1659.151167 1276.052761 303.198621 0.000000 0.000000 0.000000 0.003901 0.008810 0.000848 0.000000 0.000000 0.000000 -0.000508 -0.000550 -0.001084 -1.095665 0.110606 0.110817 0.268168 -0.077746 -9.805025 
302.301659 0.033359 -0.232912 0.489847 1659.149108 1276.052069 303.198684 0.000000 0.000000 0.000000 -0.001728 0.004484 0.001033 0.000000 0.000000 0.000000 -0.000514 -0.000554 -0.001083 -1.094712 0.110750 0.110562 0.268168 -0.077745 -9.805025 
302.400281 0.033375 -0.233023 0.489929 1659.148274 1276.052011 303.198663 0.000000 0.000000 0.000000 -0.002388 0.003224 0.001747 0.000000 0.000000 0.000000 -0.000517 -0.000549 -0.001089 -1.094412 0.110820 0.110573 0.268168 -0.077745 -9.805025 
302.501411 0.033399 -0.233005 0.489841 1659.149647 1276.051700 303.198659 0.000000 0.000000 0.000000 0.002906 0.002376 0.001250 0.000000 0.000000 0.000000 -0.000520 -0.000555 -0.001086 -1.094705 0.111272 0.110810 0.268167 -0.077746 -9.805025 
302.599949 0.033355 -0.233126 0.489829 1659.149534 1276.049678 303.198568 0.000000 0.000000 0.000000 0.002107 -0.003813 0.001478 0.000000 0.000000 0.000000 -0.000520 -0.000552 -0.001087 -1.094182 0.111926 0.110867 0.268165 -0.077746 -9.805025 
302.700569 0.033396 -0.232991 0.489789 1659.150424 1276.048390 303.198523 0.000000 0.000000 0.000000 0.005130 -0.006488 0.001538 0.000000 0.000000 0.000000 -0.000523 -0.000559 -0.001087 -1.094174 0.112308 0.111041 0.268164 -0.077746 -9.805025 
302.801927 0.033220 -0.232990 0.489756 1659.149777 1276.048276 303.198459 0.000000 0.000000 0.000000 0.002865 -0.004935 0.000911 0.000000 0.000000 0.000000 -0.000517 -0.000563 -0.001084 -1.093902 0.111971 0.111089 0.268165 -0.077745 -9.805025 
302.901151 0.033320 -0.232973 0.489887 1659.149976 1276.045822 303.198894 0.000000 0.000000 0.000000 0.003098 -0.009531 0.001906 0.000000 0.000000 0.000000 -0.000521 -0.000566 -0.001087 -1.093595 0.112575 0.110735 0.268164 -0.077746 -9.805025 
303.001030 0.033270 -0.233029 0.489870 1659.149898 1276.046247 303.198811 0.000000 0.000000 0.000000 0.003286 -0.004567 0.001631 0.000000 0.000000 0.000000 -0.000516 -0.000568 -0.001086 -1.093656 0.112117 0.110941 0.268165 -0.077745 -9.805025 
303.100764 0.033300 -0.233147 0.489896 1659.150330 1276.047665 303.198954 0.000000 0.000000 0.000000 0.004097 0.001050 0.001723 0.000000 0.000000 0.000000 -0.000515 -0.000571 -0.001085 -1.093988 0.111563 0.111004 0.268166 -0.077745 -9.805025 
303.200739 0.033165 -0.232929 0.489855 1659.150702 1276.047405 303.199045 0.000000 0.000000 0.000000 0.004662 0.000307 0.002102 0.000000 0.000000 0.000000 -0.000512 -0.000587 -0.001079 -1.093890 0.111678 0.111047 0.268166 -0.077745 -9.805025 
303.301289 0.033393 -0.233021 0.489863 1659.149753 1276.049201 303.199017 0.000000 0.000000 0.000000 0.001923 0.006257 0.001673 0.000000 0.000000 0.000000 -0.000514 -0.000583 -0.001076 -1.093739 0.110944 0.111137 0.268168 -0.077744 -9.805025 
303.401625 0.033332 -0.233028 0.489869 1659.149783 1276.048418 303.199239 0.000000 0.000000 0.000000 0.001740 0.002546 0.001667 0.000000 0.000000 0.000000 -0.000514 -0.000586 -0.001075 -1.093462 0.111371 0.111011 0.268167 -0.077744 -9.805025 
303.501670 0.033253 -0.232948 0.489765 1659.149172 1276.049067 303.199188 0.000000 0.000000 0.000000 0.000413 0.003685 0.000714 0.000000 0.000000 0.000000 -0.000511 -0.000594 -0.001068 -1.093270 0.111142 0.111091 0.268167 -0.077744 -9.805025 
303.601613 0.033361 -0.233009 0.489870 1659.149225 1276.049553 303.198587 0.000000 0.000000 0.000000 0.001236 0.004837 0.000255 0.000000 0.000000 0.000000 -0.000513 -0.000595 -0.001070 -1.093169 0.111126 0.111623 0.268167 -0.077744 -9.805025 
303.701313 0.033281 -0.233044 0.489845 1659.147936 1276.049133 303.198259 0.000000 0.000000 0.000000 -0.001796 0.002817 -0.000587 0.000000 0.000000 0.000000 -0.000511 -0.000593 -0.001068 -1.092554 0.111221 0.111719 0.268167 -0.077743 -9.805025 
303.799882 0.033425 -0.233150 0.489893 1659.146170 1276.048432 303.197318 0.000000 0.000000 0.000000 -0.005774 0.000321 -0.001723 0.000000 0.000000 0.000000 -0.000517 -0.000588 -0.001070 -1.091804 0.111314 0.112226 0.268167 -0.077743 -9.805025 
303.900258 0.033468 -0.233007 0.489833 1659.146650 1276.048606 303.196855 0.000000 0.000000 0.000000 -0.002148 0.001259 -0.002578 0.000000 0.000000 0.000000 -0.000521 -0.000597 -0.001066 -1.092085 0.111449 0.112492 0.268167 -0.077743 -9.805025 
304.003056 0.033302 -0.233025 0.489985 1659.145433 1276.050381 303.196445 0.000000 0.000000 0.000000 -0.004359 0.006998 -0.002870 0.000000 0.000000 0.000000 -0.000514 -0.000602 -0.001068 -1.092052 0.110838 0.112504 0.268168 -0.077743 -9.805025 
304.102036 0.033384 -0.233077 0.489883 1659.146542 1276.050594 303.196437 0.000000 0.000000 0.000000 -0.000395 0.006673 -0.002424 0.000000 0.000000 0.000000 -0.000517 -0.000604 -0.001064 -1.092424 0.111191 0.112412 0.268167 -0.077743 -9.805025 
304.203191 0.033408 -0.233147 0.489849 1659.147971 1276.050168 303.196434 0.000000 0.000000 0.000000 0.004534 0.003175 -0.001795 0.000000 0.000000 0.000000 -0.000518 -0.000607 -0.001066 -1.092648 0.111749 0.112237 0.268166 -0.077744 -9.805025 
304.302943 0.033289 -0.232984 0.489798 1659.150258 1276.050501 303.197141 0.000000 0.000000 0.000000 0.009485 0.003614 -0.001776 0.000000 0.000000 0.000000 -0.000517 -0.000620 -0.001062 -1.093238 0.111979 0.111656 0.268165 -0.077745 -9.805025 
304.402979 0.033332 -0.233173 0.489774 1659.150449 1276.050520 303.196835 0.000000 0.000000 0.000000 0.007394 0.003270 -0.002834 0.000000 0.000000 0.000000 -0.000518 -0.000617 -0.001061 -1.092961 0.111976 0.111627 0.268165 -0.077744 -9.805025 
304.502870 0.033476 -0.233143 0.489777 1659.149823 1276.053062 303.196474 0.000000 0.000000 0.000000 0.003462 0.010607 -0.002524 0.000000 0.000000 0.000000 -0.000514 -0.000621 -0.001064 -1.092902 0.111229 0.111621 0.268167 -0.077744 -9.805025 
304.603947 0.033418 -0.233132 0.489713 1659.148946 1276.053185 303.196174 0.000000 0.000000 0.000000 0.000375 0.007755 -0.003392 0.000000 0.000000 0.000000 -0.000512 -0.000623 -0.001061 -1.092441 0.111343 0.111506 0.268167 -0.077743 -9.805025 
304.703915 0.033377 -0.233189 0.489708 1659.148413 1276.051963 303.196523 0.000000 0.000000 0.000000 -0.001322 0.002040 -0.002667 0.000000 0.000000 0.000000 -0.000511 -0.000620 -0.001061 -1.092118 0.111807 0.110815 0.268166 -0.077743 -9.805025 
304.802695 0.033353 -0.233084 0.489903 1659.148941 1276.050156 303.196974 0.000000 0.000000 0.000000 0.000471 -0.002746 -0.001608 0.000000 0.000000 0.000000 -0.000518 -0.000625 -0.001066 -1.092081 0.112435 0.110256 0.268165 -0.077744 -9.805025 
304.903974 0.033338 -0.233040 0.489722 1659.146727 1276.050960 303.197015 0.000000 0.000000 0.000000 -0.005048 0.000454 -0.001631 0.000000 0.000000 0.000000 -0.000509 -0.000624 -0.001061 -1.091719 0.111838 0.109932 0.268166 -0.077743 -9.805025 
305.004151 0.033324 -0.232999 0.489731 1659.148424 1276.051182 303.197563 0.000000 0.000000 0.000000 0.001364 0.000277 -0.000465 0.000000 0.000000 0.000000 -0.000513 -0.000636 -0.001058 -1.092398 0.112061 0.109539 0.268165 -0.077744 -9.805025 
305.103255 0.033363 -0.233069 0.489769 1659.150772 1276.049635 303.198226 0.000000 0.000000 0.000000 0.007682 -0.003578 0.000648 0.000000 0.000000 0.000000 -0.000517 -0.000638 -0.001059 -1.092805 0.112766 0.109121 0.268164 -0.077745 -9.805025 
305.205914 0.033343 -0.233105 0.489870 1659.147242 1276.049940 303.197591 0.000000 0.000000 0.000000 -0.004173 -0.000830 0.000221 0.000000 0.000000 0.000000 -0.000511 -0.000637 -0.001057 -1.091712 0.112027 0.109340 0.268165 -0.077743 -9.805025 
305.295974 0.033366 -0.233109 0.489866 1659.148406 1276.050082 303.197650 0.000000 0.000000 0.000000 0.001321 -0.000366 0.000499 0.000000 0.000000 0.000000 -0.000515 -0.000638 -0.001057 -1.092145 0.112180 0.109437 0.268165 -0.077744 -9.805025 
305.395554 0.033438 -0.233105 0.489848 1659.149377 1276.050556 303.197387 0.000000 0.000000 0.000000 0.004606 0.000115 0.000925 0.000000 0.000000 0.000000 -0.000520 -0.000639 -0.001055 -1.092394 0.112144 0.109752 0.268165 -0.077744 -9.805025 
305.496627 0.033357 -0.233133 0.489827 1659.148277 1276.050392 303.197461 0.000000 0.000000 0.000000 0.000263 -0.000270 0.000430 0.000000 0.000000 0.000000 -0.000515 -0.000641 -0.001054 -1.091950 0.111975 0.109576 0.268166 -0.077743 -9.805025 
305.595383 0.033389 -0.233079 0.489694 1659.150866 1276.051075 303.198533 0.000000 0.000000 0.000000 0.007906 0.003627 0.003766 0.000000 0.000000 0.000000 -0.000513 -0.000640 -0.001045 -1.092876 0.112158 0.109027 0.268165 -0.077744 -9.805025 
305.696593 0.033447 -0.233095 0.489806 1659.149645 1276.050103 303.198017 0.000000 0.000000 0.000000 0.003295 -0.001250 0.002606 0.000000 0.000000 0.000000 -0.000513 -0.000648 -0.001047 -1.091953 0.112272 0.109495 0.268165 -0.077744 -9.805025 
305.795131 0.033287 -0.233062 0.489749 1659.150188 1276.049040 303.198070 0.000000 0.000000 0.000000 0.004443 -0.004247 0.002692 0.000000 0.000000 0.000000 -0.000505 -0.000657 -0.001045 -1.091826 0.112582 0.109637 0.268165 -0.077744 -9.805025 
305.895125 0.033226 -0.233067 0.489795 1659.150161 1276.047788 303.198266 0.000000 0.000000 0.000000 0.003963 -0.006629 0.003745 0.000000 0.000000 0.000000 -0.000499 -0.000665 -0.001049 -1.091545 0.112750 0.109643 0.268164 -0.077744 -9.805025 
305.996389 0.033400 -0.233068 0.489792 1659.150471 1276.049417 303.198255 0.000000 0.000000 0.000000 0.004626 0.001741 0.002500 0.000000 0.000000 0.000000 -0.000517 -0.000659 -0.001043 -1.091806 0.112070 0.109965 0.268165 -0.077743 -9.805025 
306.095412 0.033382 -0.233066 0.489853 1659.148351 1276.047121 303.197394 0.000000 0.000000 0.000000 -0.003655 -0.006732 0.001430 0.000000 0.000000 0.000000 -0.000512 -0.000678 -0.001047 -1.090548 0.112439 0.110552 0.268165 -0.077743 -9.805025 
306.196358 0.033280 -0.233105 0.489789 1659.148300 1276.047809 303.197514 0.000000 0.000000 0.000000 -0.001302 -0.003506 0.002107 0.000000 0.000000 0.000000 -0.000516 -0.000677 -0.001047 -1.090868 0.112062 0.110632 0.268166 -0.077743 -9.805025 
306.295590 0.033462 -0.233031 0.489862 1659.148612 1276.048061 303.197181 0.000000 0.000000 0.000000 0.002723 -0.001820 0.002051 0.000000 0.000000 0.000000 -0.000521 -0.000675 -0.001049 -1.090974 0.111934 0.111112 0.268166 -0.077743 -9.805025 
306.396433 0.033373 -0.232989 0.489904 1659.149196 1276.049829 303.197442 0.000000 0.000000 0.000000 0.002509 0.006157 0.002175 0.000000 0.000000 0.000000 -0.000522 -0.000678 -0.001045 -1.091381 0.111450 0.111111 0.268167 -0.077743 -9.805025 
306.496393 0.033345 -0.232936 0.489782 1659.150643 1276.049832 303.198500 0.000000 0.000000 0.000000 0.005130 0.005028 0.002619 0.000000 0.000000 0.000000 -0.000518 -0.000682 -0.001045 -1.091741 0.111851 0.110494 0.268166 -0.077743 -9.805025 
306.595202 0.033353 -0.233137 0.489895 1659.149777 1276.049195 303.198140 0.000000 0.000000 0.000000 0.003952 0.001761 0.002231 0.000000 0.000000 0.000000 -0.000519 -0.000688 -0.001048 -1.091032 0.111993 0.110829 0.268166 -0.077743 -9.805025 
306.696349 0.033378 -0.233125 0.490003 1659.149323 1276.049957 303.198253 0.000000 0.000000 0.000000 0.001992 -0.000562 0.002026 0.000000 0.000000 0.000000 -0.000523 -0.000689 -0.001048 -1.090889 0.111631 0.110837 0.268166 -0.077742 -9.805025 
306.795675 0.033473 -0.233028 0.489873 1659.148611 1276.049546 303.197907 0.000000 0.000000 0.000000 -0.000824 0.000269 0.000726 0.000000 0.000000 0.000000 -0.000525 -0.000701 -0.001043 -1.090506 0.111653 0.111117 0.268166 -0.077742 -9.805025 
306.896456 0.033402 -0.233115 0.489814 1659.148324 1276.048971 303.197535 0.000000 0.000000 0.000000 -0.002043 0.001900 0.000420 0.000000 0.000000 0.000000 -0.000522 -0.000706 -0.001042 -1.090285 0.111885 0.111409 0.268166 -0.077742 -9.805025 
306.996494 0.033354 -0.233082 0.489776 1659.148489 1276.049510 303.197893 0.000000 0.000000 0.000000 -0.000299 0.001087 0.000479 0.000000 0.000000 0.000000 -0.000526 -0.000710 -0.001037 -1.090498 0.111839 0.111151 0.268166 -0.077742 -9.805025 
307.095320 0.033396 -0.233043 0.489781 1659.147892 1276.049440 303.197432 0.000000 0.000000 0.000000 -0.001057 -0.002754 -0.000282 0.000000 0.000000 0.000000 -0.000529 -0.000720 -0.001037 -1.090257 0.111776 0.111463 0.268166 -0.077742 -9.805025 
307.196532 0.033386 -0.233007 0.489844 1659.146242 1276.049129 303.197429 0.000000 0.000000 0.000000 -0.004954 -0.001663 -0.000192 0.000000 0.000000 0.000000 -0.000529 -0.000731 -0.001039 -1.089847 0.111561 0.111253 0.268167 -0.077742 -9.805025 
307.295479 0.033435 -0.233000 0.489798 1659.145442 1276.047895 303.197408 0.000000 0.000000 0.000000 -0.006114 -0.001243 -0.000022 0.000000 0.000000 0.000000 -0.000527 -0.000737 -0.001039 -1.089581 0.111921 0.111215 0.268166 -0.077742 -9.805025 
307.395697 0.033339 -0.232944 0.489834 1659.147229 1276.049524 303.197474 0.000000 0.000000 0.000000 0.000525 0.002653 -0.000122 0.000000 0.000000 0.000000 -0.000530 -0.000734 -0.001041 -1.090581 0.111758 0.111359 0.268166 -0.077742 -9.805025 
307.497294 0.033380 -0.232930 0.489767 1659.148341 1276.049882 303.197638 0.000000 0.000000 0.000000 0.005024 0.001363 -0.000001 0.000000 0.000000 0.000000 -0.000530 -0.000732 -0.001043 -1.090914 0.111849 0.111281 0.268166 -0.077743 -9.805025 
307.595307 0.033405 -0.233133 0.489813 1659.148130 1276.049514 303.197106 0.000000 0.000000 0.000000 0.003927 0.000222 0.000422 0.000000 0.000000 0.000000 -0.000528 -0.000731 -0.001045 -1.090522 0.111904 0.111613 0.268166 -0.077742 -9.805025 
307.698600 0.033437 -0.233023 0.489863 1659.148598 1276.048682 303.197109 0.000000 0.000000 0.000000 0.002277 -0.000632 -0.000630 0.000000 0.000000 0.000000 -0.000527 -0.000738 -0.001045 -1.090407 0.112217 0.111578 0.268166 -0.077742 -9.805025 
307.797349 0.033309 -0.233007 0.489751 1659.147510 1276.049442 303.196977 0.000000 0.000000 0.000000 -0.000620 0.002588 -0.001419 0.000000 0.000000 0.000000 -0.000530 -0.000749 -0.001042 -1.090185 0.111805 0.111472 0.268166 -0.077742 -9.805025 
307.898503 0.033204 -0.232978 0.489762 1659.146672 1276.048978 303.197356 0.000000 0.000000 0.000000 -0.000684 -0.001376 0.000545 0.000000 0.000000 0.000000 -0.000526 -0.000757 -0.001045 -1.089914 0.111878 0.110948 0.268166 -0.077742 -9.805025 
307.998676 0.033356 -0.232873 0.489814 1659.146893 1276.049994 303.197309 0.000000 0.000000 0.000000 -0.000707 0.002070 0.000668 0.000000 0.000000 0.000000 -0.000533 -0.000755 -0.001045 -1.090178 0.111583 0.111092 0.268166 -0.077742 -9.805025 
308.097035 0.033435 -0.233073 0.489989 1659.144710 1276.051915 303.196698 0.000000 0.000000 0.000000 -0.007119 0.008094 -0.001275 0.000000 0.000000 0.000000 -0.000545 -0.000754 -0.001045 -1.089802 0.110804 0.111392 0.268167 -0.077741 -9.805025 
308.198985 0.033378 -0.233004 0.489763 1659.146713 1276.053366 303.197112 0.000000 0.000000 0.000000 0.000943 0.011493 -0.000412 0.000000 0.000000 0.000000 -0.000542 -0.000745 -0.001040 -1.090735 0.111044 0.111182 0.268167 -0.077742 -9.805025 
308.298246 0.033322 -0.232943 0.489830 1659.146806 1276.050777 303.197309 0.000000 0.000000 0.000000 0.001325 -0.001309 0.000029 0.000000 0.000000 0.000000 -0.000527 -0.000760 -0.001047 -1.090147 0.112191 0.110855 0.268166 -0.077742 -9.805025 
308.398569 0.033331 -0.232951 0.489815 1659.147308 1276.050560 303.197928 0.000000 0.000000 0.000000 0.002889 -0.002940 0.000829 0.000000 0.000000 0.000000 -0.000525 -0.000762 -0.001046 -1.090354 0.112231 0.110350 0.268166 -0.077742 -9.805025 
308.498611 0.033338 -0.232929 0.489822 1659.148212 1276.050630 303.198131 0.000000 0.000000 0.000000 0.004308 0.000524 0.001499 0.000000 0.000000 0.000000 -0.000526 -0.000760 -0.001044 -1.090586 0.112253 0.110294 0.268166 -0.077742 -9.805025 
308.598621 0.033354 -0.233042 0.489757 1659.147722 1276.051700 303.198432 0.000000 0.000000 0.000000 0.001555 0.005119 0.002021 0.000000 0.000000 0.000000 -0.000533 -0.000758 -0.001039 -1.090499 0.111864 0.110085 0.268166 -0.077742 -9.805025 
308.698682 0.033306 -0.232996 0.489782 1659.147308 1276.049405 303.198274 0.000000 0.000000 0.000000 0.000755 -0.005575 0.000846 0.000000 0.000000 0.000000 -0.000523 -0.000773 -0.001042 -1.089804 0.112625 0.110211 0.268166 -0.077742 -9.805025 
308.798393 0.033294 -0.233045 0.489784 1659.148294 1276.049070 303.198329 0.000000 0.000000 0.000000 0.004480 -0.006074 0.000718 0.000000 0.000000 0.000000 -0.000519 -0.000769 -0.001041 -1.090109 0.112657 0.110262 0.268166 -0.077742 -9.805025 
308.897723 0.033392 -0.232968 0.489834 1659.147834 1276.047903 303.198228 0.000000 0.000000 0.000000 0.001216 -0.006745 0.001504 0.000000 0.000000 0.000000 -0.000518 -0.000781 -0.001040 -1.089729 0.112714 0.110300 0.268166 -0.077742 -9.805025 
309.000274 0.033381 -0.232965 0.489765 1659.147760 1276.048352 303.198350 0.000000 0.000000 0.000000 0.000284 -0.001764 -0.000338 0.000000 0.000000 0.000000 -0.000524 -0.000784 -0.001035 -1.089863 0.112384 0.110251 0.268166 -0.077742 -9.805025 
309.099550 0.033182 -0.232950 0.489821 1659.146520 1276.047223 303.198356 0.000000 0.000000 0.000000 -0.002432 -0.005891 0.000418 0.000000 0.000000 0.000000 -0.000518 -0.000798 -0.001038 -1.089352 0.112484 0.110042 0.268166 -0.077742 -9.805025 
309.200005 0.033391 -0.232987 0.489794 1659.148147 1276.048915 303.198356 0.000000 0.000000 0.000000 0.003515 0.000832 0.000402 0.000000 0.000000 0.000000 -0.000531 -0.000787 -0.001034 -1.090245 0.112041 0.110335 0.268166 -0.077742 -9.805025 
309.299122 0.033371 -0.233008 0.489899 1659.147642 1276.047706 303.198039 0.000000 0.000000 0.000000 0.000706 -0.002285 0.000230 0.000000 0.000000 0.000000 -0.000524 -0.000795 -0.001037 -1.089727 0.112329 0.110476 0.268166 -0.077742 -9.805025 
309.400069 0.033354 -0.233055 0.489852 1659.148299 1276.049485 303.197950 0.000000 0.000000 0.000000 0.003624 0.002572 0.000176 0.000000 0.000000 0.000000 -0.000531 -0.000791 -0.001034 -1.090228 0.111801 0.110641 0.268166 -0.077742 -9.805025 
309.500277 0.033465 -0.232940 0.489860 1659.147853 1276.050071 303.197295 0.000000 0.000000 0.000000 0.001994 0.002606 -0.001457 0.000000 0.000000 0.000000 -0.000537 -0.000795 -0.001033 -1.089953 0.111561 0.111064 0.268167 -0.077742 -9.805025 
309.599181 0.033455 -0.233055 0.489802 1659.147889 1276.050585 303.197184 0.000000 0.000000 0.000000 0.000124 0.006081 -0.001045 0.000000 0.000000 0.000000 -0.000534 -0.000794 -0.001030 -1.089955 0.111522 0.111001 0.268167 -0.077742 -9.805025 
309.699477 0.033333 -0.232968 0.489693 1659.146832 1276.050938 303.197303 0.000000 0.000000 0.000000 -0.001928 0.004552 -0.001009 0.000000 0.000000 0.000000 -0.000532 -0.000802 -0.001028 -1.089632 0.111451 0.110659 0.268167 -0.077742 -9.805025 
309.798739 0.033272 -0.232989 0.489877 1659.146806 1276.051555 303.197327 0.000000 0.000000 0.000000 -0.000557 0.003900 -0.000910 0.000000 0.000000 0.000000 -0.000530 -0.000804 -0.001034 -1.089732 0.111402 0.110539 0.268167 -0.077742 -9.805025 
309.900162 0.033286 -0.232907 0.489805 1659.146070 1276.048407 303.197386 0.000000 0.000000 0.000000 -0.002645 -0.005947 -0.000382 0.000000 0.000000 0.000000 -0.000524 -0.000815 -0.001033 -1.088953 0.112410 0.110244 0.268166 -0.077742 -9.805025 
309.999753 0.033351 -0.233065 0.489807 1659.146371 1276.050062 303.197456 0.000000 0.000000 0.000000 -0.001538 0.001505 -0.000523 0.000000 0.000000 0.000000 -0.000529 -0.000809 -0.001033 -1.089527 0.111832 0.110250 0.268166 -0.077742 -9.805025 
310.098389 0.033362 -0.233071 0.489745 1659.145889 1276.049836 303.197327 0.000000 0.000000 0.000000 -0.002204 -0.000511 0.000116 0.000000 0.000000 0.000000 -0.000526 -0.000808 -0.001029 -1.089365 0.111902 0.110261 0.268166 -0.077742 -9.805025 
310.199934 0.033334 -0.232977 0.489791 1659.146361 1276.049216 303.197341 0.000000 0.000000 0.000000 0.000844 -0.003017 0.000275 0.000000 0.000000 0.000000 -0.000519 -0.000811 -0.001033 -1.089455 0.112163 0.110293 0.268166 -0.077742 -9.805025 
310.299147 0.033299 -0.232904 0.489822 1659.145613 1276.049545 303.197562 0.000000 0.000000 0.000000 -0.003037 0.001122 -0.000139 0.000000 0.000000 0.000000 -0.000524 -0.000819 -0.001035 -1.089375 0.111886 0.110034 0.268166 -0.077742 -9.805025 
310.398952 0.033368 -0.233101 0.489798 1659.145574 1276.049077 303.197045 0.000000 0.000000 0.000000 -0.001905 -0.000730 0.000111 0.000000 0.000000 0.000000 -0.000526 -0.000818 -0.001035 -1.089286 0.112146 0.110413 0.268166 -0.077742 -9.805025 
310.500083 0.033150 -0.232993 0.489691 1659.145468 1276.048795 303.197221 0.000000 0.000000 0.000000 -0.000182 -0.003736 0.000150 0.000000 0.000000 0.000000 -0.000521 -0.000825 -0.001029 -1.089294 0.112170 0.110279 0.268166 -0.077742 -9.805025 
310.598475 0.033319 -0.232961 0.489815 1659.146238 1276.048510 303.196764 0.000000 0.000000 0.000000 0.001395 -0.001703 -0.000717 0.000000 0.000000 0.000000 -0.000526 -0.000825 -0.001030 -1.089475 0.112296 0.110664 0.268166 -0.077742 -9.805025 
310.698746 0.033384 -0.233001 0.489821 1659.144770 1276.048953 303.196650 0.000000 0.000000 0.000000 -0.002936 0.001390 -0.000557 0.000000 0.000000 0.000000 -0.000530 -0.000827 -0.001031 -1.089103 0.111912 0.110545 0.268166 -0.077741 -9.805025 
310.799136 0.033288 -0.232942 0.489720 1659.145744 1276.050140 303.197110 0.000000 0.000000 0.000000 0.001413 0.003334 -0.000164 0.000000 0.000000 0.000000 -0.000529 -0.000826 -0.001026 -1.089729 0.111760 0.110240 0.268166 -0.077742 -9.805025 
310.899979 0.033363 -0.232937 0.489868 1659.148177 1276.049664 303.197263 0.000000 0.000000 0.000000 0.008401 0.000405 0.000305 0.000000 0.000000 0.000000 -0.000527 -0.000823 -0.001034 -1.090276 0.112346 0.110240 0.268166 -0.077742 -9.805025 
310.999929 0.033349 -0.232985 0.489859 1659.148433 1276.049910 303.196986 0.000000 0.000000 0.000000 0.006941 0.001667 0.000159 0.000000 0.000000 0.000000 -0.000526 -0.000825 -0.001034 -1.090082 0.112211 0.110433 0.268166 -0.077742 -9.805025 
311.099216 0.033308 -0.232830 0.489810 1659.147876 1276.047767 303.197445 0.000000 0.000000 0.000000 0.002659 -0.003975 0.000997 0.000000 0.000000 0.000000 -0.000523 -0.000839 -0.001035 -1.089400 0.112779 0.109880 0.268166 -0.077742 -9.805025 
311.199846 0.033304 -0.232966 0.489792 1659.149287 1276.048052 303.197864 0.000000 0.000000 0.000000 0.007341 -0.003401 0.001537 0.000000 0.000000 0.000000 -0.000523 -0.000831 -0.001033 -1.089884 0.112717 0.109713 0.268166 -0.077742 -9.805025 
311.299838 0.033366 -0.233127 0.489826 1659.149620 1276.047919 303.197605 0.000000 0.000000 0.000000 0.007090 -0.003545 0.001617 0.000000 0.000000 0.000000 -0.000523 -0.000831 -0.001034 -1.089734 0.112572 0.110013 0.268166 -0.077742 -9.805025 
311.399939 0.033310 -0.233090 0.489802 1659.149980 1276.048106 303.197555 0.000000 0.000000 0.000000 0.005334 -0.000730 0.001160 0.000000 0.000000 0.000000 -0.000521 -0.000835 -0.001034 -1.089698 0.112389 0.110122 0.268166 -0.077742 -9.805025 
311.501574 0.033396 -0.233043 0.489902 1659.150623 1276.048824 303.197664 0.000000 0.000000 0.000000 0.005509 0.002090 0.001302 0.000000 0.000000 0.000000 -0.000528 -0.000836 -0.001034 -1.089861 0.112190 0.110141 0.268166 -0.077742 -9.805025 
311.600064 0.033389 -0.232882 0.489782 1659.151435 1276.049543 303.197812 0.000000 0.000000 0.000000 0.006792 0.002701 0.001986 0.000000 0.000000 0.000000 -0.000530 -0.000841 -0.001031 -1.090015 0.112069 0.110167 0.268166 -0.077742 -9.805025 
311.701294 0.033250 -0.233106 0.489845 1659.151426 1276.050820 303.198010 0.000000 0.000000 0.000000 0.005487 0.005124 0.001678 0.000000 0.000000 0.000000 -0.000522 -0.000837 -0.001035 -1.089995 0.111649 0.110087 0.268166 -0.077742 -9.805025 
311.801600 0.033388 -0.233063 0.489720 1659.149981 1276.051932 303.198241 0.000000 0.000000 0.000000 -0.000520 0.008410 0.001844 0.000000 0.000000 0.000000 -0.000528 -0.000840 -0.001029 -1.089538 0.111203 0.109853 0.268167 -0.077741 -9.805025 
311.899802 0.033302 -0.232985 0.489829 1659.150277 1276.050686 303.198226 0.000000 0.000000 0.000000 0.000367 0.002815 0.001731 0.000000 0.000000 0.000000 -0.000529 -0.000847 -0.001032 -1.089249 0.111949 0.109949 0.268166 -0.077741 -9.805025 
312.001227 0.033379 -0.233063 0.489872 1659.149324 1276.050893 303.198101 0.000000 0.000000 0.000000 -0.001787 0.001059 0.001291 0.000000 0.000000 0.000000 -0.000533 -0.000840 -0.001033 -1.088915 0.111817 0.110069 0.268166 -0.077741 -9.805025 
312.099822 0.033382 -0.233117 0.489785 1659.149316 1276.050055 303.197795 0.000000 0.000000 0.000000 -0.000940 -0.002576 0.001114 0.000000 0.000000 0.000000 -0.000532 -0.000839 -0.001031 -1.088744 0.112132 0.110382 0.268166 -0.077741 -9.805025 
312.200649 0.033474 -0.233036 0.489825 1659.149282 1276.049597 303.197681 0.000000 0.000000 0.000000 -0.001223 -0.001882 0.000748 0.000000 0.000000 0.000000 -0.000535 -0.000842 -0.001032 -1.088682 0.112226 0.110515 0.268166 -0.077741 -9.805025 
312.299740 0.033307 -0.232854 0.489809 1659.146551 1276.049997 303.197456 0.000000 0.000000 0.000000 -0.008850 -0.000776 0.000088 0.000000 0.000000 0.000000 -0.000528 -0.000850 -0.001035 -1.088025 0.111676 0.110499 0.268167 -0.077741 -9.805025 
312.400511 0.033216 -0.233031 0.489838 1659.146850 1276.049329 303.197728 0.000000 0.000000 0.000000 -0.004678 -0.002661 0.001422 0.000000 0.000000 0.000000 -0.000525 -0.000846 -0.001038 -1.088293 0.112056 0.110390 0.268166 -0.077741 -9.805025 
312.501114 0.033371 -0.232984 0.489744 1659.147668 1276.049650 303.197942 0.000000 0.000000 0.000000 -0.000505 -0.002698 0.000870 0.000000 0.000000 0.000000 -0.000528 -0.000848 -0.001037 -1.088784 0.112034 0.110408 0.268166 -0.077741 -9.805025 
312.599751 0.033363 -0.232879 0.489747 1659.149249 1276.049524 303.198014 0.000000 0.000000 0.000000 0.002778 -0.000997 0.000622 0.000000 0.000000 0.000000 -0.000528 -0.000853 -0.001036 -1.089294 0.112255 0.110549 0.268166 -0.077742 -9.805025 
312.702742 0.033325 -0.232920 0.489715 1659.148375 1276.050890 303.198481 0.000000 0.000000 0.000000 -0.001433 0.006046 0.001988 0.000000 0.000000 0.000000 -0.000528 -0.000857 -0.001034 -1.089235 0.111722 0.110170 0.268166 -0.077741 -9.805025 
312.802328 0.033237 -0.233024 0.489836 1659.147229 1276.049875 303.198682 0.000000 0.000000 0.000000 -0.003993 -0.001106 0.001277 0.000000 0.000000 0.000000 -0.000528 -0.000856 -0.001038 -1.088704 0.112030 0.110063 0.268166 -0.077741 -9.805025 
312.901257 0.033284 -0.233080 0.489894 1659.147344 1276.050306 303.198239 0.000000 0.000000 0.000000 -0.002682 -0.002080 0.000066 0.000000 0.000000 0.000000 -0.000526 -0.000855 -0.001039 -1.088858 0.111933 0.110513 0.268166 -0.077741 -9.805025 
313.002324 0.033247 -0.233057 0.489786 1659.149240 1276.050382 303.198021 0.000000 0.000000 0.000000 0.006897 0.002111 0.001493 0.000000 0.000000 0.000000 -0.000524 -0.000865 -0.001036 -1.089377 0.112134 0.110839 0.268166 -0.077741 -9.805025 
313.101021 0.033394 -0.233015 0.489720 1659.150244 1276.050987 303.197994 0.000000 0.000000 0.000000 0.004526 0.005399 0.000804 0.000000 0.000000 0.000000 -0.000529 -0.000868 -0.001035 -1.089517 0.112118 0.111020 0.268166 -0.077741 -9.805025 
313.202331 0.033354 -0.232996 0.489732 1659.150883 1276.050317 303.198096 0.000000 0.000000 0.000000 0.002504 -0.000154 -0.001058 0.000000 0.000000 0.000000 -0.000537 -0.000869 -0.001038 -1.089441 0.112527 0.110875 0.268166 -0.077742 -9.805025 
313.301137 0.033326 -0.233097 0.489820 1659.150916 1276.050290 303.197763 0.000000 0.000000 0.000000 0.006274 -0.001987 0.000747 0.000000 0.000000 0.000000 -0.000533 -0.000868 -0.001041 -1.089318 0.112452 0.111072 0.268166 -0.077741 -9.805025 
313.401237 0.033334 -0.232880 0.489759 1659.148843 1276.049025 303.197519 0.000000 0.000000 0.000000 0.000075 -0.003780 0.000143 0.000000 0.000000 0.000000 -0.000534 -0.000860 -0.001039 -1.088353 0.112428 0.111060 0.268166 -0.077741 -9.805025 
313.502678 0.033385 -0.232993 0.489857 1659.149959 1276.048048 303.196985 0.000000 0.000000 0.000000 -0.001233 -0.007078 -0.002509 0.000000 0.000000 0.000000 -0.000534 -0.000864 -0.001043 -1.088597 0.112723 0.111462 0.268166 -0.077741 -9.805025 
313.601572 0.033448 -0.232991 0.489822 1659.148975 1276.048219 303.196922 0.000000 0.000000 0.000000 -0.002062 -0.004049 -0.001572 0.000000 0.000000 0.000000 -0.000529 -0.000868 -0.001042 -1.088514 0.112388 0.111291 0.268166 -0.077741 -9.805025 
313.701400 0.033335 -0.233033 0.489806 1659.149930 1276.049929 303.197136 0.000000 0.000000 0.000000 0.003412 0.002842 -0.000413 0.000000 0.000000 0.000000 -0.000518 -0.000873 -0.001046 -1.089156 0.111933 0.111138 0.268166 -0.077741 -9.805025 
313.801520 0.033474 -0.232973 0.489759 1659.148547 1276.051078 303.197009 0.000000 0.000000 0.000000 -0.005470 0.006176 -0.002014 0.000000 0.000000 0.000000 -0.000518 -0.000870 -0.001040 -1.088891 0.111489 0.110997 0.268167 -0.077741 -9.805025 
313.902575 0.033345 -0.233089 0.489767 1659.147477 1276.052588 303.197020 0.000000 0.000000 0.000000 -0.005635 0.008538 -0.002403 0.000000 0.000000 0.000000 -0.000520 -0.000871 -0.001043 -1.088981 0.111265 0.110715 0.268167 -0.077741 -9.805025 
314.002719 0.033351 -0.233049 0.489937 1659.146384 1276.050632 303.196655 0.000000 0.000000 0.000000 -0.003936 -0.003888 -0.001803 0.000000 0.000000 0.000000 -0.000525 -0.000865 -0.001048 -1.088320 0.111920 0.110713 0.268167 -0.077741 -9.805025 
314.101497 0.033359 -0.233000 0.489830 1659.145882 1276.050835 303.196683 0.000000 0.000000 0.000000 -0.007015 -0.000934 -0.002131 0.000000 0.000000 0.000000 -0.000522 -0.000867 -0.001043 -1.088424 0.111767 0.110520 0.268167 -0.077741 -9.805025 
314.202702 0.033343 -0.232902 0.489765 1659.144089 1276.049424 303.196616 0.000000 0.000000 0.000000 -0.012060 -0.002492 -0.001914 0.000000 0.000000 0.000000 -0.000525 -0.000870 -0.001038 -1.088023 0.112087 0.110181 0.268166 -0.077741 -9.805025 
314.302378 0.033464 -0.233026 0.489755 1659.144793 1276.050636 303.196672 0.000000 0.000000 0.000000 -0.003895 0.001387 -0.001054 0.000000 0.000000 0.000000 -0.000528 -0.000874 -0.001037 -1.088786 0.111907 0.110220 0.268167 -0.077741 -9.805025 
314.401097 0.033251 -0.233007 0.489892 1659.145079 1276.050661 303.196743 0.000000 0.000000 0.000000 -0.001639 -0.000495 -0.000983 0.000000 0.000000 0.000000 -0.000521 -0.000876 -0.001044 -1.088963 0.112000 0.110109 0.268166 -0.077741 -9.805025 
314.502386 0.033464 -0.232968 0.489828 1659.144772 1276.050068 303.196649 0.000000 0.000000 0.000000 -0.005271 -0.000765 -0.002264 0.000000 0.000000 0.000000 -0.000526 -0.000879 -0.001037 -1.088908 0.112148 0.110017 0.268166 -0.077741 -9.805025 
314.601046 0.033306 -0.232839 0.489767 1659.145663 1276.049468 303.197027 0.000000 0.000000 0.000000 -0.001645 0.000460 -0.000134 0.000000 0.000000 0.000000 -0.000527 -0.000891 -0.001036 -1.089248 0.112530 0.109667 0.268166 -0.077741 -9.805025 
314.701524 0.033394 -0.232940 0.489797 1659.147301 1276.051263 303.197431 0.000000 0.000000 0.000000 0.005383 0.003698 0.001313 0.000000 0.000000 0.000000 -0.000529 -0.000897 -0.001038 -1.090045 0.112247 0.109551 0.268166 -0.077742 -9.805025 
314.801384 0.033360 -0.233039 0.489874 1659.148381 1276.051583 303.197474 0.000000 0.000000 0.000000 0.007120 0.001617 0.000622 0.000000 0.000000 0.000000 -0.000525 -0.000898 -0.001039 -1.090179 0.112308 0.109626 0.268166 -0.077742 -9.805025 
314.902656 0.033257 -0.232955 0.489742 1659.149549 1276.051021 303.198137 0.000000 0.000000 0.000000 0.007476 0.001492 0.001201 0.000000 0.000000 0.000000 -0.000520 -0.000905 -0.001036 -1.090248 0.112600 0.109117 0.268166 -0.077742 -9.805025 
315.002727 0.033382 -0.232966 0.489753 1659.150561 1276.049460 303.198595 0.000000 0.000000 0.000000 0.007657 -0.001073 0.002802 0.000000 0.000000 0.000000 -0.000530 -0.000901 -0.001033 -1.090024 0.113168 0.108876 0.268166 -0.077742 -9.805025 
315.101318 0.033365 -0.233051 0.489764 1659.151509 1276.050483 303.198332 0.000000 0.000000 0.000000 0.008524 0.000425 0.001920 0.000000 0.000000 0.000000 -0.000531 -0.000900 -0.001031 -1.090198 0.112888 0.109312 0.268166 -0.077742 -9.805025 
315.202448 0.033302 -0.233096 0.489832 1659.149365 1276.049866 303.197748 0.000000 0.000000 0.000000 -0.000308 -0.002822 0.000619 0.000000 0.000000 0.000000 -0.000523 -0.000894 -0.001037 -1.089164 0.112623 0.109603 0.268166 -0.077742 -9.805025 
315.302324 0.033269 -0.232993 0.489759 1659.147962 1276.049075 303.197761 0.000000 0.000000 0.000000 -0.003462 -0.001329 0.001504 0.000000 0.000000 0.000000 -0.000524 -0.000897 -0.001033 -1.088678 0.112604 0.109575 0.268166 -0.077741 -9.805025 
315.401460 0.033296 -0.232906 0.489779 1659.145225 1276.050953 303.197430 0.000000 0.000000 0.000000 -0.011757 0.003977 0.000667 0.000000 0.000000 0.000000 -0.000518 -0.000899 -0.001035 -1.088312 0.111744 0.109767 0.268167 -0.077741 -9.805025 
315.502805 0.033363 -0.233032 0.489753 1659.145112 1276.049914 303.197114 0.000000 0.000000 0.000000 -0.009020 -0.001874 -0.001058 0.000000 0.000000 0.000000 -0.000524 -0.000897 -0.001032 -1.088405 0.112353 0.110048 0.268166 -0.077741 -9.805025 
315.601580 0.033364 -0.233098 0.489865 1659.146882 1276.049918 303.197145 0.000000 0.000000 0.000000 0.000709 -0.001963 0.001030 0.000000 0.000000 0.000000 -0.000525 -0.000904 -0.001038 -1.089094 0.112628 0.110204 0.268166 -0.077742 -9.805025 
315.703087 0.033403 -0.232920 0.489739 1659.150001 1276.046603 303.197564 0.000000 0.000000 0.000000 0.007053 -0.009825 0.000821 0.000000 0.000000 0.000000 -0.000535 -0.000910 -0.001029 -1.089449 0.113925 0.110129 0.268166 -0.077742 -9.805025 
315.802004 0.033368 -0.233020 0.489886 1659.149584 1276.047947 303.197465 0.000000 0.000000 0.000000 0.002611 -0.002734 -0.000398 0.000000 0.000000 0.000000 -0.000528 -0.000909 -0.001034 -1.089536 0.113179 0.110164 0.268166 -0.077742 -9.805025 
315.901334 0.033435 -0.232952 0.489771 1659.147691 1276.049729 303.196941 0.000000 0.000000 0.000000 -0.001234 0.003032 -0.000715 0.000000 0.000000 0.000000 -0.000525 -0.000912 -0.001033 -1.089204 0.112296 0.110364 0.268166 -0.077742 -9.805025 
316.002480 0.033205 -0.233030 0.489848 1659.145764 1276.047802 303.196909 0.000000 0.000000 0.000000 -0.006395 -0.004875 -0.000948 0.000000 0.000000 0.000000 -0.000519 -0.000906 -0.001033 -1.088340 0.112689 0.110105 0.268166 -0.077741 -9.805025 
316.101195 0.033329 -0.232961 0.489800 1659.146625 1276.047507 303.197305 0.000000 0.000000 0.000000 -0.003569 -0.004410 -0.000185 0.000000 0.000000 0.000000 -0.000525 -0.000914 -0.001032 -1.088851 0.112849 0.109835 0.268166 -0.077742 -9.805025 
316.201478 0.033353 -0.233021 0.489803 1659.145894 1276.048916 303.197127 0.000000 0.000000 0.000000 -0.004196 0.002063 -0.000066 0.000000 0.000000 0.000000 -0.000521 -0.000916 -0.001034 -1.089027 0.112279 0.109945 0.268166 -0.077741 -9.805025 
316.302001 0.033298 -0.232880 0.489753 1659.147634 1276.049780 303.198030 0.000000 0.000000 0.000000 0.002560 0.003436 0.002157 0.000000 0.000000 0.000000 -0.000521 -0.000926 -0.001031 -1.089867 0.112379 0.109433 0.268166 -0.077742 -9.805025 
316.401368 0.033356 -0.232847 0.489817 1659.145017 1276.050055 303.197663 0.000000 0.000000 0.000000 -0.005584 0.001733 0.000106 0.000000 0.000000 0.000000 -0.000520 -0.000926 -0.001032 -1.088987 0.111972 0.109561 0.268166 -0.077741 -9.805025 
316.502641 0.033421 -0.233073 0.489776 1659.146302 1276.049696 303.197304 0.000000 0.000000 0.000000 -0.001070 0.001553 0.000261 0.000000 0.000000 0.000000 -0.000521 -0.000925 -0.001030 -1.089378 0.112481 0.110016 0.268166 -0.077741 -9.805025 
316.601424 0.033404 -0.233060 0.489810 1659.145843 1276.049819 303.197183 0.000000 0.000000 0.000000 -0.001831 0.002247 0.000997 0.000000 0.000000 0.000000 -0.000519 -0.000927 -0.001035 -1.089235 0.112450 0.110111 0.268166 -0.077741 -9.805025 
316.702777 0.033371 -0.233020 0.489848 1659.146630 1276.049210 303.197529 0.000000 0.000000 0.000000 -0.000507 -0.000391 0.000694 0.000000 0.000000 0.000000 -0.000523 -0.000932 -0.001037 -1.089434 0.112876 0.109928 0.268166 -0.077742 -9.805025 
316.802091 0.033386 -0.233076 0.489845 1659.146502 1276.049086 303.197343 0.000000 0.000000 0.000000 0.000056 -0.001684 0.000087 0.000000 0.000000 0.000000 -0.000526 -0.000932 -0.001036 -1.089373 0.112868 0.110112 0.268166 -0.077741 -9.805025 
316.901503 0.033292 -0.232877 0.489824 1659.146797 1276.048736 303.197328 0.000000 0.000000 0.000000 0.002334 -0.002839 0.000417 0.000000 0.000000 0.000000 -0.000524 -0.000941 -0.001037 -1.089403 0.112947 0.110144 0.268166 -0.077742 -9.805025 
317.002683 0.033257 -0.232954 0.489692 1659.146845 1276.048512 303.197037 0.000000 0.000000 0.000000 -0.000342 -0.001444 -0.000808 0.000000 0.000000 0.000000 -0.000518 -0.000939 -0.001033 -1.089326 0.112920 0.110357 0.268166 -0.077741 -9.805025 
317.101389 0.033368 -0.233024 0.489864 1659.148018 1276.047863 303.197369 0.000000 0.000000 0.000000 0.002788 -0.002416 0.000358 0.000000 0.000000 0.000000 -0.000526 -0.000937 -0.001037 -1.089621 0.113242 0.110111 0.268166 -0.077742 -9.805025 
317.202497 0.033298 -0.232930 0.489752 1659.147198 1276.047652 303.197448 0.000000 0.000000 0.000000 0.000086 -0.001639 0.000991 0.000000 0.000000 0.000000 -0.000528 -0.000940 -0.001034 -1.089304 0.113085 0.109993 0.268166 -0.077741 -9.805025 
317.302280 0.033297 -0.233003 0.489832 1659.146024 1276.049570 303.197073 0.000000 0.000000 0.000000 -0.002199 0.002855 -0.000913 0.000000 0.000000 0.000000 -0.000522 -0.000940 -0.001037 -1.089266 0.112309 0.110280 0.268166 -0.077741 -9.805025 
317.401458 0.033362 -0.232960 0.489754 1659.145754 1276.049361 303.196965 0.000000 0.000000 0.000000 -0.001992 0.000795 -0.000579 0.000000 0.000000 0.000000 -0.000520 -0.000942 -0.001035 -1.089180 0.112417 0.110270 0.268166 -0.077741 -9.805025 
317.502813 0.033264 -0.232920 0.489887 1659.147508 1276.047353 303.197591 0.000000 0.000000 0.000000 0.002065 -0.002819 -0.000018 0.000000 0.000000 0.000000 -0.000526 -0.000948 -0.001037 -1.089458 0.113337 0.109820 0.268166 -0.077742 -9.805025 
317.601706 0.033282 -0.232946 0.489747 1659.146617 1276.048907 303.197549 0.000000 0.000000 0.000000 -0.001149 0.002054 0.000148 0.000000 0.000000 0.000000 -0.000522 -0.000949 -0.001033 -1.089462 0.112683 0.109788 0.268166 -0.077741 -9.805025 
317.702144 0.033339 -0.233016 0.489820 1659.146753 1276.047834 303.197275 0.000000 0.000000 0.000000 0.000364 -0.002309 -0.000113 0.000000 0.000000 0.000000 -0.000529 -0.000948 -0.001035 -1.089269 0.113086 0.109992 0.268166 -0.077741 -9.805025 
317.801653 0.033234 -0.232963 0.489844 1659.145519 1276.048634 303.197481 0.000000 0.000000 0.000000 -0.003176 0.000906 0.000890 0.000000 0.000000 0.000000 -0.000520 -0.000950 -0.001036 -1.089124 0.112624 0.109724 0.268166 -0.077741 -9.805025 
317.901961 0.033433 -0.233066 0.489845 1659.145759 1276.049252 303.197218 0.000000 0.000000 0.000000 -0.001324 0.001892 0.000286 0.000000 0.000000 0.000000 -0.000528 -0.000948 -0.001036 -1.089316 0.112558 0.110037 0.268166 -0.077741 -9.805025 
318.002909 0.033347 -0.233160 0.489890 1659.145393 1276.049303 303.196793 0.000000 0.000000 0.000000 -0.002264 0.002174 -0.000711 0.000000 0.000000 0.000000 -0.000527 -0.000945 -0.001041 -1.089150 0.112603 0.110348 0.268166 -0.077741 -9.805025 
318.101661 0.033292 -0.232927 0.489718 1659.147224 1276.049915 303.197410 0.000000 0.000000 0.000000 0.002904 0.003696 0.000764 0.000000 0.000000 0.000000 -0.000528 -0.000961 -0.001033 -1.089876 0.112775 0.109996 0.268166 -0.077741 -9.805025 
318.202890 0.033240 -0.232922 0.489797 1659.147102 1276.049049 303.197397 0.000000 0.000000 0.000000 0.002149 -0.001051 0.000521 0.000000 0.000000 0.000000 -0.000530 -0.000961 -0.001036 -1.089531 0.113078 0.109947 0.268166 -0.077741 -9.805025 
318.303989 0.033299 -0.233089 0.489762 1659.148737 1276.049150 303.197317 0.000000 0.000000 0.000000 0.007193 0.000023 0.000264 0.000000 0.000000 0.000000 -0.000532 -0.000960 -0.001036 -1.089888 0.113203 0.110193 0.268166 -0.077741 -9.805025 
318.402941 0.033307 -0.232975 0.489663 1659.150101 1276.048914 303.197881 0.000000 0.000000 0.000000 0.008067 -0.000640 0.001460 0.000000 0.000000 0.000000 -0.000537 -0.000966 -0.001032 -1.090088 0.113349 0.109825 0.268166 -0.077741 -9.805025 
318.504065 0.033419 -0.232938 0.489766 1659.148239 1276.047971 303.197380 0.000000 0.000000 0.000000 0.000375 -0.003961 -0.000455 0.000000 0.000000 0.000000 -0.000541 -0.000969 -0.001032 -1.089148 0.113221 0.110056 0.268166 -0.077741 -9.805025 
318.602913 0.033193 -0.233028 0.489845 1659.146871 1276.047792 303.197104 0.000000 0.000000 0.000000 -0.002643 -0.002762 -0.000454 0.000000 0.000000 0.000000 -0.000532 -0.000972 -0.001033 -1.088760 0.112961 0.110115 0.268166 -0.077741 -9.805025 
318.704162 0.033301 -0.233077 0.489788 1659.144784 1276.047904 303.196463 0.000000 0.000000 0.000000 -0.008338 -0.001860 -0.001371 0.000000 0.000000 0.000000 -0.000539 -0.000975 -0.001031 -1.088268 0.112612 0.110449 0.268166 -0.077741 -9.805025 
318.803522 0.033292 -0.232984 0.489700 1659.145341 1276.047660 303.196298 0.000000 0.000000 0.000000 -0.003775 -0.001078 -0.001690 0.000000 0.000000 0.000000 -0.000538 -0.000973 -0.001028 -1.088645 0.112834 0.110553 0.268166 -0.077741 -9.805025 
318.902904 0.033162 -0.233115 0.489838 1659.144369 1276.049022 303.196075 0.000000 0.000000 0.000000 -0.004996 0.003340 -0.001946 0.000000 0.000000 0.000000 -0.000534 -0.000971 -0.001031 -1.088722 0.112329 0.110572 0.268166 -0.077741 -9.805025 
319.004188 0.033278 -0.232997 0.489729 1659.144929 1276.048898 303.196191 0.000000 0.000000 0.000000 -0.003481 0.001735 -0.002289 0.000000 0.000000 0.000000 -0.000535 -0.000973 -0.001026 -1.089009 0.112616 0.110370 0.268166 -0.077741 -9.805025 
319.103459 0.033313 -0.232989 0.489771 1659.144707 1276.050632 303.196327 0.000000 0.000000 0.000000 -0.002842 0.007991 -0.001312 0.000000 0.000000 0.000000 -0.000541 -0.000976 -0.001028 -1.089343 0.112217 0.110124 0.268166 -0.077741 -9.805025 
319.204250 0.033239 -0.233047 0.489772 1659.144996 1276.050780 303.196362 0.000000 0.000000 0.000000 -0.000527 0.005648 -0.002579 0.000000 0.000000 0.000000 -0.000540 -0.000977 -0.001027 -1.089403 0.112502 0.109973 0.268166 -0.077741 -9.805025 
319.303341 0.033381 -0.233042 0.489803 1659.146760 1276.048941 303.196157 0.000000 0.000000 0.000000 0.011340 -0.000717 -0.008224 0.000000 0.000000 0.000000 -0.000534 -0.000986 -0.001029 -1.089479 0.113422 0.109767 0.268166 -0.077741 -9.805025 
319.404280 0.033292 -0.233434 0.489698 1659.146528 1276.048599 303.194725 0.000000 0.000000 0.000000 0.022203 0.007832 -0.016124 0.000000 0.000000 0.000000 -0.000525 -0.001005 -0.001027 -1.088777 0.113328 0.109654 0.268166 -0.077741 -9.805025 
319.504145 0.033566 -0.233706 0.489774 1659.147392 1276.049150 303.193554 0.000000 0.000000 0.000000 0.038829 0.019994 -0.006754 0.000000 0.000000 0.000000 -0.000530 -0.001033 -0.001031 -1.087940 0.113231 0.109149 0.268166 -0.077741 -9.805025 
319.602695 0.033575 -0.234251 0.489833 1659.154259 1276.053347 303.195142 0.000000 0.000000 0.000000 0.070221 0.043037 0.018388 0.000000 0.000000 0.000000 -0.000531 -0.001028 -0.001030 -1.088694 0.113080 0.108339 0.268166 -0.077741 -9.805025 
319.703618 0.033534 -0.234262 0.489810 1659.160099 1276.055316 303.198112 0.000000 0.000000 0.000000 0.089074 0.048038 0.042258 0.000000 0.000000 0.000000 -0.000527 -0.001040 -0.001032 -1.087238 0.113643 0.108230 0.268165 -0.077741 -9.805025 
319.795693 0.033398 -0.234203 0.489801 1659.166513 1276.059705 303.201651 0.000000 0.000000 0.000000 0.105036 0.056922 0.053989 0.000000 0.000000 0.000000 -0.000531 -0.001041 -0.001034 -1.085981 0.113445 0.108838 0.268166 -0.077742 -9.805025 
319.894950 0.033177 -0.233857 0.489958 1659.178768 1276.067910 303.207116 0.000000 0.000000 0.000000 0.132415 0.074580 0.056167 0.000000 0.000000 0.000000 -0.000534 -0.001039 -0.001037 -1.085992 0.113006 0.109226 0.268167 -0.077743 -9.805025 
319.996177 0.033180 -0.233609 0.489865 1659.194708 1276.074822 303.212196 0.000000 0.000000 0.000000 0.157472 0.080781 0.053931 0.000000 0.000000 0.000000 -0.000532 -0.001043 -0.001036 -1.085706 0.113572 0.109820 0.268166 -0.077746 -9.805025 
320.095304 0.033137 -0.233739 0.489873 1659.211585 1276.083448 303.217859 0.000000 0.000000 0.000000 0.178573 0.094600 0.057957 0.000000 0.000000 0.000000 -0.000529 -0.001054 -0.001034 -1.085236 0.113653 0.109860 0.268166 -0.077747 -9.805025 
320.195159 0.032906 -0.233793 0.489891 1659.229456 1276.093254 303.224150 0.000000 0.000000 0.000000 0.200269 0.108192 0.067099 0.000000 0.000000 0.000000 -0.000523 -0.001068 -0.001038 -1.084229 0.113639 0.109923 0.268166 -0.077747 -9.805025 
320.296277 0.032757 -0.233752 0.489805 1659.252247 1276.102501 303.232145 0.000000 0.000000 0.000000 0.233375 0.116145 0.075849 0.000000 0.000000 0.000000 -0.000509 -0.001083 -0.001035 -1.083968 0.114533 0.109503 0.268163 -0.077746 -9.805026 
320.395330 0.032650 -0.234151 0.489763 1659.278975 1276.113568 303.239826 0.000000 0.000000 0.000000 0.276798 0.130113 0.084707 0.000000 0.000000 0.000000 -0.000491 -0.001085 -0.001039 -1.083192 0.115208 0.110053 0.268162 -0.077751 -9.805025 
320.496794 0.032839 -0.234555 0.489904 1659.309951 1276.127869 303.248241 0.000000 0.000000 0.000000 0.328781 0.156008 0.096326 0.000000 0.000000 0.000000 -0.000491 -0.001095 -0.001042 -1.082450 0.115357 0.110683 0.268162 -0.077756 -9.805025 
320.595590 0.033148 -0.234904 0.489832 1659.346800 1276.147215 303.257582 0.000000 0.000000 0.000000 0.384834 0.191933 0.116846 0.000000 0.000000 0.000000 -0.000507 -0.001091 -0.001034 -1.081518 0.114942 0.112084 0.268165 -0.077767 -9.805025 
320.696759 0.032955 -0.235008 0.489985 1659.388683 1276.167782 303.269837 0.000000 0.000000 0.000000 0.441551 0.220389 0.139592 0.000000 0.000000 0.000000 -0.000497 -0.001101 -0.001042 -1.080307 0.115115 0.112873 0.268165 -0.077775 -9.805025 
320.796635 0.032979 -0.235122 0.490016 1659.436932 1276.196985 303.284677 0.000000 0.000000 0.000000 0.501053 0.267571 0.157092 0.000000 0.000000 0.000000 -0.000530 -0.001081 -0.001027 -1.080353 0.113711 0.113418 0.268172 -0.077778 -9.805025 
320.895476 0.032877 -0.234987 0.490045 1659.490207 1276.227363 303.301270 0.000000 0.000000 0.000000 0.553853 0.304239 0.171602 0.000000 0.000000 0.000000 -0.000538 -0.001098 -0.001022 -1.079077 0.113288 0.113874 0.268175 -0.077784 -9.805025 
320.996375 0.032723 -0.234853 0.490332 1659.552595 1276.259359 303.320263 0.000000 0.000000 0.000000 0.616450 0.330200 0.188486 0.000000 0.000000 0.000000 -0.000520 -0.001105 -0.001038 -1.079079 0.113910 0.113891 0.268172 -0.077785 -9.805025 
321.095603 0.032841 -0.234715 0.490128 1659.623342 1276.294829 303.340952 0.000000 0.000000 0.000000 0.680144 0.358278 0.206143 0.000000 0.000000 0.000000 -0.000508 -0.001100 -0.001037 -1.079504 0.114534 0.114081 0.268169 -0.077788 -9.805025 
321.195592 0.032906 -0.234748 0.490008 1659.696246 1276.332022 303.362117 0.000000 0.000000 0.000000 0.730952 0.384926 0.223409 0.000000 0.000000 0.000000 -0.000501 -0.001114 -0.001040 -1.077422 0.114996 0.115060 0.268168 -0.077806 -9.805025 
321.295154 0.033067 -0.235155 0.489981 1659.776716 1276.373313 303.385575 0.000000 0.000000 0.000000 0.788936 0.414327 0.234043 0.000000 0.000000 0.000000 -0.000501 -0.001104 -0.001047 -1.076394 0.115445 0.115719 0.268166 -0.077817 -9.805025 
321.395164 0.032770 -0.235638 0.490026 1659.857635 1276.420305 303.409937 0.000000 0.000000 0.000000 0.839449 0.446477 0.246049 0.000000 0.000000 0.000000 -0.000520 -0.001131 -0.001038 -1.073916 0.114291 0.116204 0.268175 -0.077826 -9.805025 
321.496415 0.032891 -0.235942 0.489889 1659.945465 1276.464647 303.436175 0.000000 0.000000 0.000000 0.897841 0.459149 0.264905 0.000000 0.000000 0.000000 -0.000499 -0.001174 -0.001034 -1.071764 0.114895 0.116269 0.268173 -0.077833 -9.805025 
321.595321 0.033186 -0.235907 0.489706 1660.041796 1276.509349 303.466017 0.000000 0.000000 0.000000 0.959013 0.479818 0.288738 0.000000 0.000000 0.000000 -0.000456 -0.001226 -0.001046 -1.070350 0.116226 0.115677 0.268164 -0.077832 -9.805025 
321.695491 0.033727 -0.236306 0.489729 1660.140206 1276.563101 303.496961 0.000000 0.000000 0.000000 1.008552 0.529076 0.309649 0.000000 0.000000 0.000000 -0.000486 -0.001252 -0.001039 -1.067893 0.115252 0.115886 0.268171 -0.077837 -9.805025 
321.795335 0.033718 -0.236916 0.489698 1660.250047 1276.620648 303.531208 0.000000 0.000000 0.000000 1.075627 0.575671 0.326263 0.000000 0.000000 0.000000 -0.000486 -0.001264 -0.001043 -1.067757 0.115507 0.115468 0.268169 -0.077833 -9.805025 
321.895411 0.033526 -0.237957 0.489539 1660.363185 1276.681342 303.567734 0.000000 0.000000 0.000000 1.147579 0.600743 0.346961 0.000000 0.000000 0.000000 -0.000488 -0.001314 -0.001041 -1.066551 0.115420 0.114385 0.268167 -0.077822 -9.805025 
321.996218 0.034387 -0.238975 0.489557 1660.484970 1276.746219 303.603464 0.000000 0.000000 0.000000 1.236993 0.636622 0.371980 0.000000 0.000000 0.000000 -0.000479 -0.001338 -0.001042 -1.063869 0.114962 0.115587 0.268176 -0.077838 -9.805024 
322.096704 0.035395 -0.239781 0.489341 1660.621218 1276.814785 303.643422 0.000000 0.000000 0.000000 1.342758 0.685062 0.406436 0.000000 0.000000 0.000000 -0.000458 -0.001332 -0.001040 -1.063590 0.115326 0.116153 0.268176 -0.077845 -9.805024 
322.195268 0.036857 -0.240740 0.489615 1660.770433 1276.890449 303.687153 0.000000 0.000000 0.000000 1.442527 0.760552 0.438869 0.000000 0.000000 0.000000 -0.000452 -0.001292 -0.001053 -1.062894 0.115802 0.117085 0.268177 -0.077856 -9.805024 
322.296118 0.036461 -0.240674 0.489580 1660.922689 1276.971650 303.735127 0.000000 0.000000 0.000000 1.523312 0.839163 0.468797 0.000000 0.000000 0.000000 -0.000483 -0.001326 -0.001060 -1.060968 0.116138 0.116712 0.268175 -0.077854 -9.805024 
322.394886 0.034904 -0.240260 0.489425 1661.085616 1277.064164 303.787440 0.000000 0.000000 0.000000 1.609074 0.904492 0.501098 0.000000 0.000000 0.000000 -0.000515 -0.001361 -0.001060 -1.059890 0.115695 0.116073 0.268178 -0.077845 -9.805024 
322.496173 0.032303 -0.240269 0.489048 1661.258667 1277.159720 303.842352 0.000000 0.000000 0.000000 1.710366 0.952422 0.535671 0.000000 0.000000 0.000000 -0.000515 -0.001370 -0.001067 -1.058979 0.116119 0.115779 0.268174 -0.077843 -9.805024 
322.595088 0.030190 -0.240135 0.488649 1661.444587 1277.263422 303.899300 0.000000 0.000000 0.000000 1.816994 0.985551 0.557549 0.000000 0.000000 0.000000 -0.000520 -0.001372 -0.001051 -1.057077 0.115973 0.116714 0.268190 -0.077858 -9.805024 
322.695195 0.029053 -0.240209 0.488601 1661.644732 1277.369449 303.957002 0.000000 0.000000 0.000000 1.928395 1.019579 0.571290 0.000000 0.000000 0.000000 -0.000483 -0.001358 -0.001055 -1.055330 0.116430 0.118379 0.268208 -0.077887 -9.805023 
322.796193 0.029313 -0.240610 0.488302 1661.849570 1277.475067 304.016104 0.000000 0.000000 0.000000 2.021248 1.054045 0.590748 0.000000 0.000000 0.000000 -0.000466 -0.001376 -0.001063 -1.051655 0.117208 0.119598 0.268222 -0.077911 -9.805023 
322.895079 0.029941 -0.241267 0.488194 1662.070835 1277.589315 304.079300 0.000000 0.000000 0.000000 2.117506 1.100627 0.630418 0.000000 0.000000 0.000000 -0.000451 -0.001367 -0.001065 -1.050475 0.117455 0.120751 0.268237 -0.077928 -9.805022 
322.996313 0.030264 -0.241825 0.488111 1662.296975 1277.704767 304.148393 0.000000 0.000000 0.000000 2.214209 1.154750 0.692632 0.000000 0.000000 0.000000 -0.000441 -0.001381 -0.001074 -1.049041 0.118244 0.120675 0.268231 -0.077931 -9.805022 
323.095400 0.029964 -0.241356 0.488158 1662.534888 1277.828963 304.223661 0.000000 0.000000 0.000000 2.310102 1.204410 0.749697 0.000000 0.000000 0.000000 -0.000440 -0.001363 -0.001080 -1.046754 0.118350 0.121496 0.268246 -0.077944 -9.805022 
323.196166 0.030316 -0.240104 0.488140 1662.783204 1277.957671 304.300500 0.000000 0.000000 0.000000 2.432100 1.236614 0.783068 0.000000 0.000000 0.000000 -0.000427 -0.001331 -0.001085 -1.043228 0.118183 0.124116 0.268291 -0.077986 -9.805020 
323.296563 0.030876 -0.238478 0.488331 1663.038764 1278.086664 304.381387 0.000000 0.000000 0.000000 2.519663 1.270079 0.794214 0.000000 0.000000 0.000000 -0.000411 -0.001350 -0.001089 -1.039498 0.118202 0.125519 0.268316 -0.078010 -9.805019 
323.395771 0.032166 -0.237184 0.488165 1663.309462 1278.227885 304.463305 0.000000 0.000000 0.000000 2.613716 1.374193 0.776569 0.000000 0.000000 0.000000 -0.000420 -0.001339 -0.001082 -1.037852 0.117428 0.127012 0.268345 -0.078032 -9.805018 
323.497290 0.032552 -0.237576 0.487961 1663.582502 1278.373718 304.544710 0.000000 0.000000 0.000000 2.687650 1.437526 0.743048 0.000000 0.000000 0.000000 -0.000476 -0.001390 -0.001082 -1.037724 0.117222 0.125422 0.268329 -0.078008 -9.805019 
323.595420 0.032168 -0.239475 0.487291 1663.869703 1278.526172 304.628564 0.000000 0.000000 0.000000 2.780874 1.477344 0.760351 0.000000 0.000000 0.000000 -0.000480 -0.001469 -0.001085 -1.039176 0.117900 0.121834 0.268277 -0.077960 -9.805021 
323.697273 0.031048 -0.241852 0.487012 1664.161282 1278.679377 304.713209 0.000000 0.000000 0.000000 2.882824 1.522248 0.824132 0.000000 0.000000 0.000000 -0.000471 -0.001533 -0.001093 -1.039009 0.118439 0.119673 0.268244 -0.077936 -9.805022 
323.797059 0.030595 -0.243616 0.486490 1664.470586 1278.838540 304.805770 0.000000 0.000000 0.000000 3.010027 1.565160 0.931152 0.000000 0.000000 0.000000 -0.000440 -0.001512 -0.001093 -1.039621 0.119358 0.118777 0.268221 -0.077930 -9.805022 
323.896112 0.029935 -0.243735 0.486641 1664.801711 1279.011943 304.907948 0.000000 0.000000 0.000000 3.147507 1.644224 0.999398 0.000000 0.000000 0.000000 -0.000449 -0.001422 -0.001103 -1.042856 0.119135 0.118814 0.268217 -0.077930 -9.805023 
323.997060 0.030169 -0.242663 0.486365 1665.141253 1279.188949 305.012717 0.000000 0.000000 0.000000 3.271294 1.684844 1.032637 0.000000 0.000000 0.000000 -0.000454 -0.001339 -0.001090 -1.043721 0.118850 0.120416 0.268235 -0.077951 -9.805022 
324.095671 0.030371 -0.241087 0.486191 1665.499015 1279.369808 305.121544 0.000000 0.000000 0.000000 3.375566 1.730887 1.016241 0.000000 0.000000 0.000000 -0.000420 -0.001313 -0.001100 -1.045598 0.119662 0.120784 0.268228 -0.077960 -9.805022 
324.197171 0.031367 -0.241177 0.486191 1665.850872 1279.552824 305.226802 0.000000 0.000000 0.000000 3.455623 1.778357 1.005064 0.000000 0.000000 0.000000 -0.000438 -0.001356 -0.001100 -1.043720 0.119016 0.120894 0.268237 -0.077958 -9.805022 
324.297135 0.031982 -0.242009 0.486296 1666.214310 1279.740518 305.334782 0.000000 0.000000 0.000000 3.545727 1.827005 1.032335 0.000000 0.000000 0.000000 -0.000439 -0.001391 -0.001098 -1.043860 0.119114 0.118938 0.268217 -0.077942 -9.805022 
324.396977 0.031999 -0.242629 0.486196 1666.590319 1279.934105 305.447765 0.000000 0.000000 0.000000 3.631433 1.893481 1.080679 0.000000 0.000000 0.000000 -0.000433 -0.001385 -0.001099 -1.044519 0.119521 0.117190 0.268195 -0.077932 -9.805023 
324.496961 0.032099 -0.242279 0.485586 1666.974045 1280.132931 305.565794 0.000000 0.000000 0.000000 3.710723 1.952171 1.129258 0.000000 0.000000 0.000000 -0.000441 -0.001397 -0.001106 -1.044884 0.120197 0.115066 0.268167 -0.077921 -9.805024 
324.595208 0.030353 -0.241513 0.484975 1667.377727 1280.345806 305.690358 0.000000 0.000000 0.000000 3.814492 1.994369 1.166347 0.000000 0.000000 0.000000 -0.000448 -0.001391 -0.001096 -1.047556 0.119989 0.112968 0.268146 -0.077912 -9.805025 
324.698533 0.030127 -0.241424 0.485097 1667.771125 1280.551387 305.811877 0.000000 0.000000 0.000000 3.901778 2.013302 1.202019 0.000000 0.000000 0.000000 -0.000444 -0.001398 -0.001104 -1.045620 0.119582 0.113052 0.268152 -0.077905 -9.805025 
324.798196 0.030113 -0.240234 0.484953 1668.183223 1280.760700 305.937287 0.000000 0.000000 0.000000 4.001184 2.051913 1.231887 0.000000 0.000000 0.000000 -0.000413 -0.001382 -0.001113 -1.046462 0.120306 0.113704 0.268151 -0.077913 -9.805025 
324.899137 0.030357 -0.238924 0.484690 1668.594600 1280.973128 306.065338 0.000000 0.000000 0.000000 4.076066 2.107713 1.248960 0.000000 0.000000 0.000000 -0.000418 -0.001403 -0.001112 -1.045580 0.120232 0.112758 0.268144 -0.077906 -9.805025 
325.000660 0.030018 -0.238373 0.484644 1669.006639 1281.192491 306.192674 0.000000 0.000000 0.000000 4.134169 2.167980 1.246316 0.000000 0.000000 0.000000 -0.000458 -0.001411 -0.001109 -1.045628 0.118888 0.111575 0.268148 -0.077899 -9.805025 
325.098598 0.028839 -0.238460 0.484201 1669.446366 1281.426072 306.325793 0.000000 0.000000 0.000000 4.233172 2.244985 1.264744 0.000000 0.000000 0.000000 -0.000492 -0.001403 -0.001101 -1.050392 0.118353 0.108660 0.268133 -0.077911 -9.805025 
325.200010 0.027515 -0.239849 0.483582 1669.889292 1281.657274 306.459177 0.000000 0.000000 0.000000 4.345277 2.271596 1.295827 0.000000 0.000000 0.000000 -0.000495 -0.001386 -0.001097 -1.053831 0.119318 0.105895 0.268106 -0.077929 -9.805026 
325.299982 0.026677 -0.241617 0.483061 1670.341931 1281.893750 306.594683 0.000000 0.000000 0.000000 4.459092 2.305571 1.339510 0.000000 0.000000 0.000000 -0.000459 -0.001352 -0.001085 -1.056442 0.118913 0.104924 0.268105 -0.077941 -9.805026 
325.399733 0.027559 -0.242236 0.483137 1670.809445 1282.135572 306.735363 0.000000 0.000000 0.000000 4.581337 2.361650 1.370847 0.000000 0.000000 0.000000 -0.000443 -0.001307 -0.001095 -1.059809 0.118741 0.103543 0.268104 -0.077961 -9.805025 
325.499564 0.028332 -0.241790 0.483222 1671.285165 1282.380986 306.879085 0.000000 0.000000 0.000000 4.658356 2.409554 1.395784 0.000000 0.000000 0.000000 -0.000447 -0.001296 -0.001101 -1.061630 0.118930 0.101678 0.268098 -0.077974 -9.805025 
325.598534 0.028790 -0.241778 0.483128 1671.776069 1282.633144 307.028815 0.000000 0.000000 0.000000 4.725525 2.477818 1.426847 0.000000 0.000000 0.000000 -0.000445 -0.001306 -0.001109 -1.064220 0.120022 0.098954 0.268085 -0.077996 -9.805026 
325.699919 0.028211 -0.243384 0.482445 1672.261668 1282.884625 307.179100 0.000000 0.000000 0.000000 4.798853 2.540617 1.475447 0.000000 0.000000 0.000000 -0.000510 -0.001301 -0.001116 -1.064456 0.121608 0.096721 0.268063 -0.078005 -9.805026 
325.800025 0.025702 -0.244565 0.481318 1672.759275 1283.139806 307.335819 0.000000 0.000000 0.000000 4.912646 2.526512 1.520221 0.000000 0.000000 0.000000 -0.000488 -0.001285 -0.001103 -1.065735 0.123291 0.093367 0.268030 -0.078020 -9.805027 
325.900377 0.023816 -0.245157 0.481363 1673.263581 1283.401201 307.492388 0.000000 0.000000 0.000000 5.008625 2.551741 1.520654 0.000000 0.000000 0.000000 -0.000443 -0.001287 -0.001109 -1.067210 0.122562 0.091622 0.268025 -0.078027 -9.805027 
326.000456 0.023894 -0.245893 0.481307 1673.781089 1283.666218 307.649762 0.000000 0.000000 0.000000 5.122829 2.582428 1.565974 0.000000 0.000000 0.000000 -0.000415 -0.001280 -0.001098 -1.069928 0.122070 0.090447 0.268025 -0.078042 -9.805027 
326.099098 0.025741 -0.245573 0.482062 1674.315505 1283.940496 307.813914 0.000000 0.000000 0.000000 5.202962 2.655778 1.624524 0.000000 0.000000 0.000000 -0.000404 -0.001243 -0.001100 -1.072663 0.121130 0.090478 0.268039 -0.078056 -9.805026 
326.200439 0.026257 -0.244388 0.482751 1674.841498 1284.211462 307.979810 0.000000 0.000000 0.000000 5.261716 2.709780 1.659925 0.000000 0.000000 0.000000 -0.000442 -0.001227 -0.001089 -1.071343 0.120764 0.090350 0.268039 -0.078047 -9.805026 
326.300225 0.026052 -0.242203 0.483828 1675.376977 1284.487708 308.150482 0.000000 0.000000 0.000000 5.329020 2.767340 1.682868 0.000000 0.000000 0.000000 -0.000434 -0.001219 -0.001092 -1.070470 0.121053 0.089519 0.268029 -0.078040 -9.805027 
326.400665 0.025043 -0.240123 0.484424 1675.917492 1284.770228 308.321554 0.000000 0.000000 0.000000 5.383494 2.819622 1.689804 0.000000 0.000000 0.000000 -0.000460 -0.001226 -0.001096 -1.070588 0.121240 0.089070 0.268024 -0.078039 -9.805027 
326.500477 0.024304 -0.239071 0.484789 1676.469245 1285.055681 308.493253 0.000000 0.000000 0.000000 5.462197 2.839721 1.699472 0.000000 0.000000 0.000000 -0.000460 -0.001249 -0.001089 -1.071714 0.122186 0.088803 0.268014 -0.078045 -9.805027 
326.598839 0.023420 -0.239201 0.485636 1677.039434 1285.353073 308.669501 0.000000 0.000000 0.000000 5.549805 2.870532 1.710758 0.000000 0.000000 0.000000 -0.000438 -0.001256 -0.001089 -1.073733 0.121984 0.088482 0.268011 -0.078049 -9.805027 
326.700139 0.024856 -0.240274 0.486459 1677.600049 1285.647635 308.838721 0.000000 0.000000 0.000000 5.601658 2.907576 1.698746 0.000000 0.000000 0.000000 -0.000452 -0.001254 -0.001090 -1.071886 0.120378 0.091576 0.268051 -0.078057 -9.805026 
326.799463 0.025503 -0.241807 0.487022 1678.176508 1285.949280 309.011839 0.000000 0.000000 0.000000 5.675318 2.943431 1.723546 0.000000 0.000000 0.000000 -0.000429 -0.001262 -0.001082 -1.072378 0.119618 0.092969 0.268068 -0.078063 -9.805026 
326.900649 0.027387 -0.243056 0.487644 1678.749374 1286.251006 309.184945 0.000000 0.000000 0.000000 5.735555 3.014834 1.779054 0.000000 0.000000 0.000000 -0.000435 -0.001231 -0.001084 -1.071231 0.118301 0.095952 0.268099 -0.078071 -9.805025 
327.000414 0.027171 -0.242808 0.487974 1679.334000 1286.557294 309.364911 0.000000 0.000000 0.000000 5.790090 3.080798 1.818598 0.000000 0.000000 0.000000 -0.000481 -0.001217 -0.001103 -1.071146 0.119474 0.097665 0.268106 -0.078084 -9.805024 
327.100101 0.025522 -0.241852 0.487504 1679.927937 1286.871013 309.551695 0.000000 0.000000 0.000000 5.856123 3.120513 1.856182 0.000000 0.000000 0.000000 -0.000513 -0.001216 -0.001090 -1.071628 0.120206 0.097769 0.268103 -0.078087 -9.805024 
327.200332 0.022970 -0.241095 0.487461 1680.526077 1287.187196 309.737683 0.000000 0.000000 0.000000 5.952350 3.115754 1.884966 0.000000 0.000000 0.000000 -0.000463 -0.001214 -0.001094 -1.071667 0.120069 0.100511 0.268124 -0.078116 -9.805024 
327.300323 0.023301 -0.239079 0.487634 1681.137413 1287.499783 309.924106 0.000000 0.000000 0.000000 6.053136 3.111131 1.860782 0.000000 0.000000 0.000000 -0.000415 -0.001220 -0.001107 -1.072003 0.121384 0.104135 0.268139 -0.078155 -9.805023 
327.400313 0.024992 -0.237143 0.488050 1681.758647 1287.818443 310.110288 0.000000 0.000000 0.000000 6.117054 3.173863 1.858792 0.000000 0.000000 0.000000 -0.000419 -0.001239 -0.001107 -1.073615 0.121516 0.106329 0.268147 -0.078174 -9.805023 
327.502082 0.025670 -0.237281 0.488067 1682.493946 1288.199237 310.332799 0.000000 0.000000 0.000000 6.171679 3.239944 1.877225 0.000000 0.000000 0.000000 -0.000478 -0.001227 -0.001104 -1.073224 0.122611 0.106456 0.268144 -0.078177 -9.805023 
327.599123 0.024865 -0.238032 0.487958 1683.055263 1288.494063 310.503177 0.000000 0.000000 0.000000 6.203309 3.249451 1.883177 0.000000 0.000000 0.000000 -0.000465 -0.001208 -0.001105 -1.068558 0.122209 0.108597 0.268144 -0.078203 -9.805022 
327.700523 0.024014 -0.238288 0.488200 1683.672742 1288.817328 310.689408 0.000000 0.000000 0.000000 6.253553 3.236872 1.897378 0.000000 0.000000 0.000000 -0.000437 -0.001192 -0.001102 -1.063083 0.121312 0.112413 0.268146 -0.078246 -9.805022 
327.800816 0.025425 -0.238001 0.488461 1684.306260 1289.151509 310.876571 0.000000 0.000000 0.000000 6.324972 3.289106 1.922021 0.000000 0.000000 0.000000 -0.000391 -0.001180 -0.001118 -1.063501 0.119343 0.116881 0.268146 -0.078277 -9.805022 
327.900797 0.027125 -0.236754 0.488630 1684.953386 1289.486057 311.068411 0.000000 0.000000 0.000000 6.408385 3.327449 1.936216 0.000000 0.000000 0.000000 -0.000414 -0.001198 -0.001121 -1.065624 0.120013 0.119710 0.268139 -0.078295 -9.805022 
328.000543 0.029581 -0.235975 0.489115 1685.616490 1289.827882 311.263879 0.000000 0.000000 0.000000 6.492577 3.381665 1.943746 0.000000 0.000000 0.000000 -0.000415 -0.001206 -0.001125 -1.069724 0.120327 0.121404 0.268140 -0.078298 -9.805022 
328.098783 0.030213 -0.235863 0.489230 1686.299131 1290.180712 311.466395 0.000000 0.000000 0.000000 6.569027 3.438572 1.944058 0.000000 0.000000 0.000000 -0.000400 -0.001268 -0.001127 -1.074205 0.121375 0.119036 0.268170 -0.078281 -9.805021 
328.200261 0.030901 -0.238367 0.489645 1686.969481 1290.528946 311.667410 0.000000 0.000000 0.000000 6.633239 3.460696 1.950750 0.000000 0.000000 0.000000 -0.000451 -0.001257 -0.001108 -1.074609 0.122094 0.115524 0.268196 -0.078272 -9.805020 
328.300146 0.032331 -0.240857 0.490411 1687.649073 1290.884958 311.867420 0.000000 0.000000 0.000000 6.722690 3.454163 1.993139 0.000000 0.000000 0.000000 -0.000362 -0.001270 -0.001114 -1.076229 0.120786 0.115391 0.268202 -0.078271 -9.805020 
328.398454 0.035624 -0.243547 0.491766 1688.350974 1291.248820 312.077927 0.000000 0.000000 0.000000 6.810117 3.553083 2.049841 0.000000 0.000000 0.000000 -0.000399 -0.001223 -0.001110 -1.078386 0.120409 0.113283 0.268225 -0.078283 -9.805020 
328.501675 0.036386 -0.243350 0.492590 1689.022567 1291.599210 312.289005 0.000000 0.000000 0.000000 6.823224 3.657817 2.134640 0.000000 0.000000 0.000000 -0.000444 -0.001158 -0.001121 -1.073358 0.121888 0.110626 0.268247 -0.078287 -9.805019 
328.600118 0.030492 -0.239055 0.492647 1689.720052 1291.963817 312.514810 0.000000 0.000000 0.000000 6.876897 3.683268 2.201403 0.000000 0.000000 0.000000 -0.000474 -0.001168 -0.001126 -1.073141 0.124654 0.104496 0.268307 -0.078274 -9.805017 
328.701926 0.025690 -0.234240 0.493023 1690.548832 1292.406978 312.778605 0.000000 0.000000 0.000000 6.979975 3.660455 2.167032 0.000000 0.000000 0.000000 -0.000426 -0.001180 -0.001112 -1.073929 0.123132 0.104058 0.268309 -0.078275 -9.805017 
328.800352 0.023804 -0.233787 0.494038 1691.163788 1292.736215 312.970454 0.000000 0.000000 0.000000 6.930969 3.662406 2.080329 0.000000 0.000000 0.000000 -0.000395 -0.001198 -0.001117 -1.066682 0.121896 0.105904 0.268288 -0.078288 -9.805018 
328.900466 0.024902 -0.237062 0.494449 1691.858381 1293.108951 313.174277 0.000000 0.000000 0.000000 6.946003 3.687971 2.013416 0.000000 0.000000 0.000000 -0.000373 -0.001265 -0.001121 -1.064831 0.120130 0.106931 0.268276 -0.078287 -9.805018 
329.002082 0.026672 -0.243614 0.494915 1692.689839 1293.555873 313.420246 0.000000 0.000000 0.000000 7.013610 3.758246 2.115867 0.000000 0.000000 0.000000 -0.000399 -0.001237 -0.001123 -1.064456 0.118682 0.105949 0.268281 -0.078294 -9.805018 
329.100358 0.026854 -0.246261 0.494937 1693.320528 1293.891286 313.612727 0.000000 0.000000 0.000000 7.037963 3.767922 2.206174 0.000000 0.000000 0.000000 -0.000402 -0.001162 -0.001126 -1.059121 0.120073 0.108070 0.268266 -0.078282 -9.805018 
329.201778 0.026337 -0.245059 0.494564 1694.166393 1294.338485 313.878480 0.000000 0.000000 0.000000 7.108064 3.773841 2.302199 0.000000 0.000000 0.000000 -0.000408 -0.001104 -0.001133 -1.057047 0.121793 0.112155 0.268248 -0.078256 -9.805019 
329.301344 0.026085 -0.242411 0.493989 1694.793254 1294.669341 314.077897 0.000000 0.000000 0.000000 7.073436 3.739664 2.300799 0.000000 0.000000 0.000000 -0.000406 -0.001030 -0.001136 -1.050725 0.122948 0.118757 0.268215 -0.078233 -9.805020 
329.402147 0.025394 -0.237129 0.493314 1695.635107 1295.114819 314.348588 0.000000 0.000000 0.000000 7.032221 3.703234 2.258659 0.000000 0.000000 0.000000 -0.000400 -0.001046 -0.001129 -1.050336 0.122863 0.120993 0.268206 -0.078230 -9.805020 
329.501312 0.025351 -0.235389 0.492862 1696.260969 1295.446229 314.543097 0.000000 0.000000 0.000000 6.972060 3.665471 2.177283 0.000000 0.000000 0.000000 -0.000365 -0.001026 -0.001132 -1.048140 0.121983 0.126334 0.268190 -0.078220 -9.805021 
329.601601 0.027231 -0.234715 0.491991 1697.103285 1295.894258 314.797749 0.000000 0.000000 0.000000 6.943417 3.681016 2.107340 0.000000 0.000000 0.000000 -0.000381 -0.001116 -0.001125 -1.051872 0.120437 0.128287 0.268182 -0.078201 -9.805021 
329.701965 0.027145 -0.237087 0.491413 1697.854931 1296.294848 315.022283 0.000000 0.000000 0.000000 6.887060 3.663552 2.081285 0.000000 0.000000 0.000000 -0.000347 -0.001092 -0.001142 -1.050399 0.119368 0.131402 0.268185 -0.078175 -9.805021 
329.801693 0.028128 -0.238276 0.491045 1698.601693 1296.684580 315.248968 0.000000 0.000000 0.000000 6.834191 3.597245 2.103776 0.000000 0.000000 0.000000 -0.000396 -0.001024 -0.001134 -1.046949 0.121563 0.132390 0.268207 -0.078162 -9.805021 
329.900275 0.028165 -0.238845 0.490662 1699.216267 1297.007821 315.436379 0.000000 0.000000 0.000000 6.773762 3.577396 2.102765 0.000000 0.000000 0.000000 -0.000393 -0.000976 -0.001135 -1.045324 0.121494 0.135068 0.268222 -0.078124 -9.805021 
330.002715 0.027671 -0.238972 0.489726 1700.025791 1297.433950 315.685261 0.000000 0.000000 0.000000 6.755639 3.556037 2.082492 0.000000 0.000000 0.000000 -0.000388 -0.001009 -0.001134 -1.047586 0.121608 0.136359 0.268227 -0.078107 -9.805021 
330.100657 0.027917 -0.239278 0.489328 1700.644716 1297.756636 315.874858 0.000000 0.000000 0.000000 6.760811 3.531782 2.066591 0.000000 0.000000 0.000000 -0.000396 -0.001028 -0.001128 -1.048757 0.122112 0.136528 0.268230 -0.078106 -9.805021 
330.202335 0.028527 -0.239473 0.488620 1701.470575 1298.188324 316.124474 0.000000 0.000000 0.000000 6.823086 3.551568 2.059280 0.000000 0.000000 0.000000 -0.000376 -0.001072 -0.001133 -1.054404 0.121824 0.135967 0.268220 -0.078136 -9.805021 
330.303750 0.028920 -0.240065 0.488097 1702.199030 1298.571313 316.346319 0.000000 0.000000 0.000000 6.795818 3.558628 2.059119 0.000000 0.000000 0.000000 -0.000375 -0.001036 -0.001142 -1.052277 0.120756 0.135289 0.268212 -0.078143 -9.805021 
330.402619 0.029080 -0.239520 0.487360 1702.934172 1298.953948 316.573043 0.000000 0.000000 0.000000 6.768337 3.539478 2.059758 0.000000 0.000000 0.000000 -0.000369 -0.001028 -0.001142 -1.049322 0.122021 0.133000 0.268206 -0.078177 -9.805021 
330.503412 0.028501 -0.240181 0.486642 1703.663500 1299.332786 316.795570 0.000000 0.000000 0.000000 6.777374 3.522694 2.057965 0.000000 0.000000 0.000000 -0.000354 -0.001028 -0.001140 -1.047939 0.122806 0.132492 0.268206 -0.078181 -9.805021 
330.601962 0.028922 -0.240029 0.486257 1704.405450 1299.722960 317.023174 0.000000 0.000000 0.000000 6.792796 3.525961 2.050818 0.000000 0.000000 0.000000 -0.000358 -0.000997 -0.001144 -1.047297 0.121091 0.130778 0.268192 -0.078216 -9.805021 
330.702032 0.029533 -0.239042 0.486030 1705.144313 1300.102706 317.248139 0.000000 0.000000 0.000000 6.778191 3.469032 2.049791 0.000000 0.000000 0.000000 -0.000351 -0.001003 -0.001156 -1.044888 0.122518 0.129587 0.268189 -0.078227 -9.805021 
330.802700 0.030795 -0.239291 0.485574 1705.872716 1300.476635 317.469895 0.000000 0.000000 0.000000 6.750605 3.459530 2.049624 0.000000 0.000000 0.000000 -0.000310 -0.000981 -0.001162 -1.042435 0.122258 0.130038 0.268187 -0.078202 -9.805021 
330.901483 0.030349 -0.238510 0.485330 1706.485911 1300.790204 317.656565 0.000000 0.000000 0.000000 6.753871 3.508512 2.046672 0.000000 0.000000 0.000000 -0.000284 -0.000984 -0.001148 -1.043098 0.123193 0.128550 0.268184 -0.078238 -9.805021 
331.002799 0.028149 -0.237801 0.485947 1707.308622 1301.221219 317.905909 0.000000 0.000000 0.000000 6.808935 3.559007 2.062829 0.000000 0.000000 0.000000 -0.000378 -0.000979 -0.001118 -1.048624 0.123063 0.123742 0.268164 -0.078360 -9.805021 
331.101613 0.025763 -0.237107 0.487119 1708.071738 1301.618357 318.140993 0.000000 0.000000 0.000000 6.868122 3.513130 2.072415 0.000000 0.000000 0.000000 -0.000331 -0.000984 -0.001131 -1.052014 0.123308 0.118925 0.268141 -0.078461 -9.805020 
331.203125 0.026895 -0.237561 0.487735 1708.809141 1302.002550 318.366476 0.000000 0.000000 0.000000 6.807712 3.549682 2.008305 0.000000 0.000000 0.000000 -0.000302 -0.000986 -0.001131 -1.050470 0.121834 0.116784 0.268132 -0.078489 -9.805020 
331.301963 0.025858 -0.240724 0.488045 1709.554249 1302.396403 318.588840 0.000000 0.000000 0.000000 6.795428 3.569774 2.017141 0.000000 0.000000 0.000000 -0.000293 -0.001002 -0.001135 -1.050346 0.120597 0.113971 0.268120 -0.078532 -9.805020 
331.403400 0.028609 -0.242740 0.488527 1710.280416 1302.775496 318.811373 0.000000 0.000000 0.000000 6.777912 3.541486 2.066650 0.000000 0.000000 0.000000 -0.000382 -0.000980 -0.001120 -1.046542 0.122066 0.110610 0.268116 -0.078564 -9.805020 
331.503181 0.028167 -0.244026 0.488947 1711.013864 1303.160058 319.042741 0.000000 0.000000 0.000000 6.777560 3.557133 2.125088 0.000000 0.000000 0.000000 -0.000345 -0.000941 -0.001099 -1.046054 0.122019 0.107652 0.268111 -0.078600 -9.805020 
331.601604 0.028164 -0.242985 0.489456 1711.758939 1303.551886 319.278379 0.000000 0.000000 0.000000 6.773910 3.557619 2.141980 0.000000 0.000000 0.000000 -0.000353 -0.000946 -0.001090 -1.045852 0.121971 0.106997 0.268110 -0.078606 -9.805020 
331.702910 0.029274 -0.242493 0.490431 1712.488062 1303.935466 319.510112 0.000000 0.000000 0.000000 6.748942 3.562358 2.134354 0.000000 0.000000 0.000000 -0.000330 -0.000936 -0.001099 -1.044019 0.121782 0.106796 0.268110 -0.078601 -9.805020 
331.802020 0.028983 -0.242328 0.490979 1713.233560 1304.322969 319.743007 0.000000 0.000000 0.000000 6.763423 3.572240 2.120296 0.000000 0.000000 0.000000 -0.000318 -0.000940 -0.001104 -1.045302 0.123969 0.107609 0.268119 -0.078595 -9.805020 
331.903111 0.029425 -0.242600 0.491676 1713.965086 1304.708221 319.972513 0.000000 0.000000 0.000000 6.752164 3.566695 2.109513 0.000000 0.000000 0.000000 -0.000356 -0.000925 -0.001115 -1.044504 0.124657 0.107443 0.268122 -0.078592 -9.805020 
332.003050 0.029249 -0.242827 0.491504 1714.701244 1305.096297 320.201624 0.000000 0.000000 0.000000 6.767851 3.556411 2.112193 0.000000 0.000000 0.000000 -0.000342 -0.000936 -0.001109 -1.045518 0.124539 0.107707 0.268121 -0.078593 -9.805020 
332.103092 0.030840 -0.243172 0.491529 1715.441797 1305.485036 320.432021 0.000000 0.000000 0.000000 6.794010 3.544885 2.124556 0.000000 0.000000 0.000000 -0.000334 -0.000939 -0.001110 -1.047757 0.124113 0.107773 0.268118 -0.078594 -9.805020 
332.203025 0.032157 -0.244038 0.491582 1716.183293 1305.876110 320.662229 0.000000 0.000000 0.000000 6.807795 3.564734 2.132377 0.000000 0.000000 0.000000 -0.000310 -0.000937 -0.001111 -1.050213 0.122855 0.108229 0.268113 -0.078595 -9.805020 
332.302197 0.034626 -0.244518 0.491802 1716.944274 1306.268469 320.898693 0.000000 0.000000 0.000000 6.850403 3.576661 2.144530 0.000000 0.000000 0.000000 -0.000323 -0.000918 -0.001111 -1.055236 0.124473 0.107666 0.268112 -0.078596 -9.805020 
332.402332 0.035854 -0.244924 0.491610 1717.696635 1306.659334 321.135793 0.000000 0.000000 0.000000 6.851642 3.599455 2.163809 0.000000 0.000000 0.000000 -0.000329 -0.000904 -0.001114 -1.056830 0.125627 0.106308 0.268109 -0.078601 -9.805020 
332.503184 0.036267 -0.244881 0.490936 1718.432743 1307.046005 321.370990 0.000000 0.000000 0.000000 6.842847 3.584336 2.177995 0.000000 0.000000 0.000000 -0.000346 -0.000905 -0.001112 -1.054870 0.125826 0.105682 0.268111 -0.078603 -9.805020 
332.602062 0.036221 -0.244142 0.490423 1719.194273 1307.442662 321.612441 0.000000 0.000000 0.000000 6.881639 3.600857 2.182688 0.000000 0.000000 0.000000 -0.000329 -0.000901 -0.001108 -1.059479 0.126064 0.104602 0.268098 -0.078613 -9.805020 
332.703036 0.036345 -0.243876 0.490201 1719.940637 1307.833864 321.851048 0.000000 0.000000 0.000000 6.891415 3.606136 2.195893 0.000000 0.000000 0.000000 -0.000359 -0.000870 -0.001118 -1.059756 0.125848 0.103583 0.268091 -0.078621 -9.805021 
332.802336 0.036230 -0.243199 0.489386 1720.696547 1308.232032 322.091415 0.000000 0.000000 0.000000 6.896961 3.615261 2.189058 0.000000 0.000000 0.000000 -0.000350 -0.000860 -0.001113 -1.062085 0.124681 0.103062 0.268079 -0.078630 -9.805021 
332.901691 0.035542 -0.242087 0.488800 1721.460910 1308.630274 322.332213 0.000000 0.000000 0.000000 6.919039 3.621219 2.186760 0.000000 0.000000 0.000000 -0.000350 -0.000872 -0.001111 -1.064211 0.125267 0.103219 0.268078 -0.078632 -9.805021 
333.002974 0.036071 -0.241592 0.488395 1722.206159 1309.018703 322.569105 0.000000 0.000000 0.000000 6.903288 3.617929 2.172049 0.000000 0.000000 0.000000 -0.000357 -0.000877 -0.001120 -1.062086 0.126030 0.102186 0.268078 -0.078638 -9.805021 
333.101632 0.034663 -0.242029 0.487512 1722.972613 1309.418588 322.810023 0.000000 0.000000 0.000000 6.944936 3.603776 2.181039 0.000000 0.000000 0.000000 -0.000349 -0.000868 -0.001114 -1.065301 0.125980 0.101127 0.268067 -0.078659 -9.805021 
333.202913 0.036524 -0.241057 0.487530 1723.725545 1309.810046 323.046239 0.000000 0.000000 0.000000 6.946024 3.576040 2.177208 0.000000 0.000000 0.000000 -0.000349 -0.000892 -0.001130 -1.065028 0.125209 0.101334 0.268066 -0.078656 -9.805021 
333.302192 0.037133 -0.241827 0.486895 1724.491011 1310.205345 323.285715 0.000000 0.000000 0.000000 6.966899 3.604216 2.191342 0.000000 0.000000 0.000000 -0.000325 -0.000880 -0.001132 -1.067479 0.125293 0.101194 0.268065 -0.078668 -9.805021 
333.402424 0.036746 -0.242917 0.486316 1725.255973 1310.602581 323.523000 0.000000 0.000000 0.000000 6.978408 3.618250 2.189919 0.000000 0.000000 0.000000 -0.000349 -0.000873 -0.001136 -1.069143 0.125087 0.102699 0.268070 -0.078650 -9.805021 
333.502699 0.037737 -0.243167 0.485881 1726.018870 1310.997792 323.763275 0.000000 0.000000 0.000000 7.005944 3.607355 2.213276 0.000000 0.000000 0.000000 -0.000349 -0.000890 -0.001132 -1.071030 0.124434 0.102011 0.268068 -0.078673 -9.805021 
333.601347 0.037163 -0.243358 0.485457 1726.659176 1311.327436 323.964221 0.000000 0.000000 0.000000 7.043468 3.618110 2.220553 0.000000 0.000000 0.000000 -0.000316 -0.000893 -0.001134 -1.074302 0.124369 0.102074 0.268070 -0.078690 -9.805021 
333.702680 0.038025 -0.243097 0.484855 1727.521624 1311.773085 324.234445 0.000000 0.000000 0.000000 7.113773 3.685560 2.240408 0.000000 0.000000 0.000000 -0.000326 -0.000920 -0.001120 -1.085492 0.123521 0.100243 0.268078 -0.078796 -9.805019 
333.802383 0.037487 -0.243639 0.484632 1728.311842 1312.181245 324.482419 0.000000 0.000000 0.000000 7.156650 3.713464 2.258681 0.000000 0.000000 0.000000 -0.000323 -0.000906 -0.001120 -1.090444 0.123919 0.099860 0.268082 -0.078837 -9.805019 
333.902999 0.037606 -0.244336 0.484650 1729.088175 1312.583227 324.730375 0.000000 0.000000 0.000000 7.164911 3.706015 2.260662 0.000000 0.000000 0.000000 -0.000369 -0.000887 -0.001112 -1.091371 0.124212 0.097392 0.268083 -0.078890 -9.805019 
334.003048 0.036721 -0.243953 0.484769 1729.862376 1312.983931 324.975121 0.000000 0.000000 0.000000 7.169886 3.706890 2.271300 0.000000 0.000000 0.000000 -0.000308 -0.000889 -0.001117 -1.089942 0.123994 0.097919 0.268082 -0.078871 -9.805019 
334.101795 0.037490 -0.242918 0.485051 1730.651805 1313.393655 325.224673 0.000000 0.000000 0.000000 7.186108 3.731574 2.277981 0.000000 0.000000 0.000000 -0.000350 -0.000877 -0.001116 -1.091571 0.123411 0.097854 0.268083 -0.078883 -9.805019 
334.203021 0.037031 -0.242091 0.485261 1731.421884 1313.790832 325.470049 0.000000 0.000000 0.000000 7.151368 3.730444 2.276489 0.000000 0.000000 0.000000 -0.000339 -0.000875 -0.001125 -1.087642 0.124759 0.098335 0.268078 -0.078850 -9.805019 
334.302789 0.035884 -0.242096 0.484919 1732.198273 1314.193837 325.715493 0.000000 0.000000 0.000000 7.147007 3.718533 2.256768 0.000000 0.000000 0.000000 -0.000342 -0.000865 -0.001116 -1.086879 0.125368 0.099089 0.268075 -0.078835 -9.805019 
334.402804 0.035754 -0.242081 0.485074 1732.970634 1314.595654 325.958214 0.000000 0.000000 0.000000 7.159465 3.700283 2.255474 0.000000 0.000000 0.000000 -0.000344 -0.000865 -0.001117 -1.084609 0.124948 0.100565 0.268069 -0.078802 -9.805020 
334.502751 0.036195 -0.241833 0.485184 1733.746947 1314.996469 326.200908 0.000000 0.000000 0.000000 7.155943 3.705186 2.250296 0.000000 0.000000 0.000000 -0.000325 -0.000865 -0.001119 -1.083246 0.125184 0.102113 0.268061 -0.078776 -9.805020 
334.601308 0.036107 -0.241415 0.485166 1734.395821 1315.330374 326.405945 0.000000 0.000000 0.000000 7.167050 3.724945 2.260205 0.000000 0.000000 0.000000 -0.000344 -0.000872 -0.001122 -1.084763 0.126266 0.100900 0.268067 -0.078798 -9.805020 
334.701523 0.033969 -0.240362 0.484622 1735.279703 1315.790642 326.682911 0.000000 0.000000 0.000000 7.247014 3.757016 2.270636 0.000000 0.000000 0.000000 -0.000343 -0.000871 -0.001113 -1.095043 0.125216 0.099252 0.268094 -0.078857 -9.805019 
334.801730 0.033766 -0.240361 0.484587 1736.081750 1316.204285 326.931904 0.000000 0.000000 0.000000 7.262041 3.749026 2.265145 0.000000 0.000000 0.000000 -0.000314 -0.000867 -0.001112 -1.097147 0.125566 0.100294 0.268093 -0.078859 -9.805019 
334.901212 0.033524 -0.240438 0.484643 1736.728075 1316.541176 327.136584 0.000000 0.000000 0.000000 7.206812 3.778527 2.253161 0.000000 0.000000 0.000000 -0.000321 -0.000893 -0.001125 -1.094900 0.125188 0.099262 0.268094 -0.078856 -9.805019 
335.002621 0.031979 -0.243768 0.483660 1737.605603 1316.999702 327.410094 0.000000 0.000000 0.000000 7.271970 3.778542 2.252474 0.000000 0.000000 0.000000 -0.000367 -0.000976 -0.001104 -1.103770 0.124821 0.095974 0.268122 -0.078908 -9.805017 
335.101151 0.030838 -0.246988 0.483392 1738.274207 1317.345561 327.618413 0.000000 0.000000 0.000000 7.324782 3.785659 2.293584 0.000000 0.000000 0.000000 -0.000333 -0.001006 -0.001100 -1.108407 0.124876 0.094828 0.268132 -0.078933 -9.805017 
335.202708 0.029373 -0.249555 0.483320 1739.166713 1317.808814 327.898316 0.000000 0.000000 0.000000 7.399298 3.837699 2.361345 0.000000 0.000000 0.000000 -0.000295 -0.001024 -0.001104 -1.117280 0.123742 0.094393 0.268145 -0.078970 -9.805016 
335.302089 0.030622 -0.249266 0.483355 1739.981868 1318.229598 328.159315 0.000000 0.000000 0.000000 7.427225 3.842539 2.424403 0.000000 0.000000 0.000000 -0.000323 -0.000982 -0.001117 -1.118727 0.124405 0.095014 0.268147 -0.078975 -9.805016 
335.402832 0.029917 -0.248460 0.483327 1740.774897 1318.640434 328.421414 0.000000 0.000000 0.000000 7.380901 3.826247 2.419064 0.000000 0.000000 0.000000 -0.000329 -0.000940 -0.001124 -1.114037 0.124497 0.095039 0.268142 -0.078955 -9.805016 
335.503106 0.030052 -0.247124 0.482889 1741.558880 1319.049103 328.677015 0.000000 0.000000 0.000000 7.348237 3.790972 2.387791 0.000000 0.000000 0.000000 -0.000336 -0.000958 -0.001116 -1.108894 0.123344 0.097571 0.268144 -0.078949 -9.805016 
335.601974 0.030549 -0.246681 0.483139 1742.355902 1319.462299 328.934126 0.000000 0.000000 0.000000 7.339243 3.778153 2.361643 0.000000 0.000000 0.000000 -0.000332 -0.000971 -0.001122 -1.106500 0.122551 0.098933 0.268150 -0.078950 -9.805016 
335.703351 0.031219 -0.246648 0.483093 1743.130314 1319.863703 329.180535 0.000000 0.000000 0.000000 7.291109 3.742121 2.354201 0.000000 0.000000 0.000000 -0.000307 -0.000985 -0.001124 -1.099212 0.120916 0.103650 0.268184 -0.078962 -9.805015 
335.802557 0.034174 -0.245946 0.483046 1743.917235 1320.267422 329.431501 0.000000 0.000000 0.000000 7.272410 3.724978 2.355832 0.000000 0.000000 0.000000 -0.000311 -0.000991 -0.001127 -1.096146 0.120739 0.106851 0.268208 -0.078975 -9.805014 
335.903178 0.035210 -0.245809 0.482946 1744.698619 1320.667282 329.680864 0.000000 0.000000 0.000000 7.230137 3.734432 2.341408 0.000000 0.000000 0.000000 -0.000281 -0.001018 -0.001139 -1.093755 0.120588 0.109988 0.268240 -0.078989 -9.805013 
336.002889 0.035925 -0.247157 0.482152 1745.479831 1321.071193 329.931806 0.000000 0.000000 0.000000 7.181014 3.744321 2.329307 0.000000 0.000000 0.000000 -0.000332 -0.001054 -0.001134 -1.092594 0.120614 0.112198 0.268266 -0.078999 -9.805013 
336.101618 0.034288 -0.250973 0.481002 1746.271561 1321.485192 330.186127 0.000000 0.000000 0.000000 7.174651 3.729210 2.335707 0.000000 0.000000 0.000000 -0.000312 -0.001086 -0.001142 -1.094336 0.119916 0.113670 0.268287 -0.079009 -9.805012 
336.202854 0.035172 -0.255673 0.479794 1747.044445 1321.884922 330.437781 0.000000 0.000000 0.000000 7.151960 3.714031 2.358077 0.000000 0.000000 0.000000 -0.000355 -0.001105 -0.001129 -1.091706 0.120317 0.114728 0.268308 -0.079000 -9.805012 
336.301950 0.032419 -0.259286 0.478690 1747.829850 1322.294207 330.698171 0.000000 0.000000 0.000000 7.134310 3.750824 2.430698 0.000000 0.000000 0.000000 -0.000370 -0.001088 -0.001134 -1.092690 0.120131 0.116268 0.268338 -0.079007 -9.805011 
336.401731 0.028849 -0.260114 0.477450 1748.618119 1322.702722 330.967023 0.000000 0.000000 0.000000 7.170883 3.711374 2.518692 0.000000 0.000000 0.000000 -0.000394 -0.001029 -0.001136 -1.093307 0.121495 0.118090 0.268376 -0.079015 -9.805010 
336.503017 0.026541 -0.257464 0.476355 1749.391581 1323.104070 331.235958 0.000000 0.000000 0.000000 7.154741 3.706324 2.504059 0.000000 0.000000 0.000000 -0.000463 -0.000968 -0.001120 -1.091976 0.121094 0.121101 0.268455 -0.079019 -9.805007 
336.601737 0.019953 -0.251788 0.475427 1750.184318 1323.510818 331.506578 0.000000 0.000000 0.000000 7.186498 3.621797 2.485439 0.000000 0.000000 0.000000 -0.000433 -0.000952 -0.001135 -1.093728 0.121376 0.125143 0.268560 -0.079061 -9.805004 
336.702523 0.021716 -0.245626 0.473945 1750.966857 1323.911424 331.763316 0.000000 0.000000 0.000000 7.165677 3.557989 2.370628 0.000000 0.000000 0.000000 -0.000430 -0.000973 -0.001119 -1.095127 0.117910 0.131156 0.268735 -0.079107 -9.804999 
336.802222 0.021261 -0.244494 0.473527 1751.751730 1324.307349 332.012836 0.000000 0.000000 0.000000 7.105353 3.593409 2.227529 0.000000 0.000000 0.000000 -0.000409 -0.001017 -0.001127 -1.098035 0.115072 0.134198 0.268839 -0.079122 -9.804996 
336.903199 0.020477 -0.247227 0.472689 1752.525335 1324.699144 332.248453 0.000000 0.000000 0.000000 7.114856 3.525275 2.209046 0.000000 0.000000 0.000000 -0.000384 -0.001065 -0.001136 -1.100892 0.113952 0.136426 0.268916 -0.079131 -9.804994 
337.003063 0.025415 -0.250225 0.471362 1753.299861 1325.090030 332.484503 0.000000 0.000000 0.000000 7.122971 3.538779 2.223006 0.000000 0.000000 0.000000 -0.000353 -0.001021 -0.001127 -1.103663 0.109723 0.139535 0.269040 -0.079116 -9.804991 
337.102836 0.025577 -0.251552 0.471280 1754.076221 1325.483797 332.727590 0.000000 0.000000 0.000000 7.114215 3.600091 2.245400 0.000000 0.000000 0.000000 -0.000348 -0.000964 -0.001141 -1.107123 0.105372 0.141118 0.269121 -0.079111 -9.804988 
337.202745 0.026312 -0.250053 0.470928 1754.849925 1325.873380 332.975720 0.000000 0.000000 0.000000 7.106850 3.588480 2.274328 0.000000 0.000000 0.000000 -0.000340 -0.000946 -0.001163 -1.108029 0.106267 0.140460 0.269098 -0.079121 -9.804989 
337.302741 0.026049 -0.249390 0.469931 1755.619666 1326.259553 333.221607 0.000000 0.000000 0.000000 7.074459 3.549219 2.230660 0.000000 0.000000 0.000000 -0.000331 -0.000935 -0.001150 -1.108091 0.106963 0.139703 0.269074 -0.079122 -9.804990 
337.401529 0.026614 -0.249531 0.469502 1756.400124 1326.649656 333.468963 0.000000 0.000000 0.000000 7.047933 3.543694 2.190644 0.000000 0.000000 0.000000 -0.000332 -0.000944 -0.001152 -1.109654 0.108356 0.137364 0.269009 -0.079135 -9.804991 
337.503030 0.026798 -0.250992 0.468786 1757.155903 1327.030111 333.707066 0.000000 0.000000 0.000000 7.015272 3.529834 2.172668 0.000000 0.000000 0.000000 -0.000308 -0.000971 -0.001158 -1.107651 0.108772 0.135515 0.268960 -0.079115 -9.804993 
337.601782 0.027291 -0.252811 0.468234 1757.930715 1327.413537 333.949206 0.000000 0.000000 0.000000 7.034698 3.520145 2.187443 0.000000 0.000000 0.000000 -0.000341 -0.000966 -0.001144 -1.108559 0.111865 0.133362 0.268891 -0.079133 -9.804994 
337.702853 0.027689 -0.253742 0.467943 1758.690672 1327.793996 334.192757 0.000000 0.000000 0.000000 7.031274 3.512247 2.234783 0.000000 0.000000 0.000000 -0.000328 -0.000926 -0.001148 -1.107545 0.112808 0.129921 0.268814 -0.079114 -9.804997 
337.802596 0.026977 -0.252471 0.467545 1759.457998 1328.175779 334.440827 0.000000 0.000000 0.000000 7.059589 3.513140 2.270137 0.000000 0.000000 0.000000 -0.000336 -0.000882 -0.001145 -1.108359 0.113893 0.127605 0.268765 -0.079112 -9.804998 
337.901624 0.026170 -0.248706 0.467105 1760.239647 1328.562598 334.692738 0.000000 0.000000 0.000000 7.074262 3.514945 2.259932 0.000000 0.000000 0.000000 -0.000329 -0.000861 -0.001156 -1.110979 0.115100 0.126014 0.268737 -0.079127 -9.804999 
338.002884 0.025012 -0.246112 0.466670 1761.001963 1328.940414 334.938821 0.000000 0.000000 0.000000 7.036064 3.479763 2.217081 0.000000 0.000000 0.000000 -0.000343 -0.000873 -0.001162 -1.109753 0.115956 0.123345 0.268690 -0.079088 -9.805000 
338.101629 0.023412 -0.246384 0.465911 1761.778729 1329.329153 335.182716 0.000000 0.000000 0.000000 7.020119 3.472109 2.150448 0.000000 0.000000 0.000000 -0.000344 -0.000917 -0.001156 -1.113434 0.114919 0.120619 0.268681 -0.079082 -9.805001 
338.202888 0.023723 -0.250101 0.465386 1762.542186 1329.710266 335.418531 0.000000 0.000000 0.000000 7.016142 3.466977 2.116299 0.000000 0.000000 0.000000 -0.000350 -0.000974 -0.001157 -1.115812 0.114234 0.116807 0.268653 -0.079063 -9.805002 
338.302577 0.023929 -0.255894 0.464953 1763.304524 1330.089838 335.655692 0.000000 0.000000 0.000000 7.015227 3.466897 2.158523 0.000000 0.000000 0.000000 -0.000347 -0.001008 -0.001158 -1.117509 0.113533 0.112426 0.268614 -0.079045 -9.805003 
338.401434 0.024072 -0.260441 0.464073 1764.078429 1330.476973 335.904082 0.000000 0.000000 0.000000 7.030725 3.509047 2.271546 0.000000 0.000000 0.000000 -0.000362 -0.000984 -0.001152 -1.119962 0.113030 0.108823 0.268586 -0.079047 -9.805004 
338.501492 0.021615 -0.262638 0.463481 1764.847919 1330.859287 336.159582 0.000000 0.000000 0.000000 7.036772 3.508377 2.365582 0.000000 0.000000 0.000000 -0.000370 -0.000923 -0.001154 -1.119064 0.113830 0.107064 0.268550 -0.079026 -9.805005 
338.602777 0.019978 -0.260498 0.463143 1765.603443 1331.236764 336.421078 0.000000 0.000000 0.000000 7.041227 3.483590 2.422969 0.000000 0.000000 0.000000 -0.000401 -0.000871 -0.001158 -1.116815 0.113493 0.104965 0.268516 -0.078970 -9.805006 
338.702840 0.017635 -0.256371 0.462704 1766.370991 1331.618392 336.684174 0.000000 0.000000 0.000000 7.069895 3.507547 2.395396 0.000000 0.000000 0.000000 -0.000417 -0.000837 -0.001157 -1.117903 0.113137 0.104446 0.268518 -0.078973 -9.805006 
338.802474 0.015133 -0.251540 0.462076 1767.146037 1332.004212 336.943057 0.000000 0.000000 0.000000 7.100896 3.516926 2.355274 0.000000 0.000000 0.000000 -0.000398 -0.000832 -0.001160 -1.120050 0.112518 0.104521 0.268538 -0.078993 -9.805005 
338.902861 0.016025 -0.249892 0.461793 1767.921281 1332.388806 337.188901 0.000000 0.000000 0.000000 7.128958 3.465182 2.236449 0.000000 0.000000 0.000000 -0.000388 -0.000864 -0.001152 -1.121255 0.109987 0.108505 0.268644 -0.079075 -9.805002 
339.004283 0.020662 -0.251573 0.461721 1768.682452 1332.766202 337.424298 0.000000 0.000000 0.000000 7.128364 3.527568 2.191688 0.000000 0.000000 0.000000 -0.000417 -0.000944 -0.001149 -1.121398 0.107866 0.109612 0.268693 -0.079081 -9.805000 
339.103485 0.019947 -0.257531 0.461521 1769.461910 1333.152609 337.665049 0.000000 0.000000 0.000000 7.188143 3.607353 2.227983 0.000000 0.000000 0.000000 -0.000406 -0.000943 -0.001141 -1.127442 0.109046 0.106733 0.268652 -0.079084 -9.805001 
339.203229 0.018296 -0.260441 0.462460 1770.253819 1333.538210 337.917363 0.000000 0.000000 0.000000 7.339019 3.559073 2.423144 0.000000 0.000000 0.000000 -0.000385 -0.000812 -0.001138 -1.130856 0.111834 0.106876 0.268623 -0.079139 -9.805002 
339.303676 0.020325 -0.256612 0.463975 1771.050347 1333.926891 338.177215 0.000000 0.000000 0.000000 7.380712 3.587518 2.461352 0.000000 0.000000 0.000000 -0.000367 -0.000708 -0.001111 -1.131969 0.111330 0.109921 0.268687 -0.079224 -9.804999 
339.403485 0.022469 -0.252097 0.466856 1771.849762 1334.320287 338.438450 0.000000 0.000000 0.000000 7.382408 3.598700 2.406240 0.000000 0.000000 0.000000 -0.000331 -0.000651 -0.001097 -1.133072 0.109865 0.112073 0.268744 -0.079290 -9.804997 
339.504092 0.024737 -0.249759 0.470019 1772.646893 1334.715853 338.688236 0.000000 0.000000 0.000000 7.381672 3.710030 2.335035 0.000000 0.000000 0.000000 -0.000337 -0.000649 -0.001057 -1.133887 0.108424 0.114644 0.268798 -0.079364 -9.804995 
339.603796 0.027569 -0.250604 0.473896 1773.448148 1335.113107 338.937772 0.000000 0.000000 0.000000 7.414487 3.764620 2.308517 0.000000 0.000000 0.000000 -0.000344 -0.000683 -0.001070 -1.135920 0.110783 0.113821 0.268762 -0.079363 -9.804996 
339.704119 0.029374 -0.252999 0.477402 1774.241284 1335.514412 339.187737 0.000000 0.000000 0.000000 7.435149 3.796169 2.354626 0.000000 0.000000 0.000000 -0.000299 -0.000722 -0.001059 -1.135781 0.111835 0.112203 0.268736 -0.079326 -9.804997 
339.803759 0.029874 -0.255719 0.481278 1775.046774 1335.922806 339.442522 0.000000 0.000000 0.000000 7.463639 3.890889 2.385161 0.000000 0.000000 0.000000 -0.000265 -0.000658 -0.001054 -1.136189 0.113573 0.112972 0.268725 -0.079355 -9.804997 
339.903002 0.029926 -0.255551 0.485231 1775.856790 1336.336432 339.703615 0.000000 0.000000 0.000000 7.476907 3.928479 2.454580 0.000000 0.000000 0.000000 -0.000201 -0.000673 -0.001070 -1.134202 0.117007 0.113782 0.268711 -0.079381 -9.804997 
340.004347 0.029465 -0.256414 0.488927 1776.652686 1336.747948 339.965145 0.000000 0.000000 0.000000 7.478523 3.937279 2.465829 0.000000 0.000000 0.000000 -0.000150 -0.000678 -0.001068 -1.130258 0.119948 0.114430 0.268714 -0.079398 -9.804997 
340.104392 0.030099 -0.255323 0.492472 1777.449096 1337.164111 340.228659 0.000000 0.000000 0.000000 7.472239 3.967700 2.466904 0.000000 0.000000 0.000000 -0.000141 -0.000717 -0.001067 -1.127596 0.122272 0.114839 0.268720 -0.079411 -9.804997 
340.204397 0.030756 -0.254810 0.495797 1778.246640 1337.584269 340.494245 0.000000 0.000000 0.000000 7.483552 3.987499 2.464729 0.000000 0.000000 0.000000 -0.000132 -0.000750 -0.001057 -1.127351 0.123109 0.113510 0.268735 -0.079379 -9.804997 
340.303921 0.030708 -0.254835 0.499336 1779.055059 1338.011436 340.759673 0.000000 0.000000 0.000000 7.520113 4.001038 2.475301 0.000000 0.000000 0.000000 -0.000098 -0.000719 -0.001071 -1.128513 0.124716 0.113857 0.268732 -0.079378 -9.804997 
340.403807 0.031794 -0.254934 0.502434 1779.865795 1338.443395 341.022921 0.000000 0.000000 0.000000 7.527962 4.037581 2.478419 0.000000 0.000000 0.000000 -0.000084 -0.000695 -0.001062 -1.127598 0.126980 0.115918 0.268716 -0.079417 -9.804997 
340.503974 0.032645 -0.254964 0.505274 1780.677494 1338.878417 341.287305 0.000000 0.000000 0.000000 7.544466 4.093174 2.483285 0.000000 0.000000 0.000000 -0.000062 -0.000665 -0.001074 -1.127208 0.129431 0.117589 0.268706 -0.079439 -9.804997 
340.602895 0.032873 -0.254938 0.507625 1781.499151 1339.326030 341.557684 0.000000 0.000000 0.000000 7.571561 4.126893 2.489281 0.000000 0.000000 0.000000 -0.000083 -0.000658 -0.001076 -1.129243 0.128935 0.117136 0.268703 -0.079413 -9.804997 
340.704182 0.034438 -0.255858 0.509983 1782.303265 1339.763567 341.823278 0.000000 0.000000 0.000000 7.570079 4.144915 2.510913 0.000000 0.000000 0.000000 -0.000091 -0.000694 -0.001074 -1.125890 0.131033 0.117482 0.268734 -0.079448 -9.804996 
340.803782 0.034032 -0.257034 0.512051 1783.113463 1340.211470 342.092359 0.000000 0.000000 0.000000 7.571702 4.216641 2.504339 0.000000 0.000000 0.000000 -0.000035 -0.000741 -0.001076 -1.125241 0.130251 0.117028 0.268737 -0.079458 -9.804996 
340.904319 0.034472 -0.258645 0.514157 1783.927203 1340.660315 342.362761 0.000000 0.000000 0.000000 7.617942 4.244898 2.554859 0.000000 0.000000 0.000000 -0.000078 -0.000727 -0.001076 -1.125454 0.131661 0.116860 0.268761 -0.079444 -9.804996 
341.004389 0.035020 -0.258757 0.515904 1784.743564 1341.118193 342.637792 0.000000 0.000000 0.000000 7.631295 4.304181 2.596116 0.000000 0.000000 0.000000 -0.000052 -0.000711 -0.001073 -1.126546 0.131206 0.116841 0.268746 -0.079431 -9.804996 
341.103207 0.032700 -0.259247 0.517817 1785.580377 1341.585608 342.918583 0.000000 0.000000 0.000000 7.692495 4.368865 2.620288 0.000000 0.000000 0.000000 -0.000039 -0.000644 -0.001077 -1.129139 0.133153 0.117950 0.268737 -0.079370 -9.804997 
341.204265 0.031980 -0.258273 0.519421 1786.392801 1342.046051 343.199281 0.000000 0.000000 0.000000 7.666140 4.426153 2.623030 0.000000 0.000000 0.000000 -0.000095 -0.000680 -0.001072 -1.124710 0.135142 0.117191 0.268836 -0.079424 -9.804994 
341.303114 0.024743 -0.257509 0.520366 1787.231810 1342.522274 343.486615 0.000000 0.000000 0.000000 7.732910 4.452017 2.653303 0.000000 0.000000 0.000000 -0.000041 -0.000671 -0.001095 -1.127476 0.136789 0.115697 0.268866 -0.079346 -9.804993 
341.403513 0.022213 -0.256851 0.521184 1788.064071 1342.999038 343.770513 0.000000 0.000000 0.000000 7.777710 4.422824 2.606049 0.000000 0.000000 0.000000 -0.000043 -0.000670 -0.001095 -1.126359 0.137722 0.115921 0.268895 -0.079358 -9.804993 
341.504301 0.018980 -0.256598 0.522114 1788.894108 1343.473202 344.046777 0.000000 0.000000 0.000000 7.796503 4.427635 2.591125 0.000000 0.000000 0.000000 0.000038 -0.000716 -0.001109 -1.125074 0.138025 0.117038 0.268905 -0.079384 -9.804992 
341.603208 0.020573 -0.257541 0.522587 1789.741878 1343.956285 344.323767 0.000000 0.000000 0.000000 7.842753 4.434249 2.603831 0.000000 0.000000 0.000000 0.000028 -0.000691 -0.001088 -1.126052 0.137791 0.119202 0.268877 -0.079361 -9.804993 
341.704214 0.024204 -0.258484 0.523756 1790.574401 1344.433866 344.598247 0.000000 0.000000 0.000000 7.851645 4.460597 2.606904 0.000000 0.000000 0.000000 0.000058 -0.000702 -0.001081 -1.122940 0.136103 0.121567 0.268877 -0.079435 -9.804992 
341.803272 0.027868 -0.258296 0.525146 1791.428494 1344.920321 344.881490 0.000000 0.000000 0.000000 7.919344 4.519265 2.654060 0.000000 0.000000 0.000000 0.000040 -0.000688 -0.001077 -1.124670 0.135950 0.122138 0.268850 -0.079395 -9.804993 
